0,0,0.150522,0.983289,-0.181916,-0.164448,0.046777,-0.048461
0,0,0.200158,0.896856,-0.247116,-0.159136,0.0870383,-0.0743927
0,0,0.160309,0.919045,-0.290494,-0.19335,0.118071,-0.0764152
0,0,0.125687,1.01624,-0.295754,-0.201599,0.128084,-0.071712
0,0,0.166412,1.08976,-0.337833,-0.227341,0.131558,-0.0725033
0,0,0.198042,1.20128,-0.393226,-0.23929,0.133398,-0.0730641
0,0,0.158134,1.2107,-0.391593,-0.24218,0.139777,-0.0735997
0,0,0.11692,1.21645,-0.405712,-0.24587,0.135212,-0.0785594
0,0,0.156492,1.18511,-0.399747,-0.246843,0.130559,-0.0756402
0,0,0.158336,1.20047,-0.39909,-0.241592,0.124427,-0.0684866
0,0,0.137611,1.19508,-0.392904,-0.249351,0.12782,-0.072662
0,0,0.142334,1.19605,-0.377492,-0.25545,0.127017,-0.0703958
0,0,0.132413,1.18892,-0.390428,-0.250405,0.125313,-0.06743
0,0,0.126531,1.17219,-0.382867,-0.24548,0.124352,-0.0678183
0,0,0.135327,1.15431,-0.385155,-0.247344,0.121147,-0.0741659
0,0,0.153176,1.14575,-0.39992,-0.253466,0.120577,-0.0762816
0,0,0.15492,1.14231,-0.391417,-0.250859,0.11821,-0.0826427
0,0,0.127917,1.14857,-0.378878,-0.250807,0.11416,-0.0826056
0,0,0.127261,1.15099,-0.360074,-0.254949,0.108522,-0.0781222
0,0,0.127535,1.13259,-0.351591,-0.255154,0.108234,-0.06749
0,0,0.120178,1.12115,-0.353912,-0.250717,0.104102,-0.0660831
0,0,0.107869,1.12335,-0.332105,-0.252482,0.10141,-0.0721111
0,0,0.114233,1.11095,-0.320014,-0.249546,0.0976636,-0.0696573
0,0,0.127525,1.12407,-0.319027,-0.2476,0.0990065,-0.0717167
0,0,0.146414,1.11093,-0.326085,-0.246547,0.0986365,-0.0773121
0,0,0.123007,1.11647,-0.325382,-0.248932,0.096385,-0.0745444
0,0,0.100349,1.1117,-0.329862,-0.249538,0.0965784,-0.071684
0,0,0.132971,1.10218,-0.334259,-0.24285,0.0958049,-0.0783854
0,0,0.152738,1.08754,-0.329873,-0.246381,0.0951993,-0.0826057
0,0,0.132172,1.08452,-0.33118,-0.249587,0.0914001,-0.0793363
0,0,0.144439,1.07664,-0.330508,-0.24832,0.0891741,-0.0696055
0,0,0.164235,1.07286,-0.327356,-0.248838,0.0908919,-0.073086
0,0,0.178264,1.07901,-0.324576,-0.244565,0.0969351,-0.0761054
0,0,0.136371,1.08613,-0.311759,-0.243339,0.0969075,-0.0734922
0,0,0.135452,1.08933,-0.316233,-0.246082,0.100886,-0.080437
0,0,0.139997,1.08454,-0.301385,-0.241065,0.100933,-0.0781296
0,0,0.131711,1.09348,-0.301013,-0.246772,0.102968,-0.0813665
0,0,0.120141,1.10112,-0.313488,-0.250649,0.100553,-0.0795589
0,0,0.109522,1.10679,-0.319065,-0.250231,0.0959921,-0.0781046
0,0,0.126782,1.08965,-0.320172,-0.249994,0.0895911,-0.0780184
0,0,0.126576,1.09493,-0.316792,-0.245394,0.086716,-0.0753054
0,0,0.118886,1.09911,-0.315143,-0.2457,0.0850869,-0.0801594
0,0,0.111655,1.09963,-0.317437,-0.253359,0.088611,-0.081413
0,0,0.124339,1.09624,-0.322152,-0.253106,0.0908271,-0.0813404
0,0,0.136699,1.08334,-0.314628,-0.250411,0.0903081,-0.0759726
0,0,0.13253,1.07939,-0.294632,-0.249185,0.0872074,-0.076791
0,0,0.128015,1.08801,-0.306487,-0.246984,0.0880191,-0.0761156
0,0,0.141368,1.08286,-0.306391,-0.235726,0.0878471,-0.0779047
0,0,0.14149,1.07388,-0.298123,-0.232465,0.08899,-0.078541
0,0,0.137269,1.08078,-0.287686,-0.237008,0.0904392,-0.0779323
0,0,0.123626,1.06868,-0.287134,-0.245299,0.0848782,-0.0748319
0,0,0.13846,1.0725,-0.28277,-0.251687,0.0887794,-0.0759012
0,0,0.150713,1.07945,-0.31148,-0.25112,0.0864445,-0.0781992
0,0,0.143581,1.0959,-0.309163,-0.244001,0.0848567,-0.0792145
0,0,0.135908,1.08363,-0.304893,-0.239947,0.0821838,-0.0694894
0,0,0.131905,1.066,-0.30388,-0.240896,0.0787299,-0.0733908
0,0,0.123697,1.06649,-0.319781,-0.244134,0.072629,-0.0764032
0,0,0.129001,1.08133,-0.308297,-0.248348,0.0728509,-0.0773304
0,0,0.145805,1.08206,-0.322121,-0.247732,0.0753603,-0.0754306
0,0,0.137254,1.0786,-0.324482,-0.245755,0.0746516,-0.0774004
0,0,0.12026,1.07916,-0.328342,-0.244544,0.0792897,-0.0805557
0,0,0.119973,1.08593,-0.307797,-0.241411,0.0749994,-0.0784857
0,0,0.122357,1.06377,-0.313438,-0.240973,0.0754917,-0.0818247
0,0,0.126445,1.05986,-0.315822,-0.245653,0.0779162,-0.0844409
0,0,0.123168,1.0715,-0.298313,-0.248602,0.0695621,-0.0764994
0,0,0.130923,1.06597,-0.296966,-0.244903,0.0709365,-0.0752532
0,0,0.12053,1.0608,-0.278802,-0.249417,0.0793388,-0.0726476
0,0,0.128627,1.04646,-0.281614,-0.252192,0.0748074,-0.0683781
0,0,0.137521,1.05558,-0.287412,-0.254848,0.0703604,-0.0692396
0,0,0.11902,1.05609,-0.277977,-0.256405,0.0758546,-0.0619898
0,0,0.121152,1.05651,-0.286433,-0.244025,0.0881227,-0.0720011
0,0,0.123789,1.06323,-0.293558,-0.241562,0.0874479,-0.073051
0,0,0.119159,1.08628,-0.295261,-0.249299,0.0793234,-0.068684
0,0,0.112558,1.08242,-0.290786,-0.248055,0.0794594,-0.0690041
0,0,0.12123,1.07449,-0.292521,-0.243374,0.0734068,-0.0687776
0,0,0.123293,1.08173,-0.29046,-0.244799,0.0755634,-0.067784
0,0,0.113667,1.08231,-0.284779,-0.24229,0.0727949,-0.0691644
0,0,0.115556,1.06814,-0.296531,-0.242223,0.0763334,-0.0765506
0,0,0.111188,1.06141,-0.284855,-0.244737,0.0797128,-0.0779112
0,0,0.121587,1.06774,-0.282217,-0.247022,0.0780785,-0.0691467
0,0,0.121874,1.06481,-0.289046,-0.245931,0.0801643,-0.0752635
0,0,0.115626,1.06545,-0.294438,-0.250738,0.0765047,-0.0745247
0,0,0.114133,1.07713,-0.299065,-0.251711,0.0748738,-0.0739815
0,0,0.10962,1.0741,-0.29634,-0.251772,0.077458,-0.0732436
0,0,0.105001,1.07571,-0.308673,-0.246018,0.0809849,-0.0693023
0,0,0.115876,1.07162,-0.312646,-0.243274,0.0813118,-0.0696669
0,0,0.110951,1.06605,-0.301936,-0.245607,0.0836602,-0.0752841
0,0,0.12896,1.0728,-0.267623,-0.243762,0.0691429,-0.0781846
0,0,0.124322,1.06046,-0.262296,-0.244846,0.0698465,-0.0698585
0,0,0.125595,1.07349,-0.266936,-0.244533,0.0717404,-0.0706341
0,0,0.107924,1.05714,-0.273438,-0.244709,0.062891,-0.0719047
0,0,0.110443,1.05919,-0.279406,-0.24734,0.0668818,-0.0720188
0,0,0.0966174,1.06355,-0.270798,-0.243528,0.0746683,-0.0763325
0,0,0.111715,1.06385,-0.264194,-0.243241,0.0750456,-0.0705203
0,0,0.114567,1.05311,-0.261585,-0.23615,0.0795914,-0.0705012
0,0,0.111963,1.05224,-0.276605,-0.236324,0.080736,-0.0725928
0,0,0.104371,1.05734,-0.298472,-0.240078,0.0792075,-0.0695497
0,0,0.114477,1.03782,-0.287641,-0.238226,0.0779448,-0.0622881
0,0,0.110858,1.0498,-0.286685,-0.232804,0.0705294,-0.065403
0,0,0.117413,1.05904,-0.278931,-0.235024,0.0686843,-0.0743087
0,0,0.111641,1.04871,-0.277975,-0.238049,0.0730532,-0.0820819
0,0,0.119489,1.05175,-0.277185,-0.239252,0.073179,-0.0812756
0,0,0.116491,1.04829,-0.282713,-0.24319,0.0671523,-0.0771733
0,0,0.097971,1.05839,-0.28286,-0.240891,0.0652287,-0.0691348
0,0,0.0979152,1.06858,-0.272354,-0.235938,0.0636967,-0.0681679
0,0,0.107299,1.0687,-0.272743,-0.238145,0.0670744,-0.0702984
0,0,0.125465,1.06485,-0.267808,-0.241014,0.0643917,-0.0759125
0,0,0.137315,1.04558,-0.26851,-0.237897,0.0710587,-0.0745438
0,0,0.126961,1.04137,-0.25676,-0.244477,0.0746387,-0.0776031
0,0,0.122372,1.05513,-0.257689,-0.240161,0.0718757,-0.075749
0,0,0.111978,1.05768,-0.268625,-0.236644,0.0715946,-0.0694224
0,0,0.114161,1.05931,-0.287525,-0.242345,0.0706885,-0.0716248
0,0,0.098939,1.06001,-0.278983,-0.240437,0.0672936,-0.0729549
0,0,0.0888864,1.05897,-0.281655,-0.244176,0.0638572,-0.070034
0,0,0.110661,1.05486,-0.280043,-0.241477,0.063954,-0.0663173
0,0,0.107038,1.04669,-0.286014,-0.233951,0.0636986,-0.0674763
0,0,0.111381,1.03679,-0.285254,-0.230957,0.0604448,-0.066866
0,0,0.118187,1.04257,-0.297599,-0.233917,0.0649957,-0.0705299
0,0,0.116645,1.05591,-0.298461,-0.236963,0.067192,-0.0725453
0,0,0.118793,1.03493,-0.307136,-0.235216,0.0715378,-0.066673
0,0,0.120624,1.03868,-0.287215,-0.239572,0.0673426,-0.0755092
0,0,0.108145,1.04262,-0.274608,-0.24081,0.0739274,-0.0762341
0,0,0.102485,1.04166,-0.268862,-0.240799,0.0729179,-0.0766215
0,0,0.0979495,1.03355,-0.274095,-0.241852,0.0739826,-0.0707835
0,0,0.127923,0.99671,-0.319481,-0.255227,0.0878299,-0.0727011
0,0,0.146523,0.931246,-0.342756,-0.247278,0.129985,-0.0695644
0,0,0.156333,0.870507,-0.388363,-0.245588,0.180626,-0.0693091
0,0,0.164917,0.68609,-0.353707,-0.250137,0.204068,-0.0698897
0,0,0.162525,0.493203,-0.255225,-0.216767,0.203646,-0.0752897
0,0,0.168499,0.401447,-0.259784,-0.222589,0.192998,-0.072292
0,0,0.180332,0.350157,-0.11051,-0.199867,0.138292,-0.0736129
0,0,0.179002,0.199072,0.0268689,-0.162066,0.095592,-0.0791244
0,0,0.146138,0.117346,0.151207,-0.145777,0.0511429,-0.0874351
0,0,0.153678,0.0756966,0.222462,-0.11341,0.018769,-0.101129
0,0,0.140855,0.0160802,0.354179,-0.11056,-0.0361206,-0.103445
0,0,0.10935,-0.0141586,0.415002,-0.0940956,-0.0947251,-0.0989677
0,0,0.0815229,-0.0532124,0.438687,-0.0944603,-0.123395,-0.0920884
0,0,0.0952129,-0.0357262,0.492815,-0.103259,-0.149356,-0.103251
0,0,0.113677,-0.0671661,0.560156,-0.0870231,-0.168132,-0.128099
0,0,0.135898,-0.151771,0.589963,-0.0961646,-0.175161,-0.132235
0,0,0.14573,-0.192071,0.635721,-0.0603078,-0.196411,-0.132404
0,0,0.136882,-0.127319,0.649518,-0.0733875,-0.216241,-0.120123
0,0,0.150054,-0.0683766,0.55395,-0.0682877,-0.191288,-0.11548
0,0,0.168775,-0.0285824,0.599628,-0.0852664,-0.195292,-0.115219
0,0,0.173821,-0.0655505,0.612081,-0.0666467,-0.187832,-0.121305
0,0,0.138247,-0.089128,0.635608,-0.0760214,-0.215833,-0.131515
0,0,0.168958,-0.0890455,0.678193,-0.048646,-0.208647,-0.131023
0,0,0.175078,-0.147214,0.683382,-0.0680181,-0.215174,-0.114948
0,0,0.143042,-0.0864533,0.601576,-0.0694563,-0.185665,-0.103538
0,0,0.14873,-0.0459862,0.591487,-0.0861542,-0.192733,-0.119028
0,0,0.15854,-0.0451202,0.612013,-0.0559239,-0.196811,-0.13413
0,0,0.157964,-0.11737,0.638306,-0.0671819,-0.210388,-0.126
0,0,0.14832,-0.112549,0.658522,-0.0544811,-0.207248,-0.101104
0,0,0.156304,-0.124929,0.680417,-0.0778514,-0.22221,-0.0969043
0,0,0.160856,-0.0611316,0.65434,-0.0713549,-0.197817,-0.12073
0,0,0.146786,-0.164999,0.704788,-0.0651363,-0.203401,-0.126958
0,0,0.128185,-0.11715,0.72569,-0.0514901,-0.209054,-0.116218
0,0,0.117798,-0.176202,0.658568,-0.0578016,-0.201724,-0.101063
0,0,0.121575,-0.11961,0.627761,-0.0685344,-0.211385,-0.129862
0,0,0.147377,-0.102587,0.614845,-0.0661858,-0.212774,-0.135617
0,0,0.138633,-0.171283,0.701264,-0.0571523,-0.201836,-0.114531
0,0,0.127966,-0.176841,0.726326,-0.044564,-0.201859,-0.105991
0,0,0.136551,-0.137236,0.658882,-0.0621039,-0.203254,-0.126378
0,0,0.146783,-0.0848472,0.637058,-0.0659245,-0.189854,-0.142085
0,0,0.158303,-0.171849,0.612764,-0.0737822,-0.20577,-0.12376
0,0,0.156799,-0.151776,0.64369,-0.0530033,-0.20691,-0.110444
0,0,0.149024,-0.148968,0.711535,-0.0562611,-0.216957,-0.133246
0,0,0.152332,-0.119027,0.638226,-0.0533497,-0.204005,-0.143847
0,0,0.166141,-0.188329,0.657599,-0.0582713,-0.218565,-0.129849
0,0,0.182206,-0.122049,0.654892,-0.057329,-0.20601,-0.122192
0,0,0.157918,-0.160093,0.668203,-0.0737526,-0.231711,-0.146754
0,0,0.166393,-0.176419,0.64174,-0.0453453,-0.221889,-0.137448
0,0,0.196192,-0.134754,0.612884,-0.0815146,-0.22081,-0.113594
0,0,0.237074,-0.114215,0.622342,-0.0529406,-0.20651,-0.137129
0,0,0.206979,-0.181332,0.664642,-0.0616757,-0.214197,-0.154596
0,0,0.134365,-0.20164,0.721189,-0.0377243,-0.2238,-0.136245
0,0,0.148939,-0.247601,0.630223,-0.0670684,-0.188754,-0.126364
0,0,0.142972,-0.151983,0.586667,-0.060968,-0.202142,-0.150802
0,0,0.132923,-0.229791,0.615862,-0.0615182,-0.226252,-0.137683
0,0,0.102476,-0.200128,0.646294,-0.0547852,-0.225637,-0.116485
0,0,0.126845,-0.202876,0.604098,-0.0772205,-0.202443,-0.130956
0,0,0.177688,-0.175011,0.533168,-0.0448672,-0.204765,-0.136964
0,0,0.144757,-0.191635,0.574298,-0.03537,-0.221976,-0.102877
0,0,0.108192,-0.218994,0.616967,-0.0420106,-0.214321,-0.132231
0,0,0.152826,-0.251225,0.61228,-0.0322616,-0.207088,-0.139806
0,0,0.188047,-0.243882,0.601989,-0.0393291,-0.203545,-0.117908
0,0,0.18262,-0.16745,0.554647,-0.0394197,-0.209733,-0.130095
0,0,0.127583,-0.222139,0.582253,-0.052648,-0.226654,-0.145743
0,0,0.160709,-0.154525,0.501759,-0.0446981,-0.212647,-0.120898
0,0,0.16253,-0.20378,0.469782,-0.0636321,-0.21317,-0.140207
0,0,0.195053,-0.212225,0.479911,-0.0420382,-0.233631,-0.136917
0,0,0.149456,-0.234136,0.500993,-0.0537863,-0.230344,-0.120652
0,0,0.126279,-0.305465,0.487093,-0.043988,-0.213815,-0.140283
0,0,0.186366,-0.313674,0.438852,-0.0394456,-0.218906,-0.137028
0,0,0.228574,-0.267463,0.462711,-0.0482721,-0.214907,-0.115268
0,0,0.184239,-0.357587,0.504652,-0.0314919,-0.224188,-0.137037
0,0,0.120262,-0.268744,0.49755,-0.0561971,-0.201287,-0.113559
0,0,0.166299,-0.227284,0.44451,-0.0478052,-0.210509,-0.126494
0,0,0.211139,-0.26165,0.43016,-0.0639463,-0.215099,-0.144552
0,0,0.221291,-0.264882,0.507122,-0.0286242,-0.219295,-0.117741
0,0,0.196663,-0.295995,0.45182,-0.0319761,-0.200172,-0.149907
0,0,0.162311,-0.278751,0.431832,-0.0740946,-0.201843,-0.14416
0,0,0.167156,-0.293379,0.488311,-0.0392269,-0.204369,-0.140752
0,0,0.157324,-0.313559,0.439447,-0.063507,-0.200831,-0.154425
0,0,0.147563,-0.320684,0.38808,-0.0531231,-0.197462,-0.131125
0,0,0.175946,-0.185898,0.345569,-0.0600116,-0.199897,-0.12537
0,0,0.204787,0.00495023,0.267734,-0.0719168,-0.213452,-0.135872
0,0,0.214217,0.0255241,0.311539,-0.0586559,-0.224894,-0.133876
0,0,0.139678,0.0538886,0.250563,-0.100457,-0.23145,-0.136599
0,0,0.124563,-0.0742968,0.374331,-0.0616347,-0.243827,-0.135063
0,0,0.158641,-0.110383,0.339412,-0.0604223,-0.254447,-0.1259
0,0,0.199851,-0.119175,0.310224,-0.036416,-0.249285,-0.103953
0,0,0.174535,-0.175399,0.317539,-0.0360808,-0.247469,-0.115292
0,0,0.155027,-0.152417,0.334067,-0.036729,-0.263199,-0.123519
0,0,0.18642,-0.0413323,0.246474,-0.0530489,-0.246143,-0.0959682
0,0,0.210852,-0.032646,0.272248,-0.0429372,-0.261931,-0.0983358
0,0,0.222965,-0.0431587,0.301874,-0.0418035,-0.269366,-0.11527
0,0,0.167765,-0.100644,0.389047,-0.0201559,-0.27144,-0.102738
0,0,0.162281,-0.0808451,0.374867,-0.0388968,-0.292074,-0.0927235
0,0,0.189835,-0.0396132,0.312039,-0.0393421,-0.275902,-0.106493
0,0,0.197046,-0.149217,0.410242,-0.0320098,-0.28618,-0.094099
0,0,0.161302,-0.297566,0.496113,0.0208028,-0.307842,-0.101597
0,0,0.138971,-0.238001,0.456254,-0.00467067,-0.28199,-0.112113
0,0,0.1259,-0.135547,0.404865,-0.0192918,-0.283178,-0.0910074
0,0,0.203511,-0.148196,0.47749,0.0204822,-0.247114,-0.114989
0,0,0.192041,-0.174692,0.547461,0.0263868,-0.269997,-0.110755
0,0,0.151404,-0.159762,0.485026,0.00341907,-0.255986,-0.0822528
0,0,0.165051,-0.232835,0.473044,-0.0121684,-0.24368,-0.0993999
0,0,0.166269,-0.224365,0.504124,-0.0108018,-0.250722,-0.0952139
0,0,0.159158,-0.176636,0.552366,0.00278938,-0.281894,-0.0756983
0,0,0.0873616,-0.0916079,0.532052,-0.0133064,-0.298584,-0.0980456
0,0,0.115687,-0.121607,0.479589,-0.0202598,-0.270679,-0.0935275
0,0,0.229575,-0.168934,0.603703,0.0232877,-0.290911,-0.0793806
0,0,0.196135,-0.147294,0.620767,0.00114038,-0.318016,-0.107755
0,0,0.194748,-0.126741,0.564512,0.0239653,-0.30146,-0.109656
0,0,0.194127,-0.10019,0.506867,-0.0094625,-0.272892,-0.0877673
0,0,0.205051,-0.214062,0.602246,0.0224425,-0.272148,-0.107884
0,0,0.130775,-0.233745,0.65516,0.0201366,-0.289992,-0.0964443
0,0,0.0841635,-0.129693,0.626679,0.00176046,-0.283709,-0.0755239
0,0,0.155274,-0.059628,0.532458,0.00718728,-0.258878,-0.0810754
0,0,0.18207,-0.0451791,0.559725,-0.00953259,-0.254165,-0.0990445
0,0,0.107346,-0.131983,0.67143,0.0366896,-0.296291,-0.0728282
0,0,0.0963071,-0.101122,0.661319,-0.00354978,-0.306967,-0.0884329
0,0,0.153719,-0.0710764,0.578645,0.00411333,-0.285437,-0.107941
0,0,0.179978,-0.0368192,0.579634,-0.00133837,-0.255816,-0.09368
0,0,0.114971,-0.166685,0.743338,0.0267633,-0.293821,-0.0789264
0,0,0.10297,-0.204982,0.769578,0.0250635,-0.289677,-0.0994625
0,0,0.147924,-0.165405,0.664459,0.00904648,-0.248363,-0.11407
0,0,0.188231,-0.0191371,0.629823,-0.0285298,-0.257885,-0.0926708
0,0,0.168597,-0.0253609,0.717,0.0124875,-0.285037,-0.0920821
0,0,0.0928781,-0.0896348,0.792497,0.00521954,-0.278103,-0.117052
0,0,0.0956633,-0.152777,0.74424,0.00487482,-0.287678,-0.111032
0,0,0.182238,-0.0561393,0.670081,-0.0078557,-0.262708,-0.0868657
0,0,0.185098,-0.0282536,0.655868,0.00202373,-0.257656,-0.082401
0,0,0.108309,-0.113973,0.763886,0.0148662,-0.29132,-0.111704
0,0,0.0739971,-0.114974,0.797198,0.00815783,-0.28606,-0.111465
0,0,0.137482,-0.0405663,0.691837,-0.0115715,-0.280956,-0.0929159
0,0,0.154343,0.0628175,0.600144,-0.0163295,-0.271127,-0.0910918
0,0,0.159713,0.0352076,0.637357,-0.0156802,-0.282206,-0.109448
0,0,0.173327,-0.0658101,0.751871,0.0187721,-0.283396,-0.111467
0,0,0.142171,-0.111856,0.761421,0.0170845,-0.288761,-0.0878863
0,0,0.131071,-0.0400285,0.719615,-0.00970907,-0.260705,-0.0896482
0,0,0.174781,0.00868023,0.665763,-0.00413099,-0.253701,-0.104329
0,0,0.170459,0.00625691,0.741418,0.00371468,-0.284909,-0.107379
0,0,0.123331,-0.0338394,0.744045,-0.00131372,-0.293243,-0.0906286
0,0,0.101784,-0.0906031,0.77371,-0.00839539,-0.284433,-0.0813364
0,0,0.156531,0.102528,0.620639,-0.00339748,-0.268079,-0.0905584
0,0,0.1895,0.0373202,0.629546,-0.0101135,-0.25596,-0.105368
0,0,0.102865,-0.0172704,0.74996,0.0172115,-0.30352,-0.100783
0,0,0.0733022,-0.0119727,0.73216,-0.00209934,-0.301266,-0.0921817
0,0,0.0848275,-0.0442822,0.767075,0.0172277,-0.297796,-0.0861229
0,0,0.166995,0.0979562,0.654847,-0.031531,-0.257922,-0.0816414
0,0,0.140515,0.0871312,0.635612,-0.01532,-0.261257,-0.108236
0,0,0.103865,0.0790143,0.644478,-0.0217795,-0.264418,-0.113936
0,0,0.117113,-0.0507019,0.773006,0.0312649,-0.310683,-0.101803
0,0,0.154923,-0.0370939,0.735667,0.00326168,-0.297658,-0.0895815
0,0,0.14555,-0.0237677,0.712791,0.0133031,-0.295204,-0.080956
0,0,0.0898509,0.145175,0.607445,-0.0382907,-0.255437,-0.0892236
0,0,0.120296,0.0294324,0.663294,-0.0119879,-0.26861,-0.109509
0,0,0.155491,0.0208566,0.72642,0.00621317,-0.269672,-0.11209
0,0,0.120073,-0.0131184,0.745771,0.0219382,-0.301372,-0.0889532
0,0,0.0873643,0.0824531,0.664879,0.00576646,-0.282973,-0.0819026
0,0,0.129406,0.151493,0.629745,-0.00746369,-0.2718,-0.0795561
0,0,0.179446,0.247113,0.543733,-0.0217109,-0.237792,-0.0913015
0,0,0.124053,0.249826,0.545222,-0.035605,-0.23871,-0.101336
0,0,0.0770665,0.319349,0.572551,-0.0330887,-0.249585,-0.102413
0,0,0.0573913,0.297545,0.526895,-0.0768067,-0.253152,-0.101067
0,0,0.111405,0.315256,0.497392,-0.063173,-0.257057,-0.102233
0,0,0.116824,0.301451,0.452059,-0.0609784,-0.222874,-0.0970523
0,0,0.0601149,0.30555,0.365611,-0.100644,-0.196169,-0.0937721
0,0,0.0626247,0.273298,0.317199,-0.113111,-0.152956,-0.0952188
0,0,0.14028,0.267179,0.298453,-0.0962725,-0.13956,-0.0931846
0,0,0.16661,0.231614,0.269588,-0.0902724,-0.137133,-0.0861089
0,0,0.127793,0.361765,0.174318,-0.110554,-0.11325,-0.0873669
0,0,0.115454,0.500229,0.161943,-0.117127,-0.109726,-0.0888849
0,0,0.167138,0.514657,0.156635,-0.116366,-0.109447,-0.0798117
0,0,0.171038,0.481492,0.147956,-0.121565,-0.0985888,-0.0822886
0,0,0.123813,0.458036,0.188257,-0.11462,-0.110971,-0.0818805
0,0,0.117266,0.504365,0.174642,-0.115497,-0.109395,-0.0860733
0,0,0.138776,0.472773,0.184659,-0.116326,-0.10758,-0.0831513
0,0,0.15435,0.478891,0.180153,-0.120659,-0.106068,-0.0815343
0,0,0.126668,0.503002,0.17547,-0.122501,-0.102668,-0.0847643
0,0,0.111089,0.488032,0.165598,-0.122372,-0.0960502,-0.0869929
0,0,0.141951,0.456846,0.186661,-0.11787,-0.0981018,-0.0837133
0,0,0.161449,0.473497,0.190621,-0.11414,-0.0998659,-0.0823348
0,0,0.125333,0.467818,0.193625,-0.11353,-0.103941,-0.0861062
0,0,0.0969909,0.45718,0.204802,-0.114212,-0.10504,-0.0826646
0,0,0.128479,0.472535,0.186724,-0.113705,-0.105286,-0.0793579
0,0,0.136422,0.465657,0.196244,-0.10749,-0.110961,-0.0760467
0,0,0.11917,0.465272,0.199476,-0.104089,-0.113048,-0.0854795
0,0,0.118169,0.44443,0.192828,-0.109047,-0.112355,-0.0867558
0,0,0.152655,0.452081,0.193367,-0.109708,-0.110537,-0.0898493
0,0,0.156635,0.445333,0.187183,-0.108915,-0.108687,-0.092284
0,0,0.124416,0.439447,0.184887,-0.111741,-0.104703,-0.090878
0,0,0.0991182,0.442459,0.173706,-0.115915,-0.098275,-0.0843587
0,0,0.110897,0.441602,0.157784,-0.113355,-0.097158,-0.0877714
0,0,0.118802,0.442812,0.193512,-0.114102,-0.0996906,-0.0916671
0,0,0.0948326,0.448023,0.193715,-0.119324,-0.102975,-0.0873393
0,0,0.0982261,0.451912,0.204792,-0.119595,-0.108939,-0.0826096
0,0,0.125033,0.443468,0.193987,-0.115498,-0.106224,-0.0910415
0,0,0.12967,0.454192,0.186046,-0.117761,-0.110629,-0.0909116
0,0,0.143574,0.463215,0.191698,-0.121172,-0.112431,-0.092696
0,0,0.143158,0.469565,0.186522,-0.116563,-0.106823,-0.0899019
0,0,0.137603,0.459626,0.19029,-0.113773,-0.114521,-0.0893609
0,0,0.124667,0.4478,0.190448,-0.117312,-0.116104,-0.0817871
0,0,0.0970919,0.459624,0.197513,-0.121225,-0.109096,-0.0926956
0,0,0.118791,0.442169,0.19566,-0.116737,-0.109608,-0.0884405
0,0,0.136613,0.439521,0.211164,-0.114124,-0.110355,-0.0882555
0,0,0.144066,0.451603,0.212588,-0.112773,-0.112805,-0.0813039
0,0,0.127489,0.462318,0.203723,-0.10991,-0.114353,-0.0778942
0,0,0.147244,0.458588,0.210501,-0.111389,-0.110378,-0.0775263
0,0,0.160311,0.462512,0.214463,-0.118506,-0.111829,-0.0791823
0,0,0.144409,0.454789,0.20351,-0.119802,-0.111423,-0.0822644
0,0,0.145403,0.451451,0.21253,-0.116833,-0.108112,-0.0877735
0,0,0.146108,0.448833,0.209818,-0.11838,-0.11094,-0.089786
0,0,0.148534,0.450434,0.212906,-0.11636,-0.109046,-0.0869591
0,0,0.152174,0.457772,0.219694,-0.109876,-0.117055,-0.081054
0,0,0.136529,0.450438,0.229948,-0.11358,-0.115437,-0.0771912
0,0,0.11347,0.475175,0.223913,-0.11691,-0.11164,-0.0784741
0,0,0.107196,0.464815,0.22313,-0.111367,-0.108529,-0.0755733
0,0,0.118576,0.468296,0.196381,-0.11347,-0.106048,-0.0805477
0,0,0.107675,0.454227,0.199447,-0.117479,-0.107454,-0.0845824
0,0,0.114751,0.448787,0.194695,-0.121714,-0.10616,-0.0882918
0,0,0.128353,0.437088,0.205278,-0.118928,-0.105388,-0.0873713
0,0,0.129883,0.455236,0.220039,-0.118643,-0.0912071,-0.0941318
0,0,0.128482,0.463309,0.218599,-0.118705,-0.0967058,-0.0934187
0,0,0.138152,0.455628,0.21804,-0.120097,-0.107856,-0.0974955
0,0,0.14173,0.439594,0.223903,-0.119259,-0.111264,-0.0993111
0,0,0.135153,0.449475,0.220818,-0.115734,-0.114141,-0.0900775
0,0,0.135557,0.459129,0.205244,-0.119286,-0.112353,-0.0823209
0,0,0.154544,0.454075,0.228685,-0.114688,-0.110518,-0.0819308
0,0,0.163848,0.462044,0.235209,-0.117062,-0.108366,-0.0790971
0,0,0.157887,0.45959,0.228756,-0.118798,-0.106197,-0.0774652
0,0,0.159094,0.468213,0.226419,-0.116264,-0.110803,-0.0815619
0,0,0.152062,0.477905,0.228171,-0.112724,-0.107816,-0.081337
0,0,0.137643,0.464597,0.216904,-0.111143,-0.108459,-0.0872239
0,0,0.120479,0.449665,0.203287,-0.11162,-0.119402,-0.0883016
0,0,0.105323,0.461734,0.197164,-0.112988,-0.120589,-0.0893422
0,0,0.0958892,0.454053,0.207292,-0.111578,-0.114539,-0.0895272
0,0,0.109299,0.450311,0.192722,-0.116826,-0.11018,-0.0896106
0,0,0.114149,0.449213,0.197567,-0.119209,-0.113481,-0.0834203
0,0,0.122063,0.45534,0.201494,-0.130663,-0.115539,-0.0802997
0,0,0.128436,0.432553,0.213546,-0.128192,-0.118957,-0.086602
0,0,0.140526,0.431951,0.201078,-0.125145,-0.121846,-0.0849482
0,0,0.13703,0.449891,0.197984,-0.123192,-0.111651,-0.0875174
0,0,0.147061,0.448997,0.207104,-0.124532,-0.112422,-0.0899284
0,0,0.140596,0.448043,0.214024,-0.123429,-0.110545,-0.0923087
0,0,0.139561,0.456037,0.197406,-0.11672,-0.112916,-0.0881971
0,0,0.132871,0.455355,0.188728,-0.117776,-0.104666,-0.0854039
0,0,0.123259,0.45507,0.189242,-0.115607,-0.102892,-0.0848895
0,0,0.11684,0.462483,0.213761,-0.110266,-0.108618,-0.0830887
0,0,0.116815,0.472337,0.224328,-0.10983,-0.110422,-0.0874318
0,0,0.110041,0.467401,0.226893,-0.106805,-0.115687,-0.0872096
0,0,0.0934037,0.448438,0.199928,-0.106606,-0.11193,-0.0808691
0,0,0.114476,0.440018,0.182235,-0.100925,-0.116723,-0.0841707
0,0,0.123928,0.436763,0.183066,-0.102867,-0.116176,-0.0859299
0,0,0.130433,0.425998,0.187476,-0.102996,-0.1172,-0.0788959
0,0,0.12978,0.429991,0.199258,-0.102632,-0.113334,-0.0838091
0,0,0.119439,0.435991,0.212205,-0.112286,-0.112267,-0.087557
0,0,0.12932,0.435646,0.210115,-0.112125,-0.107062,-0.0873539
0,0,0.119282,0.437077,0.204468,-0.110351,-0.110821,-0.0944474
0,0,0.131669,0.439898,0.204911,-0.10728,-0.108985,-0.0967901
0,0,0.154144,0.459162,0.203641,-0.0981083,-0.114386,-0.0923221
0,0,0.145419,0.463815,0.201792,-0.0984176,-0.115366,-0.0940821
0,0,0.145575,0.445985,0.196115,-0.103504,-0.117542,-0.0925251
0,0,0.13058,0.428856,0.179874,-0.113052,-0.113389,-0.090373
0,0,0.13026,0.436764,0.1987,-0.116072,-0.118859,-0.094231
0,0,0.130536,0.41915,0.199352,-0.115428,-0.111759,-0.0916432
0,0,0.124167,0.415673,0.202879,-0.108859,-0.111611,-0.0889517
0,0,0.125918,0.426213,0.198969,-0.106797,-0.124729,-0.0925969
0,0,0.14222,0.430312,0.185619,-0.109066,-0.123745,-0.0852651
0,0,0.140981,0.454772,0.191928,-0.117948,-0.118568,-0.0853602
0,0,0.126287,0.451086,0.201827,-0.121427,-0.111282,-0.0849363
0,0,0.102444,0.439043,0.208783,-0.121112,-0.111619,-0.0799296
0,0,0.106088,0.433634,0.209134,-0.116638,-0.113908,-0.0845242
0,0,0.0994815,0.445385,0.21129,-0.112434,-0.114933,-0.094337
0,0,0.0974854,0.440376,0.211871,-0.115525,-0.111547,-0.0878706
0,0,0.112179,0.452097,0.208499,-0.105868,-0.108983,-0.0893563
0,0,0.121222,0.445081,0.21853,-0.110821,-0.111978,-0.0864756
0,0,0.130484,0.443232,0.220885,-0.113503,-0.11403,-0.0879292
0,0,0.119914,0.446196,0.200511,-0.111083,-0.112956,-0.0880545
0,0,0.13212,0.436767,0.202798,-0.108488,-0.114911,-0.090312
0,0,0.134102,0.436674,0.214946,-0.111423,-0.111082,-0.0891261
0,0,0.119,0.447876,0.232676,-0.113595,-0.112152,-0.0877079
0,0,0.118197,0.446448,0.225754,-0.117429,-0.119597,-0.0901679
0,0,0.107998,0.449062,0.220583,-0.118382,-0.122349,-0.0938789
0,0,0.104417,0.450669,0.184078,-0.125511,-0.115259,-0.0849769
0,0,0.101236,0.478923,0.126319,-0.133179,-0.123103,-0.0827744
0,0,0.0916841,0.518278,0.071755,-0.144362,-0.101341,-0.0751014
0,0,0.0432616,0.522898,0.0122132,-0.143605,-0.0710355,-0.0784794
0,0,0.0941965,0.414663,0.0287122,-0.156242,-0.0915736,-0.0748022
0,0,0.065523,0.354511,0.010546,-0.171639,-0.0576715,-0.0808412
0,0,0.0443909,0.33253,-0.105671,-0.18377,-0.0357131,-0.0871216
0,0,0.0698427,0.350345,-0.134913,-0.195428,-0.0125887,-0.0950184
0,0,0.0372394,0.389956,-0.0996639,-0.198574,0.00697413,-0.0952002
0,0,0.0179304,0.317994,-0.18104,-0.228138,0.0379218,-0.0873788
0,0,0.0556507,0.353953,-0.283107,-0.237959,0.0758334,-0.0744936
0,0,-0.0458582,0.326584,-0.248339,-0.246808,0.0995533,-0.0744516
0,0,-0.0381653,0.437074,-0.281053,-0.25186,0.10709,-0.095673
0,0,-0.040143,0.506027,-0.382116,-0.272505,0.12129,-0.103116
0,0,0.00743144,0.485387,-0.358675,-0.276923,0.144096,-0.0955921
0,0,-0.0241157,0.507845,-0.437389,-0.273446,0.154357,-0.0769006
0,0,-0.0364834,0.625145,-0.538158,-0.308949,0.179067,-0.0791944
0,0,-0.051748,0.56587,-0.487818,-0.315835,0.17943,-0.0948876
0,0,-0.0249373,0.632157,-0.529596,-0.302029,0.203508,-0.104765
0,0,-0.0429743,0.677178,-0.638219,-0.327323,0.211987,-0.0920901
0,0,-0.0830878,0.733174,-0.616981,-0.331139,0.216693,-0.0806814
0,0,-0.066618,0.721727,-0.661968,-0.320668,0.22613,-0.0876315
0,0,-0.0778202,0.742454,-0.772588,-0.367739,0.243241,-0.102636
0,0,-0.0571905,0.765408,-0.737167,-0.340583,0.218922,-0.0852605
0,0,-0.0489204,0.719774,-0.782544,-0.347483,0.22987,-0.0603978
0,0,-0.119697,0.796399,-0.897578,-0.388735,0.260287,-0.0731371
0,0,-0.101915,0.80424,-0.837209,-0.361766,0.238426,-0.0879539
0,0,-0.095868,0.883609,-0.872363,-0.382129,0.272906,-0.0703107
0,0,-0.103169,0.888129,-0.944047,-0.391313,0.30524,-0.0602322
0,0,-0.132366,0.816622,-0.876455,-0.352895,0.283822,-0.0936253
0,0,-0.0949892,0.87502,-1.03532,-0.401563,0.303098,-0.0808243
0,0,-0.115858,0.917439,-1.09667,-0.41107,0.327524,-0.0703006
0,0,-0.0809406,0.850918,-1.00033,-0.374645,0.296218,-0.0813896
0,0,-0.114023,0.907069,-1.01113,-0.401518,0.273434,-0.10432
0,0,-0.141974,0.812986,-0.966077,-0.368839,0.283156,-0.0771275
0,0,-0.0990437,0.751063,-0.952122,-0.381918,0.281478,-0.0924773
0,0,-0.153488,0.880297,-1.10448,-0.395468,0.306981,-0.0836798
0,0,-0.13403,0.794059,-1.13473,-0.394062,0.343195,-0.0734186
0,0,-0.152902,0.835982,-1.06706,-0.388407,0.334199,-0.0934868
0,0,-0.180429,0.877379,-1.13686,-0.41815,0.357808,-0.0689918
0,0,-0.127378,0.957479,-1.28167,-0.428184,0.388881,-0.101364
0,0,-0.134285,0.961191,-1.20621,-0.408132,0.363961,-0.0890106
0,0,-0.146841,0.949314,-1.29203,-0.430202,0.382348,-0.0944194
0,0,-0.148851,0.865518,-1.26174,-0.434376,0.361899,-0.099447
0,0,-0.102888,0.779705,-1.20495,-0.413976,0.316542,-0.0861835
0,0,-0.0944173,0.634872,-0.914145,-0.33093,0.233987,-0.11334
0,0,-0.135039,0.661094,-0.937293,-0.344513,0.254157,-0.0821498
0,0,-0.123216,0.638083,-1.01031,-0.356739,0.269355,-0.0957284
0,0,-0.0881654,0.627564,-1.01923,-0.362935,0.277638,-0.077716
0,0,-0.181481,0.671,-0.969808,-0.363507,0.250022,-0.0821977
0,0,-0.19917,0.650727,-0.968588,-0.379285,0.241886,-0.112307
0,0,-0.130357,0.639097,-1.00229,-0.397284,0.228574,-0.078348
0,0,-0.161358,0.634894,-0.985983,-0.399827,0.239049,-0.112439
0,0,-0.199472,0.648692,-0.88155,-0.380134,0.22438,-0.0864915
0,0,-0.142696,0.641655,-0.909558,-0.394391,0.217992,-0.120717
0,0,-0.104965,0.604314,-0.953679,-0.402144,0.226003,-0.0984057
0,0,-0.0808808,0.606264,-0.930718,-0.389337,0.230047,-0.0962687
0,0,-0.106099,0.629858,-0.868419,-0.364101,0.218174,-0.103686
0,0,-0.118267,0.608989,-0.871409,-0.364271,0.180327,-0.102461
0,0,-0.162205,0.599023,-0.922542,-0.3837,0.190543,-0.109867
0,0,-0.142655,0.610335,-0.980409,-0.407406,0.209552,-0.0952125
0,0,-0.14906,0.538526,-0.933753,-0.405147,0.201531,-0.107774
0,0,-0.220462,0.530901,-0.821787,-0.380491,0.183159,-0.0740836
0,0,-0.278573,0.473217,-0.763345,-0.388094,0.154786,-0.0826169
0,0,-0.291448,0.473563,-0.829953,-0.408971,0.159208,-0.0885912
0,0,-0.272285,0.381684,-0.799778,-0.405702,0.16912,-0.0799825
0,0,-0.277057,0.387875,-0.70599,-0.408846,0.113207,-0.100315
0,0,-0.295883,0.37169,-0.562652,-0.37756,0.0911731,-0.0917888
0,0,-0.202386,0.365271,-0.483763,-0.334974,0.044244,-0.0934871
0,0,-0.0532298,0.219019,-0.44316,-0.276783,0.0552848,-0.112088
0,0,-0.0691903,0.104609,-0.359539,-0.277748,0.0593303,-0.120722
0,0,-0.059447,0.0959919,-0.321299,-0.278027,0.0323112,-0.129524
0,0,-0.00256717,0.13809,-0.240369,-0.241923,-0.011793,-0.118148
0,0,-0.0201508,0.0904863,-0.192629,-0.261645,-0.0495358,-0.125425
0,0,-0.0211996,0.000804279,-0.16974,-0.261732,-0.072045,-0.109445
0,0,-0.0332298,-0.0852614,-0.135788,-0.245292,-0.0950906,-0.118712
0,0,-0.0387514,0.00400974,-0.131783,-0.256361,-0.0873953,-0.135833
0,0,-0.020607,0.0344272,-0.108752,-0.248361,-0.0934949,-0.122463
0,0,0.0246559,0.0654177,-0.0834868,-0.239247,-0.0798965,-0.12146
0,0,0.0783815,-0.0342301,-0.0548432,-0.222521,-0.0911901,-0.105082
0,0,0.0786521,-0.0475365,-0.0281859,-0.238765,-0.108513,-0.114702
0,0,0.0778009,-0.0197514,-0.00464266,-0.208107,-0.123922,-0.110621
0,0,0.154702,0.00434473,0.073598,-0.207296,-0.143706,-0.108909
0,0,0.208863,-0.0265346,0.0959482,-0.165991,-0.135778,-0.13071
0,0,0.296594,-0.0130624,0.103324,-0.132544,-0.163144,-0.113203
0,0,0.34843,-0.00923842,0.154799,-0.122435,-0.177741,-0.112071
0,0,0.420809,0.0149291,0.208457,-0.0978752,-0.163319,-0.117254
0,0,0.369656,-0.0738989,0.3137,-0.0797846,-0.188846,-0.117516
0,0,0.326053,-0.0214429,0.385961,-0.0623616,-0.230262,-0.125958
0,0,0.374739,-0.043646,0.354884,-0.0464041,-0.23294,-0.13163
0,0,0.358247,0.00557679,0.304446,-0.0500892,-0.210394,-0.131453
0,0,0.385575,0.0306372,0.3748,-0.0330164,-0.22392,-0.116948
0,0,0.276302,0.0801199,0.362195,-0.0537975,-0.246765,-0.0996771
0,0,0.229531,-0.0294706,0.411887,-0.0566994,-0.246442,-0.119203
0,0,0.24554,0.0722607,0.31202,-0.0589977,-0.213969,-0.0959241
0,0,0.275843,-0.0510828,0.319636,-0.042274,-0.225176,-0.101185
0,0,0.262765,-0.0762034,0.337622,-0.0253821,-0.218516,-0.101868
0,0,0.264533,-0.0648963,0.330444,-0.0407343,-0.232655,-0.0853784
0,0,0.236308,-0.0930251,0.298531,-0.0722975,-0.248109,-0.100298
0,0,0.279189,-0.0348755,0.227663,-0.0823778,-0.210342,-0.105027
0,0,0.28604,-0.0807574,0.325343,-0.0366349,-0.242929,-0.103245
0,0,0.217026,-0.0525439,0.324125,-0.0287404,-0.232501,-0.121434
0,0,0.189921,-0.0307466,0.270361,-0.0636175,-0.21288,-0.0922161
0,0,0.189108,0.0381344,0.243202,-0.0820581,-0.216613,-0.0947026
0,0,0.186174,-0.0535161,0.331694,-0.0516437,-0.225903,-0.108765
0,0,0.174686,0.0781853,0.277278,-0.0394207,-0.235477,-0.0927352
0,0,0.172112,0.0327597,0.230641,-0.0640653,-0.21599,-0.0971375
0,0,0.200513,-0.105672,0.326272,-0.0532552,-0.238824,-0.109528
0,0,0.122957,-0.0785986,0.316025,-0.0400411,-0.229129,-0.0838682
0,0,0.122954,0.0123611,0.174169,-0.0664979,-0.205041,-0.0898956
0,0,0.180398,-0.0316956,0.235484,-0.0483314,-0.222479,-0.102122
0,0,0.159484,-0.00769435,0.32034,-0.0550398,-0.237775,-0.0835267
0,0,0.123038,0.0191772,0.223939,-0.0692409,-0.225628,-0.100833
0,0,0.170881,0.00239568,0.205402,-0.0526843,-0.205471,-0.110598
0,0,0.173811,-0.0843987,0.369419,-0.0123155,-0.256411,-0.0994782
0,0,0.122745,0.0175116,0.318305,-0.041662,-0.233527,-0.0882291
0,0,0.104847,0.0543065,0.236291,-0.0802976,-0.238718,-0.0988461
0,0,0.137633,0.0782229,0.285292,-0.0560591,-0.237974,-0.106497
0,0,0.0946302,0.00399331,0.281417,-0.0267455,-0.280001,-0.0924201
0,0,0.0921302,0.0725621,0.184722,-0.0633335,-0.224144,-0.0997638
0,0,0.118619,-0.043547,0.267051,-0.0593959,-0.250697,-0.124996
0,0,0.0996133,-0.00582116,0.27542,-0.046932,-0.229643,-0.111524
0,0,0.0554605,0.0318286,0.258554,-0.0533301,-0.235533,-0.085828
0,0,0.110228,0.125798,0.219449,-0.0724199,-0.211685,-0.0989156
0,0,0.137671,-0.0159625,0.42926,-0.0365186,-0.259233,-0.11395
0,0,0.0809173,0.0471257,0.346001,-0.0480061,-0.220406,-0.0974037
0,0,0.04809,0.0320797,0.33218,-0.0419314,-0.237149,-0.0839751
0,0,0.0871399,0.0554153,0.317333,-0.0441081,-0.226386,-0.0939342
0,0,0.0700328,0.048272,0.339597,-0.0518356,-0.254758,-0.100477
0,0,0.00929994,0.163445,0.295364,-0.0723857,-0.218004,-0.093987
0,0,0.076997,0.0235558,0.428807,-0.0221084,-0.243336,-0.081679
0,0,0.0675336,0.0524371,0.421101,-0.0401684,-0.237158,-0.0927534
0,0,0.0263849,0.106169,0.395526,-0.0817486,-0.22132,-0.110049
0,0,0.0444539,0.0790337,0.442838,-0.0696658,-0.240468,-0.106894
0,0,0.0566778,0.0614448,0.472353,-0.0390361,-0.246234,-0.0983345
0,0,0.0372495,0.138989,0.361412,-0.060922,-0.226508,-0.087512
0,0,0.0559734,0.0632416,0.366327,-0.0890076,-0.194406,-0.0946396
0,0,0.0309633,0.0610632,0.515437,-0.0415534,-0.243249,-0.108256
0,0,0.0156708,0.0532448,0.475121,-0.04728,-0.207107,-0.106189
0,0,0.0386354,0.0775404,0.403034,-0.0751346,-0.208782,-0.09398
0,0,0.0677265,0.0865944,0.50347,-0.0693975,-0.212824,-0.0901698
0,0,0.0852819,0.118478,0.573233,-0.0384281,-0.215859,-0.0907258
0,0,0.0644584,0.080939,0.52804,-0.0562598,-0.235886,-0.107475
0,0,0.106344,0.0791828,0.608602,-0.0509625,-0.225386,-0.112888
0,0,0.0828076,0.0592497,0.588044,-0.054838,-0.229097,-0.109456
0,0,0.0188243,0.105317,0.509699,-0.0637608,-0.201772,-0.0969985
0,0,0.0384584,0.135688,0.579823,-0.0441485,-0.229601,-0.0906632
0,0,0.029495,0.0905071,0.601223,-0.0515888,-0.23148,-0.0903616
0,0,0.0466959,0.108788,0.561657,-0.0747895,-0.189689,-0.099787
0,0,0.0424901,0.126829,0.625745,-0.0371207,-0.228202,-0.108407
0,0,0.0672001,0.0664606,0.640637,-0.024223,-0.226932,-0.114731
0,0,0.0728183,0.0938543,0.569383,-0.0664052,-0.198371,-0.112312
0,0,0.110857,0.156841,0.580574,-0.0722877,-0.187888,-0.102299
0,0,0.0723606,0.122004,0.668249,-0.0273305,-0.204349,-0.0910839
0,0,0.0380459,0.155976,0.558064,-0.0710056,-0.193153,-0.0877569
0,0,0.100154,0.113644,0.627306,-0.0665656,-0.216369,-0.0913886
0,0,0.0736551,0.0443869,0.71957,-0.0305816,-0.218389,-0.10353
0,0,0.0709299,0.117791,0.654151,-0.0417939,-0.218355,-0.10846
0,0,0.117668,0.148859,0.651889,-0.0503299,-0.210105,-0.111091
0,0,0.0708116,0.144701,0.635603,-0.0542689,-0.219525,-0.0929928
0,0,0.0947915,0.163043,0.716121,-0.0318966,-0.231694,-0.0915087
0,0,0.0982641,0.0788081,0.762042,-0.0532526,-0.216158,-0.0855421
0,0,0.0945777,0.0966234,0.641928,-0.0832847,-0.217815,-0.0955552
0,0,0.0930596,0.0595062,0.649563,-0.0793302,-0.220982,-0.0982717
0,0,-0.0148805,-0.0553063,0.680437,-0.0558179,-0.232674,-0.102639
0,0,-0.00237596,0.00953071,0.614135,-0.0719739,-0.214223,-0.103665
0,0,0.0436991,0.0195478,0.593295,-0.0828846,-0.189964,-0.10922
0,0,0.0579097,-0.0864674,0.638918,-0.0570887,-0.190759,-0.104708
0,0,0.0654692,-0.0748727,0.65337,-0.0603006,-0.190675,-0.103369
0,0,0.118181,-0.0647182,0.650305,-0.0465717,-0.193865,-0.100993
0,0,0.0408907,-0.0224218,0.630199,-0.0638928,-0.20006,-0.100357
0,0,0.0366343,-0.0198043,0.624219,-0.0563091,-0.19985,-0.104811
0,0,0.0784865,0.00371466,0.66077,-0.0476296,-0.218755,-0.105985
0,0,0.0547876,-0.0128501,0.683363,-0.0449301,-0.225344,-0.10623
0,0,0.0444653,0.0291418,0.692286,-0.0513472,-0.222445,-0.101137
0,0,0.100372,-0.0292284,0.696292,-0.0392108,-0.226066,-0.10507
0,0,0.119068,-0.0521406,0.682246,-0.0335742,-0.218349,-0.108363
0,0,0.0895523,-0.00890365,0.6894,-0.0352057,-0.224374,-0.106437
0,0,0.0709158,0.0163331,0.698449,-0.0369638,-0.222868,-0.109441
0,0,0.086434,-0.000351529,0.695958,-0.0345849,-0.220475,-0.102699
0,0,0.107584,-0.03169,0.691911,-0.0335053,-0.222618,-0.104206
0,0,0.0875143,-0.0146025,0.694554,-0.0348511,-0.227265,-0.100329
0,0,0.0713899,0.0100356,0.677477,-0.0436602,-0.224282,-0.0998896
0,0,0.0991773,0.00345488,0.672182,-0.040683,-0.223923,-0.111048
0,0,0.105921,-0.0218483,0.690481,-0.0428898,-0.221375,-0.109829
0,0,0.0877128,-0.00649606,0.685892,-0.0546617,-0.218898,-0.10878
0,0,0.121019,-0.0102585,0.661893,-0.0435259,-0.219501,-0.105442
0,0,0.120931,-0.0152221,0.666044,-0.036565,-0.215993,-0.106819
0,0,0.06454,-0.0291828,0.671908,-0.0455078,-0.220472,-0.104192
0,0,0.0535039,-0.0179017,0.678936,-0.0487356,-0.224897,-0.0994029
0,0,0.0620138,0.00125902,0.679825,-0.0459621,-0.223713,-0.0978389
0,0,0.0895274,-0.00608605,0.662972,-0.0392584,-0.2234,-0.0985883
0,0,0.0831998,-0.0394405,0.681651,-0.0362615,-0.230287,-0.0946285
0,0,0.065954,-0.0332028,0.686368,-0.0364066,-0.225602,-0.0951423
0,0,0.100851,-0.025208,0.693439,-0.0432682,-0.227086,-0.100531
0,0,0.103813,-0.0169572,0.681518,-0.0351652,-0.225226,-0.104255
0,0,0.0719473,0.00511235,0.693951,-0.0424771,-0.223066,-0.0998787
0,0,0.049658,-0.0150794,0.69062,-0.0387593,-0.230031,-0.102201
0,0,0.0511392,-0.0226286,0.683163,-0.0372809,-0.231967,-0.0975592
0,0,0.0622002,-0.0170453,0.697178,-0.031172,-0.224858,-0.0985209
0,0,0.0531433,-0.0134112,0.704044,-0.0350906,-0.231485,-0.099863
0,0,0.0527855,-0.0113933,0.703022,-0.0351511,-0.227098,-0.0989695
0,0,0.0953389,-0.013322,0.701282,-0.0319755,-0.22447,-0.10049
0,0,0.0917664,-0.00122136,0.69436,-0.0379298,-0.222078,-0.0973844
0,0,0.0752995,-0.0271438,0.699032,-0.0396364,-0.222297,-0.102328
0,0,0.089331,-0.0405954,0.698315,-0.0412366,-0.22968,-0.0964757
0,0,0.115463,-0.0227052,0.671558,-0.0439981,-0.22901,-0.0971458
0,0,0.128639,-0.0155133,0.677194,-0.047305,-0.227576,-0.102412
0,0,0.0968279,-0.0216654,0.691895,-0.045278,-0.218359,-0.0995316
0,0,0.0993639,-0.0208857,0.686418,-0.047314,-0.218378,-0.104448
0,0,0.108379,-0.023782,0.68296,-0.0500151,-0.219348,-0.10138
0,0,0.10386,-0.00224782,0.681008,-0.0442012,-0.224637,-0.100748
0,0,0.11911,-0.00359347,0.688146,-0.0375275,-0.222332,-0.10119
0,0,0.1132,-0.0024431,0.695605,-0.0303167,-0.215863,-0.0980438
0,0,0.0867946,-0.0197596,0.710473,-0.0320256,-0.221297,-0.0946852
0,0,0.0912871,-0.0242416,0.696339,-0.033092,-0.218411,-0.097344
0,0,0.0945399,-0.00144988,0.677351,-0.0336503,-0.214748,-0.0953336
0,0,0.0999447,-0.0118906,0.696628,-0.0507984,-0.221183,-0.101967
0,0,0.0949528,-0.0164243,0.692037,-0.0455545,-0.219551,-0.093924
0,0,0.0925915,-0.0127973,0.686316,-0.0466418,-0.224363,-0.0994124
0,0,0.0910126,-0.00839374,0.703302,-0.0441773,-0.2206,-0.0968717
0,0,0.102726,-0.00811364,0.688678,-0.0403945,-0.229307,-0.095215
0,0,0.112306,-0.00275936,0.674327,-0.0457735,-0.229518,-0.0940622
0,0,0.0834208,-0.00565782,0.659987,-0.0397951,-0.221638,-0.102035
0,0,0.0869227,-0.00345923,0.689248,-0.0401217,-0.220318,-0.103585
0,0,0.0889829,-0.0025365,0.700018,-0.0374966,-0.216524,-0.105682
0,0,0.0950615,-0.0186147,0.692216,-0.0394561,-0.220047,-0.105587
0,0,0.0936974,-0.0141771,0.710187,-0.0326622,-0.217189,-0.102282
0,0,0.0888015,-0.0338921,0.683734,-0.0374362,-0.223516,-0.100907
0,0,0.084397,-0.0464489,0.679982,-0.0437376,-0.221668,-0.0979514
0,0,0.0766349,-0.0403651,0.678163,-0.0451634,-0.222864,-0.0958705
0,0,0.0713094,-0.0340392,0.669132,-0.0422035,-0.222502,-0.0916175
0,0,0.0828363,-0.0399014,0.679772,-0.0394765,-0.227545,-0.0991146
0,0,0.0961858,-0.0355099,0.686085,-0.0349425,-0.228964,-0.103327
0,0,0.0799172,-0.0374834,0.730559,-0.0338169,-0.23795,-0.096548
0,0,0.0849592,-0.00511499,0.677833,-0.0486113,-0.231642,-0.0967777
0,0,0.0803489,0.00137965,0.704562,-0.0427382,-0.224845,-0.0997059
0,0,0.0959561,-0.021058,0.674267,-0.0451266,-0.217816,-0.106956
0,0,0.0863911,-0.0234446,0.686273,-0.044421,-0.22456,-0.110317
0,0,0.0719195,-0.0505613,0.681153,-0.0475092,-0.223034,-0.106641
0,0,0.0935634,-0.0216292,0.685052,-0.0337346,-0.221295,-0.104032
0,0,0.0787776,-0.0217631,0.699795,-0.034185,-0.22394,-0.0958253
0,0,0.0627403,-0.0308222,0.715049,-0.0368666,-0.221897,-0.0977967
0,0,0.0671032,-0.0425992,0.70499,-0.0435713,-0.225398,-0.10194
0,0,0.102839,-0.0360639,0.695517,-0.0302298,-0.224834,-0.0988114
0,0,0.0857032,-0.024219,0.699098,-0.0385516,-0.218727,-0.103824
0,0,0.0792201,-0.0204095,0.690561,-0.0376499,-0.219632,-0.107349
0,0,0.083425,-0.0150397,0.700445,-0.0362379,-0.228007,-0.0974816
0,0,0.0954947,-0.0118417,0.703713,-0.0317694,-0.223935,-0.095697
0,0,0.108254,-0.022197,0.687063,-0.0377965,-0.221297,-0.100966
0,0,0.0980553,-0.00790447,0.672339,-0.0424342,-0.222669,-0.103406
0,0,0.107112,-0.0185024,0.664761,-0.0393835,-0.222155,-0.103849
0,0,0.0944871,-0.0181878,0.670504,-0.0419874,-0.221689,-0.0981835
0,0,0.0730732,-0.0264872,0.677429,-0.0409083,-0.22093,-0.0992011
0,0,0.0661255,-0.0376671,0.682263,-0.0360079,-0.221391,-0.105228
0,0,0.0962882,-0.0420931,0.683519,-0.0351493,-0.220406,-0.0994685
0,0,0.0925389,-0.0284474,0.689422,-0.0355761,-0.219301,-0.0967098
0,0,0.0838941,-0.0289546,0.689719,-0.0374216,-0.217623,-0.0923263
0,0,0.0928511,-0.0250732,0.679641,-0.039646,-0.218971,-0.0917818
0,0,0.101706,-0.0169161,0.681924,-0.0385323,-0.221481,-0.0911024
0,0,0.0906292,-0.0277658,0.677572,-0.0374707,-0.218736,-0.0901738
0,0,0.0860914,-0.0215315,0.676398,-0.0414132,-0.218728,-0.0984924
0,0,0.0968216,-0.0240109,0.688619,-0.043613,-0.222493,-0.105767
0,0,0.0921272,-0.0306919,0.683287,-0.0430306,-0.224803,-0.109448
0,0,0.0969264,-0.00359137,0.677946,-0.0437485,-0.217839,-0.107793
0,0,0.0866391,-0.00821937,0.67346,-0.0435801,-0.218086,-0.1016
0,0,0.0991442,-0.00838028,0.672564,-0.0471025,-0.212429,-0.105104
0,0,0.0884786,-0.0111517,0.685799,-0.037918,-0.222217,-0.101116
0,0,0.0971165,-0.0165812,0.680698,-0.0376502,-0.219471,-0.102215
0,0,0.100123,-0.00652548,0.683452,-0.0391189,-0.216858,-0.106526
0,0,0.100549,-0.000605044,0.688898,-0.0373858,-0.211333,-0.103481
0,0,0.125933,-0.00450228,0.693104,-0.036961,-0.215981,-0.106621
0,0,0.129414,-0.00753455,0.694962,-0.0397384,-0.226806,-0.104257
0,0,0.12195,-0.00230197,0.689418,-0.042206,-0.221865,-0.101893
0,0,0.0986626,0.00267127,0.68502,-0.0467705,-0.217798,-0.100602
0,0,0.0805629,-0.00229135,0.674902,-0.0477921,-0.224349,-0.0955327
0,0,0.0716695,-0.00553085,0.686751,-0.0461694,-0.227254,-0.0950441
0,0,0.0672947,-0.000845729,0.71145,-0.0408536,-0.235527,-0.102934
0,0,0.0598626,-0.0152694,0.758453,-0.0355287,-0.238725,-0.103567
0,0,0.0335875,0.0409687,0.669758,-0.0681895,-0.214279,-0.0992804
0,0,-0.00117853,0.0767936,0.666876,-0.0587913,-0.227341,-0.0998457
0,0,-0.0547281,0.0815903,0.746799,-0.0449432,-0.249968,-0.101971
0,0,-0.0832189,0.0218836,0.706552,-0.0515795,-0.24142,-0.102348
0,0,-0.0337542,0.0360151,0.682693,-0.0516027,-0.224409,-0.10475
0,0,0.0102779,-0.0333847,0.735051,-0.0426513,-0.23932,-0.109461
0,0,-0.00730114,0.0513188,0.593312,-0.0616802,-0.206797,-0.111827
0,0,0.0453674,0.0148406,0.721219,-0.0401945,-0.242275,-0.106231
0,0,0.0479472,0.00905663,0.650787,-0.0535196,-0.216636,-0.109174
0,0,0.0110945,-0.0837196,0.71616,-0.0371574,-0.228609,-0.103372
0,0,0.0684675,-0.0197082,0.642254,-0.0481416,-0.212938,-0.102317
0,0,0.071714,0.0160134,0.698404,-0.0345647,-0.226615,-0.100785
0,0,-0.0071139,0.032098,0.628043,-0.0496625,-0.209612,-0.0983273
0,0,0.0657076,-0.0840257,0.67392,-0.0289465,-0.213077,-0.0903119
0,0,0.0283871,-0.0730371,0.697143,-0.0300138,-0.218244,-0.0921191
0,0,0.0411191,-0.0156503,0.698147,-0.0390732,-0.217733,-0.0991271
0,0,0.0423757,-0.0093083,0.71172,-0.0395079,-0.226906,-0.0976964
0,0,0.0351083,-0.0267749,0.680429,-0.0477477,-0.218313,-0.0966092
0,0,0.0704345,-0.0712711,0.707838,-0.0446079,-0.226199,-0.099737
0,0,-0.00686267,-0.0310705,0.693147,-0.0390996,-0.224197,-0.0983234
0,0,0.042056,-0.0297891,0.706243,-0.022107,-0.228769,-0.100845
0,0,0.00608353,-0.0453468,0.686203,-0.0320506,-0.223459,-0.10242
0,0,-0.00259622,-0.0502152,0.687213,-0.0328953,-0.228194,-0.102848
0,0,0.0447914,-0.0333071,0.685221,-0.030174,-0.225983,-0.103689
0,0,-0.0151854,-0.0328826,0.674103,-0.0424049,-0.229296,-0.0953494
0,0,0.0906775,-0.0696327,0.667263,-0.0217506,-0.228541,-0.0967598
0,0,0.0718949,-0.0589203,0.64181,-0.0341748,-0.228108,-0.1061
0,0,0.0632608,-0.0612213,0.630612,-0.0290304,-0.223179,-0.113581
0,0,0.02833,-0.108474,0.635607,-0.0379979,-0.226921,-0.113152
0,0,-0.0190837,-0.0957655,0.622008,-0.0471702,-0.227143,-0.114121
0,0,0.0967077,-0.0537926,0.582522,-0.0377092,-0.22451,-0.111765
0,0,0.00735385,-0.0534984,0.586823,-0.0456003,-0.238247,-0.11054
0,0,0.00770969,-0.0553461,0.591721,-0.0453805,-0.220962,-0.109695
0,0,0.00585637,-0.102393,0.649035,-0.0294571,-0.233048,-0.106216
0,0,0.0173854,-0.100522,0.618996,-0.0304724,-0.233981,-0.106354
0,0,0.0579259,-0.126707,0.647839,-0.0113318,-0.249908,-0.107671
0,0,0.00194527,-0.139242,0.634736,-0.0316454,-0.255998,-0.10207
0,0,0.0338555,-0.346534,0.727376,-0.0148785,-0.27096,-0.103258
0,0,-0.0321506,-0.347687,0.6794,-0.0277989,-0.262734,-0.102558
0,0,0.0294038,-0.202803,0.635788,-0.0201566,-0.258988,-0.109928
0,0,0.0419559,-0.141325,0.605567,-0.0172664,-0.254123,-0.108746
0,0,-0.0025526,-0.106967,0.640368,-0.0140409,-0.246922,-0.112635
0,0,0.0549419,-0.105677,0.639668,-0.0188865,-0.236388,-0.114061
0,0,0.0358266,-0.0421165,0.56604,-0.0383166,-0.232988,-0.111302
0,0,0.0558828,-0.0610645,0.612014,-0.0293457,-0.24724,-0.116941
0,0,0.0351438,-0.153981,0.629935,-0.0135053,-0.251137,-0.115495
0,0,0.0193778,-0.101559,0.569531,-0.0415095,-0.231468,-0.113059
0,0,0.0181772,-0.109484,0.642615,-0.0384738,-0.231178,-0.115133
0,0,-0.0351508,-0.119197,0.633394,-0.042163,-0.233332,-0.114644
0,0,0.0421149,-0.202399,0.66607,-0.0400516,-0.24748,-0.110453
0,0,0.0187345,-0.16875,0.647599,-0.0446843,-0.26805,-0.107234
0,0,0.0280274,-0.101193,0.65246,-0.0339165,-0.262012,-0.10872
0,0,0.050979,-0.0816958,0.67614,-0.0321067,-0.228437,-0.11104
0,0,0.00600937,-0.0747783,0.645164,-0.0263165,-0.226028,-0.10992
0,0,0.0710315,-0.163103,0.591648,-0.0324435,-0.233985,-0.113749
0,0,0.0116961,-0.159562,0.574968,-0.0424821,-0.246707,-0.11202
0,0,0.0137979,-0.135832,0.574461,-0.0387811,-0.226636,-0.114285
0,0,0.00147832,-0.15381,0.626172,-0.0302348,-0.234261,-0.112187
0,0,-0.0126368,-0.161052,0.655521,-0.0309818,-0.24043,-0.111488
0,0,0.0365654,-0.136587,0.672522,-0.0243725,-0.253938,-0.119124
0,0,0.00113995,-0.127539,0.667874,-0.0418373,-0.263432,-0.120265
0,0,0.0491275,-0.0654799,0.621181,-0.0495336,-0.234018,-0.113192
0,0,0.0817065,-0.0488315,0.552834,-0.0559687,-0.229743,-0.109588
0,0,0.0661217,-0.0966135,0.593372,-0.0391544,-0.263846,-0.110687
0,0,0.0626437,-0.0607913,0.519061,-0.0618915,-0.239398,-0.11796
0,0,0.0525958,-0.0540225,0.569608,-0.0550428,-0.232188,-0.116803
0,0,0.0407361,-0.10734,0.622483,-0.0377091,-0.252371,-0.110683
0,0,0.0366214,-0.134429,0.612932,-0.0438375,-0.275619,-0.118899
0,0,0.0127472,-0.116517,0.634168,-0.0452779,-0.268603,-0.12125
0,0,0.076609,-0.10598,0.617712,-0.0315715,-0.237996,-0.132072
0,0,0.0764011,-0.124751,0.56308,-0.0514427,-0.234047,-0.13412
0,0,0.0158919,-0.0858576,0.510015,-0.0598766,-0.255634,-0.135891
0,0,0.0673407,-0.0750101,0.595423,-0.031775,-0.247588,-0.137765
0,0,0.114696,-0.103151,0.588159,-0.0245453,-0.221264,-0.138101
0,0,0.0396372,-0.135869,0.609275,-0.0247213,-0.240207,-0.129921
0,0,0.0296449,-0.111223,0.578923,-0.0255099,-0.251422,-0.123185
0,0,0.0751638,-0.0497817,0.565515,-0.0374241,-0.235373,-0.121916
0,0,0.0172684,-0.0741019,0.518,-0.0729902,-0.207695,-0.119512
0,0,0.0170711,-0.0992379,0.490979,-0.0666533,-0.228042,-0.115619
0,0,0.0500745,-0.0599757,0.509984,-0.0725208,-0.240496,-0.112436
0,0,0.028679,-0.123208,0.590667,-0.066624,-0.24445,-0.110781
0,0,0.0431451,-0.223781,0.633816,-0.0416987,-0.245559,-0.119604
0,0,0.126019,-0.145496,0.605862,-0.0236284,-0.261798,-0.120166
0,0,0.0697526,-0.0802224,0.517891,-0.0424459,-0.243177,-0.125459
0,0,0.0432603,-0.150147,0.527892,-0.0209517,-0.221311,-0.124898
0,0,0.137705,-0.110016,0.497381,-0.0315889,-0.244836,-0.134582
0,0,0.143406,-0.133006,0.545501,-0.0233505,-0.248958,-0.130533
0,0,0.0549944,-0.200165,0.596746,-0.0166716,-0.239926,-0.129145
0,0,0.0179509,-0.150614,0.579609,-0.0398564,-0.24924,-0.132228
0,0,0.115128,-0.0906618,0.50331,-0.0306847,-0.252576,-0.120008
0,0,0.159484,-0.092161,0.474972,-0.0327919,-0.219464,-0.116951
0,0,0.0791264,-0.023167,0.463795,-0.0347713,-0.228988,-0.107514
0,0,0.0819405,-0.0679758,0.541407,-0.0163474,-0.260092,-0.11112
0,0,0.111142,-0.136935,0.579735,-0.0166369,-0.260009,-0.113731
0,0,0.116915,-0.151225,0.586883,-0.0211329,-0.250358,-0.114848
0,0,0.0778759,-0.0851644,0.491418,-0.0327494,-0.265435,-0.122545
0,0,0.0902913,-0.168637,0.492709,-0.0210483,-0.257527,-0.128483
0,0,0.12414,-0.085027,0.434461,-0.0257081,-0.214006,-0.134949
0,0,0.0939511,-0.13992,0.470907,-0.0165579,-0.241618,-0.130767
0,0,0.120395,-0.213066,0.526232,0.00601171,-0.251631,-0.130952
0,0,0.0868175,-0.153542,0.489373,-0.020459,-0.229677,-0.126187
0,0,0.127299,-0.113149,0.456374,-0.0200004,-0.24028,-0.118388
0,0,0.175828,-0.115474,0.40219,-0.0357265,-0.233508,-0.118731
0,0,0.145392,-0.0771377,0.415704,-0.0449423,-0.216756,-0.116063
0,0,0.113303,-0.131913,0.480931,-0.0131571,-0.224693,-0.114986
0,0,0.122683,-0.110033,0.442033,-0.0213174,-0.240491,-0.118669
0,0,0.104368,-0.060474,0.439363,-0.0231309,-0.234923,-0.135599
0,0,0.0866446,-0.0684064,0.315193,-0.0461211,-0.197618,-0.140551
0,0,0.0563296,-0.0590298,0.280248,-0.0716366,-0.210975,-0.139013
0,0,0.0893703,-0.00491223,0.293676,-0.069365,-0.210262,-0.134575
0,0,0.124235,-0.0336483,0.298196,-0.0527155,-0.188939,-0.131963
0,0,0.0971096,0.006451,0.304528,-0.0497661,-0.213683,-0.126044
0,0,0.0820683,0.0779064,0.278167,-0.0526332,-0.216887,-0.122564
0,0,0.125107,0.0117331,0.224036,-0.0638234,-0.199174,-0.114393
0,0,0.160005,0.0420404,0.199116,-0.0644071,-0.177923,-0.123064
0,0,0.135852,0.0561503,0.174916,-0.0739895,-0.199946,-0.136617
0,0,0.106075,-0.0373301,0.23882,-0.0736701,-0.217209,-0.138777
0,0,0.0966787,-0.0755346,0.329812,-0.0569843,-0.217564,-0.141721
0,0,0.0977434,-0.0831283,0.286446,-0.0708471,-0.209173,-0.139326
0,0,0.13439,-0.114485,0.213307,-0.0412805,-0.229484,-0.130339
0,0,0.121617,-0.0243612,0.191654,-0.0500502,-0.215661,-0.118901
0,0,0.0755927,-0.0820992,0.254237,-0.0393247,-0.207202,-0.115562
0,0,0.0992448,-0.135253,0.257868,-0.0266846,-0.218884,-0.111813
0,0,0.119475,-0.142486,0.317434,-0.0386062,-0.239464,-0.116853
0,0,0.12724,-0.0965197,0.304985,-0.0352857,-0.237176,-0.126878
0,0,0.104626,-0.124927,0.270392,-0.0502464,-0.214707,-0.138927
0,0,0.112639,-0.112098,0.21874,-0.0610878,-0.215672,-0.136667
0,0,0.15503,-0.072367,0.223448,-0.0382657,-0.236925,-0.138855
0,0,0.12805,-0.0882606,0.265643,-0.0400597,-0.233114,-0.135131
0,0,0.105826,-0.105192,0.280575,-0.0262957,-0.233959,-0.118091
0,0,0.122109,-0.143842,0.370702,0.00312447,-0.246819,-0.106202
0,0,0.124767,-0.142116,0.316187,-0.0346165,-0.250467,-0.107331
0,0,0.132509,-0.190592,0.305809,-0.0314329,-0.243919,-0.116919
0,0,0.165406,-0.111345,0.245785,-0.0449167,-0.220972,-0.133013
0,0,0.189184,-0.0785913,0.185743,-0.0611877,-0.209525,-0.146096
0,0,0.195006,-0.146729,0.164521,-0.0604876,-0.220866,-0.145292
0,0,0.131684,-0.154161,0.248971,-0.0337821,-0.252736,-0.142862
0,0,0.125968,-0.102448,0.264307,-0.0209895,-0.232833,-0.129047
0,0,0.132446,-0.135712,0.307744,-0.0134754,-0.240076,-0.119862
0,0,0.162247,-0.171574,0.270837,-0.0053921,-0.235612,-0.110741
0,0,0.134684,-0.12898,0.27212,-0.00609771,-0.2441,-0.11511
0,0,0.123106,-0.0973036,0.201296,-0.0246764,-0.250411,-0.121193
0,0,0.143992,-0.105327,0.196323,-0.0488074,-0.232465,-0.122311
0,0,0.147742,-0.165112,0.197571,-0.037956,-0.216363,-0.133425
0,0,0.140999,-0.153871,0.242588,-0.0374444,-0.213753,-0.143303
0,0,0.134821,-0.18467,0.228951,-0.0434109,-0.234485,-0.146421
0,0,0.145554,-0.169972,0.280184,-0.0361293,-0.256987,-0.14467
0,0,0.140657,-0.195868,0.247063,-0.0286946,-0.270088,-0.136772
0,0,0.115256,-0.168366,0.226139,-0.0211197,-0.260217,-0.12552
0,0,0.137284,-0.193673,0.241101,-0.0188364,-0.24298,-0.124423
0,0,0.125716,-0.146394,0.235045,-0.0193764,-0.244201,-0.121315
0,0,0.0583948,-0.107535,0.176117,-0.0261919,-0.245239,-0.124901
0,0,0.0959157,-0.138704,0.205349,-0.0165903,-0.251992,-0.126461
0,0,0.161322,-0.186295,0.195753,-0.0132018,-0.252713,-0.129514
0,0,0.137554,-0.168042,0.233269,-0.0105198,-0.257294,-0.134418
0,0,0.116088,-0.149505,0.290644,-0.00882774,-0.270411,-0.145387
0,0,0.15446,-0.115313,0.237219,-0.0148619,-0.252936,-0.155144
0,0,0.124938,-0.156829,0.238734,-0.0206748,-0.241382,-0.160566
0,0,0.138917,-0.17491,0.276694,-0.0148724,-0.246458,-0.154985
0,0,0.128546,-0.210027,0.315217,-0.00829987,-0.249034,-0.146758
0,0,0.0832176,-0.171826,0.260529,-0.0158768,-0.252028,-0.146028
0,0,0.136862,-0.162531,0.180265,-0.0307521,-0.246368,-0.135203
0,0,0.0955186,-0.186796,0.252705,-0.0131779,-0.267436,-0.134157
0,0,0.124235,-0.149811,0.198146,-0.036657,-0.248896,-0.121207
0,0,0.0843908,-0.160373,0.255919,-0.0320714,-0.266047,-0.122726
0,0,0.0975128,-0.21224,0.266402,-0.0266135,-0.26497,-0.128779
0,0,0.084215,-0.149087,0.201764,-0.0220852,-0.251129,-0.121621
0,0,0.0816384,-0.19745,0.207743,-0.0187274,-0.265075,-0.122595
0,0,0.0898044,-0.0896911,0.14736,-0.0340644,-0.248534,-0.115087
0,0,0.107563,-0.205008,0.223702,-0.0164192,-0.256531,-0.119573
0,0,0.102747,-0.151865,0.187413,-0.0271432,-0.247254,-0.125366
0,0,0.0555867,-0.17031,0.256315,-0.0169678,-0.265381,-0.133673
0,0,0.0909565,-0.210981,0.276538,-0.00878289,-0.265537,-0.141749
0,0,0.151485,-0.17614,0.210268,-0.0152562,-0.252392,-0.137272
0,0,0.115986,-0.22401,0.242488,-0.0128063,-0.258409,-0.137877
0,0,0.0563425,-0.202962,0.243676,-0.0180812,-0.253075,-0.139017
0,0,0.062198,-0.243682,0.256854,-0.0154052,-0.259222,-0.136184
0,0,0.082275,-0.212141,0.21098,-0.0215713,-0.25515,-0.126073
0,0,0.0510123,-0.208356,0.240001,-0.0221523,-0.25802,-0.125066
0,0,0.0441161,-0.194127,0.232631,-0.0221559,-0.25413,-0.126585
0,0,0.0386462,-0.231664,0.2298,-0.0209574,-0.251715,-0.127582
0,0,0.0998419,-0.207207,0.225968,-0.0223664,-0.252315,-0.130188
0,0,0.0516971,-0.18534,0.234744,-0.0256631,-0.257466,-0.130284
0,0,0.0466278,-0.171024,0.226796,-0.0347231,-0.254565,-0.124343
0,0,0.0728806,-0.200544,0.221912,-0.0281533,-0.248805,-0.120772
0,0,0.0725226,-0.169492,0.224368,-0.0288101,-0.249676,-0.125101
0,0,0.0359688,-0.134698,0.223794,-0.0304009,-0.246292,-0.120516
0,0,0.0615943,-0.176354,0.255625,-0.0146797,-0.256945,-0.116406
0,0,0.0960654,-0.192668,0.287047,-0.0150805,-0.271057,-0.116402
0,0,0.0809142,-0.146506,0.203113,-0.0323541,-0.25263,-0.119784
0,0,0.0523058,-0.144426,0.230493,-0.0362153,-0.262271,-0.119887
0,0,0.0344875,-0.127379,0.241552,-0.0407825,-0.251274,-0.127343
0,0,0.0790891,-0.137492,0.282303,-0.0311111,-0.252789,-0.126212
0,0,0.0307391,-0.102017,0.280069,-0.0296608,-0.255869,-0.120775
0,0,0.0755642,-0.0865346,0.229135,-0.037591,-0.230777,-0.122738
0,0,0.0656093,-0.0923822,0.25908,-0.0337181,-0.236004,-0.123058
0,0,0.0760056,-0.0597024,0.266287,-0.0303068,-0.247292,-0.123643
0,0,0.0766661,-0.0350177,0.312444,-0.0374477,-0.251464,-0.12523
0,0,0.0397061,-0.0381732,0.334471,-0.0396878,-0.253325,-0.124169
0,0,0.0836905,-0.0713836,0.346006,-0.0290868,-0.248447,-0.120968
0,0,0.0132136,-0.0400103,0.35288,-0.0437792,-0.256003,-0.128761
0,0,0.0300458,-0.000199386,0.287801,-0.0468374,-0.240929,-0.119863
0,0,0.0199222,-0.0395708,0.303246,-0.0395442,-0.235707,-0.117357
0,0,0.0659114,-0.0765972,0.281551,-0.0467756,-0.221894,-0.111084
0,0,0.0215232,-0.0214345,0.306969,-0.0327377,-0.237374,-0.101301
0,0,0.00963694,0.0229398,0.334661,-0.0392631,-0.261679,-0.0994717
0,0,0.0677867,-0.0573792,0.351469,-0.0257541,-0.258972,-0.0936305
0,0,0.0905783,-0.102431,0.313214,-0.0403944,-0.244475,-0.0997029
0,0,0.0549989,-0.0671737,0.373639,-0.0413486,-0.237222,-0.108649
0,0,0.0459317,0.0242133,0.302491,-0.0475956,-0.235616,-0.116863
0,0,0.0706392,0.00782856,0.33529,-0.0499469,-0.250414,-0.11883
0,0,0.0471179,-0.0190757,0.272875,-0.0535055,-0.247391,-0.124043
0,0,0.0221077,-0.00401927,0.337831,-0.0379054,-0.259412,-0.116276
0,0,0.0550591,-0.0130897,0.326026,-0.0304248,-0.246704,-0.112309
0,0,0.109523,-0.0153508,0.279076,-0.0310335,-0.211887,-0.0990687
0,0,0.0763576,-0.0349912,0.334327,-0.0162286,-0.235861,-0.0999297
0,0,0.0354856,0.0158633,0.325942,-0.0201243,-0.249562,-0.0980488
0,0,0.0851905,-0.0552216,0.361309,-0.0112309,-0.25122,-0.113357
0,0,0.0965475,-0.0617071,0.359554,-0.0168217,-0.225645,-0.11571
0,0,0.118147,-0.0183815,0.394395,-0.0221047,-0.248047,-0.1147
0,0,0.0441818,0.0353443,0.389131,-0.0557128,-0.252975,-0.123417
0,0,0.102134,-0.00260703,0.34543,-0.0345608,-0.242175,-0.117985
0,0,0.129097,-0.0989088,0.379154,-0.0297768,-0.233156,-0.111605
0,0,0.131873,-0.0124696,0.295393,-0.040484,-0.213277,-0.0970037
0,0,0.0874982,0.0322902,0.37855,-0.0291092,-0.242136,-0.0893872
0,0,0.0738294,0.00654474,0.362453,-0.0186905,-0.252028,-0.0866572
0,0,0.138852,0.00839129,0.367686,-0.023506,-0.231423,-0.0914537
0,0,0.163827,-0.0145126,0.430093,-0.0255624,-0.229142,-0.0997761
0,0,0.130882,-0.00136614,0.378249,-0.0414236,-0.238156,-0.106954
0,0,0.139196,0.0685864,0.353907,-0.0583926,-0.248331,-0.1063
0,0,0.141603,0.037472,0.382203,-0.0315826,-0.236846,-0.100914
0,0,0.113796,-0.0431651,0.401479,-0.0287177,-0.221175,-0.0967706
0,0,0.102263,-0.0264313,0.447017,-0.0258823,-0.240029,-0.0894016
0,0,0.113693,0.085518,0.424668,-0.0153742,-0.263258,-0.088713
0,0,0.120724,0.075439,0.373153,-0.0437259,-0.22877,-0.099374
0,0,0.116844,-0.0440508,0.425405,-0.0395916,-0.219385,-0.108421
0,0,0.115387,-0.00581764,0.414851,-0.0320621,-0.229909,-0.111042
0,0,0.0978452,0.095512,0.441348,-0.0549417,-0.236852,-0.116538
0,0,0.121938,0.0646399,0.468129,-0.0462597,-0.214287,-0.115758
0,0,0.134539,0.000973096,0.508835,-0.0218449,-0.235382,-0.121346
0,0,0.0743921,0.000931296,0.471879,-0.0418997,-0.232097,-0.112148
0,0,0.0872518,0.0985871,0.431076,-0.027351,-0.199429,-0.0993765
0,0,0.141371,0.116321,0.445718,-0.0279845,-0.202301,-0.0956602
0,0,0.155815,0.100512,0.428603,-0.0491444,-0.238391,-0.0928301
0,0,0.162594,0.0404424,0.49348,-0.0257399,-0.235828,-0.0899494
0,0,0.102388,0.077508,0.50138,-0.0525466,-0.234168,-0.0947989
0,0,0.13505,0.0739105,0.503705,-0.0406417,-0.24247,-0.102373
0,0,0.13944,0.00200909,0.456406,-0.0377631,-0.237376,-0.110397
0,0,0.126234,0.050558,0.493229,-0.0379474,-0.222417,-0.108844
0,0,0.16015,0.0682481,0.514983,-0.0300074,-0.215737,-0.104915
0,0,0.149793,0.101212,0.535695,-0.0461857,-0.247797,-0.102437
0,0,0.179496,-0.0056073,0.557072,-0.0332121,-0.228943,-0.0969012
0,0,0.134133,0.00201796,0.54721,-0.060597,-0.21851,-0.0923448
0,0,0.144533,0.116789,0.582663,-0.0576938,-0.237214,-0.0865629
0,0,0.15231,0.0902288,0.513988,-0.0618425,-0.219224,-0.0908397
0,0,0.164201,0.0268786,0.564929,-0.0361795,-0.216027,-0.0950743
0,0,0.167936,0.0456264,0.584823,-0.0284628,-0.228837,-0.106711
0,0,0.152523,0.0872074,0.601675,-0.024571,-0.239715,-0.106509
0,0,0.186222,0.0209122,0.567133,-0.0307748,-0.201578,-0.111589
0,0,0.144405,0.0461855,0.549595,-0.0634882,-0.218494,-0.105253
0,0,0.113678,0.0671673,0.54858,-0.0608923,-0.231861,-0.101565
0,0,0.158136,0.0708708,0.585923,-0.0498262,-0.21142,-0.0967021
0,0,0.183742,0.0747442,0.599279,-0.0379758,-0.220188,-0.089168
0,0,0.155717,-0.0607215,0.637293,-0.0161288,-0.243683,-0.0983855
0,0,0.0641455,0.0456259,0.554521,-0.0629211,-0.213357,-0.0973748
0,0,0.099265,0.105206,0.626728,-0.0558875,-0.213734,-0.102368
0,0,0.202094,0.0926202,0.579281,-0.0471238,-0.220006,-0.107752
0,0,0.188046,0.0265695,0.603741,-0.0702073,-0.22706,-0.107127
0,0,0.0934633,0.0770429,0.59429,-0.0583848,-0.218308,-0.111176
0,0,0.142801,0.0430964,0.655985,-0.0348787,-0.246353,-0.108128
0,0,0.172621,0.0217649,0.570745,-0.0560765,-0.23668,-0.108564
0,0,0.185547,0.039285,0.600234,-0.0176509,-0.202797,-0.107188
0,0,0.128929,0.062631,0.631034,-0.0337199,-0.207152,-0.104911
0,0,0.0818129,0.107978,0.608206,-0.0661056,-0.224294,-0.0991025
0,0,0.171195,0.0196353,0.653814,-0.0255821,-0.214262,-0.0996246
0,0,0.16441,0.00927212,0.663781,-0.0676766,-0.211173,-0.0961446
0,0,0.128436,0.0167347,0.677143,-0.053577,-0.225125,-0.0909769
0,0,0.121982,0.111497,0.591921,-0.0604093,-0.23609,-0.0901707
0,0,0.141257,0.0887838,0.662695,-0.0574471,-0.217591,-0.0844361
0,0,0.198234,0.0431048,0.669505,-0.024188,-0.200743,-0.0892701
0,0,0.129341,0.0336886,0.655024,-0.0446003,-0.231536,-0.0871221
0,0,0.0984238,0.129154,0.706448,-0.0452931,-0.229281,-0.0954206
0,0,0.0927255,0.0647492,0.744424,-0.0340541,-0.218335,-0.0988609
0,0,0.0756895,-0.0422863,0.709167,-0.0650694,-0.218888,-0.10006
0,0,0.111754,0.0381911,0.656041,-0.0522768,-0.219386,-0.100441
0,0,0.106528,0.0948116,0.686834,-0.0517305,-0.216668,-0.0974355
0,0,0.125149,0.125187,0.66125,-0.0468967,-0.198732,-0.104135
0,0,0.107749,0.049759,0.730452,-0.0384074,-0.209777,-0.110469
0,0,0.140739,0.0196763,0.730677,-0.0233115,-0.234925,-0.101742
0,0,0.108837,0.0442187,0.717314,-0.052947,-0.224544,-0.107407
0,0,0.1012,0.0207725,0.736503,-0.0498764,-0.198513,-0.104586
0,0,0.118338,0.0375232,0.718929,-0.0524151,-0.197891,-0.103752
0,0,0.148586,0.105289,0.651706,-0.0719856,-0.228066,-0.106515
0,0,0.138855,0.0542595,0.72192,-0.0686067,-0.222082,-0.104835
0,0,0.108392,0.0341996,0.669932,-0.0617,-0.201369,-0.102763
0,0,0.140802,0.0607063,0.706248,-0.0601555,-0.20942,-0.0998749
0,0,0.194846,0.0802737,0.667241,-0.0503205,-0.221396,-0.101095
0,0,0.172443,0.0897242,0.709504,-0.0408555,-0.244757,-0.0992237
0,0,0.0911805,0.050046,0.71084,-0.0327882,-0.246043,-0.0969876
0,0,0.0865861,-0.00927928,0.727256,-0.043963,-0.214296,-0.095658
0,0,0.106031,0.0186639,0.665499,-0.0471602,-0.212874,-0.0984169
0,0,0.105174,0.0576421,0.700818,-0.0456636,-0.226057,-0.0974604
0,0,0.0943065,0.0591137,0.714029,-0.0456758,-0.226373,-0.102939
0,0,0.0753133,0.0357916,0.701823,-0.0468284,-0.219303,-0.110235
0,0,0.130348,0.0332142,0.728428,-0.0351264,-0.199108,-0.10867
0,0,0.0894791,0.0439114,0.706103,-0.0625562,-0.207297,-0.101015
0,0,0.0224034,0.0533796,0.688837,-0.0690154,-0.227551,-0.0961268
0,0,0.112157,-0.0593507,0.746848,-0.0511623,-0.236801,-0.0860648
0,0,0.138337,-0.0850695,0.732087,-0.04286,-0.234204,-0.086325
0,0,0.0854845,-0.0129646,0.683408,-0.0614408,-0.212952,-0.0927586
0,0,0.00729792,0.0453018,0.723928,-0.0637386,-0.210138,-0.0990562
0,0,0.12414,0.0658373,0.630249,-0.0610342,-0.201594,-0.101858
0,0,0.107959,0.00116695,0.655375,-0.0397421,-0.200173,-0.100807
0,0,0.0256545,-0.0347334,0.750387,-0.0307784,-0.220708,-0.096405
0,0,0.0861903,-0.0191538,0.69335,-0.0244033,-0.235807,-0.0933991
0,0,0.0824595,0.0451371,0.626619,-0.0389973,-0.21757,-0.10558
0,0,0.0995505,0.0292669,0.685268,-0.0407272,-0.202597,-0.101562
0,0,0.134743,-0.0283393,0.703137,-0.0339093,-0.195587,-0.100174
0,0,0.227875,-0.00812966,0.655011,-0.0284664,-0.185779,-0.107146
0,0,0.171443,-0.0230367,0.679883,-0.0315124,-0.213702,-0.106944
0,0,0.120632,-0.0562178,0.678772,-0.0413283,-0.220739,-0.105071
0,0,0.155336,-0.0767821,0.703619,-0.0304904,-0.220376,-0.109044
0,0,0.12366,0.0108394,0.683928,-0.0335969,-0.22197,-0.107508
0,0,0.0539768,0.00443202,0.69646,-0.0324561,-0.235968,-0.109518
0,0,0.102516,-0.0439141,0.676563,-0.0356674,-0.228311,-0.099595
0,0,0.110443,0.0438077,0.692686,-0.0385869,-0.223648,-0.0929467
0,0,0.103995,0.0267173,0.712216,-0.0430498,-0.23495,-0.0951698
0,0,0.102371,-0.0178633,0.702514,-0.044199,-0.233254,-0.0991049
0,0,0.0918957,-0.0175141,0.682656,-0.0457739,-0.23221,-0.100327
0,0,0.0748889,0.00576805,0.69496,-0.0340986,-0.235116,-0.103913
0,0,0.0806557,-0.0147398,0.678202,-0.0390725,-0.229334,-0.117168
0,0,0.112542,-0.0275742,0.672356,-0.0350075,-0.215674,-0.113174
0,0,0.0996699,-0.00829276,0.683973,-0.0332708,-0.226396,-0.111562
0,0,0.0961887,-0.0141531,0.693123,-0.030668,-0.232902,-0.106026
0,0,0.0936955,0.00195818,0.697567,-0.0383153,-0.238674,-0.109852
0,0,0.109106,0.00332181,0.689744,-0.0301211,-0.230604,-0.115202
0,0,0.0797112,-0.0210945,0.699906,-0.0335584,-0.223413,-0.10831
0,0,0.0521815,-0.0157359,0.701354,-0.0321601,-0.225519,-0.107405
0,0,0.0715195,0.00437101,0.701955,-0.026508,-0.230005,-0.101147
0,0,0.079732,-0.0136774,0.668201,-0.0275495,-0.228068,-0.0960561
0,0,0.0710196,-0.0126401,0.694092,-0.0299058,-0.234026,-0.0944259
0,0,0.0839274,0.0308577,0.690619,-0.0325096,-0.236852,-0.104448
0,0,0.0935606,0.0198408,0.681088,-0.0334072,-0.231543,-0.105033
0,0,0.07403,0.000374053,0.704951,-0.0392493,-0.230317,-0.098433
0,0,0.0795058,0.0322897,0.705953,-0.0382036,-0.22738,-0.100099
0,0,0.111728,0.0110179,0.695693,-0.0325418,-0.228335,-0.0990712
0,0,0.109529,-0.00560188,0.697896,-0.0316202,-0.228699,-0.097212
0,0,0.0875896,0.0172197,0.681382,-0.032624,-0.227786,-0.102105
0,0,0.106867,0.0249788,0.689917,-0.0332785,-0.229693,-0.101731
0,0,0.0969876,-0.00425495,0.682218,-0.0370075,-0.227648,-0.10085
0,0,0.0667715,-0.0072745,0.67165,-0.0357497,-0.225932,-0.104016
0,0,0.053302,-0.00683653,0.670385,-0.0364265,-0.226777,-0.104504
0,0,0.0783801,-0.0126088,0.673431,-0.0363846,-0.226316,-0.107187
0,0,0.0633166,-0.00683531,0.69537,-0.0345947,-0.227688,-0.105077
0,0,0.0644634,-0.0236021,0.697119,-0.04652,-0.227555,-0.106078
0,0,0.070516,-0.013836,0.701448,-0.0444602,-0.231117,-0.107756
0,0,0.0809786,-0.00448604,0.702298,-0.0328943,-0.229411,-0.102361
0,0,0.069098,0.026307,0.6976,-0.0304078,-0.22964,-0.100043
0,0,0.0841446,0.00958723,0.677525,-0.0458887,-0.22552,-0.100039
0,0,0.0998001,0.00769526,0.676545,-0.0473154,-0.228725,-0.108527
0,0,0.0931816,0.0093807,0.692361,-0.0470189,-0.226586,-0.105899
0,0,0.0792305,0.00387068,0.699419,-0.0421476,-0.228771,-0.103882
0,0,0.0612789,-0.0106548,0.701383,-0.0422229,-0.230204,-0.108443
0,0,0.0986767,-0.00659429,0.699589,-0.0361207,-0.236081,-0.10111
0,0,0.0875779,0.0115735,0.696952,-0.039655,-0.238255,-0.102762
0,0,0.0864536,-0.0055502,0.692405,-0.0361913,-0.237484,-0.101457
0,0,0.0939344,0.00126212,0.685721,-0.0350115,-0.237188,-0.106251
0,0,0.101259,0.00731005,0.689699,-0.0353472,-0.227178,-0.110669
0,0,0.082472,0.00440397,0.696798,-0.0296878,-0.225035,-0.107482
0,0,0.0971389,-0.00791289,0.686873,-0.0312854,-0.228013,-0.101475
0,0,0.104075,-0.00462691,0.67147,-0.0307597,-0.233009,-0.101309
0,0,0.110661,0.0214394,0.664987,-0.0390388,-0.23192,-0.0995652
0,0,0.0970992,0.0155441,0.694087,-0.0436547,-0.231272,-0.111494
0,0,0.0767067,-0.0030167,0.702375,-0.0349767,-0.227473,-0.112056
0,0,0.0811173,-0.0064136,0.704072,-0.0373129,-0.227157,-0.10508
0,0,0.0820832,0.00204117,0.70657,-0.0347414,-0.228172,-0.0976069
0,0,0.0764853,-0.00468035,0.715151,-0.0331067,-0.233617,-0.0988937
0,0,0.0614953,-0.0104386,0.692829,-0.0317646,-0.22451,-0.102622
0,0,0.0786377,0.00771476,0.692454,-0.0318423,-0.212818,-0.109745
0,0,0.0897661,0.00847378,0.677874,-0.0384758,-0.216305,-0.10958
0,0,0.0792032,0.00372776,0.686335,-0.0380131,-0.22345,-0.109999
0,0,0.0691598,-0.00123311,0.689912,-0.0349058,-0.226164,-0.10945
0,0,0.0943687,-0.00351344,0.689823,-0.0384098,-0.230355,-0.0994691
0,0,0.0960793,-0.0110866,0.69872,-0.0399721,-0.23307,-0.102769
0,0,0.074452,-0.0149095,0.695763,-0.0410403,-0.230795,-0.0999007
0,0,0.0750066,0.000211259,0.675224,-0.0452017,-0.231555,-0.0979011
0,0,0.0926466,0.0202102,0.696197,-0.0379963,-0.226807,-0.10421
0,0,0.0798676,0.0228448,0.692915,-0.0367135,-0.227347,-0.10522
0,0,0.0972676,-0.0117303,0.681728,-0.038331,-0.22597,-0.101959
0,0,0.0871379,-0.0365609,0.682277,-0.0336738,-0.233395,-0.10256
0,0,0.100081,-0.021686,0.684078,-0.0380828,-0.239333,-0.103324
0,0,0.0840711,-0.0117751,0.675534,-0.0390792,-0.227691,-0.100047
0,0,0.0903493,-0.0169285,0.668138,-0.0351252,-0.232504,-0.0982977
0,0,0.104248,0.00901123,0.6745,-0.0316528,-0.240805,-0.0953742
0,0,0.0894521,-0.00120124,0.673524,-0.0286431,-0.230944,-0.108756
0,0,0.0792712,-0.0122628,0.67884,-0.0417836,-0.233305,-0.108321
0,0,0.0726933,-0.00708004,0.678884,-0.0437777,-0.23066,-0.0989881
0,0,0.0704626,-0.00213342,0.679571,-0.0404394,-0.234444,-0.099686
0,0,0.0837556,-0.00593314,0.688195,-0.0447077,-0.235239,-0.103522
0,0,0.0644748,-0.0178354,0.701054,-0.0393073,-0.230055,-0.0993567
0,0,0.0620641,-0.00566961,0.712802,-0.0356608,-0.232559,-0.104293
0,0,0.0515324,-0.00375627,0.706424,-0.0264367,-0.233793,-0.106094
0,0,0.0635254,-0.00945916,0.682764,-0.0273941,-0.229096,-0.100193
0,0,0.0652156,-0.0318664,0.699618,-0.0293871,-0.232182,-0.0988806
0,0,0.0835763,-0.00959107,0.687179,-0.0268966,-0.23505,-0.105548
0,0,0.0892826,0.00644949,0.683538,-0.0356235,-0.237495,-0.104738
0,0,0.0954861,-0.00570933,0.69281,-0.0358749,-0.235309,-0.101501
0,0,0.0952391,-0.0225159,0.700995,-0.0407699,-0.236459,-0.104423
0,0,0.110097,-0.00838702,0.691727,-0.0430087,-0.229103,-0.106121
0,0,0.0971595,-0.00267425,0.689004,-0.0455156,-0.226561,-0.107624
0,0,0.0869507,0.000569328,0.684451,-0.0436982,-0.228332,-0.111535
0,0,0.0846419,-0.00305851,0.700452,-0.0439507,-0.235098,-0.107897
0,0,0.0870611,0.00478698,0.688465,-0.0457488,-0.235071,-0.11112
0,0,0.10317,-0.0122125,0.698751,-0.0467332,-0.230092,-0.108123
0,0,0.0878608,-0.0144082,0.683014,-0.0486959,-0.233815,-0.0986152
0,0,0.0959218,-0.00540772,0.678854,-0.0443538,-0.239271,-0.0979486
0,0,0.102149,0.00319143,0.661532,-0.0386149,-0.217772,-0.105576
0,0,0.0999513,-0.112248,0.75404,-0.0423419,-0.225308,-0.109425
0,0,0.0713916,-0.14997,0.73743,-0.02029,-0.188639,-0.107603
0,0,0.0858558,-0.421983,0.783501,-0.024079,-0.206549,-0.107726
0,0,0.0807819,-0.428653,0.764642,-0.00429807,-0.203505,-0.113399
0,0,0.0842677,-0.436737,0.746543,-0.0229327,-0.207219,-0.140684
0,0,0.117154,-0.352032,0.698282,-0.0280649,-0.196444,-0.126108
0,0,0.111639,-0.311873,0.735897,-0.0358761,-0.22602,-0.104455
0,0,0.0937354,-0.228444,0.664727,-0.0425717,-0.237029,-0.135336
0,0,0.0954616,-0.167993,0.61189,-0.0359209,-0.198913,-0.13667
0,0,0.112564,-0.176735,0.640631,-0.0364913,-0.209523,-0.113256
0,0,0.0752886,-0.136819,0.610536,-0.044207,-0.201776,-0.133472
0,0,0.073004,-0.162251,0.575588,-0.0662199,-0.220311,-0.120518
0,0,0.0828546,-0.189951,0.649491,-0.0538483,-0.206192,-0.144237
0,0,0.0719445,-0.183734,0.568107,-0.0848015,-0.19695,-0.128744
0,0,0.128036,-0.106885,0.607079,-0.0399649,-0.214885,-0.149852
0,0,0.10987,-0.200326,0.648611,-0.0609041,-0.2001,-0.120788
0,0,0.0384884,-0.1137,0.569949,-0.0940209,-0.200388,-0.143081
0,0,0.0856456,-0.183665,0.615594,-0.0511909,-0.208746,-0.112241
0,0,0.114317,-0.174691,0.515959,-0.0356189,-0.207645,-0.131423
0,0,0.100385,-0.193131,0.513076,-0.0486731,-0.181763,-0.116021
0,0,0.0860809,-0.22975,0.538132,-0.0339958,-0.206135,-0.139985
0,0,0.089822,-0.189498,0.456972,-0.061208,-0.218476,-0.142988
0,0,0.145824,-0.241765,0.552087,-0.0132135,-0.198028,-0.134786
0,0,0.109723,-0.252618,0.497769,-0.0447824,-0.202617,-0.12956
0,0,0.111126,-0.18806,0.400161,-0.055909,-0.192266,-0.120248
0,0,0.0860305,-0.188596,0.473115,-0.0553856,-0.21007,-0.132918
0,0,0.0771858,-0.165122,0.374923,-0.0576146,-0.163436,-0.12953
0,0,0.128276,-0.209107,0.453358,-0.0284569,-0.213799,-0.126766
0,0,0.162867,-0.12469,0.318036,-0.0562527,-0.182718,-0.138336
0,0,0.0922879,-0.190427,0.48206,-0.0687577,-0.21776,-0.11919
0,0,0.119125,-0.164649,0.426684,-0.060176,-0.199509,-0.130496
0,0,0.19975,-0.269793,0.499081,-0.0245495,-0.186412,-0.149429
0,0,0.128362,-0.156886,0.353227,-0.0696798,-0.193203,-0.128461
0,0,0.0470434,-0.0479539,0.358599,-0.0746404,-0.221968,-0.14245
0,0,0.0629044,0.0353327,0.30653,-0.0726181,-0.207905,-0.120962
0,0,0.107432,0.159028,0.223784,-0.0958978,-0.229452,-0.127822
0,0,0.0614479,0.221418,0.152686,-0.112466,-0.225843,-0.136281
0,0,-0.0220102,0.0442487,0.306728,-0.082506,-0.263719,-0.12381
0,0,0.0325499,-0.0690641,0.285948,-0.0295716,-0.241747,-0.120609
0,0,0.15117,0.0771738,0.172109,-0.0324633,-0.251019,-0.115402
0,0,0.107143,0.193716,0.106374,-0.0670123,-0.220983,-0.0934555
0,0,0.0790037,0.0739576,0.27824,-0.0643474,-0.253027,-0.118618
0,0,0.130646,0.141191,0.177067,-0.0496213,-0.262176,-0.102193
0,0,0.148924,0.140056,0.230693,-0.0329456,-0.248248,-0.112893
0,0,0.132741,0.0337687,0.380903,0.00973848,-0.292805,-0.102309
0,0,0.0398061,-0.0950461,0.349565,-0.0485969,-0.276019,-0.0934753
0,0,0.0609723,-0.156978,0.471339,-0.00195354,-0.2699,-0.103286
0,0,0.0585893,-0.0104174,0.365547,-0.0482519,-0.278811,-0.111261
0,0,0.0914266,-0.0335394,0.409192,-0.00249514,-0.287701,-0.0991826
0,0,0.0890647,-0.0357884,0.45868,-0.000698828,-0.261838,-0.104861
0,0,0.0543752,-0.0406783,0.461049,-0.00317737,-0.262224,-0.0896931
0,0,0.0787376,-0.0928028,0.534841,0.0137866,-0.315143,-0.0964416
0,0,0.0744879,-0.0570346,0.408373,0.00903501,-0.234583,-0.0856298
0,0,0.0643191,-0.108567,0.569098,0.0180107,-0.297104,-0.106726
0,0,0.037596,0.0511586,0.495142,-0.00148646,-0.272208,-0.0899326
0,0,0.0367994,-0.0618791,0.602202,0.00973338,-0.305519,-0.0851766
0,0,0.117917,-0.0845498,0.600989,0.0320025,-0.271644,-0.0952966
0,0,0.12197,0.0111665,0.542639,-0.00926789,-0.239335,-0.0858471
0,0,0.111092,-0.0753209,0.694093,0.0172303,-0.278757,-0.0897159
0,0,0.0420966,-0.0410353,0.579669,-0.00538926,-0.248058,-0.0908271
0,0,0.0761563,-0.12363,0.687169,0.00332187,-0.277976,-0.0985205
0,0,0.119986,-0.0637879,0.662585,0.0135997,-0.280451,-0.0935782
0,0,0.0948645,0.0875718,0.527207,-0.036546,-0.245593,-0.0994656
0,0,0.119828,-0.00867383,0.676263,0.0291791,-0.270095,-0.0806675
0,0,0.119849,-0.00309426,0.635865,-0.0137861,-0.285898,-0.0899026
0,0,0.136228,-0.0785368,0.667682,0.0202384,-0.250395,-0.111226
0,0,0.0361589,-0.243852,0.850069,0.0458505,-0.295204,-0.0972623
0,0,0.03606,-0.261593,0.71851,0.0247482,-0.270646,-0.098581
0,0,0.14479,-0.368109,0.704728,0.0257508,-0.253466,-0.0987815
0,0,0.14315,-0.204753,0.724166,0.029384,-0.257085,-0.103845
0,0,0.0744451,-0.251464,0.793759,0.036161,-0.273555,-0.10249
0,0,0.0516523,-0.31815,0.79895,0.0164986,-0.300071,-0.108084
0,0,0.176958,-0.325673,0.835819,0.041545,-0.287401,-0.0985449
0,0,0.178243,-0.246904,0.753503,0.0140617,-0.274948,-0.0959655
0,0,0.102522,-0.0695071,0.708337,-0.0121026,-0.270928,-0.100219
0,0,0.0708259,-0.137809,0.712103,-0.00898304,-0.270371,-0.099744
0,0,0.0977304,-0.155175,0.674818,-0.0129315,-0.263551,-0.0960703
0,0,0.130542,-0.163541,0.681443,-0.00190906,-0.268713,-0.0970819
0,0,0.0733528,-0.0255191,0.657448,-0.0105735,-0.278837,-0.0973348
0,0,0.0682014,-0.000467104,0.657202,-0.0174893,-0.270547,-0.0978418
0,0,0.111498,-0.0682573,0.666681,-0.00966701,-0.260427,-0.103116
0,0,0.150281,-0.0553764,0.657181,-0.0137176,-0.256318,-0.103597
0,0,0.111354,-0.0502842,0.655486,-0.0177554,-0.265648,-0.105698
0,0,0.0737265,-0.0596951,0.65595,-0.0220536,-0.265281,-0.108994
0,0,0.0569051,-0.122498,0.64855,-0.00922892,-0.262287,-0.102969
0,0,0.101863,-0.044428,0.636791,-0.0105241,-0.260752,-0.103248
0,0,0.0844306,-0.00121227,0.634856,-0.0248876,-0.259115,-0.104841
0,0,0.0854016,-0.0505127,0.663392,-0.0165548,-0.259657,-0.112373
0,0,0.0883588,-0.0386306,0.650496,-0.0175586,-0.258219,-0.104245
0,0,0.0980207,-0.0203242,0.653224,-0.0184339,-0.264578,-0.102483
0,0,0.104672,-0.0127981,0.653988,-0.0138223,-0.264758,-0.101824
0,0,0.0551585,-0.0729929,0.678275,-0.015954,-0.269993,-0.0971944
0,0,0.0658641,-0.0693011,0.681075,-0.0119285,-0.26382,-0.0960038
0,0,0.102013,-0.00544354,0.661917,-0.0179474,-0.261069,-0.0955945
0,0,0.0990889,0.00418821,0.639589,-0.021425,-0.259125,-0.0943584
0,0,0.0695097,-0.0554296,0.641634,-0.0187002,-0.262022,-0.0978233
0,0,0.0520764,-0.0763321,0.643169,-0.0145404,-0.270928,-0.100006
0,0,0.105296,-0.0195554,0.631608,-0.0137457,-0.260894,-0.101434
0,0,0.118426,-0.0165628,0.646244,-0.00957947,-0.252878,-0.103006
0,0,0.0857035,-0.0467964,0.652956,-0.0153261,-0.24465,-0.109972
0,0,0.0542335,-0.0502553,0.656732,-0.015288,-0.251352,-0.10956
0,0,0.0637488,-0.0410652,0.6543,-0.0115411,-0.249147,-0.112167
0,0,0.0959595,-0.0211581,0.661613,-0.00544439,-0.259488,-0.114462
0,0,0.0790869,-0.0407409,0.654677,-0.00591212,-0.255799,-0.115031
0,0,0.054974,-0.0309289,0.64267,-0.0100177,-0.257686,-0.105406
0,0,0.101133,0.00269931,0.633263,-0.0131743,-0.257959,-0.102225
0,0,0.127661,-0.0104471,0.645775,-0.00834908,-0.260162,-0.102678
0,0,0.118918,-0.0273126,0.657023,-0.0112481,-0.265311,-0.0993368
0,0,0.0849625,-0.0333995,0.649295,-0.0178746,-0.26661,-0.101822
0,0,0.0916456,-0.029208,0.648161,-0.0159601,-0.260762,-0.0965144
0,0,0.102323,-0.0384928,0.666925,-0.0135745,-0.252797,-0.09663
0,0,0.092012,-0.0185296,0.659587,-0.00913493,-0.252311,-0.0967441
0,0,0.0788918,-0.0269576,0.654378,-0.0120204,-0.257969,-0.095209
0,0,0.0800778,-0.0269415,0.653807,-0.0198064,-0.263163,-0.0951108
0,0,0.0856881,-0.0393532,0.649762,-0.0171828,-0.264255,-0.0967371
0,0,0.0916892,-0.0242471,0.654235,-0.0135741,-0.259598,-0.0935118
0,0,0.0778656,-0.00171709,0.657999,-0.0135521,-0.258413,-0.0990182
0,0,0.0749641,-0.013004,0.649225,-0.0135393,-0.255677,-0.101777
0,0,0.0844901,-0.0353752,0.647657,-0.0124103,-0.258506,-0.0991814
0,0,0.0805264,-0.0604533,0.644608,-0.017209,-0.25907,-0.0963805
0,0,0.0902294,-0.0433578,0.644786,-0.0165158,-0.259838,-0.0942433
0,0,0.0813107,-0.0330949,0.639174,-0.0188116,-0.260817,-0.103443
0,0,0.0889268,-0.037367,0.648756,-0.0191931,-0.262485,-0.104487
0,0,0.114693,-0.0525075,0.657598,-0.0174179,-0.259316,-0.104513
0,0,0.108762,-0.0401751,0.650839,-0.015756,-0.263499,-0.106291
0,0,0.0972467,-0.0316316,0.663253,-0.0242647,-0.272325,-0.106585
0,0,0.09534,-0.0410315,0.676105,-0.0291789,-0.270492,-0.109108
0,0,0.0942891,-0.0543066,0.664001,-0.027742,-0.256505,-0.107308
0,0,0.0873101,-0.0480433,0.651429,-0.0175763,-0.256758,-0.109612
0,0,0.0900511,-0.0476919,0.672526,-0.0174886,-0.250004,-0.110426
0,0,0.0891823,-0.0637964,0.659199,-0.0132584,-0.259079,-0.10864
0,0,0.0902697,-0.0814501,0.651797,-0.0112661,-0.255518,-0.109037
0,0,0.0761829,-0.0616824,0.640024,-0.0108631,-0.256494,-0.109375
0,0,0.0847308,-0.0571202,0.659535,-0.0142451,-0.254846,-0.102087
0,0,0.0790109,-0.0637556,0.656195,-0.0164698,-0.257894,-0.101654
0,0,0.0875693,-0.0688975,0.64422,-0.0140848,-0.257328,-0.101644
0,0,0.0716364,-0.0720649,0.647775,-0.0158437,-0.257399,-0.102145
0,0,0.0491481,-0.0415689,0.644251,-0.0184117,-0.254081,-0.104498
0,0,0.0630635,-0.0399002,0.643712,-0.0203778,-0.253157,-0.103077
0,0,0.0735295,-0.0684378,0.643714,-0.0166405,-0.252796,-0.0939982
0,0,0.0763685,-0.0645307,0.639838,-0.0157712,-0.249646,-0.09294
0,0,0.0657179,-0.0515647,0.658763,-0.0192787,-0.250245,-0.109317
0,0,0.0655413,-0.0483622,0.661378,-0.0153868,-0.249736,-0.10382
0,0,0.0732823,-0.0613205,0.659759,-0.0114855,-0.251175,-0.0999306
0,0,0.0666741,-0.0477562,0.654816,-0.0184816,-0.255717,-0.0944933
0,0,0.0758025,-0.0294485,0.659722,-0.0155562,-0.259888,-0.100559
0,0,0.0932166,-0.0409705,0.657222,-0.00973943,-0.263415,-0.104755
0,0,0.106772,-0.0321508,0.639626,-0.0117675,-0.255777,-0.10332
0,0,0.103409,-0.0392743,0.633792,-0.016908,-0.256404,-0.107794
0,0,0.0845666,-0.0333339,0.644257,-0.0196464,-0.258355,-0.104123
0,0,0.0691672,-0.0294255,0.647778,-0.0183752,-0.259548,-0.10223
0,0,0.0859444,-0.0423338,0.653225,-0.0215728,-0.254543,-0.101522
0,0,0.0995298,-0.0415023,0.637777,-0.0221312,-0.256213,-0.105111
0,0,0.0925979,-0.0490475,0.620951,-0.020858,-0.261282,-0.110571
0,0,0.0928386,-0.0561969,0.628619,-0.0229026,-0.258628,-0.106232
0,0,0.0872155,-0.0487179,0.633671,-0.0155604,-0.262007,-0.10457
0,0,0.0848355,-0.0446529,0.647406,-0.0103735,-0.259155,-0.102084
0,0,0.0624225,-0.0351019,0.645943,-0.00885443,-0.265422,-0.102915
0,0,0.0599206,-0.0549331,0.640722,-0.0088325,-0.261276,-0.103188
0,0,0.0711689,-0.0593222,0.646732,-0.0141603,-0.262404,-0.101212
0,0,0.0708853,-0.0610116,0.649611,-0.0151562,-0.260005,-0.0991169
0,0,0.0808721,-0.0599531,0.636538,-0.0168843,-0.26101,-0.0971363
0,0,0.0781087,-0.0478455,0.654463,-0.015616,-0.256782,-0.0920899
0,0,0.0788979,-0.0390127,0.633233,-0.0125463,-0.255976,-0.0892021
0,0,0.0733173,-0.020297,0.61441,-0.0122389,-0.257905,-0.0938258
0,0,0.0919499,-0.0176137,0.642048,-0.0149991,-0.258231,-0.0916163
0,0,0.103557,-0.0174883,0.656898,-0.011617,-0.256978,-0.0848248
0,0,0.0946258,-0.0269893,0.67186,-0.0125286,-0.256664,-0.0852151
0,0,0.0642845,-0.0439025,0.654015,-0.00705954,-0.263624,-0.0925071
0,0,0.0765691,-0.0371731,0.64122,-0.00556886,-0.264069,-0.0985216
0,0,0.0848131,-0.0517483,0.648447,-0.0098824,-0.268053,-0.0970496
0,0,0.0871561,-0.052145,0.637632,-0.00812961,-0.26822,-0.0982821
0,0,0.0949039,-0.0583177,0.641515,-0.00601777,-0.265604,-0.0961904
0,0,0.0975332,-0.0567679,0.651987,-0.0112583,-0.264076,-0.0949986
0,0,0.11242,-0.0521856,0.653413,-0.00537139,-0.257795,-0.0955207
0,0,0.110678,-0.0279304,0.65438,-0.00885755,-0.251089,-0.0964212
0,0,0.110073,-0.0430211,0.648889,-0.011182,-0.249634,-0.0979559
0,0,0.0931584,-0.0741464,0.660894,-0.0144914,-0.260507,-0.107837
0,0,0.0968347,-0.0594209,0.663867,-0.01291,-0.25447,-0.112142
0,0,0.10103,-0.0541303,0.659526,-0.00846094,-0.256432,-0.112295
0,0,0.100595,-0.0666043,0.658446,-0.00358241,-0.258955,-0.103073
0,0,0.0729526,-0.0545894,0.655564,-0.00895119,-0.255523,-0.102517
0,0,0.0653314,-0.0451726,0.653212,-0.0127451,-0.248001,-0.0975875
0,0,0.103356,-0.0367578,0.663334,-0.0124184,-0.258479,-0.0987937
0,0,0.104678,-0.030441,0.660031,-0.0205921,-0.257669,-0.0998783
0,0,0.115822,-0.0400533,0.663937,-0.0196539,-0.255531,-0.0973663
0,0,0.0980457,-0.049883,0.679739,-0.0149116,-0.254349,-0.0965426
0,0,0.0889357,-0.0521278,0.677663,-0.0154855,-0.257339,-0.100422
0,0,0.081708,-0.0353001,0.62885,-0.0310092,-0.251633,-0.105927
0,0,-0.0162214,-0.0147265,0.531334,-0.0432553,-0.241204,-0.104306
0,0,-0.07815,-0.0746485,0.530267,-0.0602533,-0.254034,-0.0990674
0,0,-0.0716005,-0.185725,0.531551,-0.0438758,-0.23797,-0.0996486
0,0,-0.0344885,-0.419629,0.524245,-0.0403133,-0.250143,-0.105596
0,0,-0.0315803,-0.492666,0.665623,-0.0127299,-0.271551,-0.101591
0,0,-0.0412284,-0.388827,0.606288,-0.0316788,-0.23106,-0.0970554
0,0,-0.0268,-0.322208,0.590978,-0.0211359,-0.216449,-0.094058
0,0,0.0429238,-0.404334,0.661492,0.00517571,-0.259851,-0.0988097
0,0,0.0601641,-0.31448,0.587243,-0.025118,-0.235926,-0.106939
0,0,0.00338692,-0.28376,0.724357,0.0149626,-0.283629,-0.100161
0,0,0.0140965,-0.109917,0.534455,-0.0381698,-0.25033,-0.112378
0,0,0.0438349,-0.204722,0.677598,0.00862127,-0.257197,-0.126513
0,0,0.0312897,-0.146181,0.588023,-0.030458,-0.242567,-0.139873
0,0,-0.000750304,-0.194042,0.644664,-0.019249,-0.270143,-0.13556
0,0,-0.0191761,-0.32208,0.697,-0.00580762,-0.298083,-0.12236
0,0,-0.0186697,-0.206619,0.617898,-0.0142131,-0.276288,-0.116237
0,0,0.0433586,-0.26838,0.574858,-0.0173708,-0.267498,-0.138856
0,0,0.0748065,-0.187027,0.59795,0.0110978,-0.27242,-0.137156
0,0,0.0427286,-0.264411,0.532384,-0.0279435,-0.256239,-0.110505
0,0,-0.0176392,-0.277643,0.546582,-0.0165206,-0.234938,-0.113398
0,0,0.00543138,-0.404643,0.665238,0.0363757,-0.290297,-0.127017
0,0,0.0467579,-0.2442,0.508564,-0.0188012,-0.258535,-0.137523
0,0,0.0317286,-0.319993,0.511024,0.0189413,-0.276496,-0.110921
0,0,-0.0178548,-0.274709,0.443777,-0.0115853,-0.250202,-0.124275
0,0,-0.0532746,-0.325269,0.54629,-0.00699248,-0.30219,-0.130993
0,0,-0.0129947,-0.261038,0.39126,-0.0099585,-0.263202,-0.115003
0,0,0.0399532,-0.311335,0.584071,0.020023,-0.313357,-0.107141
0,0,0.0621846,-0.288084,0.350821,-0.0505045,-0.26142,-0.141376
0,0,0.018046,-0.291671,0.510273,0.0221084,-0.298594,-0.126564
0,0,0.0114297,-0.298678,0.356185,-0.0316331,-0.262436,-0.122773
0,0,0.0793141,-0.355898,0.468446,0.0255587,-0.297547,-0.140574
0,0,0.0866775,-0.330614,0.308772,0.00357591,-0.257976,-0.116627
0,0,0.0419072,-0.256921,0.388161,-0.00713774,-0.263406,-0.131192
0,0,-0.0267879,-0.322452,0.382073,-0.0225792,-0.285875,-0.147214
0,0,0.050927,-0.375882,0.349748,0.0234208,-0.292841,-0.133964
0,0,0.0435396,-0.371082,0.341458,0.002016,-0.287394,-0.154221
0,0,0.004236,-0.231337,0.265604,-0.0237069,-0.262824,-0.124174
0,0,0.0177612,-0.312369,0.311062,0.0175975,-0.300788,-0.149833
0,0,0.0592589,-0.328958,0.170571,-0.0170937,-0.247589,-0.127097
0,0,0.148873,-0.234143,0.362527,0.0262094,-0.300782,-0.138658
0,0,0.0913686,-0.164849,0.401165,0.0279371,-0.286387,-0.125779
0,0,0.220108,-0.0382551,0.349546,0.043434,-0.258187,-0.133879
0,0,0.23356,-0.109752,0.417594,0.0438518,-0.283555,-0.153234
0,0,0.220199,-0.0665935,0.469167,0.0685043,-0.293531,-0.151488
0,0,0.166416,0.0433982,0.522491,0.056743,-0.304522,-0.141858
0,0,0.205221,0.0685389,0.450958,0.0321533,-0.294139,-0.1354
0,0,0.29406,0.0401869,0.45458,0.0465642,-0.269663,-0.126951
0,0,0.222474,0.0761019,0.402261,0.00466145,-0.273023,-0.111131
0,0,0.183083,0.206356,0.350149,0.000495998,-0.260473,-0.114375
0,0,0.15204,0.145714,0.424124,0.0138933,-0.26497,-0.136471
0,0,0.153988,0.125629,0.341917,-0.0265085,-0.254205,-0.113909
0,0,0.194981,0.137022,0.33462,-0.0450501,-0.248664,-0.0967546
0,0,0.155232,-0.0214145,0.450146,-0.00781908,-0.26296,-0.111877
0,0,0.143274,0.00916448,0.334678,-0.0420946,-0.230238,-0.0932294
0,0,0.0934762,0.0605304,0.410372,-0.0587871,-0.264131,-0.115115
0,0,0.0829539,0.113646,0.286566,-0.0684127,-0.211825,-0.106643
0,0,0.114345,0.0918999,0.305272,-0.0394498,-0.213672,-0.0953911
0,0,0.0658793,-0.0761938,0.39155,-0.0520457,-0.242303,-0.117829
0,0,0.0390089,0.129332,0.297248,-0.0433234,-0.215703,-0.100033
0,0,0.085423,0.0911728,0.464195,-0.0283787,-0.244765,-0.0897084
0,0,0.127417,0.104363,0.419584,-0.0604932,-0.200272,-0.103013
0,0,0.116273,0.0164297,0.558684,-0.0019231,-0.249405,-0.0870248
0,0,0.0507134,0.110571,0.416874,-0.0661464,-0.213675,-0.081645
0,0,0.0148147,0.139544,0.593979,-0.0451985,-0.244712,-0.108497
0,0,0.111825,0.150675,0.43075,-0.0549488,-0.192543,-0.0959159
0,0,0.110749,0.104102,0.595997,-0.0387544,-0.226094,-0.0869457
0,0,0.00148958,0.147605,0.437925,-0.0860397,-0.207652,-0.105985
0,0,0.0444315,0.201164,0.547923,-0.038759,-0.242937,-0.11827
0,0,0.130727,0.0605276,0.569499,-0.0527395,-0.226244,-0.108011
0,0,0.127465,0.135889,0.608945,-0.02855,-0.2133,-0.0888999
0,0,0.0372147,0.0725077,0.606858,-0.0554391,-0.203026,-0.103681
0,0,-0.00749485,0.178096,0.664884,-0.051731,-0.216354,-0.111236
0,0,0.0879472,0.0722996,0.621994,-0.0431007,-0.202724,-0.0968896
0,0,0.144623,0.172703,0.647441,-0.03147,-0.232178,-0.0867091
0,0,0.133243,0.135785,0.714507,-0.0506047,-0.246915,-0.0880761

