1481578077,926001340,0.497611,-1.04335,0.304149,-3.07852,2.38237,0.711618,1.02228,1.01892-0.0121248,0.0617185,-0.0398995,0.0652014,-0.064286,0.0786102,0,0
1481578077,951718163,0.497611,-1.04238,0.306074,-3.07971,2.38237,0.710428,1.02228,1.01892-0.00303121,0.0635529,-0.0821633,0.0460502,-0.0160716,0.0196526,0,0
1481578077,983715152,0.497611,-1.04142,0.307037,-3.07971,2.38237,0.710428,1.02228,1.01892-0.000378702,0.0320058,-0.0102702,0.00575628,-0.00200909,0.0173303,0,0
1481578078,9721662,0.497611,-1.04046,0.307037,-3.07971,2.38237,0.710428,1.02228,1.01892-4.74043e-05,0.052124,-0.0133147,0.000719535,-0.00025087,0.00216629,0,0
1481578078,35692142,0.497611,-1.04046,0.307037,-3.07971,2.38237,0.710428,1.02228,1.01892-5.85895e-06,0.00651551,-0.00166448,8.99419e-05,-3.14253e-05,0.000270786,0,0
1481578078,61685373,0.497611,-1.04046,0.307037,-3.07971,2.37999,0.710428,1.02228,1.01892-1.5979e-06,0.00162888,-0.000415986,2.24855e-05,0.0595138,6.76966e-05,0,0
1481578078,61685373,0.497611,-1.04046,0.307037,-3.07971,2.37999,0.710428,1.02228,1.01892-1.5979e-06,0.00162888,-0.000415986,2.24855e-05,0.0595138,6.76966e-05,0,0
1481578078,113717917,0.497611,-1.04046,0.307037,-3.07971,2.37761,0.710428,1.02228,1.018920,5.09024e-05,-1.27832e-05,7.02671e-07,0.0427626,2.11552e-06,0,0
1481578078,139704787,0.497611,-1.04046,0.307037,-3.07971,2.37642,0.710428,1.02228,1.018920,6.3628e-06,-1.5979e-06,8.78339e-08,0.0648403,2.6444e-07,0,0
1481578078,165925475,0.498574,-1.04046,0.307037,-3.07971,2.37404,0.710428,1.02228,1.01892-0.0481233,7.9535e-07,0,1.09792e-08,0.0825005,3.3055e-08,0,0
1481578078,207719391,0.498574,-1.04142,0.307037,-3.07852,2.37047,0.710428,1.02228,1.01892-0.00300777,-0.00601555,0,-0.0594998,0.101836,2.06594e-09,0,0
1481578078,227697353,0.498574,-1.04142,0.307037,-3.07852,2.36928,0.710428,1.02228,1.01892-0.000752077,-0.00150362,0,-0.0148748,0.0849539,5.16484e-10,0,0
1481578078,247718863,0.498574,-1.04238,0.307037,-3.07733,2.3669,0.710428,1.02228,1.01892-0.000188019,-0.0244377,0,-0.0334685,0.110494,1.29121e-10,0,0
1481578078,273727151,0.498574,-1.04431,0.306074,-3.07495,2.36214,0.710428,1.02228,1.01892-4.68716e-05,-0.0542326,0.0240617,-0.0678669,0.176361,3.228e-11,0,0
1481578078,299715679,0.498574,-1.04431,0.305112,-3.07376,2.35857,0.710428,1.02228,1.01892-5.85895e-06,-0.0188131,0.0270694,-0.0828584,0.155922,4.03499e-12,0,0
1481578078,325716650,0.498574,-1.04527,0.304149,-3.07257,2.35619,0.710428,1.02228,1.01892-5.32632e-07,-0.0143827,0.0154162,-0.0252324,0.0938591,5.04485e-13,0,0
1481578078,351771997,0.498574,-1.04527,0.304149,-3.07257,2.35619,0.710428,1.02228,1.018920,-0.0035958,0.00385404,-0.00630796,0.0234648,1.26121e-13,0,0
1481578078,371728518,0.498574,-1.04527,0.304149,-3.07257,2.35619,0.710428,1.02228,1.018920,-0.000899083,0.00096351,-0.00157712,0.00586619,3.10862e-14,0,0
1481578078,397719320,0.498574,-1.04527,0.304149,-3.07257,2.35619,0.710428,1.02228,1.018920,-0.000112385,0.000120439,-0.000197074,0.000733274,3.55271e-15,0,0
1481578078,423704794,0.498574,-1.04527,0.304149,-3.07257,2.35619,0.710428,1.02228,1.018920,-2.82295e-05,3.01097e-05,-4.95348e-05,0.000183318,8.88178e-16,0,0
1481578078,449730377,0.498574,-1.04527,0.304149,-3.07257,2.35619,0.710428,1.02228,1.018920,-3.72843e-06,3.76371e-06,-6.39159e-06,2.29148e-05,0,0,0
1481578078,475740458,0.498574,-1.04527,0.304149,-3.07257,2.35619,0.710428,1.02228,1.018920,-5.32632e-07,4.70464e-07,-5.32632e-07,2.86435e-06,0,0,0
1481578078,501718208,0.498574,-1.04527,0.304149,-3.07257,2.35619,0.710428,1.02228,1.018920,0,1.17616e-07,0,7.16088e-07,0,0,0
1481578078,521726068,0.498574,-1.04527,0.304149,-3.07257,2.35619,0.710428,1.02228,1.018920,0,2.9404e-08,0,1.79022e-07,0,0,0
1481578078,547744384,0.498574,-1.04527,0.304149,-3.07257,2.35619,0.710428,1.02228,1.018920,0,3.6755e-09,0,2.23777e-08,0,0,0
1481578078,573710088,0.498574,-1.04527,0.304149,-3.07257,2.35619,0.710428,1.02228,1.018920,0,9.18875e-10,0,5.59443e-09,0,0,0
1481578078,599720742,0.498574,-1.04527,0.304149,-3.07257,2.35619,0.710428,1.02228,1.018920,0,1.14859e-10,0,6.99305e-10,0,0,0
1481578078,625709432,0.498574,-1.04527,0.304149,-3.07257,2.35619,0.710428,1.02228,1.018920,0,1.43574e-11,0,8.74127e-11,0,0,0
1481578078,651732967,0.498574,-1.04527,0.304149,-3.07257,2.35619,0.710428,1.02228,1.018920,0,3.58913e-12,0,2.18536e-11,0,0,0
1481578078,671720839,0.498574,-1.04527,0.304149,-3.07257,2.35619,0.710428,1.02228,1.018920,0,8.9706e-13,0,5.46319e-12,0,0,0
1481578078,697709412,0.498574,-1.04527,0.304149,-3.07257,2.35619,0.710428,1.02228,1.018920,0,1.1191e-13,0,6.83009e-13,0,0,0
1481578078,723713041,0.498574,-1.04527,0.304149,-3.07257,2.35619,0.710428,1.02228,1.018920,0,2.84217e-14,0,1.7053e-13,0,0,0
1481578078,749728983,0.498574,-1.04527,0.304149,-3.07257,2.35619,0.710428,1.02228,1.018920,0,3.55271e-15,0,2.13163e-14,0,0,0
1481578078,775715663,0.498574,-1.04527,0.304149,-3.07257,2.35619,0.710428,1.02228,1.018920,0,0,0,2.66454e-15,0,0,0
1481578078,801714171,0.498574,-1.04527,0.304149,-3.07257,2.35619,0.710428,1.02228,1.018920,0,0,0,8.88178e-16,0,0,0
1481578078,821699796,0.498574,-1.04527,0.304149,-3.07257,2.35619,0.710428,1.02228,1.018920,0,0,0,0,0,0,0
1481578078,847715205,0.498574,-1.04527,0.304149,-3.07257,2.35619,0.710428,1.02228,1.018920,0,0,0,0,0,0,0
1481578078,873708018,0.498574,-1.04527,0.304149,-3.07257,2.35619,0.710428,1.02228,1.018920,0,0,0,0,0,0,0
1481578078,899719833,0.498574,-1.04527,0.304149,-3.07257,2.35619,0.710428,1.02228,1.018920,0,0,0,0,0,0,0
1481578078,925791004,0.498574,-1.04527,0.304149,-3.07257,2.35619,0.710428,1.02228,1.018920,0,0,0,0,0,0,0
1481578078,951726268,0.498574,-1.04527,0.304149,-3.07257,2.35619,0.710428,1.02228,1.018920,0,0,0,0,0,0,0
1481578078,971690620,0.498574,-1.04527,0.304149,-3.07257,2.35619,0.710428,1.02228,1.018920,0,0,0,0,0,0,0
1481578078,997689181,0.498574,-1.04527,0.304149,-3.07257,2.35619,0.710428,1.02228,1.018920,0,0,0,0,0,0,0
1481578079,23705355,0.498574,-1.04527,0.304149,-3.07257,2.35619,0.710428,1.02228,1.018920,0,0,0,0,0,0,0
1481578079,49705820,0.498574,-1.04527,0.304149,-3.07257,2.35619,0.710428,1.02228,1.018920,0,0,0,0,0,0,0
1481578079,75713352,0.498574,-1.04527,0.304149,-3.07257,2.35619,0.710428,1.02228,1.018920,0,0,0,0,0,0,0
1481578079,101754169,0.498574,-1.04527,0.304149,-3.07257,2.35619,0.710428,1.02228,1.018920,0,0,0,0,0,0,0
1481578079,127713763,0.498574,-1.04527,0.304149,-3.07257,2.35619,0.710428,1.02228,1.018920,0,0,0,0,0,0,0
1481578079,147744780,0.498574,-1.04527,0.304149,-3.07257,2.35619,0.710428,1.02228,1.018920,0,0,0,0,0,0,0
1481578079,173702491,0.498574,-1.04527,0.304149,-3.07257,2.35619,0.710428,1.02228,1.018920,0,0,0,0,0,0,0
1481578079,199751028,0.498574,-1.04527,0.304149,-3.07257,2.35619,0.710428,1.02228,1.018920,0,0,0,0,0,0,0
1481578079,225707787,0.498574,-1.04527,0.304149,-3.07257,2.35619,0.710428,1.02228,1.018920,0,0,0,0,0,0,0
1481578079,251711069,0.498574,-1.04527,0.304149,-3.07257,2.35619,0.710428,1.02228,1.018920,0,0,0,0,0,0,0
1481578079,271709630,0.498574,-1.04527,0.304149,-3.07257,2.35619,0.710428,1.02228,1.018920,0,0,0,0,0,0,0
1481578079,297706968,0.498574,-1.04527,0.304149,-3.07257,2.35619,0.710428,1.02228,1.018920,0,0,0,0,0,0,0
1481578079,323734896,0.498574,-1.04527,0.304149,-3.07257,2.35619,0.710428,1.02228,1.018920,0,0,0,0,0,0,0
1481578079,349700864,0.498574,-1.04527,0.304149,-3.07257,2.35619,0.710428,1.02228,1.018920,0,0,0,0,0,0,0
1481578079,375728004,0.498574,-1.04527,0.304149,-3.07257,2.35619,0.710428,1.02228,1.018920,0,0,0,0,0,0,0
1481578079,401700975,0.498574,-1.04527,0.304149,-3.07257,2.35619,0.710428,1.02228,1.018920,0,0,0,0,0,0,0
1481578079,421709366,0.498574,-1.04527,0.304149,-3.07257,2.35619,0.710428,1.02228,1.018920,0,0,0,0,0,0,0
1481578079,447716060,0.498574,-1.04527,0.304149,-3.07257,2.35619,0.710428,1.02228,1.018920,0,0,0,0,0,0,0
1481578079,473731103,0.498574,-1.04527,0.304149,-3.07257,2.35619,0.710428,1.02228,1.018920,0,0,0,0,0,0,0
1481578079,499726867,0.498574,-1.04527,0.304149,-3.07257,2.35619,0.710428,1.02228,1.018920,0,0,0,0,0,0,0
1481578079,526058434,0.498574,-1.04527,0.304149,-3.07257,2.35619,0.710428,1.02228,1.018920,0,0,0,0,0,0,0
1481578079,551736560,0.498574,-1.04527,0.304149,-3.07257,2.35619,0.710428,1.02228,1.018920,0,0,0,0,0,0,0
1481578079,571681954,0.498574,-1.04527,0.304149,-3.07257,2.35619,0.710428,1.02228,1.018920,0,0,0,0,0,0,0
1481578079,597712768,0.498574,-1.04527,0.304149,-3.07257,2.35619,0.710428,1.02228,1.018920,0,0,0,0,0,0,0
1481578079,623753304,0.498574,-1.04527,0.304149,-3.07257,2.35619,0.710428,1.02228,1.018920,0,0,0,0,0,0,0
1481578079,649721945,0.498574,-1.04527,0.304149,-3.07257,2.35619,0.710428,1.02228,1.018920,0,0,0,0,0,0,0
1481578079,675705819,0.498574,-1.04527,0.304149,-3.07257,2.35619,0.710428,1.02228,1.018920,0,0,0,0,0,0,0
1481578079,701702657,0.498574,-1.04527,0.304149,-3.07257,2.35619,0.710428,1.02228,1.018920,0,0,0,0,0,0,0
1481578079,727714398,0.498574,-1.04527,0.304149,-3.07257,2.35619,0.710428,1.02228,1.018920,0,0,0,0,0,0,0
1481578079,748682043,0.498574,-1.04527,0.304149,-3.07257,2.35619,0.710428,1.02228,1.018920,0,0,0,0,0,0,0
1481578079,774711429,0.498574,-1.04527,0.304149,-3.07257,2.35619,0.710428,1.02228,1.018920,0,0,0,0,0,0,0
1481578079,800699751,0.498574,-1.04527,0.304149,-3.07257,2.35619,0.710428,1.02228,1.018920,0,0,0,0,0,0,0
1481578079,826713808,0.498574,-1.04527,0.304149,-3.07257,2.35619,0.710428,1.02228,1.018920,0,0,0,0,0,0,0
1481578079,846719787,0.498574,-1.04527,0.304149,-3.07257,2.35619,0.710428,1.02228,1.018920,0,0,0,0,0,0,0
1481578079,872722780,0.498574,-1.04527,0.304149,-3.07257,2.35619,0.710428,1.02228,1.018920,0,0,0,0,0,0,0
1481578079,898697492,0.498574,-1.04527,0.304149,-3.07257,2.35619,0.710428,1.02228,1.018920,0,0,0,0,0,0,0
1481578079,924724135,0.498574,-1.04527,0.304149,-3.07257,2.35619,0.710428,1.02228,1.018920,0,0,0,0,0,0,0
1481578079,950713868,0.498574,-1.04527,0.304149,-3.07257,2.35619,0.710428,1.02228,1.018920,0,0,0,0,0,0,0
1481578079,976726683,0.498574,-1.04527,0.304149,-3.07257,2.35619,0.710428,1.02228,1.018920,0,0,0,0,0,0,0
1481578080,2700925,0.498574,-1.04527,0.304149,-3.07257,2.35619,0.710428,1.02228,1.018920,0,0,0,0,0,0,0
1481578080,22724653,0.498574,-1.04527,0.304149,-3.07257,2.35619,0.710428,1.02228,1.018920,0,0,0,0,0,0,0
1481578080,48705125,0.498574,-1.04527,0.304149,-3.07257,2.35619,0.710428,1.02228,1.018920,0,0,0,0,0,0,0
1481578080,74711980,0.498574,-1.04527,0.304149,-3.07257,2.35619,0.710428,1.02228,1.018920,0,0,0,0,0,0,0
1481578080,100697423,0.498574,-1.04527,0.304149,-3.07257,2.35619,0.710428,1.02228,1.018920,0,0,0,0,0,0,0
1481578080,126721023,0.498574,-1.04527,0.304149,-3.07257,2.35619,0.710428,1.02228,1.018920,0,0,0,0,0,0,0
1481578080,146688553,0.498574,-1.04527,0.304149,-3.07257,2.35619,0.710428,1.02228,1.018920,0,0,0,0,0,0,0
1481578080,172710642,0.498574,-1.04527,0.304149,-3.07257,2.35619,0.710428,1.02228,1.018920,0,0,0,0,0,0,0
1481578080,198690949,0.498574,-1.04527,0.304149,-3.07257,2.35619,0.710428,1.02228,1.018920,0,0,0,0,0,0,0
1481578080,224747660,0.498574,-1.04527,0.304149,-3.07257,2.35619,0.710428,1.02228,1.018920,0,0,0,0,0,0,0
1481578080,250713688,0.498574,-1.04527,0.304149,-3.07257,2.35619,0.710428,1.02228,1.018920,0,0,0,0,0,0,0
1481578080,276689337,0.498574,-1.04527,0.304149,-3.07257,2.35619,0.710428,1.02228,1.018920,0,0,0,0,0,0,0
1481578080,302699565,0.498574,-1.04527,0.304149,-3.07257,2.35619,0.710428,1.02228,1.018920,0,0,0,0,0,0,0
1481578080,322748510,0.498574,-1.04527,0.304149,-3.07257,2.35619,0.710428,1.02228,1.018920,0,0,0,0,0,0,0
1481578080,348692887,0.498574,-1.04527,0.304149,-3.07257,2.35619,0.710428,1.02228,1.018920,0,0,0,0,0,0,0
1481578080,374733585,0.498574,-1.04527,0.304149,-3.07257,2.35619,0.710428,1.02228,1.018920,0,0,0,0,0,0,0
1481578080,400689770,0.498574,-1.04527,0.304149,-3.07257,2.35619,0.710428,1.02228,1.018920,0,0,0,0,0,0,0
1481578080,426697820,0.498574,-1.04527,0.304149,-3.07257,2.35619,0.710428,1.02228,1.018920,0,0,0,0,0,0,0
1481578080,446701551,0.498574,-1.04527,0.304149,-3.07257,2.35619,0.710428,1.02228,1.018920,0,0,0,0,0,0,0
1481578080,472694807,0.498574,-1.04527,0.304149,-3.07257,2.35619,0.710428,1.02228,1.018920,0,0,0,0,0,0,0
1481578080,498691092,0.498574,-1.04527,0.304149,-3.07257,2.35619,0.710428,1.02228,1.018920,0,0,0,0,0,0,0
1481578080,524740711,0.498574,-1.04527,0.304149,-3.07257,2.35619,0.710428,1.02228,1.018920,0,0,0,0,0,0,0
1481578080,550724594,0.498574,-1.04527,0.304149,-3.07257,2.35619,0.710428,1.02228,1.018920,0,0,0,0,0,0,0
1481578080,576720212,0.498574,-1.04527,0.304149,-3.07257,2.35619,0.710428,1.02228,1.018920,0,0,0,0,0,0,0
1481578080,602707746,0.498574,-1.04527,0.304149,-3.07257,2.35619,0.710428,1.02228,1.018920,0,0,0,0,0,0,0
1481578080,622726647,0.498574,-1.04527,0.304149,-3.07257,2.35619,0.710428,1.02228,1.018920,0,0,0,0,0,0,0
1481578080,648692492,0.498574,-1.04527,0.304149,-3.07257,2.35619,0.710428,1.02228,1.018920,0,0,0,0,0,0,0
1481578080,674734332,0.498574,-1.04527,0.304149,-3.07257,2.35619,0.710428,1.02228,1.018920,0,0,0,0,0,0,0
1481578080,700706570,0.498574,-1.04527,0.304149,-3.07257,2.35619,0.710428,1.02228,1.018920,0,0,0,0,0,0,0
1481578080,726736734,0.498574,-1.04527,0.304149,-3.07257,2.35619,0.710428,1.02228,1.018920,0,0,0,0,0,0,0
1481578080,752700504,0.498574,-1.04527,0.304149,-3.07257,2.35619,0.710428,1.02228,1.018920,0,0,0,0,0,0,0
1481578080,772693946,0.498574,-1.04527,0.304149,-3.07257,2.35619,0.710428,1.02228,1.018920,0,0,0,0,0,0,0
1481578080,798691763,0.498574,-1.04527,0.304149,-3.07257,2.35619,0.710428,1.02228,1.018920,0,0,0,0,0,0,0
1481578080,824750511,0.498574,-1.04527,0.304149,-3.07257,2.35619,0.710428,1.02228,1.018920,0,0,0,0,0,0,0
1481578080,850698665,0.498574,-1.04527,0.304149,-3.07257,2.35619,0.710428,1.02228,1.018920,0,0,0,0,0,0,0
1481578080,876691537,0.498574,-1.04527,0.304149,-3.07257,2.35619,0.710428,1.02228,1.018920,0,0,0,0,0,0,0
1481578080,896701000,0.498574,-1.04527,0.304149,-3.07257,2.35619,0.710428,1.02228,1.018920,0,0,0,0,0,0,0
1481578080,922782222,0.498574,-1.04527,0.304149,-3.07257,2.35619,0.710428,1.02228,1.018920,0,0,0,0,0,0,0
1481578080,948694485,0.498574,-1.04527,0.304149,-3.07257,2.35619,0.710428,1.02228,1.018920,0,0,0,0,0,0,0
1481578080,974734677,0.498574,-1.04527,0.304149,-3.07257,2.35619,0.710428,1.02228,1.018920,0,0,0,0,0,0,0
1481578081,694264,0.498574,-1.04527,0.304149,-3.07257,2.35619,0.710428,1.02228,1.018920,0,0,0,0,0,0,0
1481578081,26691733,0.498574,-1.04624,0.304149,-3.07257,2.355,0.710428,1.02228,1.018920,-0.0240617,0,0,0.0595217,0,0,0
1481578081,46676643,0.498574,-1.04624,0.303187,-3.07138,2.35381,0.710428,1.02228,1.018920,-0.00601555,0.0481233,-0.0594998,0.0743754,0,0,0
1481578081,72697652,0.498574,-1.04816,0.302224,-3.069,2.34905,0.710428,1.02228,1.018920,-0.0255653,0.0601542,-0.044625,0.137584,0,0,0
1481578081,98697804,0.498574,-1.05008,0.300299,-3.06781,2.34429,0.710428,1.02228,1.018920,-0.0874113,0.0797109,-0.0502032,0.21057,0,0,0
1481578081,124715303,0.498574,-1.05201,0.298374,-3.06424,2.33715,0.710428,1.02228,1.018920,-0.0699762,0.068051,-0.0720508,0.231141,0,0,0
1481578081,150694112,0.498574,-1.05394,0.296449,-3.06186,2.3312,0.710428,1.02228,1.018920,-0.0929694,0.0686639,-0.113131,0.266886,0,0,0
1481578081,176678907,0.498574,-1.05682,0.292599,-3.05829,2.32168,0.711618,1.02228,1.018920,-0.095837,0.104836,-0.118266,0.315995,-0.0297475,0,0
1481578081,196698544,0.498574,-1.05971,0.289712,-3.05591,2.31573,0.711618,1.02228,1.018920,-0.120206,0.122456,-0.118816,0.317006,-0.00743714,0,0
1481578081,222700152,0.498574,-1.06356,0.284899,-3.05115,2.30621,0.712808,1.02228,1.018920,-0.102243,0.150929,-0.0892036,0.347006,-0.0316069,0,0
1481578081,248697320,0.498574,-1.06645,0.282974,-3.04877,2.29907,0.713998,1.02228,1.018920,-0.15715,0.115116,-0.13015,0.340864,-0.0634461,0,0
1481578081,274696479,0.498574,-1.0703,0.279124,-3.04401,2.28836,0.715188,1.02228,1.018920,-0.159609,0.125032,-0.151538,0.352957,-0.0158613,0,0
1481578081,300702908,0.498574,-1.07318,0.276237,-3.04163,2.28122,0.715188,1.02228,1.018920,-0.15229,0.123913,-0.0933172,0.356502,-0.0168562,0,0
1481578081,326708812,0.498574,-1.07704,0.271424,-3.03687,2.27051,0.716378,1.02228,1.018920,-0.115296,0.135804,-0.130664,0.356925,-0.0169808,0,0
1481578081,352691739,0.498574,-1.08185,0.265649,-3.03211,2.25861,0.717569,1.02228,1.018920,-0.173194,0.178328,-0.0921661,0.356999,-0.0340192,0,0
1481578081,372724912,0.498574,-1.08473,0.262762,-3.02973,2.25147,0.718758,1.02228,1.018920,-0.163607,0.140829,-0.142041,0.327256,-0.0680001,0,0
1481578081,398689722,0.498574,-1.08762,0.259874,-3.02616,2.24433,0.719948,1.02228,1.018920,-0.128735,0.13792,-0.15163,0.368143,-0.0382473,0,0
1481578081,421695961,0.498574,-1.09243,0.254099,-3.02259,2.23243,0.721138,1.02228,1.018920,-0.176554,0.17885,-0.127157,0.419298,-0.0690568,0,0
1481578081,447705153,0.498574,-1.09532,0.251212,-3.01902,2.22529,0.722328,1.02228,1.018920,-0.130353,0.166735,-0.149769,0.364774,-0.0383799,0,0
1481578081,473696039,0.498574,-1.09917,0.246399,-3.01545,2.21577,0.723518,1.02228,1.018920,-0.152897,0.161992,-0.186192,0.329187,-0.0690899,0,0
1481578081,499702819,0.498574,-1.10206,0.243512,-3.01307,2.20863,0.724708,1.02228,1.018920,-0.151465,0.140566,-0.0827737,0.353531,-0.0681311,0,0
1481578081,525725838,0.498574,-1.10591,0.238699,-3.00831,2.19911,0.725898,1.02228,1.018920,-0.127211,0.161947,-0.129347,0.34168,-0.0382638,0,0
1481578081,551698357,0.498574,-1.10976,0.233887,-3.00355,2.1884,0.727088,1.02228,1.018920,-0.152111,0.136733,-0.121587,0.353161,-0.0393136,0,0
1481578081,571685202,0.498574,-1.11265,0.230999,-3.00117,2.18126,0.728278,1.02228,1.018920,-0.110219,0.178557,-0.0898966,0.356058,-0.0693231,0,0
1481578081,597718158,0.498574,-1.11553,0.227149,-2.99879,2.17293,0.729468,1.02228,1.018920,-0.158148,0.178729,-0.130236,0.416364,-0.0384129,0,0
1481578081,624731185,0.498574,-1.11938,0.221374,-2.99403,2.16222,0.731848,1.02228,1.018920,-0.159858,0.189052,-0.121809,0.371832,-0.0393775,0,0
1481578081,650704091,0.498574,-1.12227,0.218487,-2.99165,2.15508,0.733038,1.02228,1.018920,-0.152322,0.16801,-0.134225,0.358848,-0.0792908,0,0
1481578081,676723360,0.498574,-1.12612,0.212712,-2.98689,2.14437,0.734228,1.02228,1.018920,-0.127331,0.189436,-0.135778,0.357238,-0.0396587,0,0
1481578081,702729886,0.498574,-1.12997,0.2079,-2.98213,2.13247,0.736608,1.02228,1.018920,-0.152141,0.167674,-0.123194,0.386811,-0.0396625,0,0
1481578081,722734526,0.498574,-1.13286,0.20405,-2.97975,2.12533,0.737798,1.02228,1.018920,-0.158344,0.186295,-0.149799,0.364444,-0.099158,0,0
1481578081,748689347,0.498574,-1.13575,0.2002,-2.97737,2.117,0.738988,1.02228,1.018920,-0.152145,0.191722,-0.0930993,0.417433,-0.0421424,0,0
1481578081,774686927,0.498574,-1.1396,0.194424,-2.97261,2.10629,0.741368,1.02228,1.018920,-0.158345,0.192304,-0.142275,0.372099,-0.040283,0,0
1481578081,800708887,0.498574,-1.14248,0.190575,-2.97023,2.09796,0.742557,1.02228,1.018920,-0.152145,0.192471,-0.121909,0.388642,-0.0794043,0,0
1481578081,826718618,0.498574,-1.14633,0.1848,-2.96547,2.08725,0.744938,1.02228,1.018920,-0.151358,0.192499,-0.134238,0.360969,-0.0991948,0,0
1481578081,852724998,0.498574,-1.15018,0.179987,-2.96071,2.07536,0.746128,1.02228,1.018920,-0.110024,0.16844,-0.15256,0.387744,-0.0842938,0,0
1481578081,872706220,0.498574,-1.15211,0.175175,-2.95833,2.06822,0.747318,1.02228,1.018920,-0.123766,0.186487,-0.12739,0.36469,-0.0805686,0,0
1481578081,898689664,0.498574,-1.155,0.171325,-2.95476,2.05988,0.749698,1.02228,1.018920,-0.123748,0.203777,-0.149799,0.387723,-0.0993135,0,0
1481578081,924687477,0.498574,-1.15885,0.16555,-2.95,2.04798,0.750888,1.02228,1.018920,-0.127184,0.195317,-0.186199,0.42418,-0.0843237,0,0
1481578081,950691271,0.498574,-1.16173,0.1617,-2.94762,2.04084,0.752078,1.02228,1.018920,-0.124179,0.192855,-0.1274,0.365405,-0.0402878,0,0
1481578081,976716661,0.498574,-1.16558,0.155925,-2.94286,2.02895,0.754458,1.02228,1.018920,-0.147861,0.204576,-0.1498,0.372911,-0.0496573,0,0
1481578082,2692135,0.498574,-1.16847,0.15015,-2.93929,2.01705,0.756838,1.02228,1.018920,-0.109164,0.195521,-0.1267,0.360995,-0.10171,0,0
1481578082,22691514,0.498574,-1.17136,0.1463,-2.93572,2.00871,0.758028,1.02228,1.018920,-0.147599,0.193257,-0.180424,0.387751,-0.0849223,0,0
1481578082,48696043,0.498574,-1.17425,0.14245,-2.93215,2.00157,0.760408,1.02228,1.018920,-0.150789,0.192592,-0.186177,0.375725,-0.0998579,0,0
1481578082,74719054,0.498574,-1.17713,0.136675,-2.92739,1.98968,0.762788,1.02228,1.018920,-0.109889,0.192521,-0.135795,0.391433,-0.054712,0,0
1481578082,100707744,0.498574,-1.18002,0.131862,-2.92501,1.98253,0.763978,1.02228,1.018920,-0.122014,0.216567,-0.165724,0.361318,-0.0514603,0,0
1481578082,126761533,0.498574,-1.18387,0.126087,-2.92025,1.97064,0.766358,1.02228,1.018920,-0.147604,0.195506,-0.18434,0.372401,-0.0510539,0,0
1481578082,146689431,0.498574,-1.1858,0.121275,-2.91787,1.9623,0.768737,1.02228,1.018920,-0.109086,0.217311,-0.135335,0.390615,-0.102006,0,0
1481578082,172699018,0.497611,-1.18868,0.1155,-2.91311,1.95041,0.771118,1.02228,1.018920.0481233,-0.0994563,0.198701,-0.123084,0.365408,-0.0850496,0,0
1481578082,198671264,0.497611,-1.19061,0.11165,-2.91073,1.94326,0.772308,1.02228,1.018920.00601542,-0.0966477,0.193278,-0.134385,0.372939,-0.0850001,0,0
1481578082,225693140,0.497611,-1.19446,0.104912,-2.90597,1.93137,0.774688,1.02228,1.018920.000751927,-0.108331,0.216656,-0.135797,0.388727,-0.0849937,0,0
1481578082,251681439,0.497611,-1.19735,0.0981748,-2.90121,1.91947,0.777068,1.02228,1.018920.000187982,-0.0992677,0.246667,-0.123199,0.424444,-0.110491,0,0
1481578082,277701803,0.497611,-1.20023,0.0943248,-2.89883,1.91114,0.778258,1.02228,1.018922.34977e-05,-0.144761,0.199268,-0.134399,0.424913,-0.0435587,0,0
1481578082,297682884,0.496649,-1.20216,0.0904748,-2.89526,1.90281,0.780637,1.02228,1.018920.0481292,-0.108375,0.19419,-0.1526,0.433491,-0.100132,0,0
1481578082,323712398,0.496649,-1.20505,0.0827748,-2.8905,1.89091,0.783018,1.02228,1.018920.0120323,-0.0992789,0.216983,-0.186899,0.376127,-0.0547807,0,0
1481578082,349690690,0.496649,-1.20793,0.0789248,-2.88812,1.88377,0.785398,1.02228,1.018920.00150404,-0.144763,0.207594,-0.127488,0.374272,-0.110977,0,0
1481578082,375717736,0.495686,-1.21082,0.0721874,-2.88336,1.87187,0.787778,1.02228,1.018920.0242497,-0.102311,0.242507,-0.149811,0.388894,-0.103115,0,0
1481578082,401707301,0.495686,-1.21371,0.0654498,-2.8786,1.85997,0.790158,1.02228,1.018920.00606242,-0.0977625,0.25313,-0.186202,0.424486,-0.0555264,0,0
1481578082,427701855,0.495686,-1.21563,0.0615998,-2.87503,1.85164,0.792538,1.02228,1.018920.000757802,-0.0964363,0.200076,-0.1869,0.424945,-0.111057,0,0
1481578082,447687363,0.495686,-1.21756,0.0567874,-2.87265,1.84331,0.793727,1.02228,1.018920.000189451,-0.0963004,0.218454,-0.135974,0.433485,-0.0872595,0,0
1481578082,473659625,0.495686,-1.22045,0.0500499,-2.86789,1.83141,0.797298,1.02228,1.018924.73626e-05,-0.09626,0.223048,-0.152994,0.435621,-0.111111,0,0
1481578082,499683898,0.494724,-1.22237,0.0452374,-2.86432,1.82308,0.798488,1.02228,1.018920.0240742,-0.0962482,0.220379,-0.152999,0.42633,-0.0585102,0,0
1481578082,525810777,0.494724,-1.22526,0.0384999,-2.86075,1.81118,0.802058,1.02228,1.018920.00300928,-0.0962536,0.208018,-0.12325,0.425175,-0.11143,0,0
1481578082,551695928,0.494724,-1.22815,0.0307999,-2.85599,1.79928,0.804438,1.02228,1.018920.00075232,-0.0962482,0.220443,-0.149812,0.374048,-0.0873527,0,0
1481578082,571725487,0.493761,-1.23007,0.0269499,-2.85242,1.79214,0.806817,1.02228,1.018920.00018808,-0.0962472,0.223546,-0.186202,0.391,-0.11108,0,0
1481578082,597681063,0.493761,-1.232,0.0221374,-2.84885,1.78262,0.808007,1.02228,1.018920.0120543,-0.0962466,0.220445,-0.1869,0.4505,-0.088254,0,0
1481578082,623708950,0.493761,-1.23488,0.0144374,-2.84409,1.77072,0.811578,1.02228,1.018920.00301358,-0.0962536,0.223549,-0.135975,0.380366,-0.111332,0,0
1481578082,649689613,0.492799,-1.23681,0.00962493,-2.84171,1.76358,0.813958,1.02228,1.018920.0485,-0.0962477,0.256538,-0.106246,0.374802,-0.118033,0,0
1481578082,675681464,0.492799,-1.23873,0.00288753,-2.83576,1.75049,0.816338,1.02228,1.018920.0060625,-0.072185,0.248625,-0.162031,0.433601,-0.103996,0,0
1481578082,701736210,0.491836,-1.24162,-0.00385,-2.83219,1.73859,0.819907,1.02228,1.018920.0255773,-0.0902444,0.230598,-0.129758,0.376141,-0.115242,0,0
1481578082,721686271,0.491836,-1.24355,-0.00962493,-2.82862,1.73026,0.821097,1.02228,1.018920.00639432,-0.0947462,0.250149,-0.181188,0.391524,-0.118053,0,0
1481578082,747682088,0.491836,-1.24547,-0.0134749,-2.82505,1.72193,0.823478,1.02228,1.018920.00079929,-0.0960592,0.211734,-0.186274,0.435678,-0.104026,0,0
1481578082,773687696,0.490874,-1.2474,-0.0211749,-2.82029,1.71003,0.827048,1.02228,1.018920.000199823,-0.0480764,0.269499,-0.165568,0.436182,-0.115249,0,0
1481578082,799722449,0.490874,-1.24932,-0.0259874,-2.81672,1.7017,0.829428,1.02228,1.018920.0120558,-0.0902386,0.226184,-0.154569,0.396632,-0.118522,0,0
1481578082,825700905,0.490874,-1.25221,-0.0336874,-2.81196,1.6898,0.832997,1.02228,1.018920.00150698,-0.0954956,0.256864,-0.153196,0.391695,-0.118931,0,0
1481578082,851685000,0.489911,-1.25413,-0.0413874,-2.80601,1.67671,0.835378,1.02228,1.018920.0485001,-0.071997,0.232658,-0.187049,0.395439,-0.0594806,0,0
1481578082,871709862,0.489911,-1.25606,-0.0461999,-2.80363,1.66838,0.837758,1.02228,1.018920.012125,-0.0901842,0.274726,-0.165762,0.396361,-0.104139,0,0
1481578082,897682216,0.489911,-1.25702,-0.0519749,-2.80006,1.66005,0.840138,1.02228,1.018920.00151563,-0.0714404,0.299029,-0.154595,0.436296,-0.117134,0,0
1481578082,923711592,0.489911,-1.25895,-0.0596749,-2.79411,1.64815,0.843708,1.02228,1.018920.000378907,-0.0900452,0.267257,-0.187399,0.436323,-0.118526,0,0
1481578082,949696770,0.488949,-1.26087,-0.0644874,-2.79173,1.63982,0.846087,1.02228,1.018920.024109,-0.0834406,0.262001,-0.142425,0.39667,-0.118932,0,0
1481578082,975704731,0.488949,-1.2628,-0.0712249,-2.78697,1.62673,0.849658,1.02228,1.018920.00301363,-0.0705844,0.225253,-0.136803,0.436335,-0.119009,0,0
1481578083,1680919,0.487986,-1.26472,-0.0798874,-2.78102,1.61483,0.853228,1.02228,1.018920.000753407,-0.0898311,0.272875,-0.1532,0.436333,-0.118995,0,0
1481578083,21690490,0.487986,-1.26665,-0.0846998,-2.77745,1.6065,0.855608,1.02228,1.018920.02425,-0.0705945,0.284777,-0.1573,0.436319,-0.118991,0,0
1481578083,47701552,0.487986,-1.26761,-0.0895123,-2.77507,1.59817,0.856798,1.02228,1.018920.00303125,-0.0689785,0.228095,-0.138662,0.396656,-0.059495,0,0
1481578083,73715884,0.487024,-1.26953,-0.0952872,-2.7715,1.59103,0.859177,1.02228,1.018920.000757813,-0.0413062,0.177335,-0.0941656,0.247915,-0.104116,0,0
1481578083,99690873,0.487024,-1.2705,-0.0972123,-2.77031,1.58865,0.860367,1.02228,1.018920.0121289,-0.0653172,0.118417,-0.0563956,0.149993,-0.0725094,0,0
1481578083,125684312,0.487024,-1.2705,-0.0991372,-2.77031,1.58865,0.860367,1.02228,1.018920.00151611,-0.00816472,0.0749563,-0.00704939,0.0187491,-0.0090638,0,0
1481578083,151678079,0.487024,-1.2705,-0.0991372,-2.77031,1.58984,0.860367,1.02228,1.018920.000379028,-0.00204105,0.0187391,-0.00176248,0.00468727,-0.00226582,0,0
1481578083,177717724,0.487024,-1.2705,-0.0991372,-2.77031,1.59341,0.860367,1.02228,1.018924.73785e-05,-0.000255131,0.00234238,-0.00022051,-0.133291,-0.00028336,0,0
1481578083,197708887,0.487024,-1.2705,-0.0991372,-2.7715,1.59817,0.859177,1.02228,1.018921.18446e-05,-6.39159e-05,0.000585596,0.0296949,-0.211834,0.0594242,0,0
1481578083,223684185,0.487024,-1.2705,-0.0962498,-2.77388,1.6065,0.857987,1.02228,1.018922.96115e-06,-1.5979e-05,-0.0720385,0.0371737,-0.231444,0.0148561,0,0
1481578083,249696760,0.487024,-1.2705,-0.0933623,-2.77626,1.61126,0.856798,1.02228,1.018923.70144e-07,-2.13053e-06,-0.117286,0.108772,-0.25207,0.0762258,0,0
1481578083,275683162,0.487024,-1.2705,-0.0885498,-2.78102,1.62197,0.854418,1.02228,1.018924.6268e-08,0,-0.171065,0.147471,-0.343871,0.0987708,0,0
1481578083,301711281,0.487024,-1.26953,-0.0827748,-2.78459,1.63149,0.852038,1.02228,1.018921.1567e-08,0.0240616,-0.187139,0.126118,-0.323961,0.0544402,0,0
1481578083,321725484,0.487024,-1.26857,-0.0789248,-2.78816,1.63982,0.849658,1.02228,1.018922.89175e-09,0.0541387,-0.191158,0.180279,-0.408253,0.102853,0,0
1481578083,347693009,0.487024,-1.26665,-0.0741123,-2.79173,1.64696,0.848468,1.02228,1.018923.61469e-10,0.0789523,-0.216396,0.186158,-0.363394,0.0574778,0,0
1481578083,373654886,0.487024,-1.26568,-0.0673749,-2.79649,1.65886,0.844897,1.02228,1.018929.03668e-11,0.0678614,-0.222537,0.13579,-0.388337,0.103639,0,0
1481578083,399672660,0.487024,-1.26376,-0.0625623,-2.79887,1.66719,0.842518,1.02228,1.018921.12959e-11,0.0806743,-0.220321,0.135974,-0.420406,0.117071,0,0
1481578083,425679922,0.487024,-1.26183,-0.0548625,-2.80363,1.67909,0.840138,1.02228,1.018921.4122e-12,0.0822693,-0.256129,0.180622,-0.424428,0.0890027,0,0
1481578083,451674571,0.487024,-1.25991,-0.0481249,-2.80839,1.69099,0.836568,1.02228,1.018923.52607e-13,0.0686906,-0.256535,0.134405,-0.373848,0.111493,0,0
1481578083,471742360,0.487024,-1.25895,-0.0433125,-2.81196,1.69932,0.834187,1.02228,1.018928.79297e-14,0.0412343,-0.208511,0.212101,-0.39095,0.117116,0,0
1481578083,497692059,0.487024,-1.25702,-0.0385,-2.81553,1.70646,0.831807,1.02228,1.018921.06581e-14,0.0893701,-0.230591,0.190138,-0.376111,0.118769,0,0
1481578083,523682884,0.487024,-1.2551,-0.0308,-2.82029,1.71955,0.829428,1.02228,1.018922.66454e-15,0.0464108,-0.22609,0.136783,-0.391543,0.118935,0,0
1481578083,549671794,0.487024,-1.25317,-0.0259874,-2.82267,1.72669,0.827048,1.02228,1.018920,0.0900172,-0.256857,0.136098,-0.376179,0.104109,0,0
1481578083,575689436,0.487024,-1.25028,-0.01925,-2.82743,1.73978,0.823478,1.02228,1.018920,0.095468,-0.212573,0.136012,-0.43376,0.11713,0,0
1481578083,601706025,0.487986,-1.24836,-0.01155,-2.83219,1.75168,0.821097,1.02228,1.01892-0.0481366,0.0479287,-0.269708,0.153001,-0.376181,0.05903,0,0
1481578083,627669248,0.487986,-1.24643,-0.00673753,-2.83576,1.75882,0.818718,1.02228,1.01892-0.00601715,0.0902102,-0.250272,0.153,-0.374265,0.111508,0,0
1481578083,647670559,0.487986,-1.24451,-0.00192507,-2.83933,1.76715,0.816338,1.02228,1.01892-0.00150415,0.0947375,-0.231003,0.187,-0.391081,0.11712,0,0
1481578083,673669572,0.487986,-1.24162,0.00577493,-2.84409,1.78024,0.813958,1.02228,1.01892-0.000376038,0.0958694,-0.250254,0.136,-0.395272,0.0590274,0,0
1481578083,699677252,0.488949,-1.2397,0.00962493,-2.84647,1.78738,0.811578,1.02228,1.01892-0.0481702,0.0962128,-0.211747,0.136,-0.376665,0.111495,0,0
1481578083,725663148,0.488949,-1.23777,0.0173249,-2.85123,1.80047,0.809198,1.02228,1.01892-0.00602141,0.0721808,-0.230998,0.136,-0.433841,0.0585581,0,0
1481578083,751690792,0.488949,-1.23488,0.0240625,-2.85599,1.81237,0.805628,1.02228,1.01892-0.00150522,0.0902302,-0.250246,0.153,-0.376214,0.103909,0,0
1481578083,771677840,0.489911,-1.23296,0.0288749,-2.85956,1.81951,0.804438,1.02228,1.01892-0.000376571,0.0947425,-0.255058,0.186998,-0.391556,0.0557247,0,0
1481578083,797687745,0.489911,-1.23103,0.0336874,-2.86194,1.82784,0.802058,1.02228,1.01892-0.012078,0.0960653,-0.248446,0.1275,-0.391074,0.111082,0,0
1481578083,823694570,0.489911,-1.22718,0.0404249,-2.86789,1.83974,0.799678,1.02228,1.01892-0.00301949,0.144325,-0.254608,0.150875,-0.395257,0.117013,0,0
1481578083,849683549,0.489911,-1.22526,0.0452374,-2.87027,1.84807,0.797298,1.02228,1.01892-0.000377636,0.126318,-0.248389,0.167609,-0.391537,0.103869,0,0
1481578083,875693454,0.489911,-1.22237,0.0519749,-2.87503,1.85997,0.794917,1.02228,1.01892-4.74043e-05,0.136111,-0.247614,0.184575,-0.391078,0.0576315,0,0
1481578083,901702995,0.490874,-1.21948,0.0587123,-2.87979,1.87187,0.792538,1.02228,1.01892-0.0240734,0.0580895,-0.20628,0.135394,-0.425019,0.10365,0,0
1481578083,927664842,0.490874,-1.21852,0.0635248,-2.88217,1.8802,0.790158,1.02228,1.01892-0.00300937,0.0794462,-0.254374,0.135924,-0.425004,0.102199,0,0
1481578083,947683473,0.490874,-1.21563,0.0673748,-2.88455,1.88853,0.788968,1.02228,1.01892-0.000752077,0.116121,-0.207967,0.093481,-0.4335,0.0552972,0,0
1481578083,973696527,0.490874,-1.21275,0.0741123,-2.88931,1.90043,0.786588,1.02228,1.01892-0.000188019,0.101215,-0.196365,0.14237,-0.376116,0.103067,0,0
1481578083,999674846,0.491836,-1.21082,0.0789248,-2.89288,1.90757,0.784208,1.02228,1.01892-0.0240851,0.0968677,-0.25314,0.151671,-0.374271,0.102126,0,0
1481578084,25729984,0.491836,-1.20793,0.0846998,-2.89764,1.91947,0.781827,1.02228,1.01892-0.00301044,0.0963243,-0.200082,0.152834,-0.388914,0.0871878,0,0
1481578084,51699132,0.491836,-1.20408,0.0914372,-2.90121,1.93137,0.779448,1.02228,1.01892-0.000752609,0.0962727,-0.242521,0.127458,-0.424478,0.0515445,0,0
1481578084,71664298,0.491836,-1.20216,0.0952872,-2.90478,1.9397,0.777068,1.02228,1.01892-0.000188019,0.120315,-0.205007,0.180614,-0.37386,0.102129,0,0
1481578084,97672423,0.491836,-1.20023,0.1001,-2.90835,1.94684,0.775878,1.02228,1.01892-2.34358e-05,0.0992552,-0.218122,0.186201,-0.373988,0.0871349,0,0
1481578084,123698243,0.492799,-1.19638,0.106837,-2.91311,1.95874,0.773498,1.02228,1.01892-5.85895e-06,0.145129,-0.198904,0.1358,-0.390986,0.111026,0,0
1481578084,149680263,0.492799,-1.19446,0.110687,-2.91549,1.96707,0.771118,1.02228,1.01892-0.0120316,0.102357,-0.20533,0.135975,-0.390989,0.103121,0,0
1481578084,175682828,0.492799,-1.19157,0.117425,-2.92025,1.97897,0.768737,1.02228,1.01892-0.00150415,0.0970104,-0.206137,0.180621,-0.420751,0.102186,0,0
1481578084,201705057,0.493761,-1.18772,0.1232,-2.92501,1.98968,0.766358,1.02228,1.01892-0.0244377,0.120506,-0.195911,0.134405,-0.372942,0.0850415,0,0
1481578084,221857290,0.493761,-1.1858,0.12705,-2.92739,1.99801,0.765168,1.02228,1.01892-0.00610929,0.102311,-0.193355,0.152601,-0.420472,0.0510079,0,0
1481578084,247701541,0.493761,-1.18291,0.131862,-2.92977,2.00634,0.763978,1.02228,1.01892-0.000763795,0.12108,-0.240731,0.1232,-0.424436,0.0509973,0,0
1481578084,273686469,0.493761,-1.17906,0.137637,-2.93453,2.01824,0.761598,1.02228,1.01892-0.000190682,0.126517,-0.204556,0.149799,-0.37385,0.0424968,0,0
1481578084,299673963,0.493761,-1.17713,0.141487,-2.9381,2.02538,0.760408,1.02228,1.01892-2.39684e-05,0.10003,-0.19401,0.1526,-0.373987,0.0499334,0,0
1481578084,325690766,0.493761,-1.17328,0.148225,-2.94167,2.03728,0.758028,1.02228,1.01892-3.19579e-06,0.108757,-0.240813,0.1232,-0.418625,0.0806104,0,0
1481578084,351668199,0.494724,-1.16943,0.154,-2.94643,2.04918,0.756838,1.02228,1.01892-0.0240622,0.0993743,-0.204577,0.1498,-0.372411,0.0499001,0,0
1481578084,377681808,0.494724,-1.16751,0.15785,-2.94881,2.05632,0.754458,1.02228,1.01892-0.00300777,0.108668,-0.194012,0.12285,-0.373807,0.0806196,0,0
1481578084,397688766,0.494724,-1.16462,0.1617,-2.95238,2.06464,0.753268,1.02228,1.01892-0.000752077,0.12342,-0.192873,0.149712,-0.420701,0.0499024,0,0
1481578084,424690867,0.494724,-1.16077,0.167475,-2.95714,2.07536,0.750888,1.02228,1.01892-0.000188019,0.151163,-0.192591,0.186178,-0.372916,0.0422231,0,0
1481578084,450682676,0.495686,-1.15788,0.171325,-2.96071,2.08368,0.749698,1.02228,1.01892-0.0481601,0.151248,-0.192514,0.186896,-0.388744,0.0796467,0,0
1481578084,476662543,0.495686,-1.15403,0.1771,-2.96428,2.09559,0.747318,1.02228,1.01892-0.00601981,0.151245,-0.192499,0.127487,-0.390729,0.0843246,0,0
1481578084,496681736,0.495686,-1.15115,0.18095,-2.96785,2.10272,0.746128,1.02228,1.01892-0.00150522,0.15812,-0.192498,0.180621,-0.365437,0.0805762,0,0
1481578084,522707550,0.495686,-1.1473,0.186725,-2.97142,2.11463,0.743748,1.02228,1.01892-0.000376038,0.111722,-0.192498,0.134405,-0.359113,0.0498916,0,0
1481578084,548704675,0.495686,-1.14537,0.190575,-2.97499,2.12176,0.742557,1.02228,1.01892-4.68716e-05,0.110212,-0.192502,0.180425,-0.372145,0.0806585,0,0
1481578084,574673526,0.495686,-1.14152,0.19635,-2.97975,2.13367,0.741368,1.02228,1.01892-1.17179e-05,0.147861,-0.192495,0.134356,-0.360791,0.0796596,0,0
1481578084,600716745,0.495686,-1.13863,0.2002,-2.98213,2.1408,0.738988,1.02228,1.01892-1.5979e-06,0.126763,-0.192502,0.135794,-0.372355,0.0992,0,0
1481578084,626748276,0.495686,-1.13478,0.205974,-2.98689,2.15271,0.737798,1.02228,1.018920,0.124123,-0.192498,0.180598,-0.388681,0.0421475,0,0
1481578084,652687263,0.495686,-1.12997,0.210787,-2.99046,2.16341,0.736608,1.02228,1.018920,0.127284,-0.168436,0.1344,-0.364924,0.0402844,0,0
1481578084,672711698,0.495686,-1.12708,0.213674,-2.99403,2.17174,0.735418,1.02228,1.018920,0.128068,-0.186486,0.12285,-0.418481,0.0695661,0,0
1481578084,698693204,0.495686,-1.12516,0.218487,-2.99641,2.18007,0.734228,1.02228,1.018920,0.112268,-0.203777,0.134356,-0.424194,0.0384433,0,0
1481578084,724706148,0.496649,-1.12035,0.224262,-3.00117,2.19078,0.731848,1.02228,1.01892-0.0240617,0.124314,-0.195317,0.152588,-0.373803,0.0393583,0,0
1481578084,750672086,0.496649,-1.11746,0.227149,-3.00355,2.19792,0.730658,1.02228,1.01892-0.00300777,0.159922,-0.168786,0.123199,-0.359087,0.0792886,0,0
1481578084,776683273,0.496649,-1.11361,0.231962,-3.00831,2.20982,0.729468,1.02228,1.01892-0.000376038,0.128268,-0.141415,0.134399,-0.372128,0.0396852,0,0
1481578084,802677533,0.496649,-1.1088,0.237737,-3.01307,2.22053,0.728278,1.02228,1.01892-9.37433e-05,0.128314,-0.17973,0.152599,-0.360773,0.0396688,0,0
1481578084,822670947,0.496649,-1.10591,0.241587,-3.01664,2.22886,0.727088,1.02228,1.01892-2.34358e-05,0.128332,-0.189309,0.186899,-0.417456,0.0694122,0,0
1481578084,848691805,0.496649,-1.10302,0.244474,-3.02021,2.236,0.725898,1.02228,1.01892-3.19579e-06,0.13635,-0.16804,0.186987,-0.364544,0.038424,0,0
1481578084,874733893,0.496649,-1.09821,0.250249,-3.02378,2.2479,0.723518,1.02228,1.01892-5.32632e-07,0.130341,-0.186387,0.165746,-0.388651,0.0393535,0,0
1481578084,900704788,0.496649,-1.09532,0.253137,-3.02735,2.25504,0.723518,1.02228,1.018920,0.160663,-0.14361,0.184343,-0.360944,0.0197929,0,0
1481578084,926713726,0.496649,-1.09147,0.257949,-3.03211,2.26694,0.722328,1.02228,1.018920,0.116336,-0.162324,0.186667,-0.387248,0.0173479,0,0
1481578084,946672970,0.496649,-1.08762,0.261799,-3.03449,2.27408,0.721138,1.02228,1.018920,0.173454,-0.184958,0.165666,-0.364553,0.0340845,0,0
1481578084,972724329,0.497611,-1.08281,0.267574,-3.03925,2.28598,0.718758,1.02228,1.01892-0.0240617,0.163685,-0.190616,0.190166,-0.358879,0.0382686,0,0
1481578084,998712109,0.497611,-1.07992,0.270462,-3.04163,2.29312,0.718758,1.02228,1.01892-0.00300777,0.164831,-0.1682,0.127895,-0.372116,0.0196573,0,0
1481578085,30717115,0.497611,-1.07511,0.275274,-3.04639,2.30383,0.716378,1.02228,1.01892-0.000376038,0.177018,-0.177429,0.134987,-0.358897,0.0768792,0,0
1481578085,50666521,0.497611,-1.07222,0.278162,-3.04996,2.31097,0.716378,1.02228,1.01892-9.37433e-05,0.164563,-0.164672,0.152747,-0.357478,0.0192198,0,0
1481578085,50666521,0.497611,-1.07222,0.278162,-3.04996,2.31097,0.716378,1.02228,1.01892-9.37433e-05,0.164563,-0.164672,0.152747,-0.357478,0.0192198,0,0
1481578085,122700186,0.497611,-1.0626,0.288749,-3.05829,2.33239,0.713998,1.02228,1.01892-5.32632e-07,0.110316,-0.128364,0.149013,-0.244522,0.0159535,0,0
1481578085,148675221,0.498574,-1.06067,0.290674,-3.05948,2.33596,0.713998,1.02228,1.01892-0.0240617,0.0980053,-0.100263,0.0781267,-0.164456,0.00199419,0,0
1481578085,148675221,0.498574,-1.06067,0.290674,-3.05948,2.33596,0.713998,1.02228,1.01892-0.0240617,0.0980053,-0.100263,0.0781267,-0.164456,0.00199419,0,0
1481578085,200726143,0.498574,-1.05778,0.292599,-3.06186,2.34072,0.712808,1.02228,1.01892-0.000752077,0.0662254,-0.0211796,0.0359102,-0.0906636,0.0149361,0,0
1481578085,246685914,0.498574,-1.05682,0.293562,-3.06186,2.34191,0.712808,1.02228,1.01892-2.34358e-05,0.0501929,-0.0126942,0.00112219,-0.0325806,0.000466752,0,0
1481578085,272678760,0.498574,-1.05682,0.293562,-3.06186,2.34191,0.712808,1.02228,1.01892-5.85895e-06,0.0125482,-0.00317342,0.000280548,-0.00814501,0.000116688,0,0
1481578085,272678760,0.498574,-1.05682,0.293562,-3.06186,2.34191,0.712808,1.02228,1.01892-5.85895e-06,0.0125482,-0.00317342,0.000280548,-0.00814501,0.000116688,0,0
1481578085,298668423,0.498574,-1.05682,0.293562,-3.06186,2.34191,0.712808,1.02228,1.01892-5.32632e-07,0.00156853,-0.000396811,3.50685e-05,-0.00101839,1.4586e-05,0,0
1481578085,324700922,0.498574,-1.05682,0.293562,-3.06186,2.34191,0.712808,1.02228,1.018920,0.000392132,-9.90696e-05,8.76714e-06,-0.000254598,3.6465e-06,0,0
1481578085,350664737,0.498574,-1.05682,0.293562,-3.06186,2.34191,0.712808,1.02228,1.018920,4.90165e-05,-1.22505e-05,1.09589e-06,-3.19579e-05,4.55813e-07,0,0
1481578085,350664737,0.498574,-1.05682,0.293562,-3.06186,2.34191,0.712808,1.02228,1.018920,4.90165e-05,-1.22505e-05,1.09589e-06,-3.19579e-05,4.55813e-07,0,0
1481578085,402678941,0.498574,-1.05682,0.293562,-3.06186,2.34191,0.712808,1.02228,1.018920,1.53176e-06,-5.32632e-07,3.42466e-08,-1.06526e-06,1.42441e-08,0,0
1481578085,423701820,0.498574,-1.05682,0.293562,-3.06186,2.34191,0.712808,1.02228,1.018920,3.82941e-07,0,8.56166e-09,0,3.56104e-09,0,0
1481578085,449688422,0.498574,-1.05682,0.293562,-3.06186,2.34191,0.712808,1.02228,1.018920,4.78676e-08,0,1.07021e-09,0,4.45129e-10,0,0
1481578085,449688422,0.498574,-1.05682,0.293562,-3.06186,2.34191,0.712808,1.02228,1.018920,4.78676e-08,0,1.07021e-09,0,4.45129e-10,0,0
1481578085,501683205,0.498574,-1.05682,0.293562,-3.06186,2.34191,0.712808,1.02228,1.018920,1.49586e-09,0,3.34444e-11,0,1.39107e-11,0,0
1481578085,547691639,0.498574,-1.05586,0.293562,-3.06186,2.34191,0.712808,1.02228,1.018920,0.00601542,0,1.04539e-12,0,4.34319e-13,0,0
1481578085,547691639,0.498574,-1.05586,0.293562,-3.06186,2.34191,0.712808,1.02228,1.018920,0.00601542,0,1.04539e-12,0,4.34319e-13,0,0
1481578085,599686137,0.498574,-1.05586,0.293562,-3.06186,2.34191,0.712808,1.02228,1.018920,0.000187982,0,3.28626e-14,0,1.33227e-14,0,0
1481578085,625679448,0.498574,-1.05586,0.293562,-3.06186,2.34191,0.712808,1.02228,1.018920,2.34977e-05,0,4.44089e-15,0,1.77636e-15,0,0
1481578085,671687339,0.498574,-1.05586,0.293562,-3.06186,2.34191,0.712808,1.02228,1.018920,1.46861e-06,0,0,0,0,0,0
1481578085,697681163,0.498574,-1.05586,0.293562,-3.06186,2.34191,0.712808,1.02228,1.018920,1.83576e-07,0,0,0,0,0,0
1481578085,723684191,0.498574,-1.05586,0.293562,-3.06186,2.34191,0.712808,1.02228,1.018920,4.5894e-08,0,0,0,0,0,0
1481578085,749675200,0.498574,-1.05586,0.293562,-3.06186,2.34191,0.712808,1.02228,1.018920,5.73675e-09,0,0,0,0,0,0
1481578085,749675200,0.498574,-1.05586,0.293562,-3.06186,2.34191,0.712808,1.02228,1.018920,5.73675e-09,0,0,0,0,0,0
1481578085,821685469,0.498574,-1.05586,0.293562,-3.06186,2.34191,0.712808,1.02228,1.018920,4.48184e-11,0,0,0,0,0,0
1481578085,847681448,0.498574,-1.05586,0.293562,-3.06186,2.34191,0.712808,1.02228,1.018920,5.60263e-12,0,0,0,0,0,0
1481578085,847681448,0.498574,-1.05586,0.293562,-3.06186,2.34191,0.712808,1.02228,1.018920,5.60263e-12,0,0,0,0,0,0
1481578085,899691822,0.498574,-1.05586,0.293562,-3.06186,2.34191,0.712808,1.02228,1.018920,1.74971e-13,0,0,0,0,0,0
1481578085,925706773,0.498574,-1.05586,0.293562,-3.06186,2.34191,0.712808,1.02228,1.018920,2.22045e-14,0,0,0,0,0,0
1481578085,971689708,0.498574,-1.05586,0.293562,-3.06186,2.34191,0.712808,1.02228,1.018920,1.77636e-15,0,0,0,0,0,0
1481578085,997662795,0.498574,-1.05586,0.293562,-3.06186,2.34191,0.712808,1.02228,1.018920,0,0,0,0,0,0,0
1481578086,23669681,0.498574,-1.05586,0.293562,-3.06186,2.34191,0.712808,1.02228,1.018920,0,0,0,0,0,0,0
1481578086,49667996,0.498574,-1.05586,0.293562,-3.06186,2.34191,0.712808,1.02228,1.018920,0,0,0,0,0,0,0
1481578086,49667996,0.498574,-1.05586,0.293562,-3.06186,2.34191,0.712808,1.02228,1.018920,0,0,0,0,0,0,0
1481578086,101660330,0.498574,-1.05586,0.293562,-3.06186,2.34191,0.712808,1.02228,1.018920,0,0,0,0,0,0,0
1481578086,147677604,0.498574,-1.05586,0.293562,-3.06186,2.34191,0.712808,1.02228,1.018920,0,0,0,0,0,0,0
1481578086,147677604,0.498574,-1.05586,0.293562,-3.06186,2.34191,0.712808,1.02228,1.018920,0,0,0,0,0,0,0
1481578086,199692176,0.498574,-1.05586,0.293562,-3.06186,2.34191,0.712808,1.02228,1.018920,0,0,0,0,0,0,0
1481578086,225661041,0.498574,-1.05586,0.293562,-3.06186,2.34191,0.712808,1.02228,1.018920,0,0,0,0,0,0,0
1481578086,271683233,0.498574,-1.05586,0.293562,-3.06186,2.34191,0.712808,1.02228,1.018920,0,0,0,0,0,0,0
1481578086,297654681,0.498574,-1.05586,0.293562,-3.06186,2.34191,0.712808,1.02228,1.018920,0,0,0,0,0,0,0
1481578086,323687774,0.498574,-1.05586,0.293562,-3.06186,2.34191,0.712808,1.02228,1.018920,0,0,0,0,0,0,0
1481578086,349666555,0.498574,-1.05586,0.293562,-3.06186,2.34191,0.712808,1.02228,1.018920,0,0,0,0,0,0,0
1481578086,349666555,0.498574,-1.05586,0.293562,-3.06186,2.34191,0.712808,1.02228,1.018920,0,0,0,0,0,0,0
1481578086,421681957,0.498574,-1.05586,0.293562,-3.06186,2.34191,0.712808,1.02228,1.018920,0,0,0,0,0,0,0
1481578086,447701607,0.498574,-1.05586,0.293562,-3.06186,2.34191,0.712808,1.02228,1.018920,0,0,0,0,0,0,0
1481578086,447701607,0.498574,-1.05586,0.293562,-3.06186,2.34191,0.712808,1.02228,1.018920,0,0,0,0,0,0,0
1481578086,499685000,0.498574,-1.05586,0.293562,-3.06186,2.34191,0.712808,1.02228,1.018920,0,0,0,0,0,0,0
1481578086,525667132,0.498574,-1.05586,0.293562,-3.06186,2.34191,0.712808,1.02228,1.018920,0,0,0,0,0,0,0
1481578086,551649415,0.498574,-1.05586,0.293562,-3.06186,2.34191,0.712808,1.02228,1.018920,0,0,0,0,0,0,0
1481578086,597657275,0.498574,-1.05586,0.293562,-3.06186,2.34191,0.712808,1.02228,1.018920,0,0,0,0,0,0,0
1481578086,647685730,0.498574,-1.05586,0.293562,-3.06186,2.34191,0.712808,1.02228,1.018920,0,0,0,0,0,0,0
1481578086,647685730,0.498574,-1.05586,0.293562,-3.06186,2.34191,0.712808,1.02228,1.018920,0,0,0,0,0,0,0
1481578086,699662680,0.498574,-1.05586,0.293562,-3.06186,2.34191,0.712808,1.02228,1.018920,0,0,0,0,0,0,0
1481578086,725650345,0.498574,-1.05586,0.293562,-3.06186,2.34191,0.712808,1.02228,1.018920,0,0,0,0,0,0,0
1481578086,771658294,0.498574,-1.05586,0.293562,-3.06186,2.34191,0.712808,1.02228,1.018920,0,0,0,0,0,0,0
1481578086,797657084,0.498574,-1.05586,0.293562,-3.06186,2.34191,0.712808,1.02228,1.018920,0,0,0,0,0,0,0
1481578086,823666422,0.498574,-1.05586,0.293562,-3.06186,2.34191,0.712808,1.02228,1.018920,0,0,0,0,0,0,0
1481578086,849687492,0.498574,-1.05586,0.293562,-3.06186,2.34191,0.712808,1.02228,1.018920,0,0,0,0,0,0,0
1481578086,849687492,0.498574,-1.05586,0.293562,-3.06186,2.34191,0.712808,1.02228,1.018920,0,0,0,0,0,0,0
1481578086,921655196,0.498574,-1.05586,0.293562,-3.06186,2.34191,0.712808,1.02228,1.018920,0,0,0,0,0,0,0
1481578086,947669687,0.498574,-1.05586,0.293562,-3.06186,2.34191,0.712808,1.02228,1.018920,0,0,0,0,0,0,0
1481578086,947669687,0.498574,-1.05586,0.293562,-3.06186,2.34191,0.712808,1.02228,1.018920,0,0,0,0,0,0,0
1481578086,999670158,0.498574,-1.05586,0.293562,-3.06186,2.34191,0.712808,1.02228,1.018920,0,0,0,0,0,0,0
1481578087,25666682,0.498574,-1.05586,0.293562,-3.06186,2.34191,0.712808,1.02228,1.018920,0,0,0,0,0,0,0
1481578087,71654955,0.498574,-1.05586,0.293562,-3.06186,2.34191,0.712808,1.02228,1.018920,0,0,0,0,0,0,0
1481578087,97653328,0.498574,-1.05586,0.293562,-3.06186,2.34191,0.712808,1.02228,1.018920,0,0,0,0,0,0,0
1481578087,123682258,0.498574,-1.05586,0.293562,-3.06186,2.34191,0.712808,1.02228,1.018920,0,0,0,0,0,0,0
1481578087,149658525,0.498574,-1.05586,0.293562,-3.06186,2.34191,0.712808,1.02228,1.018920,0,0,0,0,0,0,0
1481578087,149658525,0.498574,-1.05586,0.293562,-3.06186,2.34191,0.712808,1.02228,1.018920,0,0,0,0,0,0,0
1481578087,201685040,0.498574,-1.05586,0.293562,-3.06186,2.34191,0.712808,1.02228,1.018920,0,0,0,0,0,0,0
1481578087,247686053,0.498574,-1.05586,0.293562,-3.06186,2.34191,0.712808,1.02228,1.018920,0,0,0,0,0,0,0
1481578087,247686053,0.498574,-1.05586,0.293562,-3.06186,2.34191,0.712808,1.02228,1.018920,0,0,0,0,0,0,0
1481578087,299690320,0.498574,-1.05586,0.293562,-3.06186,2.34191,0.712808,1.02228,1.018920,0,0,0,0,0,0,0
1481578087,326012248,0.498574,-1.05586,0.293562,-3.06186,2.34191,0.712808,1.02228,1.018920,0,0,0,0,0,0,0
1481578087,371658587,0.498574,-1.05586,0.293562,-3.06186,2.34191,0.712808,1.02228,1.018920,0,0,0,0,0,0,0
1481578087,397652738,0.498574,-1.05586,0.293562,-3.06186,2.34191,0.712808,1.02228,1.018920,0,0,0,0,0,0,0
1481578087,423658687,0.498574,-1.05586,0.293562,-3.06186,2.34191,0.712808,1.02228,1.018920,0,0,0,0,0,0,0
1481578087,449715166,0.498574,-1.05586,0.293562,-3.06186,2.34191,0.712808,1.02228,1.018920,0,0,0,0,0,0,0
1481578087,449715166,0.498574,-1.05586,0.293562,-3.06186,2.34191,0.712808,1.02228,1.018920,0,0,0,0,0,0,0
1481578087,501694690,0.498574,-1.05586,0.293562,-3.06186,2.34191,0.712808,1.02228,1.018920,0,0,0,0,0,0,0
1481578087,547639791,0.498574,-1.05586,0.293562,-3.06186,2.34191,0.712808,1.02228,1.018920,0,0,0,0,0,0,0
1481578087,547639791,0.498574,-1.05586,0.293562,-3.06186,2.34191,0.712808,1.02228,1.018920,0,0,0,0,0,0,0
1481578087,599653872,0.498574,-1.05586,0.293562,-3.06186,2.34191,0.712808,1.02228,1.018920,0,0,0,0,0,0,0
1481578087,625674462,0.498574,-1.05586,0.293562,-3.06186,2.34191,0.712808,1.02228,1.018920,0,0,0,0,0,0,0
1481578087,671681193,0.498574,-1.05586,0.293562,-3.06186,2.34191,0.712808,1.02228,1.018920,0,0,0,0,0,0,0
1481578087,697656385,0.498574,-1.05586,0.293562,-3.06186,2.34191,0.712808,1.02228,1.018920,0,0,0,0,0,0,0
1481578087,723648543,0.498574,-1.05586,0.293562,-3.06186,2.34191,0.712808,1.02228,1.018920,0,0,0,0,0,0,0
1481578087,749669518,0.498574,-1.05586,0.293562,-3.06186,2.34191,0.712808,1.02228,1.018920,0,0,0,0,0,0,0
1481578087,749669518,0.498574,-1.05586,0.293562,-3.06186,2.34191,0.712808,1.02228,1.018920,0,0,0,0,0,0,0
1481578087,821650793,0.498574,-1.05586,0.293562,-3.06186,2.34191,0.712808,1.02228,1.018920,0,0,0,0,0,0,0
1481578087,847651572,0.498574,-1.05586,0.293562,-3.06186,2.34191,0.712808,1.02228,1.018920,0,0,0,0,0,0,0
1481578087,847651572,0.498574,-1.05586,0.293562,-3.06186,2.34191,0.712808,1.02228,1.018920,0,0,0,0,0,0,0
1481578087,899659101,0.498574,-1.05586,0.293562,-3.06186,2.34191,0.712808,1.02228,1.018920,0,0,0,0,0,0,0
1481578087,925633154,0.498574,-1.05586,0.293562,-3.06186,2.34191,0.712808,1.02228,1.018920,0,0,0,0,0,0,0
1481578087,951675972,0.498574,-1.05586,0.293562,-3.06186,2.34191,0.712808,1.02228,1.018920,0,0,0,0,0,0,0
1481578087,997666921,0.498574,-1.05586,0.293562,-3.06186,2.34191,0.712808,1.02228,1.018920,0,0,0,0,0,0,0
1481578088,23665841,0.498574,-1.05586,0.293562,-3.06186,2.34191,0.712808,1.02228,1.018920,0,0,0,0,0,0,0
1481578088,49659616,0.498574,-1.05586,0.293562,-3.06186,2.34191,0.712808,1.02228,1.018920,0,0,0,0,0,0,0
1481578088,49659616,0.498574,-1.05586,0.293562,-3.06186,2.34191,0.712808,1.02228,1.018920,0,0,0,0,0,0,0
1481578088,121658851,0.498574,-1.05586,0.293562,-3.06186,2.34191,0.712808,1.02228,1.018920,0,0,0,0,0,0,0
1481578088,147657602,0.499536,-1.05586,0.294524,-3.06305,2.34191,0.712808,1.02228,1.01892-0.0240617,0,-0.0240617,0.02975,0,0,0,0
1481578088,147657602,0.499536,-1.05586,0.294524,-3.06305,2.34191,0.712808,1.02228,1.01892-0.0240617,0,-0.0240617,0.02975,0,0,0,0
1481578088,199647159,0.500499,-1.05586,0.299337,-3.06543,2.34667,0.712808,1.02228,1.01892-0.0488754,0,-0.109032,0.0753046,-0.107836,0,0,0
1481578088,225699725,0.501461,-1.05682,0.304149,-3.06662,2.34905,0.712808,1.02228,1.01892-0.030171,-0.0120306,-0.170033,0.0689131,-0.0729877,0,0,0
1481578088,271668228,0.505311,-1.06067,0.315699,-3.07019,2.35619,0.712808,1.02228,1.01892-0.0800994,-0.0789521,-0.239217,0.0712445,-0.123552,0,0,0
1481578088,297649673,0.506274,-1.0626,0.319549,-3.07138,2.35976,0.712808,1.02228,1.01892-0.0701668,-0.0940884,-0.210369,0.0832802,-0.149314,0,0,0
1481578088,325674242,0.508199,-1.06548,0.326287,-3.07257,2.36452,0.713998,1.02228,1.01892-0.0689247,-0.0959766,-0.24286,0.025285,-0.152542,-0.0148738,0,0
1481578088,351645186,0.511086,-1.06837,0.333987,-3.07495,2.36928,0.713998,1.02228,1.01892-0.0894162,-0.096179,-0.253215,0.095571,-0.186873,-0.00371831,0,0
1481578088,397653220,0.513974,-1.07222,0.344574,-3.07852,2.37523,0.716378,1.02228,1.01892-0.071973,-0.0962461,-0.281623,0.0847988,-0.136013,-0.0670483,0,0
1481578088,423662624,0.516861,-1.07607,0.351312,-3.0809,2.37999,0.717569,1.02228,1.01892-0.0901784,-0.120308,-0.214779,0.0509496,-0.152993,-0.0167619,0,0
1481578088,449666629,0.518786,-1.078,0.357087,-3.08209,2.38356,0.717569,1.02228,1.01892-0.0954882,-0.0992608,-0.2795,0.0509936,-0.153001,-0.0169824,0,0
1481578088,449666629,0.518786,-1.078,0.357087,-3.08209,2.38356,0.717569,1.02228,1.01892-0.0954882,-0.0992608,-0.2795,0.0509936,-0.153001,-0.0169824,0,0
1481578088,501652163,0.524561,-1.0857,0.372487,-3.08685,2.39427,0.719948,1.02228,1.01892-0.0661492,-0.147472,-0.237325,0.102,-0.153525,-0.0339968,0,0
1481578088,547642345,0.528411,-1.09147,0.384999,-3.09042,2.40141,0.722328,1.02228,1.01892-0.140435,-0.151987,-0.323235,0.0849998,-0.161002,-0.0345284,0,0
1481578088,547642345,0.528411,-1.09147,0.384999,-3.09042,2.40141,0.722328,1.02228,1.01892-0.140435,-0.151987,-0.323235,0.0849998,-0.161002,-0.0345284,0,0
1481578088,599662524,0.532261,-1.09725,0.397512,-3.09518,2.40974,0.724708,1.02228,1.01892-0.0886044,-0.122052,-0.262757,0.0956247,-0.187261,-0.0345449,0,0
1481578088,625670784,0.536111,-1.1011,0.406174,-3.09756,2.4145,0.727088,1.02228,1.01892-0.107322,-0.123534,-0.285497,0.0863281,-0.157298,-0.0786868,0,0
1481578088,671674845,0.540924,-1.10783,0.420612,-3.10232,2.42402,0.729468,1.02228,1.01892-0.0969407,-0.109985,-0.288547,0.102083,-0.166032,-0.0792866,0,0
1481578088,697671456,0.542849,-1.10976,0.426386,-3.10351,2.42759,0.730658,1.02228,1.01892-0.0963335,-0.110008,-0.288724,0.0573852,-0.199266,-0.069459,0,0
1481578088,723659769,0.545736,-1.11361,0.435049,-3.10589,2.43235,0.733038,1.02228,1.01892-0.144405,-0.123749,-0.288746,0.103596,-0.139059,-0.0768599,0,0
1481578088,749642337,0.548624,-1.1165,0.439861,-3.10827,2.43473,0.734228,1.02228,1.01892-0.114297,-0.123746,-0.264683,0.102199,-0.136399,-0.0839764,0,0
1481578088,749642337,0.548624,-1.1165,0.439861,-3.10827,2.43473,0.734228,1.02228,1.01892-0.114297,-0.123746,-0.264683,0.102199,-0.136399,-0.0839764,0,0
1481578088,821657489,0.557286,-1.12708,0.461999,-3.11541,2.44901,0.737798,1.02228,1.01892-0.096391,-0.109997,-0.31864,0.0510014,-0.198171,-0.0396997,0,0
1481578088,847637698,0.559211,-1.12901,0.467774,-3.1166,2.45258,0.740178,1.02228,1.01892-0.108295,-0.11,-0.280456,0.0956249,-0.158635,-0.0495838,0,0
1481578088,847637698,0.559211,-1.12901,0.467774,-3.1166,2.45258,0.740178,1.02228,1.01892-0.108295,-0.11,-0.280456,0.0956249,-0.158635,-0.0495838,0,0
1481578088,899638927,0.564986,-1.13575,0.481249,-3.12136,2.46091,0.743748,1.02228,1.01892-0.108656,-0.111722,-0.240365,0.0959568,-0.187189,-0.0796898,0,0
1481578088,925629581,0.568836,-1.1396,0.489911,-3.12493,2.46567,0.744938,1.02228,1.01892-0.145921,-0.122243,-0.2827,0.145869,-0.18701,-0.0397088,0,0
1481578088,951675141,0.571724,-1.14345,0.498574,-3.12731,2.47043,0.747318,1.02228,1.01892-0.13274,-0.150882,-0.287236,0.0959672,-0.195503,-0.0991697,0,0
1481578088,997663270,0.576536,-1.14826,0.510124,-3.13088,2.47757,0.750888,1.02228,1.01892-0.109418,-0.109985,-0.288701,0.110842,-0.158572,-0.0997785,0,0
1481578089,23645581,0.580386,-1.15211,0.517824,-3.13326,2.48233,0.752078,1.02228,1.01892-0.0995463,-0.123756,-0.264677,0.0574605,-0.158647,-0.0844398,0,0
1481578089,49663455,0.582311,-1.155,0.523599,-3.13445,2.4859,0.754458,1.02228,1.01892-0.10869,-0.123747,-0.285741,0.0518075,-0.153695,-0.0997977,0,0
1481578089,49663455,0.582311,-1.155,0.523599,-3.13445,2.4859,0.754458,1.02228,1.01892-0.10869,-0.123747,-0.285741,0.0518075,-0.153695,-0.0997977,0,0
1481578089,101721411,0.589049,-1.1627,0.539961,-3.1404,2.49542,0.758028,1.02228,1.01892-0.10867,-0.151248,-0.276622,0.0722751,-0.187035,-0.0849378,0,0
1481578089,147638813,0.594824,-1.16751,0.551511,3.13921,2.50256,0.762788,1.02228,1.01892-0.126719,-0.103994,-0.288372,0.0580397,-0.158314,-0.110489,0,0
1481578089,173650847,0.597711,-1.17136,0.559211,3.13683,2.50732,0.765168,1.02228,1.01892-0.103865,-0.122245,-0.264593,0.10376,-0.188342,-0.0871173,0,0
1481578089,173650847,0.597711,-1.17136,0.559211,3.13683,2.50732,0.765168,1.02228,1.01892-0.103865,-0.122245,-0.264593,0.10376,-0.188342,-0.0871173,0,0
1481578089,199640911,0.600598,-1.17425,0.564024,3.13445,2.5097,0.766358,1.02228,1.01892-0.121261,-0.123558,-0.237606,0.10222,-0.127659,-0.0852584,0,0
1481578089,225677902,0.604449,-1.1781,0.572686,3.13207,2.51565,0.768737,1.02228,1.01892-0.123442,-0.123726,-0.282357,0.0574024,-0.194456,-0.0552787,0,0
1481578089,271652164,0.611186,-1.18483,0.587124,3.12612,2.52279,0.772308,1.02228,1.01892-0.134052,-0.158132,-0.240225,0.107712,-0.153467,-0.085267,0,0
1481578089,298692873,0.614074,-1.18772,0.592899,3.12493,2.52636,0.775878,1.02228,1.01892-0.149095,-0.152105,-0.318778,0.058089,-0.153074,-0.114775,0,0
1481578089,324645229,0.617923,-1.19061,0.599636,3.12255,2.52993,0.778258,1.02228,1.01892-0.157582,-0.110211,-0.272193,0.103772,-0.127511,-0.0584409,0,0
1481578089,350712409,0.620811,-1.1935,0.604449,3.12017,2.5335,0.780637,1.02228,1.01892-0.152044,-0.122061,-0.226523,0.102221,-0.149816,-0.111421,0,0
1481578089,396656357,0.627549,-1.20023,0.617924,3.1166,2.53945,0.786588,1.02228,1.01892-0.158158,-0.151205,-0.23868,0.0850068,-0.11998,-0.11876,0,0
1481578089,422652431,0.631398,-1.20408,0.625624,3.11541,2.54302,0.790158,1.02228,1.01892-0.111724,-0.109986,-0.228107,0.0510016,-0.119238,-0.118933,0,0
1481578089,448675469,0.634286,-1.20697,0.630436,3.11303,2.54421,0.792538,1.02228,1.01892-0.134274,-0.158118,-0.257106,0.0956251,-0.0595259,-0.118983,0,0
1481578089,448675469,0.634286,-1.20697,0.630436,3.11303,2.54421,0.792538,1.02228,1.01892-0.134274,-0.158118,-0.257106,0.0956251,-0.0595259,-0.118983,0,0
1481578089,500643258,0.641023,-1.21371,0.642948,3.11065,2.54897,0.799678,1.02228,1.01892-0.127513,-0.128258,-0.257682,0.0476132,-0.10226,-0.122715,0,0
1481578089,546646742,0.649686,-1.22141,0.654498,3.10827,2.55254,0.805628,1.02228,1.01892-0.178433,-0.175449,-0.254694,0.0386753,-0.0850278,-0.119107,0,0
1481578089,572635930,0.653536,-1.22526,0.662198,3.10589,2.55492,0.810388,1.02228,1.01892-0.16493,-0.164184,-0.23211,0.0691686,-0.0510043,-0.178568,0,0
1481578089,598665198,0.657386,-1.22911,0.666048,3.10589,2.55611,0.812768,1.02228,1.01892-0.177017,-0.176924,-0.209483,0.023521,-0.0509969,-0.126437,0,0
1481578089,624649443,0.662198,-1.23296,0.672786,3.1047,2.55849,0.816338,1.02228,1.01892-0.164576,-0.164539,-0.220807,0.00588026,-0.0722441,-0.120852,0,0
1481578089,650668308,0.665086,-1.23585,0.677598,3.10351,2.55849,0.819907,1.02228,1.01892-0.164942,-0.128848,-0.2201,0.0453599,-0.0239109,-0.14897,0,0
1481578089,696649155,0.673748,-1.24355,0.689148,3.10232,2.56087,0.827048,1.02228,1.01892-0.179603,-0.136369,-0.208401,0.0311674,-0.0193393,-0.149681,0,0
1481578089,722643523,0.678561,-1.24836,0.695886,3.10113,2.56325,0.830618,1.02228,1.01892-0.141154,-0.178462,-0.196475,0.0672919,-0.0345822,-0.126663,0,0
1481578089,748641073,0.682411,-1.25221,0.699736,3.10113,2.56325,0.834187,1.02228,1.01892-0.186076,-0.178715,-0.205028,0.00841148,-0.0191966,-0.179444,0,0
1481578089,748641073,0.682411,-1.25221,0.699736,3.10113,2.56325,0.834187,1.02228,1.01892-0.186076,-0.178715,-0.205028,0.00841148,-0.0191966,-0.179444,0,0
1481578089,800668554,0.691073,-1.25991,0.711286,3.10113,2.56444,0.841328,1.02228,1.01892-0.180263,-0.164997,-0.207931,0.000262859,-0.00803689,-0.180377,0,0
1481578089,826646746,0.698773,-1.26568,0.716098,3.10113,2.56444,0.848468,1.02228,1.01892-0.263153,-0.18907,-0.146302,3.28574e-05,-0.00100454,-0.230833,0,0
1481578089,872647163,0.712248,-1.27627,0.724761,3.10113,2.56087,0.862748,1.02228,1.01892-0.275125,-0.192292,-0.141486,2.05358e-06,0.074306,-0.252407,0,0
1481578089,898641736,0.718986,-1.28012,0.727648,3.10113,2.55849,0.868698,1.02228,1.01892-0.335175,-0.204499,-0.162061,2.56698e-07,0.113405,-0.314166,0,0
1481578089,924664165,0.727648,-1.28686,0.731498,3.10113,2.55373,0.878218,1.02228,1.01892-0.300362,-0.243625,-0.112704,6.41745e-08,0.177102,-0.286827,0,0
1481578089,950654369,0.734386,-1.29071,0.733423,3.10113,2.55135,0.884167,1.02228,1.01892-0.314268,-0.198898,-0.110335,8.02182e-09,0.126281,-0.318455,0,0
1481578089,950654369,0.734386,-1.29071,0.733423,3.10113,2.55135,0.884167,1.02228,1.01892-0.314268,-0.198898,-0.110335,8.02182e-09,0.126281,-0.318455,0,0
1481578090,22636262,0.761336,-1.30803,0.738236,3.10708,2.5335,0.909157,1.02228,1.01892-0.320538,-0.199326,-0.0700433,-0.0502032,0.229686,-0.338104,0,0
1481578090,48661495,0.768073,-1.31285,0.738236,3.10946,2.52874,0.915108,1.02228,1.01892-0.32882,-0.217409,-0.00875541,-0.1104,0.236957,-0.280297,0,0
1481578090,48661495,0.768073,-1.31285,0.738236,3.10946,2.52874,0.915108,1.02228,1.01892-0.32882,-0.217409,-0.00875541,-0.1104,0.236957,-0.280297,0,0
1481578090,100655688,0.785398,-1.32343,0.739198,3.11541,2.51565,0.928198,1.02228,1.01892-0.353169,-0.217348,-0.00328155,-0.148481,0.241682,-0.261666,0,0
1481578090,126660998,0.795023,-1.32825,0.739198,3.11898,2.50732,0.935337,1.02228,1.01892-0.320862,-0.147477,-0.000410127,-0.13756,0.268204,-0.240941,0,0
1481578090,172648134,0.810423,-1.33691,0.739198,3.12493,2.49423,0.947237,1.02228,1.01892-0.272716,-0.14156,-2.55663e-05,-0.12016,0.247323,-0.238178,0,0
1481578090,198635457,0.814273,-1.33883,0.739198,3.12612,2.49066,0.949617,1.02228,1.01892-0.190491,-0.113955,-3.19579e-06,-0.0893949,0.179666,-0.148763,0,0
1481578090,224668400,0.819086,-1.34076,0.739198,3.12731,2.48828,0.951997,1.02228,1.01892-0.167937,-0.100674,-1.06526e-06,-0.0520989,0.0746641,-0.126433,0,0
1481578090,250649727,0.820048,-1.34172,0.739198,3.12731,2.48709,0.951997,1.02228,1.01892-0.0811465,-0.0366456,0,-0.00651249,0.0837018,-0.0158043,0,0
1481578090,250649727,0.820048,-1.34172,0.739198,3.12731,2.48709,0.951997,1.02228,1.01892-0.0811465,-0.0366456,0,-0.00651249,0.0837018,-0.0158043,0,0
1481578090,322634072,0.818123,-1.34076,0.732461,3.13088,2.48233,0.951997,1.02228,1.018920.0234277,0.047837,0.139864,-0.0186448,0.0489953,-0.000123571,0,0
1481578090,348649048,0.816198,-1.33883,0.728611,3.13207,2.47995,0.949617,1.02228,1.018920.0871443,0.0781646,0.173889,-0.0469553,0.139988,0.0892271,0,0
1481578090,348649048,0.816198,-1.33883,0.728611,3.13207,2.47995,0.949617,1.02228,1.018920.0871443,0.0781646,0.173889,-0.0469553,0.139988,0.0892271,0,0
1481578090,400619025,0.809461,-1.33498,0.718986,3.13445,2.47638,0.944858,1.02228,1.018920.150103,0.0926755,0.191918,-0.0460924,0.0861836,0.114342,0,0
1481578090,446664410,0.800798,-1.32921,0.708398,3.13683,2.47043,0.940098,1.02228,1.018920.167109,0.0991494,0.204513,-0.0386276,0.117971,0.115126,0,0
1481578090,472648951,0.795986,-1.32536,0.700698,3.13921,2.46805,0.936527,1.02228,1.018920.18616,0.145096,0.219565,-0.128657,0.148483,0.118051,0,0
1481578090,498636066,0.791173,-1.32247,0.695886,3.1404,2.46567,0.934147,1.02228,1.018920.227794,0.126414,0.25604,-0.0755821,0.10783,0.118873,0,0
1481578090,524631917,0.785398,-1.31766,0.689148,3.14159,2.4621,0.930578,1.02228,1.018920.225393,0.17598,0.232447,-0.0486453,0.1162,0.118961,0,0
1481578090,550620143,0.781548,-1.31381,0.683373,-3.13921,2.45972,0.929388,1.02228,1.018920.220681,0.178412,0.26968,-0.0655803,0.118668,0.0892389,0,0
1481578090,596654801,0.771923,-1.30707,0.669898,-3.13564,2.45377,0.923437,1.02228,1.018920.193387,0.134907,0.282139,-0.0764242,0.11898,0.118074,0,0
1481578090,622657841,0.766148,-1.30226,0.662198,-3.13326,2.4502,0.919868,1.02228,1.018920.192717,0.154048,0.263033,-0.0488562,0.119001,0.118761,0,0
1481578090,648674055,0.762298,-1.29937,0.657386,-3.13207,2.44782,0.917488,1.02228,1.018920.192528,0.163626,0.261474,-0.0507322,0.118991,0.118961,0,0
1481578090,648674055,0.762298,-1.29937,0.657386,-3.13207,2.44782,0.917488,1.02228,1.018920.192528,0.163626,0.261474,-0.0507322,0.118991,0.118961,0,0
1481578090,700664554,0.752673,-1.29167,0.643911,-3.12731,2.44068,0.912727,1.02228,1.018920.186482,0.164523,0.263833,-0.101992,0.141302,0.104169,0,0
1481578090,746706900,0.743048,-1.28397,0.630436,-3.12493,2.43473,0.906778,1.02228,1.018920.192307,0.161544,0.263909,-0.0478123,0.119689,0.118527,0,0
1481578090,772685324,0.737273,-1.27916,0.621774,-3.12255,2.42997,0.904398,1.02228,1.018920.19246,0.160708,0.282541,-0.101203,0.119178,0.0891267,0,0
1481578090,798648818,0.733423,-1.27627,0.615999,-3.12017,2.42759,0.902018,1.02228,1.018920.192489,0.164458,0.287973,-0.1019,0.163635,0.115257,0,0
1481578090,824635772,0.728611,-1.27146,0.608299,-3.11898,2.42402,0.899637,1.02228,1.018920.168437,0.161423,0.24043,-0.0254753,0.130165,0.0883093,0,0
1481578090,850644421,0.724761,-1.26857,0.602524,-3.11779,2.42164,0.897257,1.02228,1.018920.189486,0.164551,0.282711,-0.0478091,0.120387,0.115168,0,0
1481578090,850644421,0.724761,-1.26857,0.602524,-3.11779,2.42164,0.897257,1.02228,1.018920.189486,0.164551,0.282711,-0.0478091,0.120387,0.115168,0,0
1481578090,922631378,0.710323,-1.25606,0.579424,-3.11065,2.40974,0.890118,1.02228,1.018920.168412,0.160695,0.252609,-0.0849751,0.179439,0.0882831,0,0
1481578090,948655371,0.707436,-1.25317,0.573649,-3.10946,2.40736,0.887738,1.02228,1.018920.141373,0.16446,0.320326,-0.0849964,0.126573,0.115152,0,0
1481578090,948655371,0.707436,-1.25317,0.573649,-3.10946,2.40736,0.887738,1.02228,1.018920.141373,0.16446,0.320326,-0.0849964,0.126573,0.115152,0,0
1481578091,638956,0.697811,-1.24547,0.560174,-3.10589,2.40022,0.882977,1.02228,1.018920.190902,0.164551,0.286727,-0.0509995,0.126691,0.115158,0,0
1481578091,26639439,0.692998,-1.24066,0.551511,-3.10351,2.39546,0.880598,1.02228,1.018920.180264,0.164939,0.288495,-0.0510001,0.1497,0.103637,0,0
1481578091,72664557,0.685298,-1.23296,0.537074,-3.09875,2.38832,0.877028,1.02228,1.018920.185717,0.160696,0.300764,-0.0924373,0.15066,0.0510986,0,0
1481578091,98645910,0.681448,-1.23007,0.531299,-3.09875,2.38475,0.875838,1.02228,1.018920.179622,0.164464,0.29025,-0.0264297,0.182457,0.0510086,0,0
1481578091,124637364,0.676636,-1.22526,0.523599,-3.09637,2.37999,0.873457,1.02228,1.018920.165214,0.161424,0.289124,-0.0661071,0.134857,0.102048,0,0
1481578091,150607466,0.673748,-1.22237,0.517824,-3.09399,2.37761,0.871077,1.02228,1.018920.140967,0.164561,0.252703,-0.0677631,0.135854,0.101999,0,0
1481578091,196649489,0.666048,-1.21563,0.503386,-3.09161,2.37047,0.867508,1.02228,1.018920.160819,0.116441,0.272583,-0.0244302,0.123239,0.0998669,0,0
1481578091,222644849,0.661236,-1.21082,0.494724,-3.08923,2.36571,0.865128,1.02228,1.018920.136451,0.17348,0.332832,-0.0656075,0.149813,0.0844617,0,0
1481578091,248652368,0.658348,-1.20793,0.488949,-3.08685,2.36214,0.863938,1.02228,1.018920.137378,0.129962,0.258166,-0.0974509,0.15259,0.0849265,0,0
1481578091,248652368,0.658348,-1.20793,0.488949,-3.08685,2.36214,0.863938,1.02228,1.018920.137378,0.129962,0.258166,-0.0974509,0.15259,0.0849265,0,0
1481578091,300650665,0.651611,-1.20023,0.473549,-3.08328,2.35381,0.860367,1.02228,1.018920.115578,0.154448,0.32088,-0.0848574,0.187,0.0845129,0,0
1481578091,326656631,0.645836,-1.19542,0.465849,-3.0809,2.35024,0.857987,1.02228,1.018920.182882,0.139618,0.256671,-0.084982,0.127491,0.0998066,0,0
1481578091,372676820,0.639098,-1.18772,0.450449,-3.07733,2.34191,0.855608,1.02228,1.018920.12573,0.129041,0.30479,-0.101999,0.156709,0.0806067,0,0
1481578091,398673156,0.636211,-1.18483,0.444674,-3.07495,2.33834,0.853228,1.02228,1.018920.160086,0.1605,0.290751,-0.102,0.153459,0.0993184,0,0
1481578091,424625554,0.632361,-1.18002,0.435049,-3.07257,2.33358,0.852038,1.02228,1.018920.160343,0.136378,0.289253,-0.0849996,0.187129,0.0843246,0,0
1481578091,450610145,0.629474,-1.17713,0.429274,-3.07138,2.33001,0.850848,1.02228,1.018920.12832,0.161417,0.324905,-0.0850001,0.187002,0.0402881,0,0
1481578091,450610145,0.629474,-1.17713,0.429274,-3.07138,2.33001,0.850848,1.02228,1.018920.12832,0.161417,0.324905,-0.0850001,0.187002,0.0402881,0,0
1481578091,522667128,0.617923,-1.16558,0.406174,-3.06543,2.31692,0.846087,1.02228,1.018920.125071,0.160683,0.289032,-0.102,0.18832,0.0793449,0,0
1481578091,548684608,0.615998,-1.16173,0.399437,-3.06305,2.31335,0.844897,1.02228,1.018920.111884,0.176486,0.336908,-0.102,0.187165,0.0396656,0,0
1481578091,548684608,0.615998,-1.16173,0.399437,-3.06305,2.31335,0.844897,1.02228,1.018920.111884,0.176486,0.336908,-0.102,0.187165,0.0396656,0,0
1481578091,600630638,0.609261,-1.15403,0.384999,-3.06067,2.30502,0.842518,1.02228,1.018920.150887,0.164927,0.290255,-0.0254998,0.158312,0.0384239,0,0
1481578091,646677894,0.602524,-1.14633,0.369599,-3.05591,2.29669,0.840138,1.02228,1.018920.149085,0.176597,0.291806,-0.101203,0.157407,0.0197929,0,0
1481578091,672670166,0.598674,-1.14248,0.359974,-3.05353,2.29193,0.837758,1.02228,1.018920.157586,0.116334,0.289513,-0.0848009,0.158355,0.0346957,0,0
1481578091,698613678,0.595786,-1.1396,0.354199,-3.05115,2.28717,0.836568,1.02228,1.018920.152037,0.134857,0.324934,-0.144475,0.213167,0.0787057,0,0
1481578091,724660562,0.592898,-1.13478,0.345537,-3.04877,2.28241,0.835378,1.02228,1.018920.110194,0.178084,0.297798,-0.0956181,0.142534,0.0196764,0,0
1481578091,750607017,0.590011,-1.1319,0.339762,-3.04758,2.27884,0.834187,1.02228,1.018920.146117,0.130545,0.289881,-0.0863274,0.196308,0.0768816,0,0
1481578091,750607017,0.590011,-1.1319,0.339762,-3.04758,2.27884,0.834187,1.02228,1.018920.146117,0.130545,0.289881,-0.0863274,0.196308,0.0768816,0,0
1481578091,822632232,0.580386,-1.11938,0.314737,-3.04163,2.26456,0.830618,1.02228,1.018920.123707,0.128849,0.325603,-0.10201,0.214428,0.0768286,0,0
1481578091,848670613,0.577499,-1.1165,0.307999,-3.03925,2.26099,0.829428,1.02228,1.018920.123741,0.136421,0.341483,-0.102001,0.190428,0.0690986,0,0
1481578091,848670613,0.577499,-1.1165,0.307999,-3.03925,2.26099,0.829428,1.02228,1.018920.123741,0.136421,0.341483,-0.102001,0.190428,0.0690986,0,0
1481578091,900660225,0.571724,-1.1088,0.292599,-3.03568,2.25147,0.828238,1.02228,1.018920.121168,0.136616,0.314462,-0.0850001,0.199316,0.0170331,0,0
1481578091,946648131,0.565949,-1.1011,0.277199,-3.03211,2.24314,0.825858,1.02228,1.018920.12109,0.130606,0.30158,-0.0658749,0.158713,0.0339982,0,0
1481578091,972648360,0.563061,-1.09628,0.267574,-3.02973,2.23719,0.824668,1.02228,1.018920.102458,0.128898,0.340083,-0.0759688,0.158668,0.0679946,0,0
1481578091,998630954,0.560174,-1.0934,0.261799,-3.02854,2.23362,0.823478,1.02228,1.018920.121098,0.160482,0.295166,-0.0838709,0.168578,0.0382468,0,0
1481578092,24648350,0.557286,-1.08858,0.252174,-3.02497,2.22767,0.822288,1.02228,1.018920.102459,0.136374,0.314418,-0.110218,0.161161,0.00956171,0,0
1481578092,50637462,0.555361,-1.0857,0.245437,-3.02378,2.2241,0.822288,1.02228,1.018920.0970232,0.137355,0.316021,-0.0881517,0.168909,0.016069,0,0

