1481575558,247492705,0.501461,-1.01736,0.316662,-3.08447,2.39546,0.699718,1.02816,1.026480.00305636,-0.0257538,-0.00150415,0.0316113,0.0614709,0.0149904,0,0
1481575558,247492705,0.501461,-1.01736,0.316662,-3.08447,2.39546,0.699718,1.02816,1.026480.00305636,-0.0257538,-0.00150415,0.0316113,0.0614709,0.0149904,0,0
1481575558,305473953,0.501461,-1.01736,0.317624,-3.08447,2.39546,0.699718,1.02816,1.026484.77556e-05,-0.00190629,-0.0120561,0.000493927,0.000960483,0.000234226,0,0
1481575558,331483338,0.501461,-1.01736,0.317624,-3.08447,2.39546,0.699718,1.02816,1.026485.96946e-06,-0.000238087,-0.00150682,6.17409e-05,0.00012006,2.92782e-05,0,0
1481575558,357478047,0.501461,-1.01736,0.317624,-3.08447,2.39546,0.699718,1.02816,1.026481.49236e-06,-5.96548e-05,-0.000376571,1.54352e-05,3.00151e-05,7.31955e-06,0,0
1481575558,357478047,0.501461,-1.01736,0.317624,-3.08447,2.39546,0.699718,1.02816,1.026481.49236e-06,-5.96548e-05,-0.000376571,1.54352e-05,3.00151e-05,7.31955e-06,0,0
1481575558,409508851,0.501461,-1.01736,0.317624,-3.08447,2.39546,0.699718,1.02816,1.026484.66364e-08,-1.5979e-06,-1.17179e-05,4.8235e-07,9.37972e-07,2.28736e-07,0,0
1481575558,435495299,0.501461,-1.01736,0.317624,-3.08447,2.39546,0.699718,1.02816,1.026485.82955e-09,0,-1.5979e-06,6.02938e-08,1.17246e-07,2.8592e-08,0,0
1481575558,461482639,0.501461,-1.01736,0.317624,-3.08447,2.39546,0.699718,1.02816,1.026487.28694e-10,0,0,7.53673e-09,1.46558e-08,3.574e-09,0,0
1481575558,461482639,0.501461,-1.01736,0.317624,-3.08447,2.39546,0.699718,1.02816,1.026487.28694e-10,0,0,7.53673e-09,1.46558e-08,3.574e-09,0,0
1481575558,503514469,0.501461,-1.01736,0.317624,-3.08447,2.39546,0.699718,1.02816,1.026484.55431e-11,0,0,4.71045e-10,9.15988e-10,2.23375e-10,0,0
1481575558,523463901,0.501461,-1.01736,0.317624,-3.08447,2.39546,0.699718,1.02816,1.026481.13856e-11,0,0,1.17761e-10,2.28997e-10,5.58433e-11,0,0
1481575558,549507621,0.501461,-1.01736,0.317624,-3.08447,2.39546,0.699718,1.02816,1.026482.84661e-12,0,0,2.94405e-11,5.72493e-11,1.39613e-11,0,0
1481575558,549507621,0.501461,-1.01736,0.317624,-3.08447,2.39546,0.699718,1.02816,1.026482.84661e-12,0,0,2.94405e-11,5.72493e-11,1.39613e-11,0,0
1481575558,621490734,0.501461,-1.01736,0.317624,-3.08447,2.39546,0.699718,1.02816,1.026481.15463e-14,0,0,1.14575e-13,2.23821e-13,5.41789e-14,0,0
1481575558,647477439,0.501461,-1.01736,0.317624,-3.08447,2.39546,0.699718,1.02816,1.026482.66454e-15,0,0,2.84217e-14,5.59552e-14,1.33227e-14,0,0
1481575558,647477439,0.501461,-1.01736,0.317624,-3.08447,2.39546,0.699718,1.02816,1.026482.66454e-15,0,0,2.84217e-14,5.59552e-14,1.33227e-14,0,0
1481575558,699476374,0.501461,-1.01736,0.317624,-3.08447,2.39546,0.699718,1.02816,1.026480,0,0,8.88178e-16,1.77636e-15,0,0,0
1481575558,725445724,0.501461,-1.01736,0.317624,-3.08447,2.39546,0.699718,1.02816,1.026480,0,0,0,0,0,0,0
1481575558,771507334,0.501461,-1.01736,0.317624,-3.08447,2.39546,0.699718,1.02816,1.026480,0,0,0,0,0,0,0
1481575558,797473282,0.501461,-1.01736,0.317624,-3.08447,2.39546,0.699718,1.02816,1.026480,0,0,0,0,0,0,0
1481575558,823494450,0.501461,-1.01736,0.317624,-3.08447,2.39546,0.699718,1.02816,1.026480,0,0,0,0,0,0,0
1481575558,849475449,0.501461,-1.01736,0.317624,-3.08447,2.39546,0.699718,1.02816,1.026480,0,0,0,0,0,0,0
1481575558,849475449,0.501461,-1.01736,0.317624,-3.08447,2.39546,0.699718,1.02816,1.026480,0,0,0,0,0,0,0
1481575558,901471723,0.501461,-1.01736,0.317624,-3.08447,2.39546,0.699718,1.02816,1.026480,0,0,0,0,0,0,0
1481575558,947523763,0.501461,-1.01736,0.317624,-3.08447,2.39546,0.699718,1.02816,1.026480,0,0,0,0,0,0,0
1481575558,973477775,0.501461,-1.01736,0.317624,-3.08447,2.39546,0.699718,1.02816,1.026480,0,0,0,0,0,0,0
1481575558,973477775,0.501461,-1.01736,0.317624,-3.08447,2.39546,0.699718,1.02816,1.026480,0,0,0,0,0,0,0
1481575558,999473454,0.501461,-1.01736,0.317624,-3.08447,2.39546,0.699718,1.02816,1.026480,0,0,0,0,0,0,0
1481575559,25457421,0.501461,-1.01736,0.317624,-3.08447,2.39546,0.699718,1.02816,1.026480,0,0,0,0,0,0,0
1481575559,71507236,0.501461,-1.01736,0.317624,-3.08447,2.39546,0.699718,1.02816,1.026480,0,0,0,0,0,0,0
1481575559,97489124,0.501461,-1.01736,0.317624,-3.08447,2.39546,0.699718,1.02816,1.026480,0,0,0,0,0,0,0
1481575559,123504673,0.501461,-1.01736,0.317624,-3.08447,2.39427,0.699718,1.02816,1.026480,0,0,0,0.0595217,0,0,0
1481575559,149501739,0.501461,-1.01736,0.317624,-3.08447,2.39427,0.699718,1.02816,1.026480,0,0,0,0.0148804,0,0,0
1481575559,149501739,0.501461,-1.01736,0.317624,-3.08447,2.39427,0.699718,1.02816,1.026480,0,0,0,0.0148804,0,0,0
1481575559,221491848,0.501461,-1.01736,0.317624,-3.08447,2.39427,0.699718,1.02816,1.026480,0,0,0,5.81266e-05,0,0,0
1481575559,247493239,0.501461,-1.01736,0.317624,-3.08447,2.39427,0.699718,1.02816,1.026480,0,0,0,1.45317e-05,0,0,0
1481575559,247493239,0.501461,-1.01736,0.317624,-3.08447,2.39427,0.699718,1.02816,1.026480,0,0,0,1.45317e-05,0,0,0
1481575559,299464053,0.501461,-1.01736,0.317624,-3.08447,2.39427,0.699718,1.02816,1.026480,0,0,0,4.54114e-07,0,0,0
1481575559,325453243,0.501461,-1.01736,0.317624,-3.08447,2.39427,0.699718,1.02816,1.026480,0,0,0,5.67643e-08,0,0,0
1481575559,371475088,0.501461,-1.01736,0.317624,-3.08447,2.39427,0.699718,1.02816,1.026480,0,0,0,1.77388e-09,0,0,0
1481575559,397470831,0.501461,-1.01736,0.317624,-3.08447,2.39427,0.699718,1.02816,1.026480,0,0,0,4.43471e-10,0,0,0
1481575559,423479556,0.501461,-1.01736,0.317624,-3.08447,2.39427,0.699718,1.02816,1.026480,0,0,0,5.54339e-11,0,0,0
1481575559,449473588,0.501461,-1.01736,0.317624,-3.08447,2.39427,0.699718,1.02816,1.026480,0,0,0,1.38582e-11,0,0,0
1481575559,449473588,0.501461,-1.01736,0.317624,-3.08447,2.39427,0.699718,1.02816,1.026480,0,0,0,1.38582e-11,0,0,0
1481575559,501462841,0.501461,-1.01736,0.317624,-3.08447,2.39427,0.699718,1.02816,1.026480,0,0,0,2.16716e-13,0,0,0
1481575559,547505354,0.501461,-1.01736,0.317624,-3.08447,2.39427,0.699718,1.02816,1.026480,0,0,0,1.33227e-14,0,0,0
1481575559,547505354,0.501461,-1.01736,0.317624,-3.08447,2.39427,0.699718,1.02816,1.026480,0,0,0,1.33227e-14,0,0,0
1481575559,599472510,0.501461,-1.01736,0.317624,-3.08447,2.39427,0.699718,1.02816,1.026480,0,0,0,0,0,0,0
1481575559,625442902,0.501461,-1.01736,0.317624,-3.08447,2.39427,0.699718,1.02816,1.026480,0,0,0,0,0,0,0
1481575559,651461099,0.501461,-1.01736,0.317624,-3.08447,2.39427,0.699718,1.02816,1.026480,0,0,0,0,0,0,0
1481575559,697479118,0.501461,-1.01736,0.317624,-3.08447,2.39427,0.699718,1.02816,1.026480,0,0,0,0,0,0,0
1481575559,723461348,0.501461,-1.01736,0.317624,-3.08447,2.39427,0.699718,1.02816,1.026480,0,0,0,0,0,0,0
1481575559,749497511,0.501461,-1.01736,0.317624,-3.08447,2.39427,0.699718,1.02816,1.026480,0,0,0,0,0,0,0
1481575559,749497511,0.501461,-1.01736,0.317624,-3.08447,2.39427,0.699718,1.02816,1.026480,0,0,0,0,0,0,0
1481575559,801471008,0.501461,-1.01736,0.317624,-3.08447,2.39427,0.699718,1.02816,1.026480,0,0,0,0,0,0,0
1481575559,847498992,0.501461,-1.01736,0.317624,-3.08447,2.39427,0.699718,1.02816,1.026480,0,0,0,0,0,0,0
1481575559,847498992,0.501461,-1.01736,0.317624,-3.08447,2.39427,0.699718,1.02816,1.026480,0,0,0,0,0,0,0
1481575559,899458090,0.501461,-1.01736,0.317624,-3.08447,2.39427,0.699718,1.02816,1.026480,0,0,0,0,0,0,0
1481575559,925453691,0.501461,-1.01736,0.317624,-3.08447,2.39427,0.699718,1.02816,1.026480,0,0,0,0,0,0,0
1481575559,971484505,0.501461,-1.01736,0.317624,-3.08447,2.39427,0.699718,1.02816,1.026480,0,0,0,0,0,0,0
1481575559,997469903,0.501461,-1.01736,0.317624,-3.08447,2.39427,0.699718,1.02816,1.026480,0,0,0,0,0,0,0
1481575560,23478667,0.501461,-1.01736,0.317624,-3.08447,2.39427,0.699718,1.02816,1.026480,0,0,0,0,0,0,0
1481575560,49476742,0.501461,-1.01736,0.317624,-3.08447,2.39427,0.699718,1.02816,1.026480,0,0,0,0,0,0,0
1481575560,49476742,0.501461,-1.01736,0.317624,-3.08447,2.39427,0.699718,1.02816,1.026480,0,0,0,0,0,0,0
1481575560,121497022,0.501461,-1.01736,0.317624,-3.08447,2.39427,0.699718,1.02816,1.026480,0,0,0,0,0,0,0
1481575560,147481175,0.501461,-1.01736,0.317624,-3.08447,2.39427,0.699718,1.02816,1.026480,0,0,0,0,0,0,0
1481575560,147481175,0.501461,-1.01736,0.317624,-3.08447,2.39427,0.699718,1.02816,1.026480,0,0,0,0,0,0,0
1481575560,199472823,0.501461,-1.01736,0.317624,-3.08447,2.39427,0.699718,1.02816,1.026480,0,0,0,0,0,0,0
1481575560,225476146,0.501461,-1.01736,0.317624,-3.08447,2.39427,0.699718,1.02816,1.026480,0,0,0,0,0,0,0
1481575560,271506717,0.501461,-1.01736,0.317624,-3.08447,2.39427,0.699718,1.02816,1.026480,0,0,0,0,0,0,0
1481575560,297474707,0.501461,-1.01736,0.317624,-3.08447,2.39427,0.699718,1.02816,1.026480,0,0,0,0,0,0,0
1481575560,323475467,0.501461,-1.01736,0.317624,-3.08447,2.39427,0.699718,1.02816,1.026480,0,0,0,0,0,0,0
1481575560,349500850,0.501461,-1.01736,0.317624,-3.08447,2.39427,0.699718,1.02816,1.026480,0,0,0,0,0,0,0
1481575560,349500850,0.501461,-1.01736,0.317624,-3.08447,2.39427,0.699718,1.02816,1.026480,0,0,0,0,0,0,0
1481575560,401475538,0.501461,-1.01736,0.317624,-3.08447,2.39427,0.699718,1.02816,1.026480,0,0,0,0,0,0,0
1481575560,447501399,0.501461,-1.01736,0.317624,-3.08447,2.39427,0.699718,1.02816,1.026480,0,0,0,0,0,0,0
1481575560,447501399,0.501461,-1.01736,0.317624,-3.08447,2.39427,0.699718,1.02816,1.026480,0,0,0,0,0,0,0
1481575560,499468403,0.501461,-1.01736,0.317624,-3.08447,2.39427,0.699718,1.02816,1.026480,0,0,0,0,0,0,0
1481575560,525481447,0.501461,-1.01736,0.317624,-3.08447,2.39427,0.699718,1.02816,1.026480,0,0,0,0,0,0,0
1481575560,571494878,0.501461,-1.01736,0.317624,-3.08447,2.39427,0.699718,1.02816,1.026480,0,0,0,0,0,0,0
1481575560,597466634,0.501461,-1.01736,0.317624,-3.08447,2.39427,0.699718,1.02816,1.026480,0,0,0,0,0,0,0
1481575560,623492110,0.501461,-1.01736,0.317624,-3.08447,2.39427,0.699718,1.02816,1.026480,0,0,0,0,0,0,0
1481575560,649468137,0.501461,-1.01736,0.317624,-3.08447,2.39427,0.699718,1.02816,1.026480,0,0,0,0,0,0,0
1481575560,649468137,0.501461,-1.01736,0.317624,-3.08447,2.39427,0.699718,1.02816,1.026480,0,0,0,0,0,0,0
1481575560,701458967,0.501461,-1.01736,0.317624,-3.08447,2.39427,0.699718,1.02816,1.026480,0,0,0,0,0,0,0
1481575560,747506227,0.501461,-1.01736,0.317624,-3.08447,2.39427,0.699718,1.02816,1.026480,0,0,0,0,0,0,0
1481575560,747506227,0.501461,-1.01736,0.317624,-3.08447,2.39427,0.699718,1.02816,1.026480,0,0,0,0,0,0,0
1481575560,799456352,0.501461,-1.01736,0.317624,-3.08447,2.39427,0.699718,1.02816,1.026480,0,0,0,0,0,0,0
1481575560,825439901,0.501461,-1.01736,0.317624,-3.08447,2.39427,0.699718,1.02816,1.026480,0,0,0,0,0,0,0
1481575560,851498913,0.501461,-1.01736,0.317624,-3.08447,2.39427,0.699718,1.02816,1.026480,0,0,0,0,0,0,0
1481575560,897463390,0.501461,-1.01736,0.317624,-3.08447,2.39427,0.699718,1.02816,1.026480,0,0,0,0,0,0,0
1481575560,923487381,0.501461,-1.01736,0.317624,-3.08447,2.39427,0.699718,1.02816,1.026480,0,0,0,0,0,0,0
1481575560,949494499,0.501461,-1.01736,0.317624,-3.08447,2.39427,0.699718,1.02816,1.026480,0,0,0,0,0,0,0
1481575560,949494499,0.501461,-1.01736,0.317624,-3.08447,2.39427,0.699718,1.02816,1.026480,0,0,0,0,0,0,0
1481575561,21470601,0.501461,-1.01736,0.317624,-3.08447,2.39427,0.699718,1.02816,1.026480,0,0,0,0,0,0,0
1481575561,47479436,0.501461,-1.01736,0.317624,-3.08447,2.39427,0.699718,1.02816,1.026480,0,0,0,0,0,0,0
1481575561,47479436,0.501461,-1.01736,0.317624,-3.08447,2.39427,0.699718,1.02816,1.026480,0,0,0,0,0,0,0
1481575561,99462753,0.501461,-1.01736,0.317624,-3.08447,2.39427,0.699718,1.02816,1.026480,0,0,0,0,0,0,0
1481575561,125472730,0.501461,-1.01736,0.317624,-3.08447,2.39427,0.699718,1.02816,1.026480,0,0,0,0,0,0,0
1481575561,171473602,0.501461,-1.01736,0.317624,-3.08447,2.39427,0.699718,1.02816,1.026480,0,0,0,0,0,0,0
1481575561,197461937,0.501461,-1.01736,0.317624,-3.08447,2.39427,0.699718,1.02816,1.026480,0,0,0,0,0,0,0
1481575561,223491775,0.501461,-1.01736,0.317624,-3.08447,2.39427,0.699718,1.02816,1.026480,0,0,0,0,0,0,0
1481575561,249458214,0.501461,-1.01736,0.317624,-3.08447,2.39427,0.699718,1.02816,1.026480,0,0,0,0,0,0,0
1481575561,249458214,0.501461,-1.01736,0.317624,-3.08447,2.39427,0.699718,1.02816,1.026480,0,0,0,0,0,0,0
1481575561,301456933,0.501461,-1.01736,0.317624,-3.08447,2.39427,0.699718,1.02816,1.026480,0,0,0,0,0,0,0
1481575561,347459203,0.501461,-1.01832,0.317624,-3.08447,2.39427,0.699718,1.02816,1.026480,0,0,0,0,0,0,0
1481575561,347459203,0.501461,-1.01832,0.317624,-3.08447,2.39427,0.699718,1.02816,1.026480,0,0,0,0,0,0,0
1481575561,399456720,0.501461,-1.02025,0.317624,-3.08447,2.38713,0.699718,1.02816,1.026480,-0.0270694,0,0,0.171048,0,0,0
1481575561,425461301,0.501461,-1.02217,0.317624,-3.08328,2.38237,0.699718,1.02816,1.026480,-0.0876026,0,-0.0594998,0.214746,0,0,0
1481575561,471460152,0.501461,-1.02698,0.314737,-3.07852,2.37047,0.699718,1.02816,1.026480,-0.104999,0.0631623,-0.109703,0.244706,0,0,0
1481575561,497480317,0.501461,-1.03084,0.311849,-3.07495,2.36095,0.699718,1.02816,1.026480,-0.0984416,0.0879822,-0.116675,0.269422,0,0,0
1481575561,523489924,0.501461,-1.03276,0.309924,-3.07257,2.355,0.699718,1.02816,1.026480,-0.108552,0.0952136,-0.118709,0.316312,0,0,0
1481575561,549476564,0.501461,-1.03757,0.306074,-3.06781,2.34548,0.699718,1.02816,1.026480,-0.123385,0.0959917,-0.089177,0.287311,0,0,0
1481575561,549476564,0.501461,-1.03757,0.306074,-3.06781,2.34548,0.699718,1.02816,1.026480,-0.123385,0.0959917,-0.089177,0.287311,0,0,0
1481575561,601465792,0.501461,-1.04431,0.300299,-3.06067,2.32763,0.699718,1.02816,1.026480,-0.128265,0.145877,-0.165019,0.355917,0,0,0
1481575561,647494787,0.501461,-1.05201,0.293562,-3.05353,2.30978,0.700908,1.02816,1.026480,-0.176448,0.159506,-0.129314,0.408996,-0.00743714,0,0
1481575561,647494787,0.501461,-1.05201,0.293562,-3.05353,2.30978,0.700908,1.02816,1.026480,-0.176448,0.159506,-0.129314,0.408996,-0.00743714,0,0
1481575561,699446708,0.501461,-1.05971,0.284899,-3.04639,2.29193,0.703288,1.02816,1.026480,-0.176955,0.164401,-0.152791,0.358633,-0.0671644,0,0
1481575561,725477057,0.501461,-1.0626,0.282012,-3.04282,2.28479,0.704479,1.02816,1.026480,-0.130403,0.164923,-0.152974,0.357191,-0.0679436,0,0
1481575561,771457821,0.500499,-1.0703,0.275274,-3.03568,2.26575,0.706858,1.02816,1.026480.0481233,-0.136421,0.116443,-0.142374,0.368154,-0.0690552,0,0
1481575561,797477755,0.500499,-1.07511,0.269499,-3.03211,2.25504,0.708048,1.02816,1.026480.0120308,-0.178475,0.173487,-0.184343,0.359779,-0.0767587,0,0
1481575561,823456278,0.500499,-1.078,0.266612,-3.02854,2.24671,0.709238,1.02816,1.026480.00150385,-0.130593,0.141998,-0.142043,0.41685,-0.0690899,0,0
1481575561,849487413,0.499536,-1.08281,0.261799,-3.02378,2.236,0.710428,1.02816,1.026480.0484993,-0.128895,0.179876,-0.18426,0.371953,-0.0767677,0,0
1481575561,849487413,0.499536,-1.08281,0.261799,-3.02378,2.236,0.710428,1.02816,1.026480.0484993,-0.128895,0.179876,-0.18426,0.371953,-0.0767677,0,0
1481575561,921494371,0.499536,-1.0934,0.249287,-3.01307,2.20982,0.713998,1.02816,1.026480.00018945,-0.160678,0.186057,-0.135989,0.364503,-0.0393434,0,0
1481575561,947478050,0.499536,-1.09821,0.244474,-3.00831,2.19792,0.715188,1.02816,1.026484.73626e-05,-0.136416,0.166829,-0.123247,0.418375,-0.0395836,0,0
1481575561,973467219,0.499536,-1.10013,0.240624,-3.00593,2.19078,0.716378,1.02816,1.026485.92032e-06,-0.113299,0.189289,-0.134405,0.364679,-0.0346957,0,0
1481575561,973467219,0.499536,-1.10013,0.240624,-3.00593,2.19078,0.716378,1.02816,1.026485.92032e-06,-0.113299,0.189289,-0.134405,0.364679,-0.0346957,0,0
1481575561,999458694,0.499536,-1.10495,0.235812,-3.00117,2.17888,0.718758,1.02816,1.026481.48008e-06,-0.172701,0.143572,-0.122851,0.418419,-0.0384481,0,0
1481575562,25470331,0.499536,-1.10783,0.232924,-2.99879,2.17174,0.719948,1.02816,1.026481.8501e-07,-0.129865,0.138258,-0.134355,0.364691,-0.0791747,0,0
1481575562,71448833,0.499536,-1.11553,0.2233,-2.99165,2.15271,0.722328,1.02816,1.026485.78157e-09,-0.16046,0.190801,-0.134354,0.372102,-0.0694062,0,0
1481575562,97482828,0.498574,-1.11938,0.217524,-2.98689,2.1408,0.724708,1.02816,1.026481.44539e-09,-0.160437,0.192073,-0.152588,0.420288,-0.0470991,0,0
1481575562,123482463,0.498574,-1.12227,0.214637,-2.98332,2.13367,0.725898,1.02816,1.026480.0120308,-0.152394,0.144326,-0.152948,0.364898,-0.080256,0,0
1481575562,149484908,0.497611,-1.12612,0.208862,-2.97975,2.12176,0.727088,1.02816,1.026480.00300771,-0.158407,0.180458,-0.186987,0.418487,-0.0795593,0,0
1481575562,149484908,0.497611,-1.12612,0.208862,-2.97975,2.12176,0.727088,1.02816,1.026480.00300771,-0.158407,0.180458,-0.186987,0.418487,-0.0795593,0,0
1481575562,221466806,0.497611,-1.13575,0.19635,-2.96904,2.09559,0.731848,1.02816,1.026480.000387712,-0.124317,0.187939,-0.14948,0.364666,-0.0793409,0,0
1481575562,247493240,0.496649,-1.1396,0.190575,-2.96428,2.08368,0.734228,1.02816,1.026489.69281e-05,-0.127326,0.191358,-0.186119,0.388682,-0.0495827,0,0
1481575562,273451041,0.496649,-1.14248,0.186725,-2.9619,2.07536,0.735418,1.02816,1.026480.0120429,-0.124207,0.192355,-0.12739,0.420442,-0.0805665,0,0
1481575562,273451041,0.496649,-1.14248,0.186725,-2.9619,2.07536,0.735418,1.02816,1.026480.0120429,-0.124207,0.192355,-0.12739,0.420442,-0.0805665,0,0
1481575562,299456994,0.496649,-1.14633,0.18095,-2.95714,2.06464,0.737798,1.02816,1.026480.00301074,-0.127298,0.192462,-0.180596,0.372851,-0.049889,0,0
1481575562,325502018,0.496649,-1.14922,0.1771,-2.95357,2.05632,0.738988,1.02816,1.026480.000376342,-0.12419,0.192498,-0.1862,0.41847,-0.0806048,0,0
1481575562,371455395,0.495686,-1.15596,0.167475,-2.94643,2.03728,0.742557,1.02816,1.026480.00602718,-0.15126,0.192498,-0.165725,0.373787,-0.0806059,0,0
1481575562,397463835,0.495686,-1.15981,0.1617,-2.94286,2.02538,0.744938,1.02816,1.026480.00150679,-0.11,0.192498,-0.16043,0.361188,-0.0499257,0,0
1481575562,423500508,0.495686,-1.16173,0.15785,-2.93929,2.01824,0.746128,1.02816,1.026480.000188349,-0.11,0.192495,-0.183678,0.372391,-0.0806096,0,0
1481575562,449454073,0.495686,-1.16558,0.151112,-2.93453,2.00634,0.748508,1.02816,1.026484.70873e-05,-0.147808,0.192497,-0.135169,0.390586,-0.0498996,0,0
1481575562,449454073,0.495686,-1.16558,0.151112,-2.93453,2.00634,0.748508,1.02816,1.026484.70873e-05,-0.147808,0.192497,-0.135169,0.390586,-0.0498996,0,0
1481575562,501447654,0.495686,-1.17136,0.141487,-2.92739,1.98611,0.752078,1.02816,1.026487.35739e-07,-0.109085,0.193999,-0.135987,0.420745,-0.0807263,0,0
1481575562,547491781,0.494724,-1.1781,0.1309,-2.92025,1.96707,0.756838,1.02816,1.026480.0120342,-0.109086,0.240722,-0.149811,0.420468,-0.101725,0,0
1481575562,573469081,0.494724,-1.18002,0.12705,-2.91787,1.95874,0.758028,1.02816,1.026480.00150428,-0.109883,0.198525,-0.122851,0.424436,-0.0870976,0,0
1481575562,573469081,0.494724,-1.18002,0.12705,-2.91787,1.95874,0.758028,1.02816,1.026480.00150428,-0.109883,0.198525,-0.122851,0.424436,-0.0870976,0,0
1481575562,599448826,0.494724,-1.18387,0.121275,-2.91311,1.94684,0.760408,1.02816,1.026480.000376069,-0.147779,0.194008,-0.149713,0.37385,-0.051522,0,0
1481575562,625482768,0.493761,-1.1858,0.116462,-2.90954,1.9397,0.761598,1.02816,1.026480.0481703,-0.102691,0.240816,-0.152588,0.373974,-0.0510613,0,0
1481575562,651452440,0.493761,-1.18965,0.109725,-2.90597,1.9278,0.763978,1.02816,1.026480.00602129,-0.121114,0.24666,-0.0934482,0.374003,-0.0510038,0,0
1481575562,697466995,0.493761,-1.19446,0.1001,-2.89764,1.90757,0.768737,1.02816,1.026480.000376331,-0.0978041,0.195883,-0.15459,0.365488,-0.0552457,0,0
1481575562,723430924,0.492799,-1.19735,0.0952872,-2.89407,1.89924,0.771118,1.02816,1.026480.0241087,-0.144565,0.216987,-0.182949,0.432424,-0.111048,0,0
1481575562,749494926,0.492799,-1.20023,0.0885498,-2.88931,1.88734,0.773498,1.02816,1.026480.00602718,-0.108326,0.198623,-0.105237,0.375847,-0.0872574,0,0
1481575562,749494926,0.492799,-1.20023,0.0885498,-2.88931,1.88734,0.773498,1.02816,1.026480.00602718,-0.108326,0.198623,-0.105237,0.375847,-0.0872574,0,0
1481575562,801479022,0.491836,-1.20601,0.0779623,-2.88217,1.8683,0.777068,1.02816,1.026480.00610959,-0.108467,0.21816,-0.183863,0.374034,-0.0552808,0,0
1481575562,847484787,0.491836,-1.21082,0.0673748,-2.87503,1.84807,0.781827,1.02816,1.026480.000381849,-0.0970136,0.206132,-0.152804,0.432449,-0.0555131,0,0
1481575562,873444598,0.491836,-1.21275,0.0625623,-2.87146,1.83974,0.784208,1.02816,1.026484.77312e-05,-0.0963425,0.218268,-0.152975,0.425913,-0.111082,0,0
1481575562,873444598,0.491836,-1.21275,0.0625623,-2.87146,1.83974,0.784208,1.02816,1.026484.77312e-05,-0.0963425,0.218268,-0.152975,0.425913,-0.111082,0,0
1481575562,899472481,0.490874,-1.21563,0.0558249,-2.8667,1.82784,0.786588,1.02816,1.026480.0240736,-0.0962706,0.223002,-0.186994,0.433741,-0.0575179,0,0
1481575562,925467395,0.490874,-1.21756,0.0510123,-2.86313,1.8207,0.788968,1.02816,1.026480.0030092,-0.0962562,0.24444,-0.186999,0.36658,-0.111306,0,0
1481575562,951465639,0.490874,-1.22045,0.0442749,-2.85956,1.80761,0.791348,1.02816,1.026480.00037615,-0.0962477,0.223052,-0.142375,0.43256,-0.0882822,0,0
1481575562,997465997,0.489911,-1.22622,0.0327249,-2.85123,1.78738,0.796108,1.02816,1.026480.00603892,-0.108284,0.266599,-0.135335,0.391485,-0.0575759,0,0
1481575563,23489964,0.489911,-1.22815,0.0279125,-2.84766,1.77905,0.798488,1.02816,1.026480.000754866,-0.0977513,0.249883,-0.165667,0.435693,-0.111327,0,0
1481575563,49465078,0.489911,-1.23103,0.0211749,-2.8429,1.76715,0.800868,1.02816,1.026480.000188716,-0.0966227,0.254967,-0.190167,0.376678,-0.117074,0,0
1481575563,49465078,0.489911,-1.23103,0.0211749,-2.8429,1.76715,0.800868,1.02816,1.026480.000188716,-0.0966227,0.254967,-0.190167,0.376678,-0.117074,0,0
1481575563,121506789,0.488949,-1.23681,0.00481247,-2.83219,1.73978,0.808007,1.02816,1.026480.00150459,-0.0954972,0.22132,-0.137872,0.374283,-0.0887701,0,0
1481575563,147451729,0.488949,-1.23873,-0.00192507,-2.82743,1.72669,0.811578,1.02816,1.026480.000376148,-0.0960592,0.223765,-0.123716,0.391072,-0.111462,0,0
1481575563,173451793,0.487986,-1.24066,-0.0077,-2.82505,1.71955,0.813958,1.02816,1.026480.0241087,-0.084206,0.268596,-0.134465,0.37614,-0.118049,0,0
1481575563,173451793,0.487986,-1.24066,-0.0077,-2.82505,1.71955,0.813958,1.02816,1.026480.0241087,-0.084206,0.268596,-0.134465,0.37614,-0.118049,0,0
1481575563,199455477,0.487986,-1.24355,-0.0144375,-2.8191,1.70646,0.816338,1.02816,1.026480.00602717,-0.0932362,0.259649,-0.212116,0.391537,-0.0592596,0,0
1481575563,225482208,0.487024,-1.24547,-0.01925,-2.81553,1.69932,0.818718,1.02816,1.026480.000753396,-0.0958706,0.224958,-0.190138,0.376198,-0.111524,0,0
1481575563,271464871,0.487024,-1.24932,-0.0317625,-2.8072,1.6779,0.824668,1.02816,1.026480.00303208,-0.0721866,0.256678,-0.195598,0.435693,-0.11877,0,0
1481575563,297460138,0.486061,-1.25221,-0.0394625,-2.80244,1.666,0.828238,1.02816,1.026480.0248197,-0.0902316,0.232605,-0.197648,0.436159,-0.118935,0,0
1481575563,323452150,0.486061,-1.25317,-0.0442749,-2.79887,1.65767,0.830618,1.02816,1.026480.00310246,-0.0714329,0.25767,-0.188331,0.396636,-0.118983,0,0
1481575563,349476964,0.486061,-1.25606,-0.0519749,-2.79411,1.64458,0.832997,1.02816,1.026480.000775615,-0.0900431,0.256917,-0.136333,0.396647,-0.0892409,0,0
1481575563,349476964,0.486061,-1.25606,-0.0519749,-2.79411,1.64458,0.832997,1.02816,1.026480.000775615,-0.0900431,0.256917,-0.136333,0.396647,-0.0892409,0,0
1481575563,421473274,0.485099,-1.25991,-0.0644874,-2.78697,1.62673,0.837758,1.02816,1.026480.000754957,-0.0653939,0.122444,-0.0414388,0.119619,-0.0221958,0,0
1481575563,447518022,0.484136,-1.25991,-0.0664123,-2.78697,1.62554,0.838948,1.02816,1.026480.0242504,-0.0163486,0.0546727,-0.0103597,0.0596522,-0.065044,0,0
1481575563,473449309,0.484136,-1.25991,-0.0664123,-2.78697,1.62554,0.838948,1.02816,1.026480.0030313,-0.00204371,0.0188649,-0.00129483,0.00745653,-0.00813063,0,0
1481575563,473449309,0.484136,-1.25991,-0.0664123,-2.78697,1.62554,0.838948,1.02816,1.026480.0030313,-0.00204371,0.0188649,-0.00129483,0.00745653,-0.00813063,0,0
1481575563,499481652,0.484136,-1.25991,-0.0664123,-2.78697,1.6303,0.838948,1.02816,1.026480.000757825,-0.000510794,0.00471623,-0.00032384,-0.0576308,-0.00203252,0,0
1481575563,525486517,0.484136,-1.25991,-0.0664123,-2.78697,1.63387,0.838948,1.02816,1.026489.47281e-05,-6.39159e-05,0.000589529,-4.048e-05,-0.185696,-0.000254066,0,0
1481575563,571419817,0.484136,-1.25991,-0.0615998,-2.79292,1.64815,0.836568,1.02816,1.026482.96025e-06,-2.13053e-06,-0.093224,0.115279,-0.303293,0.033458,0,0
1481575563,597475171,0.484136,-1.25991,-0.0558249,-2.79649,1.65767,0.834187,1.02816,1.026487.40063e-07,-5.32632e-07,-0.167683,0.11807,-0.284069,0.0976603,0,0
1481575563,623440449,0.484136,-1.25991,-0.0529374,-2.79887,1.66481,0.831807,1.02816,1.026489.25079e-08,0,-0.141272,0.118884,-0.347891,0.10145,0,0
1481575563,649466537,0.484136,-1.25798,-0.0471625,-2.80363,1.67552,0.829428,1.02816,1.026482.3127e-08,0.072185,-0.179695,0.0892209,-0.354727,0.114605,0,0
1481575563,649466537,0.484136,-1.25798,-0.0471625,-2.80363,1.67552,0.829428,1.02816,1.026482.3127e-08,0.072185,-0.179695,0.0892209,-0.354727,0.114605,0,0
1481575563,721449828,0.484136,-1.25317,-0.0317625,-2.81434,1.70289,0.822288,1.02816,1.026489.03402e-11,0.0687077,-0.219518,0.152817,-0.390472,0.0887606,0,0
1481575563,747500860,0.484136,-1.25028,-0.0250249,-2.8191,1.71479,0.818718,1.02816,1.026482.25846e-11,0.0893619,-0.223315,0.186953,-0.365372,0.111459,0,0
1481575563,773477998,0.484136,-1.24932,-0.0202125,-2.82267,1.72193,0.817528,1.02816,1.026482.82352e-12,0.0472627,-0.244478,0.186994,-0.372927,0.0883012,0,0
1481575563,773477998,0.484136,-1.24932,-0.0202125,-2.82267,1.72193,0.817528,1.02816,1.026482.82352e-12,0.0472627,-0.244478,0.186994,-0.372927,0.0883012,0,0
1481575563,799453315,0.484136,-1.24643,-0.0134749,-2.82743,1.73502,0.813958,1.02816,1.026487.06102e-13,0.0840073,-0.229554,0.135999,-0.390734,0.111318,0,0
1481575563,825456852,0.484136,-1.24451,-0.0077,-2.82981,1.74216,0.812768,1.02816,1.026488.79297e-14,0.0947167,-0.269319,0.136,-0.376097,0.058536,0,0
1481575563,871446039,0.484136,-1.24066,0.00385,-2.83814,1.76239,0.806817,1.02816,1.026482.66454e-15,0.084168,-0.255057,0.193906,-0.394789,0.117127,0,0
1481575563,897426383,0.484136,-1.23777,0.0105874,-2.8429,1.77429,0.804438,1.02816,1.026488.88178e-16,0.0932336,-0.208141,0.197227,-0.425947,0.0887769,0,0
1481575563,923473766,0.484136,-1.23681,0.0154,-2.84647,1.78262,0.802058,1.02816,1.026480,0.0718084,-0.254614,0.188278,-0.395373,0.115213,0,0
1481575563,949456725,0.484136,-1.23392,0.0221374,-2.85004,1.79452,0.799678,1.02816,1.026480,0.0901371,-0.256153,0.136319,-0.426092,0.118046,0,0
1481575563,997449679,0.485099,-1.22911,0.0336874,-2.85837,1.81475,0.794917,1.02816,1.02648-0.0481233,0.096059,-0.206517,0.0972287,-0.433521,0.115295,0,0
1481575564,23441635,0.485099,-1.22718,0.0384999,-2.86075,1.82189,0.792538,1.02816,1.02648-0.00601555,0.0721615,-0.254405,0.131153,-0.366572,0.103654,0,0
1481575564,49442316,0.485099,-1.22333,0.0442749,-2.86551,1.8326,0.790158,1.02816,1.02648-0.00150362,0.0661637,-0.207975,0.0922883,-0.359397,0.0854086,0,0
1481575564,49442316,0.485099,-1.22333,0.0442749,-2.86551,1.8326,0.790158,1.02816,1.02648-0.00150362,0.0661637,-0.207975,0.0922883,-0.359397,0.0854086,0,0
1481575564,101439720,0.485099,-1.21948,0.0548623,-2.87265,1.85164,0.786588,1.02816,1.02648-2.34358e-05,0.0942732,-0.240863,0.179942,-0.416521,0.0515334,0,0
1481575564,147454444,0.486061,-1.21467,0.0654498,-2.87979,1.86949,0.781827,1.02816,1.02648-0.00601715,0.0961366,-0.219582,0.122809,-0.360728,0.0850265,0,0
1481575564,173456082,0.487024,-1.21275,0.0692998,-2.88217,1.87782,0.780637,1.02816,1.02648-0.0488754,0.0962329,-0.195888,0.134351,-0.416948,0.0552629,0,0
1481575564,173456082,0.487024,-1.21275,0.0692998,-2.88217,1.87782,0.780637,1.02816,1.02648-0.0488754,0.0962329,-0.195888,0.134351,-0.416948,0.0552629,0,0
1481575564,199451706,0.487024,-1.20986,0.0760372,-2.88693,1.88972,0.777068,1.02816,1.02648-0.0122191,0.0962432,-0.241472,0.152588,-0.4315,0.103058,0,0
1481575564,225468188,0.487986,-1.20793,0.0808498,-2.88931,1.89686,0.775878,1.02816,1.02648-0.0496642,0.0962462,-0.246749,0.123198,-0.3663,0.087251,0,0
1481575564,251461905,0.487986,-1.20408,0.0866248,-2.89407,1.90876,0.773498,1.02816,1.02648-0.00620783,0.108281,-0.199278,0.134399,-0.417665,0.0555276,0,0
1481575564,297420490,0.487986,-1.19927,0.0972123,-2.9024,1.9278,0.768737,1.02816,1.02648-0.000387756,0.0969988,-0.192925,0.127399,-0.390554,0.0555286,0,0
1481575564,323443596,0.487986,-1.19735,0.101062,-2.90478,1.93613,0.766358,1.02816,1.02648-4.84695e-05,0.096344,-0.204586,0.134925,-0.420677,0.111071,0,0
1481575564,349465000,0.488949,-1.1935,0.1078,-2.90954,1.94803,0.765168,1.02816,1.02648-0.0481356,0.144394,-0.219585,0.18248,-0.432432,0.0872627,0,0
1481575564,349465000,0.488949,-1.1935,0.1078,-2.90954,1.94803,0.765168,1.02816,1.02648-0.0481356,0.144394,-0.219585,0.18248,-0.432432,0.0872627,0,0
1481575564,401462751,0.488949,-1.18772,0.117425,-2.91668,1.96707,0.760408,1.02816,1.02648-0.000752077,0.121064,-0.192925,0.149742,-0.387918,0.101761,0,0
1481575564,447456204,0.489911,-1.18195,0.128012,-2.92501,1.98611,0.756838,1.02816,1.02648-0.0241085,0.0977977,-0.21659,0.135796,-0.388669,0.0509813,0,0
1481575564,447456204,0.489911,-1.18195,0.128012,-2.92501,1.98611,0.756838,1.02816,1.02648-0.0241085,0.0977977,-0.21659,0.135796,-0.388669,0.0509813,0,0
1481575564,499425244,0.489911,-1.17617,0.1386,-2.93215,2.00634,0.753268,1.02816,1.02648-0.000753142,0.123365,-0.199266,0.130681,-0.39519,0.0499462,0,0
1481575564,525430795,0.489911,-1.17328,0.14245,-2.93453,2.01347,0.752078,1.02816,1.02648-9.42759e-05,0.123705,-0.193348,0.135335,-0.361761,0.0508645,0,0
1481575564,571442804,0.489911,-1.16751,0.152075,-2.94167,2.03251,0.747318,1.02816,1.02648-3.19579e-06,0.145228,-0.192524,0.134385,-0.36086,0.109424,0,0
1481575564,597420421,0.490874,-1.16366,0.15785,-2.94643,2.04442,0.744938,1.02816,1.02648-0.0240622,0.108499,-0.168443,0.122846,-0.387704,0.0868511,0,0
1481575564,623480705,0.490874,-1.16173,0.1617,-2.94881,2.05274,0.743748,1.02816,1.02648-0.00300777,0.109809,-0.189489,0.134356,-0.390579,0.0852252,0,0
1481575564,649426413,0.490874,-1.15788,0.167475,-2.95357,2.06464,0.742557,1.02816,1.02648-0.000752077,0.123699,-0.191745,0.152589,-0.365386,0.0808546,0,0
1481575564,649426413,0.490874,-1.15788,0.167475,-2.95357,2.06464,0.742557,1.02816,1.02648-0.000752077,0.123699,-0.191745,0.152589,-0.365386,0.0808546,0,0
1481575564,701460354,0.490874,-1.15115,0.178062,-2.96071,2.08368,0.738988,1.02816,1.02648-1.17179e-05,0.123745,-0.210532,0.134399,-0.418492,0.0421662,0,0
1481575564,747507695,0.491836,-1.14441,0.186725,-2.96785,2.10272,0.735418,1.02816,1.02648-0.0481239,0.158121,-0.18761,0.142274,-0.42033,0.0398198,0,0
1481575564,773435781,0.491836,-1.14152,0.190575,-2.97142,2.11105,0.734228,1.02816,1.02648-0.00601555,0.152118,-0.191891,0.151659,-0.424418,0.0495987,0,0
1481575564,773435781,0.491836,-1.14152,0.190575,-2.97142,2.11105,0.734228,1.02816,1.02648-0.00601555,0.152118,-0.191891,0.151659,-0.424418,0.0495987,0,0
1481575564,799468814,0.491836,-1.13767,0.19635,-2.97499,2.12176,0.731848,1.02816,1.02648-0.00150362,0.158338,-0.192343,0.186664,-0.373845,0.0421472,0,0
1481575564,825503399,0.491836,-1.13478,0.2002,-2.97856,2.13009,0.730658,1.02816,1.02648-0.000188019,0.152131,-0.192483,0.142333,-0.418608,0.0796372,0,0
1481575564,851464895,0.491836,-1.13093,0.205974,-2.98332,2.1408,0.729468,1.02816,1.02648-2.34358e-05,0.127297,-0.192495,0.151666,-0.364708,0.0397288,0,0
1481575564,897447132,0.491836,-1.1242,0.214637,-2.99046,2.15984,0.725898,1.02816,1.02648-1.5979e-06,0.152339,-0.18047,0.180541,-0.372347,0.0396674,0,0
1481575564,923437104,0.491836,-1.12131,0.218487,-2.99403,2.16817,0.724708,1.02816,1.026480,0.12732,-0.190994,0.186192,-0.388673,0.0793272,0,0
1481575564,949468532,0.491836,-1.1165,0.224262,-2.9976,2.18007,0.723518,1.02816,1.026480,0.128077,-0.192122,0.135798,-0.364922,0.0495793,0,0
1481575564,949468532,0.491836,-1.1165,0.224262,-2.9976,2.18007,0.723518,1.02816,1.026480,0.128077,-0.192122,0.135798,-0.364922,0.0495793,0,0
1481575565,1454269,0.492799,-1.10976,0.232924,-3.00474,2.19792,0.719948,1.02816,1.02648-0.0120311,0.128325,-0.189488,0.126699,-0.36269,0.0788619,0,0
1481575565,47455001,0.493761,-1.10206,0.241587,-3.01307,2.21696,0.717569,1.02816,1.02648-0.000752077,0.12833,-0.186298,0.104606,-0.372238,0.0792976,0,0
1481575565,73430361,0.493761,-1.09917,0.245437,-3.01545,2.22529,0.716378,1.02816,1.02648-0.0121248,0.160418,-0.191726,0.132075,-0.418413,0.0396863,0,0
1481575565,73430361,0.493761,-1.09917,0.245437,-3.01545,2.22529,0.716378,1.02816,1.02648-0.0121248,0.160418,-0.191726,0.132075,-0.418413,0.0396863,0,0
1481575565,99440314,0.493761,-1.09436,0.250249,-3.02021,2.236,0.715188,1.02816,1.02648-0.00303121,0.160413,-0.144185,0.152019,-0.372357,0.0396691,0,0
1481575565,125466504,0.493761,-1.09147,0.253137,-3.02378,2.24314,0.713998,1.02816,1.02648-0.000378702,0.164435,-0.138335,0.182627,-0.358907,0.0347061,0,0
1481575565,151498867,0.493761,-1.08666,0.257949,-3.02735,2.25504,0.711618,1.02816,1.02648-4.74043e-05,0.176955,-0.161665,0.126953,-0.372106,0.078707,0,0
1481575565,197416852,0.493761,-1.07896,0.266612,-3.03568,2.27408,0.709238,1.02816,1.02648-3.19579e-06,0.161448,-0.190575,0.186434,-0.417454,0.0346667,0,0
1481575565,223493991,0.493761,-1.07607,0.270462,-3.03925,2.28122,0.709238,1.02816,1.02648-5.32632e-07,0.164564,-0.180226,0.186929,-0.364544,0.0192071,0,0
1481575565,249462179,0.493761,-1.07126,0.275274,-3.04401,2.29312,0.708048,1.02816,1.026480,0.161449,-0.165372,0.135982,-0.418372,0.0345493,0,0
1481575565,249462179,0.493761,-1.07126,0.275274,-3.04401,2.29312,0.708048,1.02816,1.026480,0.161449,-0.165372,0.135982,-0.418372,0.0345493,0,0
1481575565,327447099,0.494724,-1.05875,0.287787,-3.05591,2.32287,0.704479,1.02816,1.02648-0.00300777,0.164551,-0.166077,0.134406,-0.386993,0.0159383,0,0
1481575565,347449208,0.494724,-1.05586,0.291637,-3.05829,2.33001,0.704479,1.02816,1.02648-0.000752077,0.137391,-0.185896,0.152601,-0.364489,0.0337321,0,0
1481575565,373431411,0.494724,-1.05201,0.294524,-3.06186,2.33715,0.703288,1.02816,1.02648-9.37433e-05,0.185619,-0.167614,0.15295,-0.357943,0.0339907,0,0
1481575565,399435987,0.494724,-1.0472,0.298374,-3.06662,2.34905,0.702098,1.02816,1.02648-2.34358e-05,0.166713,-0.162218,0.186987,-0.386988,0.0679927,0,0
1481575565,425465587,0.494724,-1.04431,0.301262,-3.069,2.355,0.702098,1.02816,1.02648-3.19579e-06,0.165209,-0.128561,0.127498,-0.330981,0.00849909,0,0
1481575565,451435120,0.494724,-1.04142,0.304149,-3.07257,2.36214,0.700908,1.02816,1.02648-5.32632e-07,0.10487,-0.100286,0.120062,-0.249638,0.0159361,0,0
1481575565,471430092,0.494724,-1.03854,0.306074,-3.07376,2.36571,0.700908,1.02816,1.026480,0.146526,-0.073198,0.0895153,-0.211147,0.00398404,0,0
1481575565,497410243,0.494724,-1.03661,0.308962,-3.07495,2.37047,0.700908,1.02816,1.026480,0.108816,-0.066423,0.0521287,-0.14203,0.000996009,0,0
1481575565,523462585,0.494724,-1.03565,0.309924,-3.07614,2.37166,0.699718,1.02816,1.026480,0.0376704,-0.0443986,0.0362661,-0.107003,0.029872,0,0
1481575565,549449890,0.494724,-1.03468,0.311849,-3.07614,2.37285,0.699718,1.02816,1.026480,0.0334793,-0.0351612,0.00906652,-0.0267509,0.007468,0,0
1481575565,575444938,0.494724,-1.03468,0.311849,-3.07614,2.37285,0.699718,1.02816,1.026480,0.00418491,-0.0164258,0.00113332,-0.0182176,0.0009335,0,0
1481575565,601445465,0.494724,-1.03372,0.311849,-3.07614,2.37285,0.699718,1.02816,1.026480,0.0245848,-0.0020533,0.000141664,-0.002277,0.000116688,0,0
1481575565,621444302,0.494724,-1.03372,0.311849,-3.07614,2.37285,0.699718,1.02816,1.026480,0.00614619,-0.000513457,3.54161e-05,-0.000569384,2.91719e-05,0,0
1481575565,647455250,0.494724,-1.03372,0.311849,-3.07614,2.37285,0.699718,1.02816,1.026480,0.00153655,-0.000128364,8.85403e-06,-0.000142213,7.29297e-06,0,0
1481575565,673423465,0.494724,-1.03372,0.311849,-3.07614,2.37285,0.699718,1.02816,1.026480,0.000192069,-1.5979e-05,1.10675e-06,-1.75769e-05,9.11621e-07,0,0
1481575565,699403564,0.494724,-1.03372,0.311849,-3.07614,2.37285,0.699718,1.02816,1.026480,4.80171e-05,-4.26106e-06,2.76688e-07,-4.26106e-06,2.27905e-07,0,0
1481575565,725444043,0.494724,-1.03372,0.311849,-3.07614,2.37285,0.699718,1.02816,1.026480,6.00214e-06,-5.32632e-07,3.4586e-08,-5.32632e-07,2.84882e-08,0,0
1481575565,751451262,0.494724,-1.03372,0.311849,-3.07614,2.37285,0.699718,1.02816,1.026480,7.50268e-07,0,4.32326e-09,0,3.56102e-09,0,0
1481575565,771454018,0.494724,-1.03372,0.311849,-3.07614,2.37285,0.699718,1.02816,1.026480,1.87567e-07,0,1.08081e-09,0,8.90255e-10,0,0
1481575565,797440226,0.494724,-1.03372,0.311849,-3.07614,2.37285,0.699718,1.02816,1.026480,4.68917e-08,0,2.70203e-10,0,2.22564e-10,0,0
1481575565,823479469,0.494724,-1.03372,0.311849,-3.07614,2.37285,0.699718,1.02816,1.026480,5.86147e-09,0,3.37757e-11,0,2.78204e-11,0,0
1481575565,849441900,0.494724,-1.03372,0.311849,-3.07614,2.37285,0.699718,1.02816,1.026480,1.46537e-09,0,8.44391e-12,0,6.95533e-12,0,0
1481575565,875454562,0.494724,-1.03372,0.311849,-3.07614,2.37285,0.699718,1.02816,1.026480,1.83171e-10,0,1.05516e-12,0,8.69527e-13,0,0
1481575565,901435094,0.494724,-1.03372,0.311849,-3.07614,2.37285,0.699718,1.02816,1.026480,2.28964e-11,0,1.32339e-13,0,1.08358e-13,0,0
1481575565,927487488,0.494724,-1.03372,0.311849,-3.07614,2.37285,0.699718,1.02816,1.026480,5.72431e-12,0,3.28626e-14,0,2.75335e-14,0,0
1481575565,947436168,0.494724,-1.03372,0.311849,-3.07614,2.37285,0.699718,1.02816,1.026480,1.43086e-12,0,7.99361e-15,0,7.10543e-15,0,0
1481575565,973449670,0.494724,-1.03372,0.311849,-3.07614,2.37285,0.699718,1.02816,1.026480,1.78524e-13,0,8.88178e-16,0,8.88178e-16,0,0
1481575565,999418374,0.494724,-1.03372,0.311849,-3.07614,2.37285,0.699718,1.02816,1.026480,4.44089e-14,0,0,0,0,0,0
1481575566,25464328,0.494724,-1.03372,0.311849,-3.07614,2.37285,0.699718,1.02816,1.026480,5.32907e-15,0,0,0,0,0,0
1481575566,51434836,0.494724,-1.03372,0.311849,-3.07614,2.37285,0.699718,1.02816,1.026480,8.88178e-16,0,0,0,0,0,0
1481575566,71437423,0.494724,-1.03372,0.311849,-3.07614,2.37285,0.699718,1.02816,1.026480,0,0,0,0,0,0,0
1481575566,97429860,0.494724,-1.03372,0.311849,-3.07614,2.37285,0.699718,1.02816,1.026480,0,0,0,0,0,0,0
1481575566,123438102,0.494724,-1.03372,0.311849,-3.07614,2.37285,0.699718,1.02816,1.026480,0,0,0,0,0,0,0
1481575566,149460467,0.494724,-1.03372,0.311849,-3.07614,2.37285,0.699718,1.02816,1.026480,0,0,0,0,0,0,0
1481575566,175442301,0.494724,-1.03372,0.311849,-3.07614,2.37285,0.699718,1.02816,1.026480,0,0,0,0,0,0,0
1481575566,201460669,0.494724,-1.03372,0.311849,-3.07614,2.37285,0.699718,1.02816,1.026480,0,0,0,0,0,0,0
1481575566,221448021,0.494724,-1.03372,0.311849,-3.07614,2.37285,0.699718,1.02816,1.026480,0,0,0,0,0,0,0
1481575566,247470263,0.494724,-1.03372,0.311849,-3.07614,2.37285,0.699718,1.02816,1.026480,0,0,0,0,0,0,0
1481575566,273431089,0.494724,-1.03372,0.311849,-3.07614,2.37285,0.699718,1.02816,1.026480,0,0,0,0,0,0,0
1481575566,299400953,0.494724,-1.03372,0.311849,-3.07614,2.37285,0.699718,1.02816,1.026480,0,0,0,0,0,0,0
1481575566,325464155,0.494724,-1.03372,0.311849,-3.07614,2.37285,0.699718,1.02816,1.026480,0,0,0,0,0,0,0
1481575566,351450797,0.494724,-1.03372,0.311849,-3.07614,2.37285,0.699718,1.02816,1.026480,0,0,0,0,0,0,0
1481575566,377455851,0.494724,-1.03372,0.311849,-3.07614,2.37285,0.699718,1.02816,1.026480,0,0,0,0,0,0,0
1481575566,397428356,0.494724,-1.03372,0.311849,-3.07614,2.37285,0.699718,1.02816,1.026480,0,0,0,0,0,0,0
1481575566,423475582,0.494724,-1.03372,0.311849,-3.07614,2.37285,0.699718,1.02816,1.026480,0,0,0,0,0,0,0
1481575566,449417305,0.494724,-1.03372,0.311849,-3.07614,2.37285,0.699718,1.02816,1.026480,0,0,0,0,0,0,0
1481575566,475431897,0.494724,-1.03372,0.311849,-3.07614,2.37285,0.699718,1.02816,1.026480,0,0,0,0,0,0,0
1481575566,501447322,0.494724,-1.03372,0.311849,-3.07614,2.37285,0.699718,1.02816,1.026480,0,0,0,0,0,0,0
1481575566,521461379,0.494724,-1.03372,0.311849,-3.07614,2.37285,0.699718,1.02816,1.026480,0,0,0,0,0,0,0
1481575566,547439639,0.494724,-1.03372,0.311849,-3.07614,2.37285,0.699718,1.02816,1.026480,0,0,0,0,0,0,0
1481575566,573417405,0.494724,-1.03372,0.311849,-3.07614,2.37285,0.699718,1.02816,1.026480,0,0,0,0,0,0,0
1481575566,599450742,0.494724,-1.03372,0.311849,-3.07614,2.37285,0.699718,1.02816,1.026480,0,0,0,0,0,0,0
1481575566,625461506,0.494724,-1.03372,0.311849,-3.07614,2.37285,0.699718,1.02816,1.026480,0,0,0,0,0,0,0
1481575566,651436722,0.494724,-1.03372,0.311849,-3.07614,2.37285,0.699718,1.02816,1.026480,0,0,0,0,0,0,0
1481575566,671425715,0.494724,-1.03372,0.311849,-3.07614,2.37285,0.699718,1.02816,1.026480,0,0,0,0,0,0,0
1481575566,697458996,0.494724,-1.03372,0.311849,-3.07614,2.37285,0.699718,1.02816,1.026480,0,0,0,0,0,0,0
1481575566,723459126,0.494724,-1.03372,0.311849,-3.07614,2.37285,0.699718,1.02816,1.026480,0,0,0,0,0,0,0
1481575566,749459576,0.494724,-1.03372,0.311849,-3.07614,2.37285,0.699718,1.02816,1.026480,0,0,0,0,0,0,0
1481575566,775472008,0.494724,-1.03372,0.311849,-3.07614,2.37285,0.699718,1.02816,1.026480,0,0,0,0,0,0,0
1481575566,801454258,0.494724,-1.03372,0.311849,-3.07614,2.37285,0.699718,1.02816,1.026480,0,0,0,0,0,0,0
1481575566,821488250,0.494724,-1.03372,0.311849,-3.07614,2.37285,0.699718,1.02816,1.026480,0,0,0,0,0,0,0
1481575566,847435865,0.494724,-1.03372,0.311849,-3.07614,2.37285,0.699718,1.02816,1.026480,0,0,0,0,0,0,0
1481575566,873429320,0.494724,-1.03372,0.311849,-3.07614,2.37285,0.699718,1.02816,1.026480,0,0,0,0,0,0,0
1481575566,899444339,0.494724,-1.03372,0.311849,-3.07614,2.37285,0.699718,1.02816,1.026480,0,0,0,0,0,0,0
1481575566,925442358,0.494724,-1.03372,0.311849,-3.07614,2.37285,0.699718,1.02816,1.026480,0,0,0,0,0,0,0
1481575566,951414319,0.494724,-1.03372,0.311849,-3.07614,2.37285,0.699718,1.02816,1.026480,0,0,0,0,0,0,0
1481575566,971444635,0.494724,-1.03372,0.311849,-3.07614,2.37285,0.699718,1.02816,1.026480,0,0,0,0,0,0,0
1481575566,997414558,0.494724,-1.03372,0.311849,-3.07614,2.37285,0.699718,1.02816,1.026480,0,0,0,0,0,0,0
1481575567,23434483,0.494724,-1.03372,0.311849,-3.07614,2.37285,0.699718,1.02816,1.026480,0,0,0,0,0,0,0
1481575567,49432375,0.494724,-1.03372,0.311849,-3.07614,2.37285,0.699718,1.02816,1.026480,0,0,0,0,0,0,0
1481575567,75421764,0.494724,-1.03372,0.311849,-3.07614,2.37285,0.699718,1.02816,1.026480,0,0,0,0,0,0,0
1481575567,101430581,0.494724,-1.03372,0.311849,-3.07614,2.37285,0.699718,1.02816,1.026480,0,0,0,0,0,0,0
1481575567,127462991,0.494724,-1.03372,0.311849,-3.07614,2.37285,0.699718,1.02816,1.026480,0,0,0,0,0,0,0
1481575567,147464085,0.494724,-1.03372,0.311849,-3.07614,2.37285,0.699718,1.02816,1.026480,0,0,0,0,0,0,0
1481575567,173437677,0.494724,-1.03372,0.311849,-3.07614,2.37285,0.699718,1.02816,1.026480,0,0,0,0,0,0,0
1481575567,199395392,0.494724,-1.03372,0.311849,-3.07614,2.37285,0.699718,1.02816,1.026480,0,0,0,0,0,0,0
1481575567,225437940,0.494724,-1.03372,0.311849,-3.07614,2.37285,0.699718,1.02816,1.026480,0,0,0,0,0,0,0
1481575567,251422839,0.494724,-1.03372,0.311849,-3.07614,2.37285,0.699718,1.02816,1.026480,0,0,0,0,0,0,0
1481575567,277420866,0.494724,-1.03372,0.311849,-3.07614,2.37285,0.699718,1.02816,1.026480,0,0,0,0,0,0,0
1481575567,297434737,0.494724,-1.03372,0.311849,-3.07614,2.37285,0.699718,1.02816,1.026480,0,0,0,0,0,0,0
1481575567,323425063,0.494724,-1.03372,0.311849,-3.07614,2.37285,0.699718,1.02816,1.026480,0,0,0,0,0,0,0
1481575567,349452235,0.494724,-1.03372,0.311849,-3.07614,2.37285,0.699718,1.02816,1.026480,0,0,0,0,0,0,0
1481575567,375434114,0.494724,-1.03372,0.311849,-3.07614,2.37285,0.699718,1.02816,1.026480,0,0,0,0,0,0,0
1481575567,401399102,0.494724,-1.03372,0.311849,-3.07614,2.37285,0.699718,1.02816,1.026480,0,0,0,0,0,0,0
1481575567,421458924,0.494724,-1.03372,0.311849,-3.07614,2.37285,0.699718,1.02816,1.026480,0,0,0,0,0,0,0
1481575567,447429383,0.494724,-1.03372,0.311849,-3.07614,2.37285,0.699718,1.02816,1.026480,0,0,0,0,0,0,0
1481575567,473419363,0.494724,-1.03372,0.311849,-3.07614,2.37285,0.699718,1.02816,1.026480,0,0,0,0,0,0,0
1481575567,499418774,0.494724,-1.03372,0.311849,-3.07614,2.37285,0.699718,1.02816,1.026480,0,0,0,0,0,0,0
1481575567,525479564,0.494724,-1.03372,0.311849,-3.07614,2.37285,0.699718,1.02816,1.026480,0,0,0,0,0,0,0
1481575567,551415127,0.494724,-1.03372,0.311849,-3.07614,2.37285,0.699718,1.02816,1.026480,0,0,0,0,0,0,0
1481575567,577455056,0.494724,-1.03372,0.311849,-3.07614,2.37285,0.699718,1.02816,1.026480,0,0,0,0,0,0,0
1481575567,597449217,0.494724,-1.03372,0.311849,-3.07614,2.37285,0.699718,1.02816,1.026480,0,0,0,0,0,0,0
1481575567,623445714,0.494724,-1.03372,0.311849,-3.07614,2.37285,0.699718,1.02816,1.026480,0,0,0,0,0,0,0
1481575567,649437456,0.494724,-1.03372,0.311849,-3.07614,2.37285,0.699718,1.02816,1.026480,0,0,0,0,0,0,0
1481575567,675441291,0.494724,-1.03372,0.311849,-3.07614,2.37285,0.699718,1.02816,1.026480,0,0,0,0,0,0,0
1481575567,701406125,0.494724,-1.03372,0.311849,-3.07614,2.37285,0.699718,1.02816,1.026480,0,0,0,0,0,0,0
1481575567,721445881,0.494724,-1.03372,0.311849,-3.07614,2.37285,0.699718,1.02816,1.026480,0,0,0,0,0,0,0
1481575567,747423465,0.494724,-1.03372,0.311849,-3.07614,2.37285,0.699718,1.02816,1.026480,0,0,0,0,0,0,0
1481575567,773438920,0.494724,-1.03372,0.311849,-3.07614,2.37285,0.699718,1.02816,1.026480,0,0,0,0,0,0,0
1481575567,799397760,0.494724,-1.03372,0.311849,-3.07614,2.37285,0.699718,1.02816,1.026480,0,0,0,0,0,0,0
1481575567,825418092,0.494724,-1.03372,0.311849,-3.07614,2.37285,0.699718,1.02816,1.026480,0,0,0,0,0,0,0
1481575567,851433313,0.494724,-1.03372,0.311849,-3.07614,2.37285,0.699718,1.02816,1.026480,0,0,0,0,0,0,0
1481575567,871422284,0.494724,-1.03372,0.311849,-3.07614,2.37285,0.699718,1.02816,1.026480,0,0,0,0,0,0,0
1481575567,897414957,0.494724,-1.03372,0.311849,-3.07614,2.37285,0.699718,1.02816,1.026480,0,0,0,0,0,0,0
1481575567,923425657,0.494724,-1.03372,0.311849,-3.07614,2.37285,0.699718,1.02816,1.026480,0,0,0,0,0,0,0
1481575567,949419656,0.494724,-1.03372,0.311849,-3.07614,2.37285,0.699718,1.02816,1.026480,0,0,0,0,0,0,0
1481575567,975442526,0.494724,-1.03372,0.311849,-3.07614,2.37285,0.699718,1.02816,1.026480,0,0,0,0,0,0,0
1481575568,1437477,0.494724,-1.03372,0.311849,-3.07614,2.37285,0.699718,1.02816,1.026480,0,0,0,0,0,0,0
1481575568,27421806,0.494724,-1.03372,0.311849,-3.07614,2.37285,0.699718,1.02816,1.026480,0,0,0,0,0,0,0
1481575568,47435813,0.494724,-1.03372,0.311849,-3.07614,2.37285,0.699718,1.02816,1.026480,0,0,0,0,0,0,0
1481575568,73427130,0.494724,-1.03372,0.311849,-3.07614,2.37285,0.699718,1.02816,1.026480,0,0,0,0,0,0,0
1481575568,99418620,0.494724,-1.03372,0.311849,-3.07614,2.37285,0.699718,1.02816,1.026480,0,0,0,0,0,0,0
1481575568,125426787,0.494724,-1.03372,0.311849,-3.07614,2.37285,0.699718,1.02816,1.026480,0,0,0,0,0,0,0
1481575568,151482442,0.494724,-1.03372,0.311849,-3.07614,2.37285,0.699718,1.02816,1.026480,0,0,0,0,0,0,0
1481575568,171429489,0.494724,-1.03372,0.311849,-3.07614,2.37285,0.699718,1.02816,1.026480,0,0,0,0,0,0,0
1481575568,197418219,0.494724,-1.03372,0.311849,-3.07614,2.37285,0.699718,1.02816,1.026480,0,0,0,0,0,0,0
1481575568,223449329,0.494724,-1.03372,0.311849,-3.07614,2.37285,0.699718,1.02816,1.026480,0,0,0,0,0,0,0
1481575568,249425384,0.494724,-1.03372,0.311849,-3.07614,2.37285,0.699718,1.02816,1.026480,0,0,0,0,0,0,0
1481575568,275435037,0.494724,-1.03372,0.311849,-3.07614,2.37285,0.699718,1.02816,1.026480,0,0,0,0,0,0,0
1481575568,301427925,0.494724,-1.03372,0.311849,-3.07614,2.37285,0.699718,1.02816,1.026480,0,0,0,0,0,0,0
1481575568,327452901,0.494724,-1.03372,0.311849,-3.07614,2.37285,0.699718,1.02816,1.026480,0,0,0,0,0,0,0
1481575568,347429563,0.494724,-1.03372,0.311849,-3.07614,2.37285,0.699718,1.02816,1.026480,0,0,0,0,0,0,0
1481575568,373418482,0.494724,-1.03372,0.311849,-3.07614,2.37285,0.699718,1.02816,1.026480,0,0,0,0,0,0,0
1481575568,399436752,0.494724,-1.03372,0.311849,-3.07614,2.37285,0.699718,1.02816,1.026480,0,0,0,0,0,0,0
1481575568,425442770,0.494724,-1.03372,0.311849,-3.07614,2.37285,0.699718,1.02816,1.026480,0,0,0,0,0,0,0
1481575568,451450490,0.495686,-1.03372,0.313774,-3.07733,2.37404,0.699718,1.02816,1.02648-0.0240686,0,-0.0601608,0.014875,-0.0297475,0,0,0
1481575568,477415031,0.495686,-1.03372,0.316662,-3.07852,2.37642,0.699718,1.02816,1.02648-0.00601715,0,-0.111287,0.0632185,-0.037198,0,0,0
1481575568,497430289,0.496649,-1.03372,0.319549,-3.07971,2.3788,0.699718,1.02816,1.02648-0.0496275,0,-0.100013,0.0753044,-0.0985418,0,0,0
1481575568,523454822,0.497611,-1.03468,0.323399,-3.08209,2.38237,0.699718,1.02816,1.02648-0.0302652,-0.0481233,-0.180937,0.128413,-0.175956,0,0,0
1481575568,549451904,0.499536,-1.03661,0.329174,-3.08328,2.38713,0.699718,1.02816,1.02648-0.079751,-0.0601544,-0.189611,0.0321032,-0.133232,0,0,0
1481575568,575413842,0.501461,-1.03757,0.333987,-3.08447,2.3907,0.699718,1.02816,1.02648-0.0821537,-0.0436151,-0.240266,0.0486378,-0.195152,0,0,0
1481575568,601430154,0.503386,-1.04046,0.341687,-3.08685,2.39546,0.700908,1.02816,1.02648-0.0704236,-0.0896676,-0.234561,0.0507046,-0.158284,-0.059495,0,0
1481575568,621418072,0.505311,-1.04238,0.346499,-3.08923,2.39903,0.700908,1.02816,1.02648-0.0897975,-0.0946019,-0.227082,0.101926,-0.158561,-0.0148738,0,0
1481575568,647436661,0.508199,-1.04624,0.355162,-3.09161,2.40498,0.702098,1.02816,1.02648-0.0946344,-0.119904,-0.249267,0.144481,-0.158643,-0.00371831,0,0
1481575568,673425819,0.510124,-1.04816,0.361899,-3.09399,2.40855,0.703288,1.02816,1.02648-0.0960453,-0.0992038,-0.331937,0.10731,-0.198342,-0.0748338,0,0
1481575568,699409835,0.513011,-1.05201,0.369599,-3.09637,2.4145,0.704479,1.02816,1.02648-0.0962094,-0.121048,-0.323611,0.116077,-0.22807,-0.0187082,0,0
1481575568,725440837,0.514936,-1.0549,0.376337,-3.09875,2.41926,0.705668,1.02816,1.02648-0.0962418,-0.123415,-0.30514,0.103759,-0.221874,-0.0767209,0,0
1481575568,751446468,0.518786,-1.05875,0.385962,-3.10113,2.42521,0.706858,1.02816,1.02648-0.132338,-0.123704,-0.338921,0.0575948,-0.221106,-0.0393376,0,0
1481575568,771423033,0.520711,-1.06164,0.391737,-3.10351,2.42878,0.708048,1.02816,1.02648-0.129344,-0.151248,-0.301295,0.0738986,-0.17428,-0.039582,0,0
1481575568,797412801,0.523599,-1.06548,0.401362,-3.10708,2.43473,0.710428,1.02816,1.02648-0.104521,-0.15812,-0.340009,0.107725,-0.222055,-0.0396428,0,0
1481575568,823432338,0.525524,-1.06837,0.408099,-3.10827,2.43949,0.711618,1.02816,1.02648-0.097281,-0.128043,-0.343284,0.0580904,-0.221122,-0.0793244,0,0
1481575568,849460180,0.529374,-1.07222,0.416762,-3.11184,2.44544,0.712808,1.02816,1.02648-0.144642,-0.152325,-0.302382,0.0740225,-0.174284,-0.079326,0,0
1481575568,875406859,0.531299,-1.07511,0.423499,-3.11303,2.44901,0.713998,1.02816,1.02648-0.102296,-0.127318,-0.314512,0.0538777,-0.170537,-0.0396635,0,0
1481575568,901383423,0.535149,-1.07992,0.433124,-3.11779,2.45615,0.716378,1.02816,1.02648-0.121065,-0.160288,-0.316035,0.155484,-0.229563,-0.0793265,0,0
1481575568,927449646,0.538036,-1.08377,0.442749,-3.12017,2.4621,0.718758,1.02816,1.02648-0.102465,-0.112257,-0.271506,0.0983709,-0.206128,-0.0496056,0,0
1481575568,947427665,0.540924,-1.08666,0.449486,-3.12255,2.46567,0.719948,1.02816,1.02648-0.145924,-0.124311,-0.308503,0.113842,-0.170536,-0.0421488,0,0
1481575568,973411618,0.542849,-1.08955,0.456224,-3.12493,2.47043,0.721138,1.02816,1.02648-0.102457,-0.159912,-0.351373,0.118355,-0.229563,-0.0796376,0,0
1481575568,999477911,0.546699,-1.0934,0.465849,-3.12731,2.47638,0.723518,1.02816,1.02648-0.145936,-0.160287,-0.304406,0.118839,-0.176407,-0.0496568,0,0
1481575569,25452846,0.548624,-1.09628,0.471624,-3.12969,2.47995,0.724708,1.02816,1.02648-0.102458,-0.128316,-0.302736,0.0743547,-0.170815,-0.0805761,0,0
1481575569,51451441,0.552474,-1.10013,0.481249,-3.13445,2.48709,0.727088,1.02816,1.02648-0.109054,-0.112286,-0.302529,0.158044,-0.229611,-0.0844408,0,0
1481575569,77424100,0.556324,-1.10495,0.490874,-3.13683,2.49304,0.729468,1.02816,1.02648-0.147579,-0.124325,-0.316255,0.0990109,-0.20614,-0.0508579,0,0
1481575569,97414103,0.559211,-1.10687,0.497611,-3.13921,2.49661,0.730658,1.02816,1.02648-0.109079,-0.127328,-0.295625,0.114003,-0.170538,-0.10201,0,0
1481575569,123456922,0.561136,-1.10976,0.504349,3.14159,2.50137,0.733038,1.02816,1.02648-0.109895,-0.124207,-0.349763,0.118375,-0.229577,-0.101994,0,0
1481575569,149446277,0.564986,-1.11457,0.513011,3.13921,2.50732,0.735418,1.02816,1.02648-0.12372,-0.127299,-0.304003,0.148593,-0.206132,-0.0552462,0,0
1481575569,175446235,0.567874,-1.11746,0.519749,3.13683,2.51089,0.736608,1.02816,1.02648-0.123743,-0.160282,-0.314717,0.078074,-0.204258,-0.0515268,0,0
1481575569,201428808,0.571724,-1.12131,0.529374,3.13207,2.51684,0.740178,1.02816,1.02648-0.123752,-0.128316,-0.304028,0.158509,-0.174277,-0.110557,0,0
1481575569,221439415,0.574611,-1.1242,0.535149,3.12969,2.52041,0.741368,1.02816,1.02648-0.151246,-0.152387,-0.29257,0.158627,-0.162573,-0.0871344,0,0
1481575569,247439482,0.578461,-1.12805,0.544774,3.12731,2.52636,0.743748,1.02816,1.02648-0.109997,-0.158419,-0.313767,0.158657,-0.219128,-0.111079,0,0
1481575569,273437038,0.581349,-1.13093,0.551511,3.12493,2.52993,0.746128,1.02816,1.02648-0.134061,-0.152142,-0.315941,0.109082,-0.161261,-0.103127,0,0
1481575569,299419900,0.585198,-1.13478,0.560174,3.12255,2.53588,0.749698,1.02816,1.02648-0.153824,-0.158344,-0.295545,0.11652,-0.159319,-0.115025,0,0
1481575569,325443067,0.588086,-1.13767,0.565949,3.12017,2.53826,0.752078,1.02816,1.02648-0.127512,-0.128074,-0.289601,0.103815,-0.138905,-0.118494,0,0
1481575569,351455792,0.591936,-1.14152,0.574611,3.11779,2.54302,0.755647,1.02816,1.02648-0.148278,-0.124287,-0.276826,0.102227,-0.151233,-0.118928,0,0
1481575569,371419051,0.594824,-1.14441,0.580386,3.1166,2.5454,0.758028,1.02816,1.02648-0.157391,-0.127325,-0.28577,0.0850566,-0.127078,-0.119001,0,0
1481575569,397421376,0.598674,-1.14922,0.588086,3.11541,2.54897,0.761598,1.02816,1.02648-0.159656,-0.128078,-0.239879,0.051014,-0.121012,-0.118993,0,0
1481575569,423442883,0.601561,-1.15211,0.593861,3.11422,2.55016,0.763978,1.02816,1.02648-0.152296,-0.160393,-0.28264,0.0361267,-0.089495,-0.118991,0,0
1481575569,449431568,0.605411,-1.15596,0.600599,3.11303,2.55254,0.767548,1.02816,1.02648-0.134327,-0.160406,-0.263161,0.0387816,-0.111643,-0.11899,0,0
1481575569,475405855,0.608298,-1.15885,0.605411,3.11184,2.55492,0.769928,1.02816,1.02648-0.125068,-0.128341,-0.225395,0.0345976,-0.103198,-0.119043,0,0
1481575569,501389893,0.612149,-1.16366,0.613111,3.11065,2.5573,0.773498,1.02816,1.02648-0.111884,-0.160413,-0.232706,0.0191997,-0.0872686,-0.118996,0,0
1481575569,521427505,0.615998,-1.16655,0.617924,3.10946,2.55849,0.775878,1.02816,1.02648-0.172341,-0.13635,-0.226613,0.0345498,-0.051578,-0.118992,0,0
1481575569,547414124,0.619849,-1.17136,0.624661,3.10827,2.56087,0.778258,1.02816,1.02648-0.11527,-0.154403,-0.22509,0.0681374,-0.042642,-0.118991,0,0
1481575569,573410024,0.622736,-1.17425,0.629474,3.10827,2.56206,0.780637,1.02816,1.02648-0.158782,-0.16367,-0.220637,0.00851717,-0.0796988,-0.104116,0,0
1481575569,599404296,0.627549,-1.17906,0.637173,3.10708,2.56325,0.784208,1.02816,1.02648-0.160004,-0.161233,-0.247657,0.0318792,-0.0794197,-0.115325,0,0
1481575569,625443254,0.630436,-1.18195,0.641023,3.10589,2.56444,0.786588,1.02816,1.02648-0.164373,-0.164524,-0.211426,0.0337348,-0.0694228,-0.118532,0,0
1481575569,651396170,0.634286,-1.18676,0.646798,3.10589,2.56563,0.790158,1.02816,1.02648-0.116793,-0.176973,-0.194866,0.00421685,-0.0384385,-0.118933,0,0
1481575569,677405597,0.639098,-1.19061,0.653536,3.1047,2.56682,0.793727,1.02816,1.02648-0.173575,-0.164551,-0.217151,0.0605542,-0.0691048,-0.118976,0,0
1481575569,697414714,0.641986,-1.1935,0.658348,3.1047,2.56801,0.796108,1.02816,1.02648-0.115579,-0.161459,-0.246789,0.0151386,-0.0172759,-0.118986,0,0
1481575569,723436816,0.645836,-1.19735,0.663161,3.10351,2.56801,0.798488,1.02816,1.02648-0.182886,-0.176583,-0.223348,0.0316422,-0.017033,-0.119003,0,0
1481575569,749451773,0.649686,-1.20216,0.669898,3.10351,2.5692,0.802058,1.02816,1.02648-0.16603,-0.164467,-0.200212,0.00791056,-0.0637534,-0.118993,0,0
1481575569,775390415,0.652574,-1.20505,0.673748,3.10351,2.57039,0.804438,1.02816,1.02648-0.129038,-0.164929,-0.229556,0.000988819,-0.0674643,-0.118991,0,0
1481575569,801426832,0.658348,-1.20986,0.679523,3.10351,2.57039,0.808007,1.02816,1.02648-0.172531,-0.164992,-0.197132,0.000123602,-0.00843317,-0.11899,0,0
1481575569,827445841,0.663161,-1.21467,0.686261,3.10351,2.57158,0.812768,1.02816,1.02648-0.163448,-0.137495,-0.217718,3.09006e-05,-0.00210816,-0.178512,0,0
1481575569,847418189,0.666048,-1.21756,0.690111,3.10351,2.57158,0.815148,1.02816,1.02648-0.137109,-0.130621,-0.198804,7.72515e-06,-0.0302881,-0.133871,0,0
1481575569,873403431,0.668936,-1.22045,0.693961,3.10351,2.57158,0.817528,1.02816,1.02648-0.137454,-0.136639,-0.193288,9.65644e-07,-0.00378595,-0.12085,0,0
1481575569,899400203,0.674711,-1.22622,0.700698,3.10351,2.57277,0.821097,1.02816,1.02648-0.178733,-0.178543,-0.240824,2.41411e-07,-0.0604415,-0.119455,0,0
1481575569,925435662,0.678561,-1.22911,0.704548,3.10351,2.57277,0.823478,1.02816,1.02648-0.19078,-0.166688,-0.19854,3.01764e-08,-0.00755539,-0.119075,0,0
1481575569,951457921,0.683373,-1.23392,0.710323,3.10351,2.57277,0.828238,1.02816,1.02648-0.180248,-0.165219,-0.169192,3.77205e-09,-0.000944357,-0.148748,0,0
1481575569,977411509,0.690111,-1.23873,0.716098,3.10351,2.57277,0.834187,1.02816,1.02648-0.189439,-0.185675,-0.186673,9.43012e-10,-0.000235956,-0.185924,0,0
1481575569,997415766,0.694923,-1.24258,0.719948,3.10351,2.57277,0.838948,1.02816,1.02648-0.215804,-0.166741,-0.191043,2.35753e-10,-5.91222e-05,-0.22502,0,0
1481575570,23441560,0.699736,-1.24643,0.722836,3.10351,2.57277,0.844897,1.02816,1.02648-0.2315,-0.189274,-0.168254,2.94689e-11,-7.45685e-06,-0.266107,0,0
1481575570,49424088,0.709361,-1.25317,0.727648,3.10351,2.57039,0.853228,1.02816,1.02648-0.298498,-0.239825,-0.138315,7.36744e-12,0.0892673,-0.30456,0,0
1481575570,76405682,0.718986,-1.25895,0.731498,3.10351,2.56563,0.859177,1.02816,1.02648-0.289963,-0.198423,-0.1376,9.21041e-13,0.100401,-0.27605,0,0
1481575570,102453021,0.724761,-1.2628,0.733423,3.10351,2.56325,0.868698,1.02816,1.02648-0.30094,-0.193235,-0.101417,1.15463e-13,0.131553,-0.317121,0,0
1481575570,122449726,0.731498,-1.26761,0.735348,3.1047,2.55968,0.873457,1.02816,1.02648-0.339913,-0.240815,-0.0975409,-0.0594998,0.151878,-0.257765,0,0
1481575570,148429969,0.740161,-1.27338,0.737273,3.10708,2.55373,0.882977,1.02816,1.02648-0.30154,-0.204574,-0.072512,-0.044625,0.156973,-0.272701,0,0
1481575570,174495046,0.747861,-1.27723,0.737273,3.10827,2.54897,0.888928,1.02816,1.02648-0.362531,-0.194006,-0.0210949,-0.0502027,0.227868,-0.316742,0,0
1481575570,200417483,0.757486,-1.28301,0.738236,3.11184,2.54183,0.897257,1.02816,1.02648-0.307195,-0.192871,-0.0293368,-0.0720508,0.235479,-0.317165,0,0
1481575570,226439244,0.767111,-1.28878,0.738236,3.11541,2.53469,0.903208,1.02816,1.02648-0.303081,-0.192544,-0.00366717,-0.113131,0.237694,-0.277653,0,0
1481575570,252429794,0.773848,-1.29263,0.738236,3.11779,2.52874,0.911537,1.02816,1.02648-0.326642,-0.192506,-0.000458596,-0.118266,0.297466,-0.257813,0,0
1481575570,272426272,0.780586,-1.29648,0.738236,3.12017,2.52398,0.916298,1.02816,1.02648-0.322277,-0.192496,-0.000114516,-0.118816,0.252878,-0.242965,0,0
1481575570,298412100,0.790211,-1.3013,0.738236,3.12493,2.51565,0.923437,1.02816,1.02648-0.321193,-0.192501,-2.87621e-05,-0.0892042,0.301226,-0.239226,0,0
1481575570,324444593,0.796948,-1.30515,0.738236,3.12731,2.5097,0.928198,1.02816,1.02648-0.316861,-0.180463,-3.72843e-06,-0.13015,0.305408,-0.238189,0,0
1481575570,350436841,0.807536,-1.30996,0.738236,3.13207,2.50137,0.936527,1.02816,1.02648-0.367962,-0.141369,-1.06526e-06,-0.121787,0.314359,-0.297527,0,0
1481575570,376429708,0.819086,-1.31477,0.738236,3.13445,2.49185,0.941288,1.02816,1.02648-0.370844,-0.186103,0,-0.163973,0.277288,-0.245477,0,0
1481575570,402402546,0.825823,-1.31862,0.737273,3.13802,2.4859,0.949617,1.02816,1.02648-0.35917,-0.179667,0.0481266,-0.139496,0.317296,-0.268664,0,0
1481575570,422407970,0.832561,-1.32151,0.736311,3.1404,2.47995,0.954378,1.02816,1.02648-0.354484,-0.165225,0.060155,-0.124124,0.287556,-0.245704,0,0
1481575570,448427478,0.842186,-1.32632,0.734386,-3.13921,2.47162,0.961517,1.02816,1.02648-0.329251,-0.13756,0.0391021,-0.120281,0.309882,-0.239911,0,0
1481575570,474412058,0.847961,-1.32825,0.733423,-3.13683,2.46686,0.965087,1.02816,1.02648-0.293817,-0.113442,0.0409819,-0.11916,0.246975,-0.178726,0,0
1481575570,500439663,0.853735,-1.33017,0.731498,-3.13445,2.46329,0.969848,1.02816,1.02648-0.217824,-0.100546,0.0343071,-0.0892899,0.210494,-0.163698,0,0
1481575570,526471155,0.856623,-1.3321,0.729573,-3.13445,2.46091,0.971038,1.02816,1.02648-0.123488,-0.0366366,0.0644459,-0.0260361,0.0560593,-0.0948309,0,0
1481575570,546478092,0.857586,-1.3321,0.727648,-3.13326,2.45972,0.971038,1.02816,1.02648-0.103057,-0.0332208,0.0401731,-0.0065093,0.0437623,-0.023708,0,0
1481575570,572407687,0.857586,-1.3321,0.725723,-3.13326,2.45853,0.971038,1.02816,1.02648-0.0128822,-0.0041524,0.125334,-0.0156887,0.0798457,-0.00296357,0,0
1481575570,598424120,0.856623,-1.3321,0.721873,-3.13207,2.45615,0.971038,1.02816,1.026480.0449028,-0.0010381,0.10352,-0.0336719,0.0794565,-0.000740891,0,0
1481575570,624403186,0.854698,-1.33113,0.718986,-3.13088,2.45496,0.969848,1.02816,1.026480.0778111,0.0239319,0.157316,-0.0637087,0.0843008,0.0594024,0,0
1481575570,650418185,0.85181,-1.32921,0.714173,-3.12969,2.45258,0.968658,1.02816,1.026480.0916378,0.0541196,0.159641,-0.0754271,0.0508227,0.0743456,0,0
1481575570,676397530,0.846998,-1.32728,0.708398,-3.12731,2.45139,0.966278,1.02816,1.026480.167856,0.0669191,0.188393,-0.0689285,0.0509808,0.0985357,0,0
1481575570,702423253,0.843148,-1.3244,0.704548,-3.12731,2.44782,0.963897,1.02816,1.026480.177386,0.116642,0.191987,-0.0234912,0.110489,0.0866991,0,0
1481575570,722416019,0.840261,-1.32247,0.699736,-3.12493,2.44544,0.961517,1.02816,1.026480.164655,0.101346,0.216433,-0.0951228,0.116878,0.110917,0,0
1481575570,748393692,0.834486,-1.31766,0.692998,-3.12374,2.44187,0.959137,1.02816,1.026480.18554,0.12159,0.246607,-0.0237804,0.118462,0.0872243,0,0
1481575570,774433899,0.830635,-1.31477,0.688186,-3.12255,2.43949,0.956758,1.02816,1.026480.191637,0.159569,0.24739,-0.0773473,0.148698,0.115019,0,0
1481575570,800450990,0.824861,-1.31092,0.680486,-3.12136,2.43711,0.953188,1.02816,1.026480.240403,0.160207,0.254346,-0.0193367,0.0966696,0.117997,0,0
1481575570,826427926,0.818123,-1.30611,0.673748,-3.12017,2.43354,0.951997,1.02816,1.026480.210519,0.128303,0.260388,-0.0470421,0.1162,0.0891717,0,0
1481575570,852434217,0.814273,-1.30418,0.667973,-3.11779,2.43116,0.948427,1.02816,1.026480.19476,0.112291,0.273174,-0.0951302,0.118648,0.115263,0,0
1481575570,872411482,0.809461,-1.30033,0.663161,-3.11779,2.42878,0.946047,1.02816,1.026480.241183,0.172443,0.260794,-0.0237826,0.118905,0.118058,0,0
1481575570,898431229,0.803686,-1.29648,0.655461,-3.11541,2.42521,0.943668,1.02816,1.026480.204679,0.163432,0.233635,-0.0951952,0.118995,0.118757,0,0
1481575570,924410630,0.799836,-1.2936,0.650648,-3.11422,2.42283,0.941288,1.02816,1.026480.194017,0.128707,0.233735,-0.0713993,0.118991,0.104087,0,0
1481575570,950398950,0.794061,-1.28878,0.642948,-3.11184,2.41807,0.937717,1.02816,1.026480.192881,0.176547,0.274997,-0.0475997,0.119017,0.115318,0,0
1481575570,976407985,0.787323,-1.28397,0.634286,-3.10946,2.41569,0.936527,1.02816,1.026480.16848,0.130349,0.275,-0.050575,0.133867,0.059036,0,0
1481575571,2425634,0.783473,-1.28108,0.629474,-3.10827,2.41212,0.932958,1.02816,1.026480.201526,0.160677,0.238905,-0.0509468,0.120863,0.111496,0,0
1481575571,22424470,0.779623,-1.2782,0.623699,-3.10708,2.40974,0.931768,1.02816,1.026480.194758,0.160478,0.276288,-0.0722366,0.119458,0.087369,0,0
1481575571,48424760,0.773848,-1.27338,0.615999,-3.1047,2.40617,0.929388,1.02816,1.026480.193059,0.160428,0.285634,-0.0478091,0.119134,0.111085,0,0
1481575571,74406666,0.769998,-1.2705,0.610224,-3.10351,2.4026,0.927008,1.02816,1.026480.192571,0.16443,0.27633,-0.0506011,0.148756,0.103128,0,0
1481575571,100388195,0.764223,-1.26568,0.601561,-3.10113,2.39903,0.924627,1.02816,1.026480.192513,0.137354,0.285646,-0.13165,0.126458,0.115051,0,0
1481575571,126425762,0.758448,-1.26183,0.593861,-3.09875,2.39665,0.922247,1.02816,1.026480.192499,0.161546,0.264297,-0.075956,0.119924,0.103624,0,0
1481575571,146408359,0.754598,-1.25895,0.588086,-3.09875,2.39308,0.921057,1.02816,1.026480.192508,0.160695,0.282636,-0.048739,0.148984,0.0556535,0,0
1481575571,172427338,0.750748,-1.25606,0.583274,-3.09637,2.38951,0.917488,1.02816,1.026480.216557,0.128378,0.23986,-0.0655921,0.122739,0.111073,0,0
1481575571,198400171,0.745936,-1.25125,0.574611,-3.09399,2.38475,0.915108,1.02816,1.026480.174461,0.128341,0.276528,-0.075898,0.0901932,0.0872633,0,0
1481575571,224403501,0.742086,-1.24836,0.569799,-3.09399,2.38237,0.913918,1.02816,1.026480.190239,0.160426,0.239098,-0.0243621,0.130264,0.0852767,0,0
1481575571,250397663,0.736311,-1.24355,0.561136,-3.09161,2.37761,0.911537,1.02816,1.026480.191936,0.136353,0.252273,-0.0953401,0.121822,0.110588,0,0
1481575571,276428604,0.731498,-1.23873,0.552474,-3.08923,2.37523,0.909157,1.02816,1.026480.1443,0.161414,0.284192,-0.0714175,0.134218,0.103066,0,0
1481575571,302404272,0.727648,-1.23681,0.546699,-3.08923,2.37047,0.906778,1.02816,1.026480.186472,0.116427,0.288181,-0.0238023,0.180395,0.102126,0,0
1481575571,322395372,0.724761,-1.23296,0.540924,-3.08685,2.36809,0.905588,1.02816,1.026480.166926,0.173477,0.288608,-0.0952006,0.134368,0.0850265,0,0
1481575571,348403659,0.718986,-1.22911,0.533224,-3.08447,2.36333,0.903208,1.02816,1.026480.186108,0.163684,0.288712,-0.0833,0.122835,0.0510041,0,0
1481575571,374437543,0.715136,-1.22526,0.527449,-3.08328,2.36095,0.902018,1.02816,1.026480.191708,0.176861,0.276713,-0.0847871,0.134371,0.0509968,0,0
1481575571,400421868,0.710323,-1.22141,0.518786,-3.0809,2.35619,0.899637,1.02816,1.026480.168235,0.164537,0.28574,-0.0509468,0.152583,0.0424967,0,0
1481575571,426447401,0.705511,-1.2166,0.510124,-3.07852,2.35262,0.898447,1.02816,1.026480.165413,0.128845,0.288372,-0.0509931,0.182697,0.0499467,0,0
1481575571,452439609,0.702623,-1.21371,0.504349,-3.07733,2.34905,0.896067,1.02816,1.026480.140985,0.160482,0.288704,-0.050999,0.126953,0.0806121,0,0
1481575571,472396723,0.698773,-1.21082,0.498574,-3.07614,2.34548,0.894878,1.02816,1.026480.179629,0.160429,0.288736,-0.0722494,0.150742,0.0499005,0,0
1481575571,498412972,0.693961,-1.20601,0.489911,-3.07376,2.34072,0.892498,1.02816,1.026480.165216,0.136354,0.288746,-0.0478123,0.18645,0.0422226,0,0
1481575571,524416972,0.691073,-1.20312,0.485099,-3.07257,2.33834,0.891308,1.02816,1.026480.140974,0.161418,0.240624,-0.0506017,0.127422,0.0498991,0,0
1481575571,550431451,0.686261,-1.19831,0.475474,-3.07019,2.33358,0.888928,1.02816,1.026480.13149,0.160663,0.252656,-0.1019,0.150872,0.0422223,0,0
1481575571,576403655,0.681448,-1.19446,0.467774,-3.06781,2.33001,0.887738,1.02816,1.026480.16082,0.164456,0.320329,-0.131738,0.152723,0.0498991,0,0
1481575571,596404257,0.678561,-1.19157,0.461999,-3.06662,2.32644,0.886547,1.02816,1.026480.136452,0.161422,0.320707,-0.0329342,0.186932,0.0422489,0,0
1481575571,622391932,0.675674,-1.18868,0.456224,-3.06543,2.32287,0.884167,1.02816,1.026480.137365,0.128462,0.256651,-0.0487417,0.127483,0.0796499,0,0
1481575571,648428453,0.670861,-1.18387,0.447561,-3.06305,2.31811,0.882977,1.02816,1.026480.154656,0.128362,0.280726,-0.101435,0.150874,0.0794075,0,0
1481575571,674420909,0.667974,-1.18098,0.441786,-3.06186,2.31454,0.881788,1.02816,1.026480.163702,0.160422,0.287746,-0.0721791,0.152736,0.0396734,0,0
1481575571,700406323,0.663161,-1.17617,0.433124,-3.06067,2.30978,0.879408,1.02816,1.026480.16124,0.136352,0.336625,-0.0477947,0.186922,0.0396659,0,0
1481575571,726444530,0.659311,-1.17232,0.423499,-3.05829,2.30621,0.878218,1.02816,1.026480.116402,0.161427,0.258643,-0.095224,0.18699,0.079327,0,0
1481575571,746420159,0.656423,-1.16943,0.417724,-3.05591,2.30264,0.877028,1.02816,1.026480.173484,0.160665,0.305281,-0.0833058,0.195512,0.0793268,0,0
1481575571,772420340,0.653536,-1.16655,0.411949,-3.05472,2.29788,0.875838,1.02816,1.026480.154025,0.128374,0.290813,-0.0847881,0.158303,0.0396634,0,0
1481575571,798397210,0.649686,-1.16173,0.403287,-3.05234,2.29312,0.874648,1.02816,1.026480.134766,0.12834,0.289268,-0.0509468,0.18834,0.0694109,0,0
1481575571,824427350,0.646798,-1.15885,0.397512,-3.05115,2.28955,0.873457,1.02816,1.026480.125123,0.160412,0.288816,-0.0509931,0.18718,0.0384505,0,0
1481575571,850411794,0.641986,-1.15403,0.388849,-3.04877,2.28479,0.872267,1.02816,1.026480.127527,0.136356,0.288762,-0.101998,0.195533,0.0393601,0,0
1481575571,876404889,0.638136,-1.15018,0.379224,-3.04639,2.28122,0.871077,1.02816,1.026480.112191,0.161415,0.288748,-0.102,0.158319,0.0346675,0,0
1481575571,902398108,0.635249,-1.14633,0.373449,-3.04401,2.27646,0.869887,1.02816,1.026480.134332,0.176581,0.300783,-0.102,0.15368,0.0192072,0,0
1481575571,922416825,0.632361,-1.14345,0.367674,-3.04282,2.27289,0.868698,1.02816,1.026480.153898,0.164454,0.291757,-0.0849996,0.15741,0.0345493,0,0
1481575571,948424670,0.628511,-1.1396,0.358049,-3.04044,2.26694,0.866318,1.02816,1.026480.158783,0.161435,0.289504,-0.0510001,0.158369,0.0383848,0,0
1481575571,974432856,0.625623,-1.13575,0.352274,-3.03925,2.26337,0.866318,1.02816,1.026480.1522,0.17658,0.300875,-0.0510001,0.198308,0.0196719,0,0
1481575572,434706,0.621774,-1.1319,0.343612,-3.03687,2.25861,0.865128,1.02816,1.026480.158358,0.164467,0.291777,-0.13175,0.198315,0.0346655,0,0
1481575572,26422569,0.617923,-1.12708,0.333987,-3.03449,2.25504,0.863938,1.02816,1.026480.152134,0.176959,0.337255,-0.0759688,0.188427,0.0340807,0,0
1481575572,52416469,0.615036,-1.1242,0.328212,-3.0333,2.25028,0.862748,1.02816,1.026480.151359,0.130404,0.294814,-0.0838709,0.157444,0.0191338,0,0
1481575572,72389492,0.613111,-1.12131,0.322437,-3.03211,2.24671,0.861558,1.02816,1.026480.110025,0.128848,0.290262,-0.0507178,0.158351,0.034531,0,0
1481575572,98402286,0.609261,-1.1165,0.312812,-3.02973,2.24076,0.860367,1.02816,1.026480.147814,0.176595,0.313192,-0.0721797,0.158604,0.068181,0,0
1481575572,124416227,0.606374,-1.11361,0.306074,-3.02854,2.23719,0.859177,1.02816,1.026480.126758,0.154414,0.339928,-0.0833974,0.198337,0.0382701,0,0
1481575572,150391396,0.603486,-1.1088,0.297412,-3.02616,2.23243,0.857987,1.02816,1.026480.103874,0.13485,0.301547,-0.0505995,0.198322,0.0690626,0,0
1481575572,176440199,0.599636,-1.10398,0.287787,-3.02378,2.22886,0.856798,1.02816,1.026480.121268,0.16123,0.338474,-0.05095,0.158667,0.0681278,0,0
1481575572,202451706,0.596749,-1.1011,0.282012,-3.02259,2.22291,0.856798,1.02816,1.026480.123436,0.164537,0.294965,-0.0509937,0.168584,0.00851598,0,0
1481575572,222419063,0.593861,-1.09821,0.276237,-3.02021,2.21934,0.855608,1.02816,1.026480.151167,0.161443,0.290306,-0.101998,0.161136,0.0318765,0,0
1481575572,248403291,0.590974,-1.0934,0.266612,-3.01783,2.21339,0.854418,1.02816,1.026480.109983,0.160669,0.3132,-0.0849996,0.159287,0.0674641,0,0
1481575572,274430273,0.588086,-1.09051,0.259874,-3.01664,2.20982,0.854418,1.02816,1.026480.146087,0.16446,0.339932,-0.0849996,0.168662,0.00843302,0,0
1481575572,300385619,0.584236,-1.0857,0.250249,-3.01307,2.20387,0.853228,1.02816,1.026480.108707,0.137362,0.301545,-0.0510001,0.161155,0.0318558,0,0
1481575572,326416418,0.581349,-1.08088,0.241587,-3.01188,2.2003,0.852038,1.02816,1.026480.109838,0.161547,0.302376,-0.0361247,0.198636,0.0337295,0,0
1481575572,352383957,0.578461,-1.078,0.234849,-3.01069,2.19435,0.850848,1.02816,1.026480.146069,0.164563,0.314518,-0.0491406,0.218202,0.0637112,0,0
1481575572,372386199,0.576536,-1.07511,0.229074,-3.00831,2.19078,0.850848,1.02816,1.026480.108716,0.161462,0.295191,-0.101535,0.203315,0.0159278,0,0

