1481577848,699063061,0.502424,-1.03661,0.299337,-3.06543,2.3669,0.721138,1.02648,1.02480.0485479,0.0284759,-0.0976395,0.0731897,-0.120679,0.0973733,0,0
1481577848,725069437,0.502424,-1.03565,0.302224,-3.06781,2.36928,0.718758,1.02648,1.02480.00606849,0.063727,-0.0482975,0.143023,-0.119228,0.101414,0,0
1481577848,751068036,0.502424,-1.03565,0.303187,-3.06781,2.37166,0.716378,1.02648,1.02480.000758562,0.00796587,-0.078224,0.0178779,-0.0892724,0.0870988,0,0
1481577848,777063066,0.501461,-1.03468,0.304149,-3.069,2.37166,0.716378,1.02648,1.02480.00018964,0.0260531,-0.0436178,0.0342195,-0.0223178,0.0217747,0,0
1481577848,803058304,0.501461,-1.03468,0.305112,-3.069,2.37285,0.716378,1.02648,1.02480.0120545,0.00325664,-0.0295174,0.00427744,-0.0325374,0.00272184,0,0
1481577848,829061587,0.501461,-1.03468,0.306074,-3.069,2.37285,0.716378,1.02648,1.02480.00301363,0.00081416,-0.0314407,0.00106936,-0.00813436,0.000680459,0,0
1481577848,855075830,0.501461,-1.03468,0.306074,-3.069,2.37285,0.716378,1.02648,1.02480.000376704,0.00010177,-0.00393029,0.00013367,-0.00101679,8.50574e-05,0,0
1481577848,881117172,0.501461,-1.03468,0.306074,-3.069,2.37285,0.716378,1.02648,1.02484.7088e-05,1.27213e-05,-0.000491087,1.67087e-05,-0.000127299,1.06322e-05,0,0
1481577848,907149237,0.501461,-1.03468,0.306074,-3.069,2.37285,0.716378,1.02648,1.02481.1772e-05,3.18031e-06,-0.000123038,4.17718e-06,-3.19579e-05,2.65804e-06,0,0
1481577848,933109807,0.501461,-1.03468,0.306074,-3.069,2.37285,0.716378,1.02648,1.02481.4715e-06,3.97539e-07,-1.54463e-05,5.22148e-07,-3.72843e-06,3.32256e-07,0,0
1481577848,955056891,0.501461,-1.03468,0.306074,-3.069,2.37285,0.716378,1.02648,1.02483.67875e-07,9.93848e-08,-3.72843e-06,1.30537e-07,-1.06526e-06,8.30639e-08,0,0
1481577848,975068767,0.501461,-1.03468,0.306074,-3.069,2.37285,0.716378,1.02648,1.02489.19688e-08,2.48462e-08,-1.06526e-06,3.26342e-08,0,2.0766e-08,0,0
1481577849,1077386,0.501461,-1.03468,0.306074,-3.069,2.37285,0.716378,1.02648,1.02481.14961e-08,3.10578e-09,0,4.07928e-09,0,2.59575e-09,0,0
1481577849,27067369,0.501461,-1.03468,0.306074,-3.069,2.37285,0.716378,1.02648,1.02482.87403e-09,7.76444e-10,0,1.01982e-09,0,6.48937e-10,0,0
1481577849,47052331,0.501461,-1.03468,0.306074,-3.069,2.37285,0.716378,1.02648,1.02487.18506e-10,1.94111e-10,0,2.54955e-10,0,1.62234e-10,0,0
1481577849,73105876,0.501461,-1.03468,0.306074,-3.069,2.37285,0.716378,1.02648,1.02488.98135e-11,2.42641e-11,0,3.18696e-11,0,2.02789e-11,0,0
1481577849,99049414,0.501461,-1.03468,0.306074,-3.069,2.37285,0.716378,1.02648,1.02482.24531e-11,6.06626e-12,0,7.96696e-12,0,5.06972e-12,0,0
1481577849,125078067,0.501461,-1.03468,0.306074,-3.069,2.37285,0.716378,1.02648,1.02482.80664e-12,7.58504e-13,0,9.95648e-13,0,6.34159e-13,0,0
1481577849,151087961,0.501461,-1.03468,0.306074,-3.069,2.37285,0.716378,1.02648,1.02483.5083e-13,9.50351e-14,0,1.24345e-13,0,7.90479e-14,0,0
1481577849,171090870,0.501461,-1.03468,0.306074,-3.069,2.37285,0.716378,1.02648,1.02488.79297e-14,2.39808e-14,0,3.10862e-14,0,1.95399e-14,0,0
1481577849,197050819,0.501461,-1.03468,0.306074,-3.069,2.37285,0.716378,1.02648,1.02482.22045e-14,6.21725e-15,0,7.99361e-15,0,5.32907e-15,0,0
1481577849,223050860,0.501461,-1.03468,0.306074,-3.069,2.37285,0.716378,1.02648,1.02482.66454e-15,8.88178e-16,0,8.88178e-16,0,8.88178e-16,0,0
1481577849,249048467,0.501461,-1.03468,0.306074,-3.069,2.37285,0.716378,1.02648,1.02488.88178e-16,0,0,0,0,0,0,0
1481577849,275048094,0.501461,-1.03468,0.306074,-3.069,2.37285,0.716378,1.02648,1.02480,0,0,0,0,0,0,0
1481577849,301063758,0.501461,-1.03468,0.306074,-3.069,2.37285,0.716378,1.02648,1.02480,0,0,0,0,0,0,0
1481577849,327053882,0.501461,-1.03468,0.306074,-3.069,2.37285,0.716378,1.02648,1.02480,0,0,0,0,0,0,0
1481577849,347059371,0.501461,-1.03468,0.306074,-3.069,2.37285,0.716378,1.02648,1.02480,0,0,0,0,0,0,0
1481577849,373054607,0.501461,-1.03468,0.306074,-3.069,2.37285,0.716378,1.02648,1.02480,0,0,0,0,0,0,0
1481577849,399064227,0.501461,-1.03468,0.306074,-3.069,2.37285,0.716378,1.02648,1.02480,0,0,0,0,0,0,0
1481577849,425067878,0.501461,-1.03468,0.306074,-3.069,2.37285,0.716378,1.02648,1.02480,0,0,0,0,0,0,0
1481577849,451082957,0.501461,-1.03468,0.306074,-3.069,2.37285,0.716378,1.02648,1.02480,0,0,0,0,0,0,0
1481577849,471093315,0.501461,-1.03468,0.306074,-3.069,2.37285,0.716378,1.02648,1.02480,0,0,0,0,0,0,0
1481577849,497073459,0.501461,-1.03468,0.306074,-3.069,2.37285,0.716378,1.02648,1.02480,0,0,0,0,0,0,0
1481577849,523058573,0.501461,-1.03468,0.306074,-3.069,2.37285,0.716378,1.02648,1.02480,0,0,0,0,0,0,0
1481577849,549047771,0.501461,-1.03468,0.306074,-3.069,2.37285,0.716378,1.02648,1.02480,0,0,0,0,0,0,0
1481577849,575054638,0.501461,-1.03468,0.306074,-3.069,2.37285,0.716378,1.02648,1.02480,0,0,0,0,0,0,0
1481577849,601046641,0.501461,-1.03468,0.306074,-3.069,2.37285,0.716378,1.02648,1.02480,0,0,0,0,0,0,0
1481577849,627060663,0.501461,-1.03468,0.306074,-3.069,2.37285,0.716378,1.02648,1.02480,0,0,0,0,0,0,0
1481577849,647054535,0.501461,-1.03468,0.306074,-3.069,2.37285,0.716378,1.02648,1.02480,0,0,0,0,0,0,0
1481577849,673075603,0.501461,-1.03468,0.306074,-3.069,2.37285,0.716378,1.02648,1.02480,0,0,0,0,0,0,0
1481577849,699044180,0.501461,-1.03468,0.306074,-3.069,2.37285,0.716378,1.02648,1.02480,0,0,0,0,0,0,0
1481577849,725070202,0.501461,-1.03468,0.306074,-3.069,2.37285,0.716378,1.02648,1.02480,0,0,0,0,0,0,0
1481577849,751089204,0.501461,-1.03468,0.306074,-3.069,2.37285,0.716378,1.02648,1.02480,0,0,0,0,0,0,0
1481577849,777046862,0.501461,-1.03468,0.306074,-3.069,2.37285,0.716378,1.02648,1.02480,0,0,0,0,0,0,0
1481577849,797062141,0.501461,-1.03468,0.306074,-3.069,2.37285,0.716378,1.02648,1.02480,0,0,0,0,0,0,0
1481577849,823068675,0.501461,-1.03468,0.306074,-3.069,2.37285,0.716378,1.02648,1.02480,0,0,0,0,0,0,0
1481577849,849075583,0.501461,-1.03468,0.306074,-3.069,2.37285,0.716378,1.02648,1.02480,0,0,0,0,0,0,0
1481577849,875062962,0.501461,-1.03468,0.306074,-3.069,2.37285,0.716378,1.02648,1.02480,0,0,0,0,0,0,0
1481577849,901074425,0.501461,-1.03468,0.306074,-3.069,2.37285,0.716378,1.02648,1.02480,0,0,0,0,0,0,0
1481577849,927046891,0.501461,-1.03468,0.306074,-3.069,2.37285,0.716378,1.02648,1.02480,0,0,0,0,0,0,0
1481577849,947053601,0.501461,-1.03468,0.306074,-3.069,2.37285,0.716378,1.02648,1.02480,0,0,0,0,0,0,0
1481577849,973037516,0.501461,-1.03468,0.306074,-3.069,2.37285,0.716378,1.02648,1.02480,0,0,0,0,0,0,0
1481577849,999078362,0.501461,-1.03468,0.306074,-3.069,2.37285,0.716378,1.02648,1.02480,0,0,0,0,0,0,0
1481577850,25054589,0.501461,-1.03468,0.306074,-3.069,2.37285,0.716378,1.02648,1.02480,0,0,0,0,0,0,0
1481577850,51071471,0.501461,-1.03468,0.306074,-3.069,2.37285,0.716378,1.02648,1.02480,0,0,0,0,0,0,0
1481577850,71061827,0.501461,-1.03468,0.306074,-3.069,2.37285,0.716378,1.02648,1.02480,0,0,0,0,0,0,0
1481577850,97063335,0.501461,-1.03468,0.306074,-3.069,2.37285,0.716378,1.02648,1.02480,0,0,0,0,0,0,0
1481577850,123050780,0.501461,-1.03468,0.306074,-3.069,2.37285,0.716378,1.02648,1.02480,0,0,0,0,0,0,0
1481577850,149066399,0.501461,-1.03468,0.306074,-3.069,2.37285,0.716378,1.02648,1.02480,0,0,0,0,0,0,0
1481577850,175073226,0.501461,-1.03468,0.306074,-3.069,2.37285,0.716378,1.02648,1.02480,0,0,0,0,0,0,0
1481577850,201051159,0.501461,-1.03468,0.306074,-3.069,2.37285,0.716378,1.02648,1.02480,0,0,0,0,0,0,0
1481577850,227078958,0.501461,-1.03468,0.306074,-3.069,2.37285,0.716378,1.02648,1.02480,0,0,0,0,0,0,0
1481577850,247049052,0.501461,-1.03468,0.306074,-3.069,2.37285,0.716378,1.02648,1.02480,0,0,0,0,0,0,0
1481577850,273045051,0.501461,-1.03468,0.306074,-3.069,2.37285,0.716378,1.02648,1.02480,0,0,0,0,0,0,0
1481577850,299052542,0.501461,-1.03468,0.306074,-3.069,2.37285,0.716378,1.02648,1.02480,0,0,0,0,0,0,0
1481577850,325073240,0.501461,-1.03468,0.306074,-3.069,2.37285,0.716378,1.02648,1.02480,0,0,0,0,0,0,0
1481577850,351026157,0.501461,-1.03468,0.306074,-3.069,2.37285,0.716378,1.02648,1.02480,0,0,0,0,0,0,0
1481577850,377060131,0.501461,-1.03468,0.306074,-3.069,2.37285,0.716378,1.02648,1.02480,0,0,0,0,0,0,0
1481577850,397060918,0.501461,-1.03468,0.306074,-3.069,2.37285,0.716378,1.02648,1.02480,0,0,0,0,0,0,0
1481577850,423049650,0.501461,-1.03468,0.306074,-3.069,2.37285,0.716378,1.02648,1.02480,0,0,0,0,0,0,0
1481577850,449071100,0.501461,-1.03468,0.306074,-3.069,2.37285,0.716378,1.02648,1.02480,0,0,0,0,0,0,0
1481577850,475028019,0.501461,-1.03468,0.306074,-3.069,2.37285,0.716378,1.02648,1.02480,0,0,0,0,0,0,0
1481577850,501046631,0.501461,-1.03468,0.306074,-3.069,2.37285,0.716378,1.02648,1.02480,0,0,0,0,0,0,0
1481577850,527047939,0.501461,-1.03468,0.306074,-3.069,2.37285,0.716378,1.02648,1.02480,0,0,0,0,0,0,0
1481577850,547048991,0.501461,-1.03468,0.306074,-3.069,2.37285,0.716378,1.02648,1.02480,0,0,0,0,0,0,0
1481577850,573040349,0.501461,-1.03468,0.306074,-3.069,2.37285,0.716378,1.02648,1.02480,0,0,0,0,0,0,0
1481577850,599034868,0.501461,-1.03468,0.306074,-3.069,2.37285,0.716378,1.02648,1.02480,0,0,0,0,0,0,0
1481577850,625045249,0.501461,-1.03468,0.306074,-3.069,2.37285,0.716378,1.02648,1.02480,0,0,0,0,0,0,0
1481577850,651064329,0.501461,-1.03468,0.306074,-3.069,2.37285,0.716378,1.02648,1.02480,0,0,0,0,0,0,0
1481577850,671045088,0.501461,-1.03468,0.306074,-3.069,2.37285,0.716378,1.02648,1.02480,0,0,0,0,0,0,0
1481577850,697079377,0.501461,-1.03468,0.306074,-3.069,2.37285,0.716378,1.02648,1.02480,0,0,0,0,0,0,0
1481577850,723093932,0.501461,-1.03468,0.306074,-3.069,2.37285,0.716378,1.02648,1.02480,0,0,0,0,0,0,0
1481577850,749045364,0.501461,-1.03468,0.306074,-3.069,2.37285,0.716378,1.02648,1.02480,0,0,0,0,0,0,0
1481577850,775053635,0.501461,-1.03468,0.306074,-3.069,2.37285,0.716378,1.02648,1.02480,0,0,0,0,0,0,0
1481577850,801049947,0.501461,-1.03468,0.306074,-3.069,2.37285,0.716378,1.02648,1.02480,0,0,0,0,0,0,0
1481577850,821072076,0.501461,-1.03468,0.306074,-3.069,2.37285,0.716378,1.02648,1.02480,0,0,0,0,0,0,0
1481577850,847046906,0.501461,-1.03468,0.306074,-3.069,2.37285,0.716378,1.02648,1.02480,0,0,0,0,0,0,0
1481577850,873050661,0.501461,-1.03468,0.306074,-3.069,2.37285,0.716378,1.02648,1.02480,0,0,0,0,0,0,0
1481577850,899049339,0.501461,-1.03468,0.306074,-3.069,2.37285,0.716378,1.02648,1.02480,0,0,0,0,0,0,0
1481577850,925040400,0.501461,-1.03468,0.306074,-3.069,2.37285,0.716378,1.02648,1.02480,0,0,0,0,0,0,0
1481577850,951065141,0.501461,-1.03468,0.306074,-3.069,2.37285,0.716378,1.02648,1.02480,0,0,0,0,0,0,0
1481577850,971040568,0.501461,-1.03468,0.306074,-3.069,2.37285,0.716378,1.02648,1.02480,0,0,0,0,0,0,0
1481577850,997056343,0.501461,-1.03468,0.306074,-3.069,2.37285,0.716378,1.02648,1.02480,0,0,0,0,0,0,0
1481577851,23054872,0.501461,-1.03468,0.306074,-3.069,2.37285,0.716378,1.02648,1.02480,0,0,0,0,0,0,0
1481577851,49059922,0.501461,-1.03468,0.306074,-3.069,2.37285,0.716378,1.02648,1.02480,0,0,0,0,0,0,0
1481577851,75080472,0.501461,-1.03468,0.306074,-3.069,2.37285,0.716378,1.02648,1.02480,0,0,0,0,0,0,0
1481577851,101038296,0.501461,-1.03468,0.306074,-3.069,2.37285,0.716378,1.02648,1.02480,0,0,0,0,0,0,0
1481577851,127074071,0.501461,-1.03468,0.306074,-3.069,2.37285,0.716378,1.02648,1.02480,0,0,0,0,0,0,0
1481577851,147048023,0.501461,-1.03468,0.306074,-3.069,2.37285,0.716378,1.02648,1.02480,0,0,0,0,0,0,0
1481577851,173064888,0.501461,-1.03468,0.306074,-3.069,2.37285,0.716378,1.02648,1.02480,0,0,0,0,0,0,0
1481577851,199050022,0.501461,-1.03468,0.306074,-3.069,2.37285,0.716378,1.02648,1.02480,0,0,0,0,0,0,0
1481577851,225052696,0.501461,-1.03468,0.306074,-3.069,2.37285,0.716378,1.02648,1.02480,0,0,0,0,0,0,0
1481577851,251052810,0.501461,-1.03468,0.306074,-3.069,2.37285,0.716378,1.02648,1.02480,0,0,0,0,0,0,0
1481577851,277069813,0.501461,-1.03468,0.306074,-3.069,2.37285,0.716378,1.02648,1.02480,0,0,0,0,0,0,0
1481577851,297075163,0.501461,-1.03468,0.306074,-3.069,2.37285,0.716378,1.02648,1.02480,0,0,0,0,0,0,0
1481577851,323069876,0.501461,-1.03468,0.306074,-3.069,2.37285,0.716378,1.02648,1.02480,0,0,0,0,0,0,0
1481577851,349083422,0.501461,-1.03468,0.306074,-3.069,2.37285,0.716378,1.02648,1.02480,0,0,0,0,0,0,0
1481577851,375086039,0.501461,-1.03468,0.306074,-3.069,2.37285,0.716378,1.02648,1.02480,0,0,0,0,0,0,0
1481577851,401035919,0.501461,-1.03468,0.306074,-3.069,2.37285,0.716378,1.02648,1.02480,0,0,0,0,0,0,0
1481577851,427079376,0.501461,-1.03468,0.306074,-3.069,2.37285,0.716378,1.02648,1.02480,0,0,0,0,0,0,0
1481577851,447038921,0.501461,-1.03468,0.306074,-3.069,2.37285,0.716378,1.02648,1.02480,0,0,0,0,0,0,0
1481577851,473084453,0.501461,-1.03468,0.306074,-3.069,2.37285,0.716378,1.02648,1.02480,0,0,0,0,0,0,0
1481577851,499050288,0.501461,-1.03468,0.306074,-3.069,2.37285,0.716378,1.02648,1.02480,0,0,0,0,0,0,0
1481577851,525081738,0.501461,-1.03468,0.306074,-3.069,2.37285,0.716378,1.02648,1.02480,0,0,0,0,0,0,0
1481577851,551042735,0.501461,-1.03468,0.306074,-3.069,2.37285,0.716378,1.02648,1.02480,0,0,0,0,0,0,0
1481577851,577041581,0.501461,-1.03468,0.306074,-3.069,2.37285,0.716378,1.02648,1.02480,0,0,0,0,0,0,0
1481577851,597062118,0.501461,-1.03468,0.306074,-3.069,2.37285,0.716378,1.02648,1.02480,0,0,0,0,0,0,0
1481577851,623094303,0.501461,-1.03468,0.306074,-3.069,2.37285,0.716378,1.02648,1.02480,0,0,0,0,0,0,0
1481577851,649043065,0.501461,-1.03468,0.306074,-3.069,2.37285,0.716378,1.02648,1.02480,0,0,0,0,0,0,0
1481577851,675044015,0.501461,-1.03468,0.306074,-3.069,2.37285,0.716378,1.02648,1.02480,0,0,0,0,0,0,0
1481577851,701034344,0.501461,-1.03468,0.306074,-3.069,2.37285,0.716378,1.02648,1.02480,0,0,0,0,0,0,0
1481577851,727073259,0.501461,-1.03468,0.306074,-3.069,2.37285,0.716378,1.02648,1.02480,0,0,0,0,0,0,0
1481577851,747011334,0.501461,-1.03468,0.306074,-3.069,2.37285,0.716378,1.02648,1.02480,0,0,0,0,0,0,0
1481577851,773067763,0.501461,-1.03468,0.306074,-3.069,2.37285,0.716378,1.02648,1.02480,0,0,0,0,0,0,0
1481577851,799049790,0.501461,-1.03468,0.306074,-3.069,2.37285,0.716378,1.02648,1.02480,0,0,0,0,0,0,0
1481577851,825074594,0.501461,-1.03468,0.306074,-3.069,2.37285,0.716378,1.02648,1.02480,0,0,0,0,0,0,0
1481577851,851034281,0.501461,-1.03468,0.306074,-3.069,2.37166,0.716378,1.02648,1.02480,0,0,0,0.059495,0,0,0
1481577851,871034014,0.501461,-1.03468,0.306074,-3.069,2.37047,0.716378,1.02648,1.02480,0,0,0,0.0743688,0,0,0
1481577851,897049767,0.501461,-1.03565,0.306074,-3.06781,2.36571,0.716378,1.02648,1.02480,0,0,0,0.137596,0,0,0
1481577851,923053409,0.501461,-1.03565,0.305112,-3.06662,2.36095,0.716378,1.02648,1.02480,-0.0120306,0.0481233,-0.0743746,0.210585,0,0,0
1481577851,949040025,0.501461,-1.03854,0.303187,-3.06305,2.35262,0.716378,1.02648,1.02480,-0.0751991,0.0601608,-0.0483438,0.231131,0,0,0
1481577851,975041720,0.501461,-1.04046,0.302224,-3.06186,2.34667,0.716378,1.02648,1.02480,-0.093616,0.0436126,-0.0952927,0.311526,0,0,0
1481577852,1031317,0.501461,-1.04335,0.298374,-3.05829,2.33834,0.716378,1.02648,1.02480,-0.095918,0.125762,-0.116037,0.276934,0,0,0
1481577852,27042973,0.501461,-1.0472,0.294524,-3.05353,2.32763,0.716378,1.02648,1.02480,-0.144294,0.103632,-0.0885091,0.336974,0,0,0
1481577852,47052829,0.501461,-1.05008,0.292599,-3.05115,2.32168,0.717569,1.02648,1.02480,-0.108259,0.122155,-0.141127,0.292489,0,0,0
1481577852,73039305,0.501461,-1.05297,0.289712,-3.04877,2.31454,0.717569,1.02648,1.02480,-0.157916,0.123548,-0.0920159,0.348943,-0.0148871,0,0
1481577852,99041758,0.501461,-1.05682,0.284899,-3.04401,2.30383,0.718758,1.02648,1.02480,-0.159787,0.127137,-0.142004,0.35499,-0.0632171,0,0
1481577852,125043524,0.501461,-1.05971,0.282012,-3.04044,2.29669,0.719948,1.02648,1.02480,-0.128251,0.160265,-0.151625,0.356736,-0.0376496,0,0
1481577852,151011209,0.501461,-1.06452,0.278162,-3.03687,2.28598,0.721138,1.02648,1.02480,-0.136343,0.128314,-0.0933278,0.356961,-0.0642014,0,0
1481577852,177042065,0.501461,-1.06934,0.273349,-3.03211,2.27408,0.722328,1.02648,1.02480,-0.130332,0.128328,-0.142332,0.356981,-0.0160503,0,0
1481577852,197050846,0.501461,-1.07222,0.270462,-3.02973,2.26694,0.723518,1.02648,1.02480,-0.128836,0.176459,-0.124833,0.386734,-0.0337598,0,0
1481577852,223039165,0.501461,-1.07511,0.266612,-3.02616,2.2598,0.724708,1.02648,1.02480,-0.136413,0.178465,-0.149478,0.360711,-0.0785888,0,0
1481577852,249046610,0.501461,-1.07992,0.261799,-3.02259,2.2479,0.725898,1.02648,1.02480,-0.130356,0.164931,-0.186119,0.417414,-0.0196472,0,0
1481577852,275022400,0.501461,-1.08281,0.258912,-3.01902,2.24076,0.727088,1.02648,1.02480,-0.160665,0.140928,-0.142265,0.364559,-0.0768247,0,0
1481577852,301047092,0.501461,-1.08762,0.254099,-3.01426,2.23005,0.728278,1.02648,1.02480,-0.16446,0.161993,-0.151658,0.357952,-0.0393503,0,0
1481577852,321052601,0.501461,-1.09051,0.250249,-3.01188,2.22291,0.729468,1.02648,1.02480,-0.161423,0.184875,-0.127164,0.327495,-0.0693327,0,0
1481577852,347040510,0.501461,-1.09436,0.245437,-3.00712,2.21101,0.730658,1.02648,1.02480,-0.160678,0.166534,-0.180541,0.379375,-0.0768812,0,0
1481577852,373032360,0.501461,-1.09725,0.242549,-3.00474,2.20387,0.731848,1.02648,1.02480,-0.128362,0.141128,-0.126692,0.359804,-0.0393578,0,0
1481577852,399051518,0.500499,-1.10206,0.236774,-2.99998,2.19197,0.734228,1.02648,1.02480.0240617,-0.128337,0.179659,-0.180423,0.387453,-0.0395868,0,0
1481577852,425038233,0.500499,-1.10495,0.232924,-2.9976,2.18483,0.735418,1.02648,1.02480.00300771,-0.160416,0.190892,-0.126678,0.36082,-0.0793169,0,0
1481577852,451057424,0.500499,-1.1088,0.229074,-2.99284,2.17293,0.736608,1.02648,1.02480.000375963,-0.128329,0.132142,-0.14971,0.372338,-0.0396619,0,0
1481577852,471033033,0.499536,-1.11168,0.225224,-2.98927,2.16579,0.737798,1.02648,1.02480.0482173,-0.128336,0.177409,-0.186177,0.360826,-0.039663,0,0
1481577852,497031013,0.499536,-1.1165,0.21945,-2.98451,2.15389,0.740178,1.02648,1.02480.0120543,-0.128331,0.188729,-0.135794,0.357974,-0.0396635,0,0
1481577852,523095179,0.499536,-1.11938,0.2156,-2.98213,2.14675,0.741368,1.02648,1.02480.00150679,-0.160425,0.192026,-0.165724,0.371983,-0.0793265,0,0
1481577852,549043388,0.499536,-1.12323,0.210787,-2.97737,2.13485,0.743748,1.02648,1.02480.000376698,-0.160414,0.144256,-0.130681,0.360737,-0.049579,0,0
1481577852,575053449,0.499536,-1.12612,0.206937,-2.97499,2.12771,0.744938,1.02648,1.02484.70872e-05,-0.152404,0.186465,-0.165085,0.372335,-0.0805793,0,0
1481577852,601013809,0.499536,-1.12997,0.201162,-2.97023,2.11581,0.746128,1.02648,1.02485.8859e-06,-0.127328,0.191748,-0.18426,0.418419,-0.0398201,0,0
1481577852,621064293,0.499536,-1.13286,0.198274,-2.96785,2.10867,0.748508,1.02648,1.02481.47148e-06,-0.128079,0.168252,-0.165065,0.372346,-0.0991974,0,0
1481577852,647046574,0.498574,-1.13671,0.1925,-2.96309,2.09677,0.749698,1.02648,1.02480.024062,-0.128273,0.18644,-0.130516,0.420349,-0.0842944,0,0
1481577852,673047150,0.498574,-1.1396,0.18865,-2.96071,2.08963,0.750888,1.02648,1.02480.00300775,-0.124312,0.191743,-0.135315,0.364906,-0.0402846,0,0
1481577852,699036390,0.497611,-1.14345,0.182875,-2.95595,2.07773,0.753268,1.02648,1.02480.0488753,-0.1514,0.192312,-0.0933283,0.418462,-0.0398185,0,0
1481577852,725064040,0.497611,-1.14633,0.179025,-2.95357,2.07059,0.754458,1.02648,1.02480.00610941,-0.127202,0.192474,-0.130666,0.364677,-0.0495987,0,0
1481577852,751041442,0.497611,-1.15018,0.17325,-2.94881,2.05869,0.756838,1.02648,1.02480.000763676,-0.124178,0.192499,-0.135333,0.37284,-0.0806219,0,0
1481577852,777065649,0.497611,-1.15403,0.167475,-2.94405,2.04679,0.759218,1.02648,1.02480.000190919,-0.151359,0.192501,-0.123083,0.390699,-0.0499028,0,0
1481577852,797010714,0.497611,-1.15692,0.163625,-2.94167,2.03846,0.760408,1.02648,1.02484.77297e-05,-0.110025,0.192502,-0.0902705,0.365416,-0.0422234,0,0
1481577852,823063754,0.497611,-1.15981,0.159775,-2.93929,2.03133,0.762788,1.02648,1.02485.96622e-06,-0.158136,0.192498,-0.130283,0.37292,-0.109394,0,0
1481577852,849036555,0.496649,-1.1627,0.154,-2.93453,2.01942,0.763978,1.02648,1.02480.0240632,-0.111719,0.192501,-0.151571,0.420466,-0.0868436,0,0
1481577852,875041232,0.496649,-1.16558,0.149187,-2.93215,2.0111,0.766358,1.02648,1.02480.00300789,-0.122242,0.216566,-0.0933209,0.424435,-0.100098,0,0
1481577852,901017643,0.496649,-1.16943,0.143412,-2.92739,2.00038,0.768737,1.02648,1.02480.000375987,-0.147626,0.195506,-0.130665,0.365437,-0.101755,0,0
1481577852,921042682,0.495686,-1.17136,0.139562,-2.92501,1.99206,0.769928,1.02648,1.02480.0482173,-0.109092,0.193253,-0.0921661,0.388848,-0.0552127,0,0
1481577852,947057633,0.495686,-1.17521,0.133787,-2.92025,1.98016,0.772308,1.02648,1.02480.0120543,-0.147581,0.19269,-0.142041,0.364953,-0.0435507,0,0
1481577852,973036472,0.495686,-1.17713,0.128975,-2.91787,1.97302,0.773498,1.02648,1.02480.00150679,-0.102667,0.240651,-0.0921299,0.372875,-0.0500653,0,0
1481577852,999038497,0.495686,-1.18098,0.1232,-2.91311,1.96112,0.777068,1.02648,1.02480.000376698,-0.121913,0.204533,-0.201533,0.420455,-0.101759,0,0
1481577853,25036827,0.495686,-1.18387,0.11935,-2.90954,1.95398,0.778258,1.02648,1.02484.70872e-05,-0.147592,0.194007,-0.144191,0.364939,-0.0870886,0,0
1481577853,51045685,0.495686,-1.18676,0.113575,-2.90478,1.94208,0.780637,1.02648,1.02485.8859e-06,-0.102665,0.192686,-0.151899,0.372873,-0.100128,0,0
1481577853,71031033,0.495686,-1.18868,0.108762,-2.90121,1.93375,0.781827,1.02648,1.02481.47148e-06,-0.0978509,0.216606,-0.186725,0.39072,-0.0547796,0,0
1481577853,97030380,0.494724,-1.19253,0.102025,-2.89764,1.92185,0.784208,1.02648,1.02480.0240687,-0.144784,0.198525,-0.13593,0.424916,-0.102964,0,0
1481577853,123044881,0.494724,-1.19446,0.0981748,-2.89407,1.91471,0.786588,1.02648,1.02480.00300859,-0.102314,0.205283,-0.180616,0.365497,-0.102113,0,0
1481577853,149029644,0.494724,-1.19735,0.0923997,-2.8905,1.90162,0.788968,1.02648,1.02480.000752146,-0.0977636,0.195694,-0.134404,0.388863,-0.0552755,0,0
1481577853,175018294,0.494724,-1.20023,0.0875872,-2.88693,1.89448,0.791348,1.02648,1.02489.40183e-05,-0.144573,0.241025,-0.180425,0.375864,-0.111026,0,0
1481577853,201033760,0.493761,-1.20312,0.0808498,-2.88217,1.88258,0.793727,1.02648,1.02480.0120426,-0.102287,0.222625,-0.186178,0.389113,-0.103121,0,0
1481577853,227060069,0.493761,-1.20601,0.0750748,-2.87741,1.87068,0.796108,1.02648,1.02480.00301065,-0.0977567,0.200029,-0.135794,0.424527,-0.0555274,0,0
1481577853,247031441,0.492799,-1.2089,0.0702623,-2.87503,1.86235,0.798488,1.02648,1.02480.000752661,-0.0966243,0.242504,-0.152949,0.433368,-0.103151,0,0
1481577853,273005393,0.492799,-1.21082,0.0654498,-2.87146,1.85402,0.799678,1.02648,1.02480.0121249,-0.108328,0.246876,-0.152993,0.426048,-0.0575152,0,0
1481577853,299044751,0.491836,-1.21371,0.0587123,-2.86789,1.84212,0.803248,1.02648,1.02480.00303123,-0.0992672,0.206092,-0.127498,0.433748,-0.103621,0,0
1481577853,325051867,0.491836,-1.21563,0.0538999,-2.86432,1.83498,0.804438,1.02648,1.02480.0124097,-0.0966243,0.254356,-0.149812,0.366587,-0.0575738,0,0
1481577853,351032451,0.491836,-1.21852,0.0481249,-2.85956,1.82189,0.808007,1.02648,1.02480.00155122,-0.0962972,0.200229,-0.152601,0.432574,-0.111313,0,0
1481577853,377070292,0.491836,-1.22141,0.0404249,-2.85599,1.80999,0.810388,1.02648,1.02480.000387804,-0.0962594,0.218499,-0.186899,0.375884,-0.0873767,0,0
1481577853,397005844,0.491836,-1.22333,0.0365749,-2.85123,1.80166,0.812768,1.02648,1.02489.6951e-05,-0.0962498,0.223063,-0.165725,0.39146,-0.111087,0,0
1481577853,423055233,0.490874,-1.22526,0.0317625,-2.84885,1.79452,0.813958,1.02648,1.02480.0240738,-0.0962536,0.220379,-0.139716,0.376175,-0.058507,0,0
1481577853,449033041,0.490874,-1.22815,0.0250249,-2.84409,1.78143,0.817528,1.02648,1.02480.00601844,-0.0962482,0.223536,-0.153929,0.391559,-0.103869,0,0
1481577853,475023567,0.490874,-1.23007,0.0202125,-2.84052,1.77429,0.819907,1.02648,1.02480.000752306,-0.0962466,0.220439,-0.153115,0.376181,-0.1171,0,0
1481577853,501033965,0.489911,-1.23296,0.0125125,-2.83576,1.7612,0.822288,1.02648,1.02480.0241557,-0.09626,0.256149,-0.153015,0.43376,-0.0890593,0,0
1481577853,527027716,0.489911,-1.23585,0.00577493,-2.83219,1.7493,0.825858,1.02648,1.02480.00603892,-0.0962498,0.256534,-0.187003,0.376181,-0.111508,0,0
1481577853,547052271,0.489911,-1.23681,0.000962466,-2.82743,1.74216,0.828238,1.02648,1.02480.00150973,-0.0962477,0.208507,-0.165749,0.39156,-0.117119,0,0
1481577853,573022826,0.489911,-1.23873,-0.00385,-2.82505,1.73383,0.830618,1.02648,1.02480.000188716,-0.0842161,0.254657,-0.139718,0.391081,-0.118756,0,0
1481577853,599050575,0.488949,-1.24162,-0.01155,-2.82029,1.72074,0.832997,1.02648,1.02480.0481705,-0.0932522,0.256161,-0.15393,0.395272,-0.0891839,0,0
1481577853,625056181,0.488949,-1.24355,-0.0154,-2.81672,1.71241,0.835378,1.02648,1.02480.00602131,-0.0958722,0.212491,-0.153115,0.43616,-0.115318,0,0
1481577853,651051418,0.488949,-1.24547,-0.0231,-2.81196,1.70051,0.837758,1.02648,1.02480.000752664,-0.0721381,0.231094,-0.153015,0.396656,-0.0590359,0,0
1481577853,671032776,0.487986,-1.2474,-0.0279125,-2.80839,1.69218,0.840138,1.02648,1.02480.0483115,-0.0902194,0.250273,-0.187003,0.426413,-0.104002,0,0
1481577853,697021056,0.487986,-1.25028,-0.0356125,-2.80363,1.68028,0.843708,1.02648,1.02480.0120779,-0.0947531,0.231003,-0.136001,0.433853,-0.115243,0,0
1481577853,723036145,0.487986,-1.25125,-0.0404249,-2.80006,1.67195,0.846087,1.02648,1.02480.00150973,-0.0479369,0.233405,-0.195499,0.396361,-0.118522,0,0
1481577853,749075415,0.487024,-1.25413,-0.0481249,-2.7953,1.66005,0.849658,1.02648,1.02480.0485141,-0.0841692,0.250851,-0.197625,0.426326,-0.118926,0,0
1481577853,775053189,0.487024,-1.2551,-0.0529374,-2.79173,1.65172,0.852038,1.02648,1.02480.00606426,-0.0466138,0.25995,-0.188328,0.395407,-0.118982,0,0
1481577853,801029713,0.486061,-1.25798,-0.0606374,-2.78697,1.63863,0.855608,1.02648,1.02480.0127889,-0.0900489,0.261088,-0.157416,0.436177,-0.118989,0,0
1481577853,821040439,0.486061,-1.25895,-0.0654498,-2.7834,1.6303,0.857987,1.02648,1.02480.00319722,-0.0706356,0.233707,-0.158354,0.43628,-0.11899,0,0
1481577853,847034734,0.486061,-1.26087,-0.0712249,-2.77983,1.62316,0.859177,1.02648,1.02480.000799304,-0.0417205,0.2028,-0.128838,0.347063,-0.0892425,0,0
1481577853,873026518,0.486061,-1.26087,-0.0731498,-2.77983,1.62078,0.860367,1.02648,1.02489.9913e-05,-0.0172461,0.121598,-0.03098,0.117765,-0.040903,0,0
1481577853,899012797,0.485099,-1.26183,-0.0750748,-2.77864,1.61959,0.860367,1.02648,1.02480.0240866,-0.0283733,0.102585,-0.0374952,0.0591888,-0.0102255,0,0
1481577853,925048744,0.485099,-1.26183,-0.0750748,-2.77864,1.61959,0.860367,1.02648,1.02480.00301083,-0.0035468,0.0128231,-0.00468663,0.0073986,-0.00127832,0,0
1481577853,951064432,0.485099,-1.26183,-0.0750748,-2.77983,1.62435,0.860367,1.02648,1.02480.000376354,-0.00044315,0.00160288,0.0589142,-0.132952,-0.00015979,0,0
1481577853,977035412,0.485099,-1.26183,-0.0750748,-2.78102,1.6303,0.860367,1.02648,1.02489.40884e-05,-0.000110788,0.000400721,0.0147285,-0.181975,-3.99474e-05,0,0
1481577853,997025222,0.485099,-1.26183,-0.0731498,-2.7834,1.63625,0.859177,1.02648,1.02482.35221e-05,-2.76969e-05,-0.0961465,0.0929322,-0.283487,0.059485,0,0
1481577854,23026263,0.485099,-1.26183,-0.0702623,-2.78459,1.6422,0.857987,1.02648,1.02482.94026e-06,-3.72843e-06,-0.108271,0.0562415,-0.273422,0.0371831,0,0
1481577854,49044701,0.485099,-1.26183,-0.0654498,-2.78935,1.65291,0.855608,1.02648,1.02487.35066e-07,-1.06526e-06,-0.147376,0.13306,-0.336123,0.0390433,0,0
1481577854,75005191,0.485099,-1.26087,-0.0615998,-2.79173,1.65886,0.853228,1.02648,1.02489.18832e-08,0.0481232,-0.186862,0.120756,-0.294883,0.108997,0,0
1481577854,101035502,0.485099,-1.25991,-0.0558249,-2.79649,1.67076,0.850848,1.02648,1.02481.14854e-08,0.0300771,-0.191793,0.17872,-0.393864,0.0879934,0,0
1481577854,121056225,0.485099,-1.25895,-0.0510125,-2.79887,1.6779,0.848468,1.02648,1.02482.87135e-09,0.0315809,-0.216383,0.13393,-0.36622,0.111241,0,0
1481577854,147040201,0.485099,-1.25702,-0.0442749,-2.80363,1.68861,0.846087,1.02648,1.02487.17837e-10,0.0800802,-0.198469,0.122732,-0.359309,0.0873585,0,0
1481577854,173019280,0.485099,-1.2551,-0.0404249,-2.80601,1.69694,0.843708,1.02648,1.02488.973e-11,0.0822017,-0.205276,0.134341,-0.387043,0.115036,0,0
1481577854,199021058,0.485099,-1.25317,-0.0327249,-2.81077,1.70884,0.841328,1.02648,1.02482.24327e-11,0.0446121,-0.243819,0.152585,-0.42401,0.0585065,0,0
1481577854,225071802,0.485099,-1.25125,-0.0288749,-2.81434,1.71598,0.838948,1.02648,1.02482.80398e-12,0.0897923,-0.210948,0.152948,-0.365384,0.11143,0,0
1481577854,251047733,0.485099,-1.24836,-0.0211749,-2.8191,1.72907,0.835378,1.02648,1.02483.5083e-13,0.0954532,-0.230901,0.152993,-0.43243,0.118045,0,0
1481577854,271028336,0.485099,-1.2474,-0.0173249,-2.82267,1.73621,0.832997,1.02648,1.02488.79297e-14,0.0719866,-0.202102,0.186998,-0.375862,0.11878,0,0
1481577854,297023470,0.485099,-1.24451,-0.00962493,-2.82743,1.7493,0.830618,1.02648,1.02482.22045e-14,0.0901816,-0.267087,0.136,-0.391454,0.118938,0,0
1481577854,323021765,0.485099,-1.24258,-0.00481247,-2.82981,1.75644,0.828238,1.02648,1.02482.66454e-15,0.0954885,-0.225888,0.136,-0.376187,0.10411,0,0
1481577854,349048864,0.485099,-1.24066,0.00192493,-2.83457,1.76834,0.824668,1.02648,1.02488.88178e-16,0.0960571,-0.22491,0.152999,-0.421296,0.11527,0,0
1481577854,375019464,0.485099,-1.23873,0.00673753,-2.83814,1.77667,0.823478,1.02648,1.02480,0.0841988,-0.244678,0.153,-0.394792,0.05903,0,0
1481577854,401038883,0.485099,-1.23585,0.0144374,-2.8429,1.78857,0.819907,1.02648,1.02480,0.0947407,-0.259174,0.153,-0.376605,0.111522,0,0
1481577854,426998385,0.485099,-1.23296,0.0211749,-2.84766,1.80047,0.817528,1.02648,1.02480,0.0958701,-0.257297,0.186999,-0.421401,0.0576279,0,0
1481577854,447039890,0.486061,-1.23103,0.0250249,-2.85123,1.8088,0.815148,1.02648,1.02480,0.0961658,-0.208701,0.136,-0.432586,0.10365,0,0
1481577854,473054210,0.486061,-1.22911,0.0298374,-2.85361,1.81713,0.813958,1.02648,1.0248-0.0120306,0.0962365,-0.218584,0.136,-0.396189,0.0575775,0,0
1481577854,499003933,0.486061,-1.22622,0.0375374,-2.85837,1.82903,0.810388,1.02648,1.0248-0.00300777,0.0962441,-0.223081,0.152998,-0.396536,0.103637,0,0
1481577854,525082767,0.487024,-1.2243,0.0423499,-2.86075,1.83736,0.809198,1.02648,1.0248-0.0484994,0.0962463,-0.256476,0.12325,-0.391683,0.0575759,0,0
1481577854,551054922,0.487024,-1.22141,0.0481249,-2.86551,1.84926,0.805628,1.02648,1.0248-0.00606242,0.0962499,-0.200499,0.134406,-0.420838,0.111327,0,0
1481577854,577028566,0.487986,-1.21852,0.0558249,-2.87027,1.86116,0.803248,1.02648,1.0248-0.0255839,0.0962475,-0.218563,0.152601,-0.37295,0.0575792,0,0
1481577854,597018752,0.487986,-1.2166,0.0596748,-2.87384,1.86949,0.800868,1.02648,1.0248-0.00639585,0.0962468,-0.223076,0.1869,-0.390726,0.103637,0,0
1481577854,623052246,0.487986,-1.21467,0.0644874,-2.87622,1.87782,0.799678,1.02648,1.0248-0.000799481,0.0962533,-0.220388,0.127487,-0.435578,0.0575759,0,0
1481577854,649042423,0.487986,-1.21178,0.0712248,-2.88098,1.88972,0.796108,1.02648,1.0248-0.000199737,0.0962483,-0.247597,0.180622,-0.376662,0.103637,0,0
1481577854,675014524,0.488949,-1.20986,0.0750748,-2.88455,1.89686,0.794917,1.02648,1.0248-0.0481484,0.0962468,-0.199384,0.186203,-0.374318,0.0576025,0,0
1481577854,701070996,0.488949,-1.20601,0.0818123,-2.88931,1.90876,0.792538,1.02648,1.0248-0.00601874,0.108284,-0.217425,0.1869,-0.388906,0.0518216,0,0
1481577854,721080906,0.488949,-1.20408,0.0866248,-2.89169,1.9159,0.790158,1.02648,1.0248-0.00150469,0.099256,-0.222791,0.165725,-0.364968,0.102198,0,0
1481577854,747064262,0.488949,-1.20023,0.0923997,-2.89645,1.92899,0.787778,1.02648,1.0248-0.000376038,0.096999,-0.200071,0.13068,-0.388757,0.0850445,0,0
1481577854,773014880,0.489911,-1.19831,0.0962497,-2.89883,1.93613,0.786588,1.02648,1.0248-0.0241085,0.108378,-0.193444,0.135335,-0.375831,0.0552518,0,0
1481577854,799037164,0.489911,-1.19542,0.102987,-2.90359,1.94803,0.784208,1.02648,1.0248-0.00602727,0.0992795,-0.240864,0.152833,-0.42122,0.103055,0,0
1481577854,825018937,0.489911,-1.19253,0.1078,-2.90597,1.95635,0.781827,1.02648,1.0248-0.000753142,0.120687,-0.246666,0.123229,-0.424509,0.102178,0,0
1481577854,851016170,0.489911,-1.18965,0.113575,-2.91073,1.96707,0.779448,1.02648,1.0248-9.42759e-05,0.0993084,-0.199273,0.134403,-0.365433,0.087141,0,0
1481577854,877016749,0.489911,-1.1858,0.11935,-2.91549,1.97897,0.777068,1.02648,1.0248-2.34358e-05,0.145135,-0.194195,0.12285,-0.388847,0.0812803,0,0
1481577854,897027641,0.490874,-1.18387,0.1232,-2.91787,1.9873,0.775878,1.02648,1.0248-0.0481292,0.108469,-0.192925,0.149713,-0.364953,0.109563,0,0
1481577854,923044027,0.490874,-1.18098,0.128012,-2.92144,1.99562,0.773498,1.02648,1.0248-0.00601608,0.121843,-0.216612,0.152589,-0.432357,0.102938,0,0
1481577854,949041023,0.490874,-1.17713,0.13475,-2.92501,2.00634,0.771118,1.02648,1.0248-0.00150415,0.102646,-0.222588,0.186897,-0.375857,0.055482,0,0
1481577854,975014494,0.490874,-1.17521,0.1386,-2.92858,2.01466,0.769928,1.02648,1.0248-0.000188019,0.109077,-0.196263,0.142362,-0.389092,0.081304,0,0
1481577855,1073236,0.490874,-1.17136,0.144375,-2.93334,2.02656,0.767548,1.02648,1.0248-2.34358e-05,0.109885,-0.192968,0.151669,-0.420514,0.0547976,0,0
1481577855,21032204,0.490874,-1.16943,0.148225,-2.93572,2.0337,0.766358,1.02648,1.0248-5.85895e-06,0.0996561,-0.192615,0.127167,-0.372869,0.0434469,0,0
1481577855,47033464,0.491836,-1.16558,0.154,-2.94048,2.0456,0.763978,1.02648,1.0248-0.0481249,0.121174,-0.192527,0.180542,-0.42048,0.100104,0,0
1481577855,73020692,0.491836,-1.1627,0.15785,-2.94286,2.05274,0.762788,1.02648,1.0248-0.00601555,0.123424,-0.192506,0.126693,-0.364922,0.0422605,0,0
1481577855,99055434,0.491836,-1.15885,0.163625,-2.94762,2.06464,0.760408,1.02648,1.0248-0.00150415,0.103041,-0.192496,0.180422,-0.418466,0.0403126,0,0
1481577855,125046648,0.491836,-1.15596,0.167475,-2.95,2.07178,0.759218,1.02648,1.0248-0.000188019,0.157257,-0.192502,0.126678,-0.364677,0.0496603,0,0
1481577855,151026194,0.491836,-1.15211,0.17325,-2.95476,2.08368,0.756838,1.02648,1.0248-2.34358e-05,0.151996,-0.192498,0.149709,-0.37284,0.0805763,0,0
1481577855,177017888,0.491836,-1.14826,0.179025,-2.95952,2.09559,0.754458,1.02648,1.0248-5.85895e-06,0.110197,-0.192498,0.186177,-0.420459,0.0796924,0,0
1481577855,197029879,0.491836,-1.14633,0.182875,-2.9619,2.10272,0.753268,1.02648,1.0248-1.5979e-06,0.123796,-0.192498,0.135794,-0.372856,0.0496706,0,0
1481577855,223022775,0.491836,-1.14345,0.186725,-2.96547,2.11105,0.752078,1.02648,1.02480,0.123752,-0.192502,0.180599,-0.388724,0.0508301,0,0
1481577855,249024861,0.491836,-1.1396,0.1925,-2.97023,2.12295,0.749698,1.02648,1.02480,0.127191,-0.192502,0.134399,-0.424417,0.042455,0,0
1481577855,275011133,0.492799,-1.13671,0.19635,-2.97261,2.13009,0.748508,1.02648,1.0248-0.0481233,0.124176,-0.192501,0.16555,-0.365421,0.0796757,0,0
1481577855,301053638,0.492799,-1.13286,0.202124,-2.97618,2.14199,0.746128,1.02648,1.0248-0.00601555,0.111775,-0.192498,0.124819,-0.417555,0.099202,0,0
1481577855,321037370,0.493761,-1.12997,0.205012,-2.97975,2.14913,0.744938,1.02648,1.0248-0.0496269,0.12419,-0.144374,0.179954,-0.372143,0.0842955,0,0
1481577855,347011473,0.493761,-1.12516,0.210787,-2.98451,2.16103,0.743748,1.02648,1.0248-0.0124066,0.127294,-0.180467,0.134238,-0.360777,0.0805689,0,0
1481577855,372989837,0.493761,-1.12323,0.213674,-2.98689,2.16817,0.742557,1.02648,1.0248-0.00155103,0.112162,-0.166932,0.135779,-0.372353,0.0398453,0,0
1481577855,398999009,0.493761,-1.11842,0.21945,-2.99165,2.18007,0.740178,1.02648,1.0248-0.000387756,0.124287,-0.186106,0.0934448,-0.360842,0.0397088,0,0
1481577855,425011527,0.493761,-1.11553,0.2233,-2.99403,2.18721,0.738988,1.02648,1.0248-4.84695e-05,0.159913,-0.191703,0.13068,-0.372361,0.0793324,0,0
1481577855,451056549,0.493761,-1.11168,0.228112,-2.99879,2.19792,0.737798,1.02648,1.0248-5.85895e-06,0.128267,-0.144278,0.17996,-0.358907,0.0396641,0,0
1481577855,471032756,0.493761,-1.1088,0.230999,-3.00117,2.20625,0.736608,1.02648,1.0248-1.5979e-06,0.128327,-0.132316,0.13424,-0.387242,0.0396635,0,0
1481577855,497027566,0.494724,-1.10398,0.236774,-3.00593,2.21696,0.734228,1.02648,1.0248-5.32632e-07,0.176452,-0.177452,0.15256,-0.364565,0.0396634,0,0
1481577855,523031918,0.494724,-1.1011,0.240624,-3.00831,2.22529,0.734228,1.02648,1.0248-0.0120311,0.154409,-0.190622,0.123195,-0.417454,0.0198317,0,0
1481577855,549018208,0.494724,-1.09628,0.246399,-3.01307,2.236,0.731848,1.02648,1.0248-0.00300777,0.158911,-0.192032,0.149798,-0.372118,0.0347054,0,0
1481577855,575017311,0.494724,-1.0934,0.249287,-3.01664,2.24314,0.730658,1.02648,1.0248-0.000376038,0.164234,-0.16838,0.1526,-0.358877,0.078707,0,0
1481577855,601000596,0.494724,-1.08858,0.254099,-3.02021,2.25504,0.729468,1.02648,1.0248-4.68716e-05,0.176933,-0.177452,0.1232,-0.372102,0.0396125,0,0
1481577855,627018973,0.494724,-1.08473,0.258912,-3.02497,2.26575,0.728278,1.02648,1.0248-1.17179e-05,0.164542,-0.164678,0.1498,-0.360767,0.0693981,0,0
1481577855,647020870,0.494724,-1.08088,0.261799,-3.02854,2.27408,0.727088,1.02648,1.0248-3.19579e-06,0.16145,-0.137416,0.186199,-0.417454,0.0173495,0,0
1481577855,673027255,0.494724,-1.078,0.265649,-3.03211,2.28122,0.725898,1.02648,1.0248-5.32632e-07,0.164551,-0.185617,0.1869,-0.364544,0.0765375,0,0
1481577855,699009719,0.494724,-1.07318,0.271424,-3.03568,2.29312,0.724708,1.02648,1.02480,0.161459,-0.190781,0.165724,-0.388624,0.0786294,0,0
1481577855,725061237,0.494724,-1.0703,0.273349,-3.03925,2.30026,0.723518,1.02648,1.02480,0.164552,-0.120097,0.18434,-0.360947,0.0693237,0,0
1481577855,751043477,0.495686,-1.06548,0.278162,-3.04401,2.31097,0.722328,1.02648,1.0248-0.0240686,0.176977,-0.135324,0.186667,-0.357501,0.038413,0,0
1481577855,797026003,0.495686,-1.05778,0.286824,-3.05115,2.33001,0.719948,1.02648,1.0248-0.00150415,0.179506,-0.176898,0.152979,-0.36446,0.0172746,0,0
1481577855,823030242,0.495686,-1.05394,0.289712,-3.05353,2.33715,0.719948,1.02648,1.0248-0.000188019,0.178839,-0.142424,0.123247,-0.35794,0.0170331,0,0
1481577855,849035457,0.495686,-1.05008,0.294524,-3.05829,2.34905,0.718758,1.02648,1.0248-4.68716e-05,0.165031,-0.179983,0.149812,-0.386987,0.0340058,0,0
1481577855,875013849,0.495686,-1.0472,0.296449,-3.06067,2.355,0.717569,1.02648,1.0248-5.85895e-06,0.128906,-0.106713,0.122851,-0.330981,0.0339982,0,0
1481577855,875013849,0.495686,-1.0472,0.296449,-3.06067,2.355,0.717569,1.02648,1.0248-5.85895e-06,0.128906,-0.106713,0.122851,-0.330981,0.0339982,0,0
1481577855,900999284,0.495686,-1.04335,0.300299,-3.06424,2.36214,0.716378,1.02648,1.0248-5.32632e-07,0.112373,-0.109587,0.119481,-0.249638,0.0340239,0,0
1481577855,947019100,0.495686,-1.03854,0.304149,-3.06781,2.37047,0.716378,1.02648,1.02480,0.0972546,-0.0790357,0.104155,-0.14203,0.00212649,0,0
1481577855,973029587,0.495686,-1.03757,0.305112,-3.06781,2.37166,0.715188,1.02648,1.02480,0.0482493,-0.0700401,0.0130193,-0.107003,0.0597608,0,0
1481577855,999010441,0.495686,-1.03661,0.306074,-3.069,2.37285,0.715188,1.02648,1.02480,0.036124,-0.0415719,0.0330048,-0.0862459,0.0149402,0,0
1481577856,25023400,0.495686,-1.03661,0.307037,-3.069,2.37285,0.715188,1.02648,1.02480,0.0045155,-0.0533197,0.0041256,-0.0107805,0.00186753,0,0
1481577856,71015995,0.495686,-1.03565,0.307037,-3.069,2.37285,0.715188,1.02648,1.02480,0.00314965,-0.00166607,0.000128925,-0.000337156,5.83602e-05,0,0
1481577856,97040610,0.495686,-1.03565,0.307037,-3.069,2.37285,0.715188,1.02648,1.02480,0.000787412,-0.000416518,3.22313e-05,-8.41559e-05,1.459e-05,0,0
1481577856,123029851,0.495686,-1.03565,0.307037,-3.069,2.37285,0.715188,1.02648,1.02480,9.84265e-05,-5.2198e-05,4.02891e-06,-1.06526e-05,1.82376e-06,0,0
1481577856,148988225,0.495686,-1.03565,0.307037,-3.069,2.37285,0.715188,1.02648,1.02480,2.46066e-05,-1.27832e-05,1.00723e-06,-2.66316e-06,4.55939e-07,0,0
1481577856,175005469,0.495686,-1.03565,0.307037,-3.069,2.37285,0.715188,1.02648,1.02480,3.07583e-06,-1.5979e-06,1.25903e-07,-5.32632e-07,5.69924e-08,0,0
1481577856,175005469,0.495686,-1.03565,0.307037,-3.069,2.37285,0.715188,1.02648,1.02480,3.07583e-06,-1.5979e-06,1.25903e-07,-5.32632e-07,5.69924e-08,0,0
1481577856,201045717,0.495686,-1.03565,0.307037,-3.069,2.37285,0.715188,1.02648,1.02480,3.84479e-07,0,1.57379e-08,0,7.12405e-09,0,0
1481577856,246998439,0.495686,-1.03468,0.307037,-3.069,2.37285,0.715188,1.02648,1.02480,0.0481233,0,9.83621e-10,0,4.45253e-10,0,0
1481577856,273008696,0.495686,-1.03468,0.307037,-3.069,2.37285,0.715188,1.02648,1.02480,0.00601542,0,1.22952e-10,0,5.56568e-11,0,0
1481577856,299002647,0.495686,-1.03468,0.307037,-3.069,2.37285,0.715188,1.02648,1.02480,0.00150385,0,3.07381e-11,0,1.39142e-11,0,0
1481577856,325006669,0.495686,-1.03468,0.307037,-3.069,2.37285,0.715188,1.02648,1.02480,0.000187982,0,3.84226e-12,0,1.73905e-12,0,0
1481577856,351020415,0.495686,-1.03468,0.307037,-3.069,2.37285,0.715188,1.02648,1.02480,2.34977e-05,0,4.80505e-13,0,2.17604e-13,0,0
1481577856,397008718,0.495686,-1.03468,0.307037,-3.069,2.37285,0.715188,1.02648,1.02480,1.46861e-06,0,3.01981e-14,0,1.33227e-14,0,0
1481577856,423014194,0.495686,-1.03468,0.307037,-3.069,2.37285,0.715188,1.02648,1.02480,1.83576e-07,0,3.55271e-15,0,1.77636e-15,0,0
1481577856,449006694,0.495686,-1.03468,0.307037,-3.069,2.37285,0.715188,1.02648,1.02480,4.5894e-08,0,8.88178e-16,0,0,0,0
1481577856,475020828,0.495686,-1.03468,0.307037,-3.069,2.37285,0.715188,1.02648,1.02480,5.73675e-09,0,0,0,0,0,0
1481577856,475020828,0.495686,-1.03468,0.307037,-3.069,2.37285,0.715188,1.02648,1.02480,5.73675e-09,0,0,0,0,0,0
1481577856,501039040,0.495686,-1.03468,0.307037,-3.069,2.37285,0.715188,1.02648,1.02480,7.17094e-10,0,0,0,0,0,0
1481577856,547009703,0.495686,-1.03468,0.307037,-3.069,2.37285,0.715188,1.02648,1.02480,4.48184e-11,0,0,0,0,0,0
1481577856,573035726,0.495686,-1.03468,0.307037,-3.069,2.37285,0.715188,1.02648,1.02480,5.60263e-12,0,0,0,0,0,0
1481577856,599086759,0.495686,-1.03468,0.307037,-3.069,2.37285,0.715188,1.02648,1.02480,1.40066e-12,0,0,0,0,0,0
1481577856,625033918,0.495686,-1.03468,0.307037,-3.069,2.37285,0.715188,1.02648,1.02480,1.74971e-13,0,0,0,0,0,0
1481577856,671011646,0.495686,-1.03468,0.307037,-3.069,2.37285,0.715188,1.02648,1.02480,5.32907e-15,0,0,0,0,0,0
1481577856,697013367,0.495686,-1.03468,0.307037,-3.069,2.37285,0.715188,1.02648,1.02480,1.77636e-15,0,0,0,0,0,0
1481577856,723043473,0.495686,-1.03468,0.307037,-3.069,2.37285,0.715188,1.02648,1.02480,0,0,0,0,0,0,0
1481577856,749011162,0.495686,-1.03468,0.307037,-3.069,2.37285,0.715188,1.02648,1.02480,0,0,0,0,0,0,0
1481577856,775033565,0.495686,-1.03468,0.307037,-3.069,2.37285,0.715188,1.02648,1.02480,0,0,0,0,0,0,0
1481577856,775033565,0.495686,-1.03468,0.307037,-3.069,2.37285,0.715188,1.02648,1.02480,0,0,0,0,0,0,0
1481577856,800991409,0.495686,-1.03468,0.307037,-3.069,2.37285,0.715188,1.02648,1.02480,0,0,0,0,0,0,0
1481577856,847024047,0.495686,-1.03468,0.307037,-3.069,2.37285,0.715188,1.02648,1.02480,0,0,0,0,0,0,0
1481577856,873025595,0.495686,-1.03468,0.307037,-3.069,2.37285,0.715188,1.02648,1.02480,0,0,0,0,0,0,0
1481577856,899006608,0.495686,-1.03468,0.307037,-3.069,2.37285,0.715188,1.02648,1.02480,0,0,0,0,0,0,0
1481577856,925041674,0.495686,-1.03468,0.307037,-3.069,2.37285,0.715188,1.02648,1.02480,0,0,0,0,0,0,0
1481577856,971021378,0.495686,-1.03468,0.307037,-3.069,2.37285,0.715188,1.02648,1.02480,0,0,0,0,0,0,0
1481577856,997009485,0.495686,-1.03468,0.307037,-3.069,2.37285,0.715188,1.02648,1.02480,0,0,0,0,0,0,0
1481577857,23013803,0.495686,-1.03468,0.307037,-3.069,2.37285,0.715188,1.02648,1.02480,0,0,0,0,0,0,0
1481577857,49035144,0.495686,-1.03468,0.307037,-3.069,2.37285,0.715188,1.02648,1.02480,0,0,0,0,0,0,0
1481577857,75005066,0.495686,-1.03468,0.307037,-3.069,2.37285,0.715188,1.02648,1.02480,0,0,0,0,0,0,0
1481577857,75005066,0.495686,-1.03468,0.307037,-3.069,2.37285,0.715188,1.02648,1.02480,0,0,0,0,0,0,0
1481577857,121033025,0.495686,-1.03468,0.307037,-3.069,2.37285,0.715188,1.02648,1.02480,0,0,0,0,0,0,0
1481577857,146991430,0.495686,-1.03468,0.307037,-3.069,2.37285,0.715188,1.02648,1.02480,0,0,0,0,0,0,0
1481577857,173029427,0.495686,-1.03468,0.307037,-3.069,2.37285,0.715188,1.02648,1.02480,0,0,0,0,0,0,0
1481577857,199004576,0.495686,-1.03468,0.307037,-3.069,2.37285,0.715188,1.02648,1.02480,0,0,0,0,0,0,0
1481577857,225031939,0.495686,-1.03468,0.307037,-3.069,2.37285,0.715188,1.02648,1.02480,0,0,0,0,0,0,0
1481577857,271017624,0.495686,-1.03468,0.307037,-3.069,2.37285,0.715188,1.02648,1.02480,0,0,0,0,0,0,0
1481577857,297307618,0.495686,-1.03468,0.307037,-3.069,2.37285,0.715188,1.02648,1.02480,0,0,0,0,0,0,0
1481577857,323001940,0.495686,-1.03468,0.307037,-3.069,2.37285,0.715188,1.02648,1.02480,0,0,0,0,0,0,0
1481577857,349004013,0.495686,-1.03468,0.307037,-3.069,2.37285,0.715188,1.02648,1.02480,0,0,0,0,0,0,0
1481577857,374979264,0.495686,-1.03468,0.307037,-3.069,2.37285,0.715188,1.02648,1.02480,0,0,0,0,0,0,0
1481577857,374979264,0.495686,-1.03468,0.307037,-3.069,2.37285,0.715188,1.02648,1.02480,0,0,0,0,0,0,0
1481577857,401005272,0.495686,-1.03468,0.307037,-3.069,2.37285,0.715188,1.02648,1.02480,0,0,0,0,0,0,0
1481577857,447019433,0.495686,-1.03468,0.307037,-3.069,2.37285,0.715188,1.02648,1.02480,0,0,0,0,0,0,0
1481577857,473027848,0.495686,-1.03468,0.307037,-3.069,2.37285,0.715188,1.02648,1.02480,0,0,0,0,0,0,0
1481577857,498995548,0.495686,-1.03468,0.307037,-3.069,2.37285,0.715188,1.02648,1.02480,0,0,0,0,0,0,0
1481577857,525061529,0.495686,-1.03468,0.307037,-3.069,2.37285,0.715188,1.02648,1.02480,0,0,0,0,0,0,0
1481577857,571018303,0.495686,-1.03468,0.307037,-3.069,2.37285,0.715188,1.02648,1.02480,0,0,0,0,0,0,0
1481577857,597003699,0.495686,-1.03468,0.307037,-3.069,2.37285,0.715188,1.02648,1.02480,0,0,0,0,0,0,0
1481577857,623012038,0.495686,-1.03468,0.307037,-3.069,2.37285,0.715188,1.02648,1.02480,0,0,0,0,0,0,0
1481577857,649038080,0.495686,-1.03468,0.307037,-3.069,2.37285,0.715188,1.02648,1.02480,0,0,0,0,0,0,0
1481577857,675012616,0.495686,-1.03468,0.307037,-3.069,2.37285,0.715188,1.02648,1.02480,0,0,0,0,0,0,0
1481577857,675012616,0.495686,-1.03468,0.307037,-3.069,2.37285,0.715188,1.02648,1.02480,0,0,0,0,0,0,0
1481577857,700991501,0.495686,-1.03468,0.307037,-3.069,2.37285,0.715188,1.02648,1.02480,0,0,0,0,0,0,0
1481577857,747019794,0.495686,-1.03468,0.307037,-3.069,2.37285,0.715188,1.02648,1.02480,0,0,0,0,0,0,0
1481577857,773021036,0.495686,-1.03468,0.307037,-3.069,2.37285,0.715188,1.02648,1.02480,0,0,0,0,0,0,0
1481577857,798976045,0.495686,-1.03468,0.307037,-3.069,2.37285,0.715188,1.02648,1.02480,0,0,0,0,0,0,0
1481577857,825015192,0.495686,-1.03468,0.307037,-3.069,2.37285,0.715188,1.02648,1.02480,0,0,0,0,0,0,0
1481577857,871012826,0.495686,-1.03468,0.307037,-3.069,2.37285,0.715188,1.02648,1.02480,0,0,0,0,0,0,0
1481577857,897004369,0.495686,-1.03468,0.307037,-3.069,2.37285,0.715188,1.02648,1.02480,0,0,0,0,0,0,0
1481577857,923015293,0.495686,-1.03468,0.307037,-3.069,2.37285,0.715188,1.02648,1.02480,0,0,0,0,0,0,0
1481577857,949001979,0.495686,-1.03468,0.307037,-3.069,2.37285,0.715188,1.02648,1.02480,0,0,0,0,0,0,0
1481577857,975015089,0.495686,-1.03468,0.307037,-3.069,2.37285,0.715188,1.02648,1.02480,0,0,0,0,0,0,0
1481577857,975015089,0.495686,-1.03468,0.307037,-3.069,2.37285,0.715188,1.02648,1.02480,0,0,0,0,0,0,0
1481577858,1004270,0.495686,-1.03468,0.307037,-3.069,2.37285,0.715188,1.02648,1.02480,0,0,0,0,0,0,0
1481577858,46995291,0.495686,-1.03468,0.307037,-3.069,2.37285,0.715188,1.02648,1.02480,0,0,0,0,0,0,0
1481577858,73003823,0.495686,-1.03468,0.307037,-3.069,2.37285,0.715188,1.02648,1.02480,0,0,0,0,0,0,0
1481577858,98998847,0.495686,-1.03468,0.307037,-3.069,2.37285,0.715188,1.02648,1.02480,0,0,0,0,0,0,0
1481577858,125033863,0.495686,-1.03468,0.307037,-3.069,2.37285,0.715188,1.02648,1.02480,0,0,0,0,0,0,0
1481577858,170995597,0.495686,-1.03468,0.307037,-3.069,2.37285,0.715188,1.02648,1.02480,0,0,0,0,0,0,0
1481577858,196999438,0.495686,-1.03468,0.307037,-3.069,2.37285,0.715188,1.02648,1.02480,0,0,0,0,0,0,0
1481577858,223010915,0.495686,-1.03468,0.307037,-3.069,2.37285,0.715188,1.02648,1.02480,0,0,0,0,0,0,0
1481577858,248997199,0.495686,-1.03468,0.307037,-3.069,2.37285,0.715188,1.02648,1.02480,0,0,0,0,0,0,0
1481577858,275030556,0.495686,-1.03468,0.307037,-3.069,2.37285,0.715188,1.02648,1.02480,0,0,0,0,0,0,0
1481577858,275030556,0.495686,-1.03468,0.307037,-3.069,2.37285,0.715188,1.02648,1.02480,0,0,0,0,0,0,0
1481577858,300997526,0.495686,-1.03468,0.307037,-3.069,2.37285,0.715188,1.02648,1.02480,0,0,0,0,0,0,0
1481577858,347010494,0.495686,-1.03468,0.307037,-3.069,2.37285,0.715188,1.02648,1.02480,0,0,0,0,0,0,0
1481577858,372999662,0.495686,-1.03468,0.307037,-3.069,2.37285,0.715188,1.02648,1.02480,0,0,0,0,0,0,0
1481577858,398993893,0.495686,-1.03468,0.307037,-3.069,2.37285,0.715188,1.02648,1.02480,0,0,0,0,0,0,0
1481577858,424993963,0.495686,-1.03468,0.307037,-3.069,2.37285,0.715188,1.02648,1.02480,0,0,0,0,0,0,0
1481577858,471021133,0.495686,-1.03468,0.307037,-3.069,2.37285,0.715188,1.02648,1.02480,0,0,0,0,0,0,0
1481577858,497083944,0.495686,-1.03468,0.307037,-3.069,2.37285,0.715188,1.02648,1.02480,0,0,0,0,0,0,0
1481577858,523002241,0.495686,-1.03468,0.307037,-3.069,2.37285,0.715188,1.02648,1.02480,0,0,0,0,0,0,0
1481577858,549013144,0.495686,-1.03468,0.307037,-3.069,2.37285,0.715188,1.02648,1.02480,0,0,0,0,0,0,0
1481577858,574999209,0.495686,-1.03468,0.307037,-3.069,2.37285,0.715188,1.02648,1.02480,0,0,0,0,0,0,0
1481577858,574999209,0.495686,-1.03468,0.307037,-3.069,2.37285,0.715188,1.02648,1.02480,0,0,0,0,0,0,0
1481577858,601024993,0.495686,-1.03468,0.307037,-3.069,2.37285,0.715188,1.02648,1.02480,0,0,0,0,0,0,0
1481577858,647010822,0.495686,-1.03468,0.307037,-3.069,2.37285,0.715188,1.02648,1.02480,0,0,0,0,0,0,0
1481577858,672999508,0.495686,-1.03468,0.307037,-3.069,2.37285,0.715188,1.02648,1.02480,0,0,0,0,0,0,0
1481577858,698994514,0.495686,-1.03468,0.307037,-3.069,2.37285,0.715188,1.02648,1.02480,0,0,0,0,0,0,0
1481577858,725022768,0.495686,-1.03468,0.307037,-3.069,2.37285,0.715188,1.02648,1.02480,0,0,0,0,0,0,0
1481577858,770988197,0.495686,-1.03468,0.307037,-3.069,2.37285,0.715188,1.02648,1.02480,0,0,0,0,0,0,0
1481577858,796995840,0.495686,-1.03468,0.307037,-3.069,2.37285,0.715188,1.02648,1.02480,0,0,0,0,0,0,0
1481577858,823009920,0.495686,-1.03468,0.307037,-3.069,2.37285,0.715188,1.02648,1.02480,0,0,0,0,0,0,0
1481577858,848974426,0.495686,-1.03468,0.307037,-3.069,2.37285,0.715188,1.02648,1.02480,0,0,0,0,0,0,0
1481577858,874993602,0.495686,-1.03468,0.307037,-3.069,2.37285,0.715188,1.02648,1.02480,0,0,0,0,0,0,0
1481577858,874993602,0.495686,-1.03468,0.307037,-3.069,2.37285,0.715188,1.02648,1.02480,0,0,0,0,0,0,0
1481577858,900984525,0.495686,-1.03468,0.307999,-3.069,2.37285,0.715188,1.02648,1.02480,0,-0.0481233,0,0,0,0,0
1481577858,946998144,0.497611,-1.03468,0.312812,-3.07138,2.37761,0.715188,1.02648,1.0248-0.0120306,0,-0.087227,0.0074375,-0.096693,0,0,0
1481577858,973006864,0.498574,-1.03565,0.315699,-3.07257,2.37999,0.715188,1.02648,1.0248-0.061658,-0.0481233,-0.155277,0.0455546,-0.116203,0,0,0
1481577858,999013950,0.500499,-1.03661,0.321474,-3.07495,2.38475,0.715188,1.02648,1.0248-0.039476,-0.0120306,-0.183192,0.0708885,-0.11832,0,0,0
1481577859,24998320,0.501461,-1.03757,0.325324,-3.07495,2.38713,0.715188,1.02648,1.0248-0.0410271,-0.0375996,-0.191332,0.023736,-0.13378,0,0,0
1481577859,71018260,0.505311,-1.04335,0.337837,-3.07971,2.39546,0.716378,1.02648,1.0248-0.0584351,-0.142537,-0.276685,0.067679,-0.156665,-0.0297475,0,0
1481577859,96996769,0.508199,-1.04624,0.345537,-3.08209,2.40141,0.716378,1.02648,1.0248-0.086794,-0.107826,-0.237609,0.10617,-0.217651,-0.00743714,0,0
1481577859,123008357,0.510124,-1.04816,0.351312,-3.08447,2.40498,0.717569,1.02648,1.0248-0.0950653,-0.0976938,-0.282358,0.102521,-0.161077,-0.0307036,0,0
1481577859,149003572,0.513011,-1.05201,0.359974,-3.08685,2.41093,0.718758,1.02648,1.0248-0.0959643,-0.12067,-0.287148,0.0851302,-0.159286,-0.0671708,0,0
1481577859,175001484,0.514936,-1.0549,0.365749,-3.08923,2.41569,0.719948,1.02648,1.0248-0.0962115,-0.147429,-0.264484,0.144516,-0.22817,-0.0381439,0,0
1481577859,175001484,0.514936,-1.0549,0.365749,-3.08923,2.41569,0.719948,1.02648,1.0248-0.0962115,-0.147429,-0.264484,0.144516,-0.22817,-0.0381439,0,0
1481577859,221020765,0.519749,-1.06164,0.381149,-3.09399,2.42521,0.722328,1.02648,1.0248-0.0962456,-0.151998,-0.297015,0.116078,-0.204214,-0.0681237,0,0
1481577859,246990435,0.522636,-1.06548,0.390774,-3.09637,2.43116,0.723518,1.02648,1.0248-0.144376,-0.158308,-0.31488,0.118269,-0.229552,-0.0765259,0,0
1481577859,273044660,0.524561,-1.06837,0.396549,-3.09875,2.43473,0.724708,1.02648,1.0248-0.0661705,-0.128066,-0.292017,0.104033,-0.162584,-0.0393131,0,0
1481577859,298991314,0.528411,-1.07222,0.406174,-3.10113,2.44187,0.727088,1.02648,1.0248-0.112789,-0.152331,-0.313631,0.115258,-0.219131,-0.0395756,0,0
1481577859,325004867,0.530336,-1.07511,0.412912,-3.10351,2.44544,0.728278,1.02648,1.0248-0.098318,-0.127319,-0.315923,0.0739072,-0.205883,-0.0793159,0,0
1481577859,370991118,0.536111,-1.08185,0.428312,-3.10827,2.45615,0.730658,1.02648,1.0248-0.102327,-0.127296,-0.313663,0.0580907,-0.222118,-0.0396896,0,0
1481577859,396994942,0.539961,-1.08666,0.438899,-3.11184,2.4621,0.733038,1.02648,1.0248-0.121835,-0.128071,-0.319036,0.0740225,-0.17452,-0.0396699,0,0
1481577859,422998656,0.541886,-1.08955,0.444674,-3.11303,2.46567,0.734228,1.02648,1.0248-0.0994451,-0.160382,-0.304569,0.0538777,-0.170559,-0.0495801,0,0
1481577859,449015230,0.545736,-1.0934,0.454299,-3.11779,2.47281,0.736608,1.02648,1.0248-0.145183,-0.160404,-0.340827,0.0729693,-0.221138,-0.0421424,0,0
1481577859,475030168,0.547661,-1.09628,0.461036,-3.11898,2.47638,0.737798,1.02648,1.0248-0.102364,-0.152393,-0.343384,0.0983709,-0.20614,-0.049889,0,0
1481577859,475030168,0.547661,-1.09628,0.461036,-3.11898,2.47638,0.737798,1.02648,1.0248-0.102364,-0.152393,-0.343384,0.0983709,-0.20614,-0.049889,0,0
1481577859,500985003,0.551511,-1.10013,0.469699,-3.12255,2.48233,0.740178,1.02648,1.0248-0.109042,-0.127327,-0.295581,0.116421,-0.204266,-0.0806048,0,0
1481577859,546991281,0.558249,-1.10687,0.486061,-3.12731,2.49185,0.743748,1.02648,1.0248-0.151187,-0.15233,-0.343317,0.118839,-0.206132,-0.0422223,0,0
1481577859,573028261,0.560174,-1.10976,0.492799,-3.12969,2.49661,0.744938,1.02648,1.0248-0.103114,-0.127332,-0.343695,0.0743547,-0.219139,-0.0499124,0,0
1481577859,599028360,0.564986,-1.11457,0.502424,-3.13445,2.50256,0.747318,1.02648,1.0248-0.122032,-0.128079,-0.35061,0.0780885,-0.233296,-0.101721,0,0
1481577859,624993091,0.566911,-1.11746,0.508199,-3.13564,2.50732,0.749698,1.02648,1.0248-0.111501,-0.16038,-0.29648,0.0990109,-0.222548,-0.101958,0,0
1481577859,650991760,0.570761,-1.12131,0.517824,-3.13921,2.51327,0.752078,1.02648,1.0248-0.110191,-0.15239,-0.301747,0.116501,-0.221204,-0.101987,0,0
1481577859,696994351,0.577499,-1.12805,0.533224,3.13921,2.52279,0.755647,1.02648,1.0248-0.157272,-0.159923,-0.343703,0.148593,-0.199774,-0.11049,0,0
1481577859,723023944,0.580386,-1.13093,0.540924,3.13683,2.52636,0.758028,1.02648,1.0248-0.152002,-0.15233,-0.355774,0.078074,-0.173736,-0.10308,0,0
1481577859,748983899,0.584236,-1.13478,0.549586,3.13326,2.53231,0.761598,1.02648,1.0248-0.158308,-0.134329,-0.305505,0.0790184,-0.162424,-0.115013,0,0
1481577859,774990877,0.587124,-1.13767,0.555361,3.13088,2.53588,0.763978,1.02648,1.0248-0.128072,-0.125072,-0.290842,0.114002,-0.198795,-0.118493,0,0
1481577859,774990877,0.587124,-1.13767,0.555361,3.13088,2.53588,0.763978,1.02648,1.0248-0.128072,-0.125072,-0.290842,0.114002,-0.198795,-0.118493,0,0
1481577859,801008777,0.590974,-1.14248,0.564024,3.1285,2.54064,0.767548,1.02648,1.0248-0.148348,-0.160017,-0.289013,0.0886251,-0.188487,-0.118928,0,0
1481577859,846990102,0.597711,-1.14922,0.577499,3.12493,2.54659,0.773498,1.02648,1.0248-0.111537,-0.124294,-0.288765,0.102226,-0.12336,-0.119,0,0
1481577859,873013688,0.600598,-1.15211,0.583274,3.12374,2.54897,0.774688,1.02648,1.0248-0.13425,-0.15992,-0.252658,0.0722781,-0.119537,-0.0892436,0,0
1481577859,898989366,0.604449,-1.15596,0.590974,3.12255,2.55135,0.778258,1.02648,1.0248-0.153884,-0.160288,-0.279728,0.0478195,-0.0893789,-0.0818059,0,0
1481577859,925010884,0.607336,-1.15885,0.596749,3.12136,2.55373,0.780637,1.02648,1.0248-0.127513,-0.128327,-0.275592,0.0357274,-0.115302,-0.114342,0,0
1481577859,971023559,0.615036,-1.16655,0.608299,3.11898,2.5573,0.786588,1.02648,1.0248-0.160387,-0.13635,-0.231189,0.0643351,-0.0854086,-0.118852,0,0
1481577859,996993529,0.618886,-1.17136,0.615999,3.11779,2.55849,0.790158,1.02648,1.0248-0.112282,-0.13034,-0.226236,0.0755836,-0.051113,-0.118955,0,0
1481577860,22987714,0.621774,-1.17425,0.619849,3.11779,2.56087,0.792538,1.02648,1.0248-0.134347,-0.160663,-0.208748,0.00944795,-0.0956315,-0.118986,0,0
1481577860,48999566,0.626586,-1.17906,0.626586,3.1166,2.56206,0.796108,1.02648,1.0248-0.153895,-0.16048,-0.220624,0.0321119,-0.0834027,-0.118989,0,0
1481577860,74997047,0.628511,-1.18195,0.631399,3.11541,2.56325,0.798488,1.02648,1.0248-0.115487,-0.16443,-0.220079,0.0337639,-0.0401727,-0.119003,0,0
1481577860,74997047,0.628511,-1.18195,0.631399,3.11541,2.56325,0.798488,1.02648,1.0248-0.115487,-0.16443,-0.220079,0.0337639,-0.0401727,-0.119003,0,0
1481577860,121012863,0.636211,-1.18965,0.642948,3.11541,2.56563,0.804438,1.02648,1.0248-0.154007,-0.176579,-0.2084,0.00105512,-0.0384529,-0.148738,0,0
1481577860,146993454,0.641023,-1.1935,0.648723,3.11422,2.56682,0.806817,1.02648,1.0248-0.134748,-0.164467,-0.196475,0.0300137,-0.0691085,-0.126427,0,0
1481577860,173015043,0.643911,-1.19638,0.653536,3.11422,2.56801,0.809198,1.02648,1.0248-0.161227,-0.128836,-0.24112,0.00375172,-0.0681338,-0.105099,0,0
1481577860,198987395,0.648723,-1.2012,0.660273,3.11303,2.56801,0.812768,1.02648,1.0248-0.136554,-0.176592,-0.252781,0.0604378,-0.0170336,-0.115517,0,0
1481577860,247000713,0.656423,-1.20986,0.669898,3.11303,2.57039,0.819907,1.02648,1.0248-0.184733,-0.16494,-0.19438,0.00188868,-0.00796924,-0.178376,0,0
1481577860,273005464,0.659311,-1.21275,0.674711,3.11303,2.57039,0.822288,1.02648,1.0248-0.131382,-0.164988,-0.216798,0.000236085,-0.0158698,-0.126467,0,0
1481577860,298997593,0.664123,-1.21756,0.681448,3.11303,2.57039,0.825858,1.02648,1.0248-0.177216,-0.137494,-0.246698,5.90213e-05,-0.00396758,-0.120859,0,0
1481577860,325027358,0.667974,-1.22045,0.685298,3.11303,2.57158,0.828238,1.02648,1.0248-0.178566,-0.137498,-0.199275,7.37767e-06,-0.0302567,-0.119224,0,0
1481577860,370960658,0.676636,-1.22911,0.694923,3.11303,2.57277,0.834187,1.02648,1.0248-0.186056,-0.178746,-0.192712,2.30552e-07,-0.0306929,-0.118997,0,0
1481577860,396988826,0.681448,-1.23392,0.701661,3.11303,2.57277,0.837758,1.02648,1.0248-0.142761,-0.140933,-0.192553,5.7638e-08,-0.0076731,-0.119018,0,0
1481577860,422990515,0.684336,-1.23681,0.705511,3.11303,2.57277,0.841328,1.02648,1.0248-0.162229,-0.16199,-0.204537,7.20475e-09,-0.000959271,-0.178489,0,0
1481577860,448988832,0.690111,-1.24162,0.711286,3.11303,2.57277,0.846087,1.02648,1.0248-0.184927,-0.136744,-0.219571,1.80119e-09,-0.000239684,-0.133865,0,0
1481577860,475009357,0.694923,-1.24547,0.715136,3.11303,2.57277,0.850848,1.02648,1.0248-0.239678,-0.185528,-0.183853,2.25149e-10,-2.98274e-05,-0.224992,0,0
1481577860,475009357,0.694923,-1.24547,0.715136,3.11303,2.57277,0.850848,1.02648,1.0248-0.239678,-0.185528,-0.183853,2.25149e-10,-2.98274e-05,-0.224992,0,0
1481577860,500980435,0.702623,-1.25125,0.719948,3.11303,2.57277,0.857987,1.02648,1.0248-0.258559,-0.191629,-0.179387,2.81437e-11,-3.72843e-06,-0.236357,0,0
1481577860,546964184,0.717061,-1.26183,0.727648,3.11303,2.56801,0.872267,1.02648,1.0248-0.286857,-0.216508,-0.167617,1.75859e-12,0.104129,-0.304817,0,0
1481577860,572996438,0.723798,-1.26568,0.730536,3.11303,2.56563,0.879408,1.02648,1.0248-0.312569,-0.195509,-0.129232,2.20268e-13,0.117132,-0.335604,0,0
1481577860,598977992,0.733423,-1.27242,0.733423,3.11303,2.55968,0.887738,1.02648,1.0248-0.342827,-0.217309,-0.104494,5.50671e-14,0.148286,-0.321881,0,0
1481577860,624990451,0.740161,-1.27723,0.735348,3.11303,2.55611,0.893688,1.02648,1.0248-0.343628,-0.243725,-0.0972794,7.10543e-15,0.197047,-0.278228,0,0
1481577860,670977019,0.756523,-1.28686,0.737273,3.11779,2.5454,0.909157,1.02648,1.0248-0.326552,-0.194098,-0.0631952,-0.055781,0.229271,-0.280148,0,0
1481577860,696987291,0.767111,-1.29263,0.737273,3.12136,2.53826,0.918678,1.02648,1.0248-0.346323,-0.192908,-0.0157989,-0.103195,0.235816,-0.278323,0,0
1481577860,723022168,0.772886,-1.29648,0.737273,3.12374,2.5335,0.923437,1.02648,1.0248-0.307972,-0.192545,-0.001975,-0.117024,0.237716,-0.257897,0,0
1481577860,749000590,0.783473,-1.30226,0.737273,3.12731,2.52517,0.931768,1.02648,1.0248-0.317616,-0.192513,-0.00049375,-0.118506,0.267675,-0.272733,0,0
1481577860,774988927,0.790211,-1.30515,0.737273,3.12969,2.52041,0.936527,1.02648,1.0248-0.352521,-0.144373,-6.17853e-05,-0.118938,0.241699,-0.242324,0,0
1481577860,774988927,0.790211,-1.30515,0.737273,3.12969,2.52041,0.936527,1.02648,1.0248-0.352521,-0.144373,-6.17853e-05,-0.118938,0.241699,-0.242324,0,0
1481577860,800999279,0.800798,-1.31092,0.737273,3.13326,2.51089,0.944858,1.02648,1.0248-0.35688,-0.186481,-7.45685e-06,-0.118992,0.283099,-0.25341,0,0
1481577860,847002707,0.818123,-1.31958,0.737273,3.13921,2.49661,0.957948,1.02648,1.0248-0.329094,-0.180094,-5.32632e-07,-0.118999,0.315202,-0.238998,0,0
1481577860,872989073,0.824861,-1.32343,0.737273,3.14159,2.48947,0.962707,1.02648,1.0248-0.353955,-0.190957,0,-0.119,0.336902,-0.252981,0,0
1481577860,898981192,0.83641,-1.32825,0.735348,-3.13683,2.47995,0.971038,1.02648,1.0248-0.377242,-0.168048,0.0721883,-0.14875,0.292471,-0.271504,0,0
1481577860,925028779,0.843148,-1.33113,0.734386,-3.13445,2.47519,0.975797,1.02648,1.0248-0.335902,-0.165389,0.0571469,-0.122718,0.259679,-0.242171,0,0
1481577860,951001694,0.85181,-1.33498,0.732461,-3.13088,2.46686,0.982938,1.02648,1.0248-0.294642,-0.128951,0.0672983,-0.119465,0.255573,-0.23853,0,0
1481577860,996975318,0.860473,-1.33883,0.729573,-3.1285,2.46091,0.987697,1.02648,1.0248-0.174819,-0.0501676,0.0824082,-0.0744039,0.142404,-0.126461,0,0
1481577861,22995472,0.861435,-1.33883,0.728611,-3.12731,2.45972,0.988887,1.02648,1.0248-0.0579451,-0.018305,0.0584277,-0.0688006,0.0773221,-0.045555,0,0
1481577861,48991897,0.861435,-1.33883,0.725723,-3.12731,2.45853,0.988887,1.02648,1.0248-0.014486,-0.00457638,0.0867952,-0.0172003,0.049078,-0.0113887,0,0
1481577861,75034996,0.861435,-1.33883,0.722836,-3.12612,2.45615,0.988887,1.02648,1.0248-0.00181095,-0.000572047,0.119132,-0.06165,0.0953773,-0.00142373,0,0
1481577861,75034996,0.861435,-1.33883,0.722836,-3.12612,2.45615,0.988887,1.02648,1.0248-0.00181095,-0.000572047,0.119132,-0.06165,0.0953773,-0.00142373,0,0
1481577861,120992154,0.857586,-1.33691,0.716098,-3.12374,2.45258,0.987697,1.02648,1.02480.0901746,0.0360779,0.127042,-0.068864,0.0848128,0.0148293,0,0
1481577861,146987097,0.853735,-1.33402,0.710323,-3.12255,2.4502,0.985317,1.02648,1.02480.118804,0.0812045,0.176135,-0.0767161,0.0509507,0.0929498,0,0
1481577861,172989969,0.849886,-1.3321,0.706473,-3.12136,2.44782,0.982938,1.02648,1.02480.171251,0.0943664,0.190454,-0.0690893,0.110485,0.100861,0,0
1481577861,198976765,0.845073,-1.32921,0.699736,-3.12017,2.44544,0.980558,1.02648,1.02480.163134,0.0957899,0.240112,-0.076772,0.0573821,0.0847103,0,0
1481577861,225031288,0.842186,-1.32728,0.694923,-3.11898,2.44306,0.978177,1.02648,1.02480.1407,0.0961896,0.246575,-0.0690962,0.111289,0.114758,0,0
1481577861,270981182,0.831598,-1.31958,0.683373,-3.1166,2.43711,0.973417,1.02648,1.02480.208923,0.159413,0.254345,-0.0690968,0.118756,0.111421,0,0
1481577861,296998515,0.825823,-1.31477,0.675673,-3.11422,2.43473,0.969848,1.02648,1.02480.196607,0.160162,0.256084,-0.047024,0.089184,0.117098,0,0
1481577861,322990061,0.82101,-1.31188,0.670861,-3.11303,2.43235,0.967468,1.02648,1.02480.241144,0.164397,0.260603,-0.0505031,0.115278,0.118753,0,0
1481577861,348985861,0.815236,-1.30803,0.664123,-3.11065,2.42878,0.965087,1.02648,1.02480.204656,0.161408,0.257649,-0.0721253,0.118062,0.0594359,0,0
1481577861,374988193,0.811386,-1.30515,0.658348,-3.11065,2.4264,0.962707,1.02648,1.02480.19402,0.152528,0.27283,-0.0238907,0.118901,0.111559,0,0
1481577861,374988193,0.811386,-1.30515,0.658348,-3.11065,2.4264,0.962707,1.02648,1.02480.19402,0.152528,0.27283,-0.0238907,0.118901,0.111559,0,0
1481577861,421013292,0.800798,-1.29745,0.645836,-3.10589,2.42045,0.957948,1.02648,1.02480.216606,0.164188,0.26118,-0.101153,0.119014,0.111321,0,0
1481577861,446991201,0.795023,-1.29263,0.638136,-3.1047,2.41569,0.955568,1.02648,1.02480.198535,0.161355,0.233733,-0.0252883,0.118996,0.0575777,0,0
1481577861,472990761,0.791173,-1.28975,0.632361,-3.10351,2.4145,0.953188,1.02648,1.02480.193248,0.164539,0.281872,-0.0477862,0.104117,0.111314,0,0
1481577861,498999022,0.784436,-1.28493,0.624661,-3.10113,2.40974,0.950807,1.02648,1.02480.240812,0.16145,0.238905,-0.101196,0.145033,0.117098,0,0
1481577861,525003618,0.780586,-1.28301,0.618886,-3.09994,2.40736,0.948427,1.02648,1.02480.198546,0.116428,0.28252,-0.0721493,0.122272,0.10388,0,0
1481577861,550998915,0.774811,-1.2782,0.611186,-3.09875,2.40379,0.944858,1.02648,1.02480.19325,0.134865,0.275938,-0.0238939,0.1194,0.117101,0,0
1481577861,596982504,0.765186,-1.2705,0.597711,-3.09399,2.39665,0.941288,1.02648,1.02480.192542,0.176874,0.239822,-0.0758681,0.0892815,0.111435,0,0
1481577861,622988944,0.761336,-1.26665,0.591936,-3.09399,2.39427,0.938907,1.02648,1.02480.192503,0.17851,0.282635,-0.0243583,0.130177,0.103225,0,0
1481577861,648980033,0.755561,-1.2628,0.583274,-3.09161,2.38951,0.936527,1.02648,1.02480.192496,0.164949,0.287222,-0.0953396,0.121787,0.0555538,0,0
1481577861,675010088,0.751711,-1.25991,0.578461,-3.09042,2.38713,0.935337,1.02648,1.02480.192497,0.128896,0.264494,-0.0714175,0.13424,0.0515655,0,0
1481577861,675010088,0.751711,-1.25991,0.578461,-3.09042,2.38713,0.935337,1.02648,1.02480.192497,0.128896,0.264494,-0.0714175,0.13424,0.0515655,0,0
1481577861,701016886,0.746898,-1.2551,0.569799,-3.08923,2.38356,0.932958,1.02648,1.02480.18047,0.160495,0.285719,-0.0238023,0.120896,0.051067,0,0
1481577861,746986084,0.738236,-1.2474,0.556324,-3.08447,2.37642,0.928198,1.02648,1.02480.191755,0.136355,0.282546,-0.0833,0.13399,0.0552498,0,0
1481577861,772978562,0.734386,-1.24451,0.550549,-3.08447,2.37285,0.927008,1.02648,1.02480.18037,0.161418,0.287973,-0.0252872,0.180387,0.081275,0,0
1481577861,798999097,0.728611,-1.2397,0.542849,-3.08209,2.36928,0.924627,1.02648,1.02480.189469,0.136601,0.288557,-0.0658216,0.134339,0.0500929,0,0
1481577861,824991062,0.725723,-1.23681,0.537074,-3.07971,2.36571,0.923437,1.02648,1.02480.143992,0.161448,0.252632,-0.0974776,0.180417,0.0508829,0,0
1481577861,850969301,0.719948,-1.23296,0.528411,-3.07733,2.36214,0.921057,1.02648,1.02480.186434,0.128459,0.284236,-0.101434,0.126668,0.0509816,0,0
1481577861,896979658,0.711286,-1.22526,0.513974,-3.07495,2.35381,0.916298,1.02648,1.02480.186106,0.176462,0.240342,-0.0955894,0.134347,0.084992,0,0
1481577861,923003488,0.708398,-1.22141,0.508199,-3.07257,2.35143,0.915108,1.02648,1.02480.167633,0.178465,0.318793,-0.101199,0.13579,0.0849928,0,0
1481577861,948980290,0.703586,-1.21756,0.500499,-3.07019,2.34667,0.912727,1.02648,1.02480.186285,0.164925,0.272196,-0.0847998,0.12319,0.0807432,0,0
1481577861,975011521,0.699736,-1.21467,0.494724,-3.07019,2.34429,0.911537,1.02648,1.02480.1797,0.1289,0.286679,-0.0254747,0.134395,0.084475,0,0
1481577861,975011521,0.699736,-1.21467,0.494724,-3.07019,2.34429,0.911537,1.02648,1.02480.1797,0.1289,0.286679,-0.0254747,0.134395,0.084475,0,0
1481577862,20976279,0.692036,-1.20697,0.480286,-3.06543,2.33715,0.907967,1.02648,1.02480.177055,0.160442,0.288684,-0.101202,0.126912,0.0844455,0,0
1481577862,46990119,0.687223,-1.20312,0.471624,-3.06305,2.33239,0.906778,1.02648,1.02480.164579,0.160419,0.288733,-0.0848004,0.150731,0.0806064,0,0
1481577862,72973190,0.684336,-1.19927,0.466811,-3.06305,2.32882,0.905588,1.02648,1.02480.164942,0.176466,0.240622,-0.0254747,0.152732,0.0398233,0,0
1481577862,98978357,0.679523,-1.19542,0.458149,-3.06067,2.32406,0.903208,1.02648,1.02480.137489,0.164425,0.276719,-0.0956187,0.186921,0.0397033,0,0
1481577862,124968544,0.676636,-1.19253,0.452374,-3.05948,2.32168,0.902018,1.02648,1.02480.161556,0.128831,0.287241,-0.0714521,0.127508,0.0793317,0,0
1481577862,171000604,0.668936,-1.18483,0.437936,-3.05591,2.31335,0.899637,1.02648,1.02480.16145,0.160428,0.288703,-0.0505766,0.137855,0.0396901,0,0
1481577862,196973540,0.665086,-1.18002,0.428312,-3.05353,2.30859,0.898447,1.02648,1.02480.160684,0.160429,0.288734,-0.101894,0.153454,0.0694176,0,0
1481577862,222977852,0.662198,-1.17713,0.423499,-3.05115,2.30502,0.897257,1.02648,1.02480.128363,0.164424,0.27672,-0.101987,0.1828,0.0384247,0,0
1481577862,248984370,0.657386,-1.17328,0.414836,-3.04877,2.30026,0.894878,1.02648,1.02480.128337,0.137366,0.285742,-0.0849964,0.194464,0.0393537,0,0
1481577862,274976659,0.654498,-1.16943,0.408099,-3.04877,2.29669,0.893688,1.02648,1.02480.160415,0.173572,0.336497,-0.0254998,0.187919,0.079288,0,0
1481577862,301012771,0.650648,-1.16558,0.399437,-3.04639,2.29193,0.892498,1.02648,1.02480.128343,0.129981,0.294715,-0.0329374,0.187108,0.0396585,0,0
1481577862,320979264,0.647761,-1.1627,0.393662,-3.04401,2.28836,0.891308,1.02648,1.02480.128332,0.128742,0.290244,-0.0974845,0.195541,0.0694096,0,0
1481577862,346972977,0.643911,-1.15788,0.384999,-3.04163,2.2836,0.890118,1.02648,1.02480.12833,0.128432,0.289119,-0.0838709,0.138128,0.0768474,0,0
1481577862,372980363,0.640061,-1.155,0.379224,-3.04044,2.28003,0.888928,1.02648,1.02480.172449,0.136366,0.288792,-0.0848584,0.195764,0.0393534,0,0
1481577862,398970096,0.636211,-1.15018,0.369599,-3.03925,2.27527,0.887738,1.02648,1.02480.115297,0.130338,0.264701,-0.0509644,0.197705,0.0395859,0,0
1481577862,425024118,0.634286,-1.1473,0.363824,-3.03687,2.2717,0.886547,1.02648,1.02480.110672,0.160666,0.321836,-0.0658706,0.158577,0.0347224,0,0
1481577862,450976507,0.629474,-1.14248,0.355162,-3.03449,2.26694,0.885357,1.02648,1.02480.134142,0.164453,0.292882,-0.0974839,0.153699,0.0192141,0,0
1481577862,496972560,0.622736,-1.13478,0.339762,-3.03211,2.25861,0.882977,1.02648,1.02480.122683,0.160665,0.337131,-0.0953428,0.15835,0.0383853,0,0
1481577862,523007622,0.620811,-1.1319,0.333987,-3.02973,2.25504,0.881788,1.02648,1.02480.111582,0.16446,0.294794,-0.101168,0.153671,0.0345457,0,0
1481577862,549109841,0.616961,-1.12708,0.324362,-3.02735,2.24909,0.880598,1.02648,1.02480.124155,0.137362,0.338387,-0.0847919,0.157408,0.0383839,0,0
1481577862,574972168,0.614074,-1.1242,0.318587,-3.02616,2.24552,0.879408,1.02648,1.02480.123797,0.161553,0.294954,-0.0849735,0.198168,0.064293,0,0
1481577862,574972168,0.614074,-1.1242,0.318587,-3.02616,2.24552,0.879408,1.02648,1.02480.123797,0.161553,0.294954,-0.0849735,0.198168,0.064293,0,0
1481577862,600979660,0.610224,-1.12035,0.309924,-3.02378,2.24076,0.878218,1.02648,1.02480.123752,0.128472,0.26546,-0.0849964,0.158648,0.0675316,0,0
1481577862,646994269,0.604449,-1.11265,0.294524,-3.02021,2.23124,0.877028,1.02648,1.02480.109998,0.176464,0.293306,-0.102,0.15866,0.0339682,0,0
1481577862,672952418,0.601561,-1.10976,0.287787,-3.01783,2.22767,0.875838,1.02648,1.02480.122041,0.130336,0.313384,-0.102,0.198331,0.063741,0,0
1481577862,698971017,0.597711,-1.10495,0.279124,-3.01545,2.22291,0.874648,1.02648,1.02480.0786335,0.17696,0.294908,-0.0849996,0.168599,0.0159353,0,0
1481577862,725001328,0.595786,-1.10206,0.272387,-3.01426,2.21815,0.874648,1.02648,1.02480.106076,0.130398,0.313578,-0.0850001,0.214434,0.0168657,0,0
1481577862,750984490,0.591936,-1.09725,0.262762,-3.01188,2.21339,0.873457,1.02648,1.02480.109513,0.160673,0.315918,-0.0850001,0.160675,0.0318823,0,0
1481577862,796969486,0.586161,-1.08955,0.247362,-3.00831,2.20387,0.872267,1.02648,1.02480.121137,0.130357,0.338573,-0.102,0.158783,0.0168664,0,0
1481577862,822986192,0.583274,-1.08666,0.240624,-3.00712,2.2003,0.871077,1.02648,1.02480.123426,0.136603,0.343101,-0.0722494,0.168592,0.0318558,0,0
1481577862,849005351,0.580386,-1.08185,0.231962,-3.00474,2.19435,0.871077,1.02648,1.02480.103042,0.178527,0.30234,-0.0478123,0.161151,0.00796395,0,0

