0,0,0.00898481,0.176882,0.374411,-0.0874564,-0.240709,-0.0705864
0,0,-0.0181005,0.196166,0.474195,-0.0769761,-0.236114,-0.0735618
0,0,0.156157,0.0279139,0.64212,-0.0103488,-0.249547,-0.0950757
0,0,0.197515,0.0649976,0.65005,-0.00251301,-0.255935,-0.0975514
0,0,0.27586,0.155815,0.618396,-0.0059554,-0.254587,-0.0949157
0,0,0.262968,0.124386,0.645665,0.00595941,-0.266869,-0.0900898
0,0,0.282882,-0.0485938,0.61968,0.00403815,-0.253283,-0.0930941
0,0,0.249371,-0.146998,0.595643,-0.00387724,-0.247459,-0.091649
0,0,0.166532,-0.118916,0.633974,-0.0154495,-0.264826,-0.0971774
0,0,0.138022,0.035115,0.623011,-0.0176772,-0.258279,-0.0914269
0,0,0.112646,-0.00233918,0.603346,-0.0214864,-0.252344,-0.096042
0,0,0.0334595,-0.244335,0.57403,-0.0276686,-0.250059,-0.0992896
0,0,0.152948,-0.226173,0.568312,-0.0204202,-0.242909,-0.103989
0,0,0.0956981,-0.0617003,0.558554,-0.0245163,-0.249028,-0.0985616
0,0,0.155061,-0.220737,0.575649,-0.0121698,-0.24174,-0.0914422
0,0,0.202571,-0.197031,0.591842,-0.00547178,-0.242517,-0.0938246
0,0,0.224784,0.00520853,0.609901,-0.0120837,-0.249626,-0.100522
0,0,0.242492,0.0597928,0.615576,-0.00471067,-0.250849,-0.101292
0,0,0.220873,-0.0195757,0.611465,-0.00588967,-0.253704,-0.0985248
0,0,0.16162,-0.1098,0.618477,-0.00619552,-0.258325,-0.0993197
0,0,0.0890525,-0.0702679,0.639919,-0.00835892,-0.263426,-0.110085
0,0,0.105457,0.0332651,0.637607,-0.0131934,-0.262553,-0.116981
0,0,0.178586,-0.0451196,0.597477,-0.0145152,-0.249136,-0.110223
0,0,0.132504,-0.139668,0.627445,-0.0150744,-0.252547,-0.110229
0,0,0.141683,-0.0337637,0.58606,-0.0226509,-0.249069,-0.0998483
0,0,0.257985,-0.108843,0.575444,-0.0137666,-0.237918,-0.0992341
0,0,0.252239,-0.171756,0.572496,-0.0142878,-0.239637,-0.0918259
0,0,0.144979,-0.201651,0.576659,-0.0233474,-0.23686,-0.101678
0,0,0.131261,-0.00152867,0.593853,-0.0230297,-0.247455,-0.110694
0,0,0.124484,-0.0286365,0.607099,-0.019908,-0.254443,-0.108773
0,0,0.139976,-0.0410496,0.608699,-0.0176154,-0.251025,-0.101907
0,0,0.145766,-0.0776108,0.611936,-0.0142886,-0.249214,-0.0989346
0,0,0.177843,-0.0309124,0.600798,-0.0132559,-0.249008,-0.101976
0,0,0.215939,-0.0593647,0.611984,-0.0102601,-0.248542,-0.093912
0,0,0.199459,-0.0986467,0.618033,-0.00624745,-0.246532,-0.0963988
0,0,0.175754,-0.0622995,0.58755,-0.0099457,-0.257741,-0.0963234
0,0,0.169388,-0.0677562,0.593264,-0.010696,-0.252296,-0.0984913
0,0,0.176239,-0.0763521,0.5919,-0.0128275,-0.248751,-0.101364
0,0,0.173292,-0.114009,0.597299,-0.0106084,-0.246183,-0.0994568
0,0,0.149601,-0.102906,0.58593,-0.0136473,-0.245702,-0.0933859
0,0,0.127806,-0.0793133,0.60078,-0.0131864,-0.255938,-0.0988908
0,0,0.11548,-0.0665533,0.616933,-0.0181603,-0.252929,-0.0978381
0,0,0.135238,-0.0666313,0.613886,-0.0207416,-0.253177,-0.106652
0,0,0.16927,-0.109704,0.60931,-0.0133805,-0.255814,-0.108101
0,0,0.171247,-0.00731512,0.600636,-0.0193814,-0.252191,-0.107974
0,0,0.180254,-0.0430893,0.579111,-0.021926,-0.251589,-0.108284
0,0,0.16024,-0.115325,0.593472,-0.0218304,-0.25329,-0.102238
0,0,0.107381,-0.0733832,0.599486,-0.0212796,-0.251647,-0.0972204
0,0,0.101834,-0.0515616,0.590831,-0.0226164,-0.257704,-0.0978611
0,0,0.1119,-0.108307,0.58708,-0.0172217,-0.246775,-0.103346
0,0,0.11503,-0.137033,0.595315,-0.0169583,-0.245467,-0.108939
0,0,0.129543,-0.0890511,0.592922,-0.0169816,-0.25295,-0.1028
0,0,0.13729,-0.0815866,0.603492,-0.0184483,-0.253028,-0.100217
0,0,0.168244,-0.0814968,0.604793,-0.0194237,-0.246949,-0.09946
0,0,0.176147,-0.0844946,0.604734,-0.0168333,-0.243889,-0.0955442
0,0,0.170714,-0.113859,0.606326,-0.0131572,-0.249467,-0.10277
0,0,0.168405,-0.0564958,0.601617,-0.0136186,-0.251002,-0.100863
0,0,0.190838,-0.0406667,0.595484,-0.0173811,-0.255566,-0.0987143
0,0,0.161196,-0.0811226,0.611563,-0.0145001,-0.25844,-0.105743
0,0,0.158153,-0.0496458,0.633502,-0.0149504,-0.245586,-0.101587
0,0,0.144667,-0.0536433,0.635886,-0.0257625,-0.247608,-0.105631
0,0,0.157071,-0.0862141,0.615066,-0.0195314,-0.248117,-0.102526
0,0,0.17186,-0.102033,0.605645,-0.0169726,-0.255682,-0.107395
0,0,0.163266,-0.0693898,0.595008,-0.0140307,-0.254071,-0.100605
0,0,0.177905,-0.0750603,0.604226,-0.0189222,-0.24399,-0.0952313
0,0,0.17552,-0.086508,0.59115,-0.0219079,-0.240354,-0.0959792
0,0,0.169083,-0.0798082,0.601442,-0.0186147,-0.240945,-0.0957727
0,0,0.158296,-0.061397,0.605504,-0.0155135,-0.242901,-0.0998332
0,0,0.145797,-0.0557507,0.603207,-0.0192241,-0.258171,-0.10371
0,0,0.132668,-0.0670435,0.616669,-0.0144508,-0.251476,-0.10054
0,0,0.144487,-0.0421055,0.615168,-0.0170498,-0.244964,-0.10017
0,0,0.160733,-0.0506891,0.609187,-0.0121796,-0.24918,-0.0951577
0,0,0.185611,-0.0866082,0.605931,-0.00755001,-0.249274,-0.102431
0,0,0.194255,-0.100306,0.595037,-0.0166121,-0.247879,-0.108833
0,0,0.201547,-0.105229,0.591223,-0.0195985,-0.245755,-0.107548
0,0,0.188991,-0.090411,0.579583,-0.0196748,-0.246319,-0.101749
0,0,0.166635,-0.0826366,0.588745,-0.0177082,-0.249771,-0.100938
0,0,0.159534,-0.0948761,0.579082,-0.0120382,-0.249636,-0.0997187
0,0,0.152945,-0.0804333,0.607414,-0.0194915,-0.250071,-0.101724
0,0,0.151623,-0.0405947,0.606149,-0.0227581,-0.247679,-0.0973369
0,0,0.160009,-0.0456996,0.611366,-0.0275541,-0.243864,-0.0969139
0,0,0.168887,-0.0736088,0.627472,-0.022495,-0.237907,-0.101964
0,0,0.165797,-0.0834575,0.61502,-0.0236818,-0.242993,-0.101529
0,0,0.164376,-0.0844081,0.612772,-0.0235426,-0.247508,-0.0962805
0,0,0.163241,-0.0935409,0.604609,-0.0151384,-0.250811,-0.0998552
0,0,0.15472,-0.0819695,0.612187,-0.0180635,-0.256833,-0.103011
0,0,0.158907,-0.0867578,0.618106,-0.0217826,-0.254474,-0.109658
0,0,0.138977,-0.0959429,0.619962,-0.0195886,-0.249767,-0.104947
0,0,0.132858,-0.0824256,0.612281,-0.0262239,-0.241642,-0.100207
0,0,0.135208,-0.0838858,0.605632,-0.021921,-0.243773,-0.0974724
0,0,0.132645,-0.0782592,0.603157,-0.0200622,-0.240873,-0.094908
0,0,0.145115,-0.0760802,0.592161,-0.0196894,-0.234732,-0.0960964
0,0,0.154686,-0.0855647,0.599084,-0.0133701,-0.239085,-0.0984351
0,0,0.171132,-0.0811793,0.589225,-0.0105509,-0.244305,-0.103611
0,0,0.183679,-0.0820358,0.594757,-0.00895494,-0.239941,-0.102359
0,0,0.177709,-0.0909158,0.601136,-0.00869966,-0.24675,-0.104797
0,0,0.163226,-0.0608578,0.605286,-0.0114483,-0.250847,-0.10954
0,0,0.159911,-0.0863569,0.600182,-0.0135222,-0.260165,-0.105433
0,0,0.161165,-0.0819854,0.588277,-0.0157056,-0.263964,-0.101666
0,0,0.15623,-0.0656531,0.591302,-0.0226776,-0.257439,-0.0993499
0,0,0.136991,-0.0663894,0.591587,-0.0160232,-0.255373,-0.0996966
0,0,0.164521,-0.0779663,0.589212,-0.00734414,-0.253408,-0.093235
0,0,0.168865,-0.0778357,0.594607,-0.012782,-0.250169,-0.0871578
0,0,0.172033,-0.0692177,0.600415,-0.0175178,-0.253915,-0.0918217
0,0,0.170726,-0.090184,0.609345,-0.0211445,-0.25707,-0.09363
0,0,0.162436,-0.0813832,0.605211,-0.0234146,-0.25834,-0.0958347
0,0,0.141786,-0.0623126,0.613908,-0.0164845,-0.24037,-0.0948378
0,0,0.147712,-0.04801,0.615419,-0.00983673,-0.241797,-0.09846
0,0,0.162456,-0.0536165,0.634068,-0.0112878,-0.237388,-0.102056
0,0,0.155983,-0.063538,0.620285,-0.0194993,-0.238472,-0.0980124
0,0,0.165121,-0.0644476,0.602858,-0.0219977,-0.239848,-0.0982121
0,0,0.200916,-0.0816954,0.580196,-0.025286,-0.229798,-0.102569
0,0,0.215989,-0.0925737,0.545264,-0.0378588,-0.215842,-0.107988
0,0,0.201707,-0.198156,0.612404,-0.0400507,-0.216207,-0.111555
0,0,0.14734,-0.398277,0.749131,0.00587336,-0.242944,-0.109884
0,0,0.168884,-0.364923,0.715811,-0.0254138,-0.249804,-0.109215
0,0,0.13419,-0.263751,0.716225,-0.0136033,-0.233095,-0.108458
0,0,0.124821,-0.344898,0.713085,-0.0177015,-0.217744,-0.108169
0,0,0.159882,-0.252652,0.635521,-0.042875,-0.194681,-0.10643
0,0,0.165796,-0.215288,0.63999,-0.0485949,-0.201274,-0.122456
0,0,0.167626,-0.165324,0.648503,-0.0653345,-0.196815,-0.138354
0,0,0.166345,-0.177123,0.65293,-0.0271578,-0.19627,-0.143997
0,0,0.166217,-0.160003,0.662601,-0.0348195,-0.199828,-0.140047
0,0,0.148045,-0.198416,0.61908,-0.0432718,-0.204174,-0.123839
0,0,0.153932,-0.100792,0.64147,-0.0639807,-0.194185,-0.113698
0,0,0.187234,-0.155065,0.645172,-0.0513149,-0.209743,-0.106663
0,0,0.194884,-0.151672,0.692532,-0.0386724,-0.201708,-0.13455
0,0,0.110155,-0.0818858,0.607469,-0.0732308,-0.201705,-0.136832
0,0,0.14256,-0.122459,0.630938,-0.0722701,-0.171527,-0.117809
0,0,0.16543,-0.143643,0.682371,-0.0556419,-0.189114,-0.110586
0,0,0.180247,-0.221275,0.698728,-0.0431915,-0.20332,-0.122541
0,0,0.200777,-0.186218,0.587977,-0.0412907,-0.192523,-0.130799
0,0,0.149426,-0.12683,0.618283,-0.0465563,-0.204241,-0.101072
0,0,0.167501,-0.208119,0.7078,-0.0431283,-0.210465,-0.106348
0,0,0.172247,-0.0996489,0.595719,-0.0473519,-0.199533,-0.126814
0,0,0.155928,-0.182647,0.570596,-0.0786009,-0.192782,-0.137705
0,0,0.139269,-0.194841,0.623956,-0.0560947,-0.19253,-0.117677
0,0,0.139464,-0.157915,0.562212,-0.0493864,-0.196305,-0.148024
0,0,0.123102,-0.186756,0.562945,-0.0482137,-0.195804,-0.148644
0,0,0.118059,-0.249685,0.613483,-0.0270276,-0.186956,-0.137273
0,0,0.161944,-0.202018,0.653175,-0.0190448,-0.208234,-0.123919
0,0,0.146854,-0.229362,0.648099,-0.0532366,-0.182481,-0.139765
0,0,0.136769,-0.268378,0.633185,-0.0609809,-0.19196,-0.121086
0,0,0.150236,-0.323067,0.621218,-0.0378309,-0.17031,-0.115162
0,0,0.147385,-0.24915,0.564103,-0.0639964,-0.168459,-0.139687
0,0,0.169458,-0.256108,0.572219,-0.0401899,-0.151929,-0.143493
0,0,0.103725,-0.232677,0.614677,-0.027672,-0.192361,-0.120899
0,0,0.140774,-0.261054,0.619602,-0.0206128,-0.182668,-0.15022
0,0,0.205604,-0.219567,0.514551,-0.0309022,-0.177335,-0.141668
0,0,0.155161,-0.263151,0.549664,-0.0441179,-0.192205,-0.130416
0,0,0.122247,-0.248664,0.462365,-0.0676221,-0.195328,-0.150769
0,0,0.125721,-0.227282,0.5011,-0.0578782,-0.189995,-0.136516
0,0,0.153034,-0.343273,0.58178,-0.0287509,-0.217374,-0.130358
0,0,0.196468,-0.261559,0.559823,-0.0526146,-0.198737,-0.140383
0,0,0.196945,-0.279362,0.527125,-0.0401229,-0.193824,-0.120666
0,0,0.130802,-0.32991,0.549428,-0.0558483,-0.186948,-0.124691
0,0,0.136606,-0.267769,0.48255,-0.0569706,-0.195057,-0.133962
0,0,0.130015,-0.297299,0.416217,-0.0530009,-0.184051,-0.114883
0,0,0.138884,-0.327004,0.412767,-0.0646839,-0.167157,-0.115875
0,0,0.145455,-0.365153,0.531483,-0.0147263,-0.206372,-0.153408
0,0,0.149942,-0.329285,0.478933,-0.045927,-0.195437,-0.144978
0,0,0.130166,-0.290219,0.425439,-0.0453724,-0.19816,-0.140865
0,0,0.178506,-0.336979,0.478922,-0.0238317,-0.19365,-0.150977
0,0,0.177425,-0.313677,0.417399,-0.0337944,-0.190977,-0.134884
0,0,0.139539,-0.284571,0.38726,-0.0489446,-0.199173,-0.127063
0,0,0.140487,-0.306849,0.391564,-0.0525858,-0.188586,-0.14365
0,0,0.165112,-0.356502,0.452383,-0.0287707,-0.221807,-0.124115
0,0,0.14492,-0.352565,0.46037,-0.0616,-0.194907,-0.131656
0,0,0.159987,-0.356679,0.404864,-0.0416755,-0.191106,-0.118897
0,0,0.158907,-0.44182,0.425705,-0.0437512,-0.208444,-0.112545
0,0,0.171993,-0.407963,0.371872,-0.03694,-0.211442,-0.13986
0,0,0.162421,-0.295135,0.365137,-0.0524118,-0.191243,-0.129758
0,0,0.174325,-0.31403,0.380222,-0.0579176,-0.194356,-0.117395
0,0,0.155811,-0.359353,0.372575,-0.0341922,-0.195251,-0.144971
0,0,0.148029,-0.348151,0.364859,-0.0581908,-0.187671,-0.119298
0,0,0.145448,-0.304707,0.345335,-0.0521035,-0.187608,-0.141489
0,0,0.13939,-0.333082,0.374869,-0.0282073,-0.208698,-0.146147
0,0,0.120007,-0.256616,0.270254,-0.0742283,-0.194199,-0.126877
0,0,0.122212,-0.252281,0.306962,-0.0463548,-0.20096,-0.153368
0,0,0.152895,-0.342107,0.386169,-0.0404659,-0.201604,-0.126145
0,0,0.158231,-0.299124,0.363401,-0.057715,-0.204969,-0.152738
0,0,0.201244,-0.372435,0.396016,-0.0387269,-0.205562,-0.128825
0,0,0.183149,-0.30972,0.368139,-0.0468262,-0.176602,-0.144189
0,0,0.141555,-0.261843,0.32783,-0.0538244,-0.194389,-0.121022
0,0,0.20407,-0.249684,0.303554,-0.0541077,-0.207784,-0.145877
0,0,0.191526,-0.025106,0.166851,-0.0905693,-0.190866,-0.137455
0,0,0.178289,-0.0416655,0.174256,-0.0959523,-0.189107,-0.132966
0,0,0.170532,-0.109803,0.190403,-0.0784488,-0.198744,-0.134487
0,0,0.150946,-0.253144,0.266333,-0.0747223,-0.222959,-0.126476
0,0,0.16398,-0.2536,0.23217,-0.0441068,-0.248297,-0.119652
0,0,0.177066,-0.184482,0.220996,-0.0429353,-0.247751,-0.10302
0,0,0.200606,-0.160794,0.134633,-0.0555943,-0.228133,-0.0948671
0,0,0.204489,-0.257454,0.173164,-0.0189621,-0.2369,-0.120669
0,0,0.174034,-0.341553,0.27347,-0.0240855,-0.254276,-0.122645
0,0,0.176298,-0.273877,0.225626,-0.0258873,-0.265551,-0.0957117
0,0,0.19509,-0.203817,0.205326,-0.0440483,-0.267495,-0.115272
0,0,0.209677,-0.237364,0.281015,-0.00624777,-0.252536,-0.102429
0,0,0.137732,-0.324501,0.285933,-0.0114311,-0.248762,-0.104711
0,0,0.143097,-0.206703,0.232957,-0.0228687,-0.247151,-0.110941
0,0,0.149249,-0.17838,0.232321,-0.0265084,-0.261364,-0.0915944
0,0,0.146807,-0.188952,0.319428,-0.0212173,-0.277844,-0.12002
0,0,0.123504,-0.218194,0.292937,-0.0209574,-0.272791,-0.104029
0,0,0.130826,-0.149804,0.257627,-0.0323668,-0.240359,-0.0995198
0,0,0.158828,-0.27374,0.424782,0.00425082,-0.287894,-0.113145
0,0,0.17874,-0.151566,0.253921,-0.0223044,-0.239007,-0.0919008
0,0,0.17235,-0.234224,0.363056,0.0102592,-0.25844,-0.10075
0,0,0.115395,-0.340781,0.425919,-0.0096216,-0.266715,-0.0816891
0,0,0.112226,-0.199802,0.307974,-0.0119997,-0.274485,-0.10886
0,0,0.186069,-0.288476,0.345472,0.0191917,-0.283296,-0.102061
0,0,0.152233,-0.342176,0.358117,-0.000790036,-0.240223,-0.113292
0,0,0.195771,-0.196666,0.275692,-0.02267,-0.245742,-0.0958116
0,0,0.189556,-0.240739,0.374055,0.0214896,-0.270828,-0.101243
0,0,0.135962,-0.192367,0.36287,-0.0212553,-0.280756,-0.122003
0,0,0.185066,-0.175229,0.314502,-0.0230095,-0.24239,-0.095647
0,0,0.174382,-0.354448,0.510651,0.0113231,-0.290094,-0.112997
0,0,0.0951144,-0.0976955,0.370264,-0.0343625,-0.270583,-0.0925966
0,0,0.159449,-0.0431694,0.368596,-0.0409047,-0.250299,-0.0820378
0,0,0.125364,-0.310977,0.566748,0.0226905,-0.263293,-0.108726
0,0,0.0838516,-0.20564,0.430298,-0.0241759,-0.255995,-0.083802
0,0,0.0868626,-0.120905,0.418844,-0.0313039,-0.259966,-0.0808561
0,0,0.130303,-0.18264,0.506492,0.0025985,-0.264029,-0.103211
0,0,0.118945,-0.325665,0.554154,0.000264239,-0.279455,-0.0997539
0,0,0.11427,-0.248084,0.479868,-0.0201178,-0.253315,-0.090745
0,0,0.138135,-0.17253,0.45057,-0.0201839,-0.261512,-0.105712
0,0,0.148078,-0.131122,0.574937,0.00622433,-0.274878,-0.104472
0,0,0.114839,-0.135785,0.435317,-0.0191478,-0.27123,-0.084518
0,0,0.14313,-0.177102,0.496636,0.00682997,-0.250778,-0.10856
0,0,0.107263,-0.161997,0.610716,0.0298271,-0.292312,-0.104119
0,0,0.117802,-0.15941,0.569284,-0.00624046,-0.265496,-0.0913494
0,0,0.14672,-0.0982606,0.470138,-0.0280744,-0.243743,-0.114673
0,0,0.116636,-0.203638,0.602992,-0.000530174,-0.25711,-0.115196
0,0,0.11344,-0.291034,0.68448,0.0283897,-0.267894,-0.0993832
0,0,0.137596,-0.147619,0.578796,-0.00443999,-0.270999,-0.0876175
0,0,0.183799,-0.103093,0.533061,-0.00805767,-0.262422,-0.100996
0,0,0.18445,-0.258187,0.655995,0.0322628,-0.27593,-0.103397
0,0,0.15877,-0.173008,0.649747,-0.00524597,-0.261445,-0.0827225
0,0,0.157058,-0.0428916,0.559312,-0.0323719,-0.236446,-0.091562
0,0,0.104131,-0.216021,0.778157,0.0345459,-0.277011,-0.106641
0,0,0.0779249,-0.169176,0.72704,0.00432643,-0.281772,-0.0931505
0,0,0.0730085,-0.00119339,0.589827,-0.00581535,-0.272028,-0.0825874
0,0,0.11036,-0.165847,0.66376,0.013936,-0.280275,-0.111558
0,0,0.110058,-0.129543,0.692149,-7.25249e-05,-0.287758,-0.112387
0,0,0.129443,-0.0465099,0.641061,-0.00783033,-0.286312,-0.0944478
0,0,0.113972,-0.0884814,0.617309,-0.0167746,-0.27089,-0.098128
0,0,0.121001,-0.0441665,0.710418,0.00706312,-0.277684,-0.119219
0,0,0.128279,-0.172119,0.715696,0.0314643,-0.266759,-0.113065
0,0,0.138076,0.00794712,0.598672,-0.0131936,-0.227465,-0.0851745
0,0,0.112654,-0.18806,0.784947,0.0106128,-0.282472,-0.0881643
0,0,0.130126,-0.115516,0.778396,0.0352139,-0.27525,-0.10084
0,0,0.0680039,0.0237823,0.632681,-0.0203296,-0.27668,-0.114776
0,0,0.106631,-0.0204264,0.610941,-0.0116711,-0.238511,-0.0987912
0,0,0.156526,0.0184798,0.711841,0.0217802,-0.269382,-0.0853448
0,0,0.147244,-0.130045,0.728977,0.0211716,-0.287364,-0.0753665
0,0,0.118088,-0.0199771,0.665383,0.0237962,-0.251606,-0.0838744
0,0,0.10747,-0.00637522,0.630438,-0.0198667,-0.240197,-0.0992958
0,0,0.157467,-0.0514484,0.697941,0.0205116,-0.244472,-0.101142
0,0,0.143775,-0.0429628,0.745557,0.0246483,-0.28001,-0.0977094
0,0,0.107439,-0.0623006,0.751898,0.0314773,-0.27826,-0.0880267
0,0,0.139963,-0.0646933,0.668521,0.00576576,-0.242899,-0.0880097
0,0,0.142801,-0.0947003,0.649555,0.0157213,-0.251044,-0.0868821
0,0,0.151432,-0.205622,0.714072,0.0283961,-0.27216,-0.0923054
0,0,0.152593,-0.246518,0.745336,0.0127331,-0.266268,-0.102082
0,0,0.139938,-0.243512,0.76953,0.0147732,-0.283655,-0.103601
0,0,0.132188,-0.328102,0.799333,0.0275527,-0.291861,-0.0982759
0,0,0.111682,-0.208767,0.706605,0.0129366,-0.27468,-0.0993861
0,0,0.120947,-0.0748624,0.646395,0.0067136,-0.266,-0.0999292
0,0,0.102422,-0.116489,0.635465,0.0050856,-0.255243,-0.101711
0,0,0.126126,-0.105294,0.643646,0.0136824,-0.248922,-0.109221
0,0,0.108339,-0.0671609,0.643336,0.00328885,-0.24317,-0.110253
0,0,0.118135,-0.0370083,0.660438,0.00794677,-0.254749,-0.105609
0,0,0.102801,0.0486061,0.648499,-0.00197838,-0.257783,-0.105219
0,0,0.129398,-0.0344917,0.627102,-0.0100799,-0.241618,-0.106686
0,0,0.139288,-0.0915308,0.624958,-0.0107092,-0.239205,-0.104812
0,0,0.101935,-0.0281002,0.644173,-0.0124092,-0.257492,-0.0998117
0,0,0.114131,0.000321833,0.614426,-0.0158314,-0.247624,-0.101818
0,0,0.124678,-0.0334731,0.621839,-0.0107537,-0.245502,-0.106633
0,0,0.130246,-0.0605554,0.621982,-0.0177009,-0.242528,-0.107003
0,0,0.14371,-0.0640287,0.61766,-0.014396,-0.24152,-0.107241
0,0,0.152086,-0.000959069,0.63864,-0.0209551,-0.25002,-0.107837
0,0,0.139219,-0.00899269,0.621958,-0.0109475,-0.25165,-0.108678
0,0,0.129914,-0.0793889,0.614761,-0.00279094,-0.249423,-0.115256
0,0,0.137329,-0.0365513,0.615474,-0.000425781,-0.251807,-0.110312
0,0,0.141512,-0.015097,0.626035,-0.00438427,-0.250224,-0.112466
0,0,0.117071,-0.00502226,0.63917,-0.0100148,-0.249872,-0.107915
0,0,0.111739,-0.0369185,0.618438,-0.00734927,-0.238343,-0.103992
0,0,0.128856,-0.0669498,0.624736,-0.00161935,-0.234544,-0.101902
0,0,0.133626,-0.037811,0.63513,-0.00270648,-0.236208,-0.106548
0,0,0.138957,0.0278064,0.624178,-0.00988573,-0.240029,-0.114695
0,0,0.151235,-0.0105573,0.617389,-0.012172,-0.243437,-0.106089
0,0,0.125699,-0.048934,0.605344,-0.0024173,-0.245364,-0.110627
0,0,0.128877,-0.0304922,0.625919,-0.0128474,-0.244754,-0.103851
0,0,0.115114,-0.020206,0.62151,-0.00724915,-0.249022,-0.105185
0,0,0.106568,-0.0195706,0.61283,-0.00825309,-0.252219,-0.108568
0,0,0.12263,-0.048991,0.621015,-0.00737033,-0.247397,-0.108415
0,0,0.143945,-0.0842193,0.629061,-0.00582273,-0.249315,-0.105281
0,0,0.116087,-0.0236067,0.633168,-0.00026822,-0.259559,-0.103924
0,0,0.127597,-0.0280764,0.626979,-0.00212764,-0.263354,-0.094586
0,0,0.138249,-0.0353501,0.626162,0.00104912,-0.256442,-0.101256
0,0,0.116021,-0.0384579,0.628337,-0.00941072,-0.249765,-0.0953366
0,0,0.104159,-0.0467675,0.646711,-0.0114313,-0.240677,-0.103356
0,0,0.0991425,-0.0177883,0.645782,-0.0126881,-0.245387,-0.103374
0,0,0.117334,-0.0289822,0.638489,-0.0169044,-0.240703,-0.101464
0,0,0.110678,-0.0718051,0.629743,-0.0176721,-0.23575,-0.0962869
0,0,0.110343,-0.0394977,0.637985,-0.0140036,-0.238486,-0.0966631
0,0,0.105788,-0.0248203,0.642528,-0.0141246,-0.240341,-0.0980795
0,0,0.129361,-0.0163952,0.639071,-0.0137287,-0.245216,-0.104193
0,0,0.137669,-0.0301199,0.627311,-0.012523,-0.247832,-0.103287
0,0,0.152213,-0.0568125,0.624268,-0.0116468,-0.255517,-0.102335
0,0,0.12523,-0.0182993,0.604013,-0.00937615,-0.258389,-0.0999877
0,0,0.11024,-0.00465603,0.60643,-0.00848919,-0.250775,-0.103363
0,0,0.106873,-0.0152109,0.597887,-0.0120253,-0.253348,-0.106989
0,0,0.119722,-0.0200523,0.611124,-0.00332015,-0.261198,-0.108141
0,0,0.115586,-0.0251197,0.621469,0.00277656,-0.261973,-0.101931
0,0,0.102902,-0.0217524,0.619762,-0.00483626,-0.254412,-0.104819
0,0,0.115704,-0.0350792,0.608855,-0.00581564,-0.255866,-0.10746
0,0,0.12444,-0.0413675,0.608063,-0.00196361,-0.255662,-0.108917
0,0,0.139016,-0.0404307,0.620445,0.000660783,-0.259583,-0.0990674
0,0,0.130712,-0.0333433,0.640121,-0.0075769,-0.265721,-0.109265
0,0,0.122025,-0.0215595,0.632693,-0.0117651,-0.260166,-0.108012
0,0,0.130821,-0.0485581,0.63683,-0.0173941,-0.251754,-0.102674
0,0,0.104997,-0.0551738,0.638305,-0.0130172,-0.258563,-0.104218
0,0,0.0991824,-0.0399647,0.635914,-0.00956348,-0.257502,-0.105435
0,0,0.0943122,-0.0239046,0.623105,-0.0125078,-0.248457,-0.105637
0,0,0.108021,-0.0285089,0.596783,-0.00776104,-0.250042,-0.101339
0,0,0.11794,-0.0292287,0.595066,-0.00580632,-0.25628,-0.102799
0,0,0.122201,-0.0207167,0.606636,-0.00437944,-0.250169,-0.102388
0,0,0.111074,-0.00785721,0.619965,-0.00287433,-0.250115,-0.105429
0,0,0.117755,-0.00341801,0.603729,-0.00852287,-0.251846,-0.11267
0,0,0.117377,-0.0103042,0.600446,-0.0102491,-0.252369,-0.110404
0,0,0.140078,-0.0200604,0.617508,-0.00306196,-0.250171,-0.110568
0,0,0.144152,-0.0140868,0.618372,0.000570589,-0.24788,-0.103228
0,0,0.115865,-0.0201099,0.631988,-0.00865908,-0.247101,-0.111109
0,0,0.112649,-0.0325878,0.650291,-0.0139226,-0.24795,-0.115233
0,0,0.1154,-0.0322056,0.66086,-0.00970881,-0.249906,-0.114695
0,0,0.108377,-0.0213009,0.66536,-0.0107719,-0.248545,-0.113953
0,0,0.109126,-0.0248203,0.63493,-0.00963093,-0.257705,-0.111382
0,0,0.117223,-0.0269357,0.631063,-0.00708799,-0.253904,-0.107568
0,0,0.126587,-0.0312102,0.617269,-0.00460322,-0.252411,-0.107569
0,0,0.109927,-0.0201046,0.636243,-0.00772363,-0.238,-0.108238
0,0,0.111621,-0.0268889,0.637161,-0.00963394,-0.24138,-0.105746
0,0,0.127932,-0.0264801,0.634064,-0.01278,-0.250519,-0.106136
0,0,0.113056,-0.0343027,0.631263,-0.015617,-0.252644,-0.106473
0,0,0.102501,-0.0481851,0.628616,-0.0117124,-0.256593,-0.103156
0,0,0.103604,-0.0336099,0.62592,-0.0090157,-0.255029,-0.101934
0,0,0.121853,-0.028274,0.624935,-0.0120139,-0.254812,-0.104792
0,0,0.129899,-0.0272832,0.604702,-0.00902099,-0.250929,-0.106761
0,0,0.121844,-0.0192747,0.622653,-0.00651637,-0.24785,-0.106457
0,0,0.0916992,-0.0295271,0.621087,-0.0122776,-0.25362,-0.113088
0,0,0.100645,-0.03721,0.619636,-0.00771442,-0.252874,-0.106904
0,0,0.129571,-0.0583028,0.623797,-0.00864287,-0.243903,-0.106931
0,0,0.131769,-0.0549755,0.617894,-0.0177127,-0.24148,-0.0989976
0,0,0.150817,-0.0511879,0.608648,-0.0223824,-0.245912,-0.0959202
0,0,0.134296,-0.0471118,0.605786,-0.0158774,-0.246749,-0.100562
0,0,0.136126,-0.0463692,0.611353,-0.0190512,-0.250302,-0.110839
0,0,0.127719,-0.044092,0.614312,-0.0178619,-0.254357,-0.110998
0,0,0.120612,-0.0423069,0.632119,-0.0121308,-0.251246,-0.117817
0,0,0.121277,-0.0602429,0.619202,-0.0150121,-0.245406,-0.116239
0,0,0.121418,-0.0560817,0.630764,-0.0174711,-0.248629,-0.11219
0,0,0.115679,-0.0587409,0.639361,-0.0123799,-0.243696,-0.104335
0,0,0.113437,-0.0592597,0.646365,-0.0142096,-0.251436,-0.106062
0,0,0.12858,-0.0539721,0.640863,-0.0119715,-0.250927,-0.101966
0,0,0.132723,-0.0401324,0.648537,-0.0111136,-0.247235,-0.101286
0,0,0.127392,-0.0400192,0.63422,-0.0137745,-0.251578,-0.103958
0,0,0.127093,-0.0413621,0.632684,-0.0145223,-0.252626,-0.102961
0,0,0.12304,-0.0471495,0.647323,-0.0166966,-0.248681,-0.0999465
0,0,0.125636,-0.0404965,0.627792,-0.0214357,-0.247382,-0.105469
0,0,0.123533,-0.0291981,0.627653,-0.012492,-0.250149,-0.103386
0,0,0.114341,-0.0475127,0.621396,-0.0148356,-0.251358,-0.104425
0,0,0.116175,-0.0306529,0.621988,-0.00851226,-0.252606,-0.104163
0,0,0.124608,-0.0226349,0.624975,-0.00559954,-0.248867,-0.0964203
0,0,0.134953,-0.0192754,0.620763,-0.00865136,-0.241978,-0.0977567
0,0,0.126383,-0.0162794,0.617063,-0.00775486,-0.240214,-0.102507
0,0,0.129794,-0.00992387,0.610383,-0.00387236,-0.235411,-0.0959791
0,0,0.110321,-0.0389431,0.608326,-0.00951316,-0.245364,-0.100729
0,0,0.107598,-0.0381286,0.607751,-0.0108355,-0.245013,-0.100403
0,0,0.119876,-0.0244675,0.608102,-0.00771437,-0.238235,-0.0993494
0,0,0.109665,-0.0246781,0.608915,-0.0107076,-0.241167,-0.100653
0,0,0.115312,-0.0292858,0.627323,-0.0117331,-0.238333,-0.105381
0,0,0.117487,-0.0364015,0.618306,-0.0090055,-0.241832,-0.104606
0,0,0.108084,-0.0433484,0.599536,-0.0112715,-0.243568,-0.109254
0,0,0.0675911,-0.0309926,0.517853,-0.0266627,-0.224069,-0.103993
0,0,0.069906,-0.0828757,0.491136,-0.0175371,-0.214302,-0.102729
0,0,0.0880467,-0.0972441,0.512049,-0.0140392,-0.224726,-0.108807
0,0,0.0794694,-0.317791,0.491154,-0.035628,-0.246161,-0.106788
0,0,0.0686852,-0.296406,0.495465,-0.03821,-0.222043,-0.107143
0,0,0.10364,-0.358382,0.548138,-0.0375937,-0.260549,-0.112949
0,0,0.0410014,-0.37209,0.596155,-0.00564392,-0.261113,-0.127188
0,0,0.0708113,-0.332083,0.538539,-0.0166993,-0.258441,-0.137083
0,0,0.138391,-0.28926,0.449921,-0.0545418,-0.236534,-0.140771
0,0,0.0898801,-0.343573,0.60279,-0.00930401,-0.266252,-0.127352
0,0,0.118636,-0.366788,0.600304,0.00876971,-0.291677,-0.121533
0,0,0.0871305,-0.170703,0.479985,-0.0312144,-0.250833,-0.134078
0,0,0.0507527,-0.270235,0.546409,-0.0162409,-0.264514,-0.147379
0,0,0.0455593,-0.348091,0.581057,0.0150547,-0.277642,-0.137028
0,0,0.0548963,-0.2459,0.490008,0.00392789,-0.271953,-0.115779
0,0,0.105517,-0.181664,0.492925,-0.0241052,-0.246621,-0.128045
0,0,0.01446,-0.335792,0.595185,0.00135357,-0.285032,-0.143473
0,0,0.0540827,-0.220996,0.473794,0.00592645,-0.245579,-0.125388
0,0,0.0729155,-0.228484,0.467372,-0.0238142,-0.247927,-0.108811
0,0,0.104867,-0.28044,0.525392,0.00152159,-0.245591,-0.125454
0,0,0.0391031,-0.256985,0.459054,-0.00998702,-0.26928,-0.134864
0,0,0.0959151,-0.303575,0.396622,-0.0198369,-0.227042,-0.111796
0,0,0.0383298,-0.284193,0.440934,-0.00217353,-0.26139,-0.11615
0,0,0.0307418,-0.24758,0.423619,0.0198354,-0.257325,-0.147377
0,0,0.0358525,-0.217149,0.313926,-0.0123701,-0.266682,-0.124826
0,0,-0.000373045,-0.382093,0.418458,-0.00366276,-0.274496,-0.122007
0,0,0.0104614,-0.3689,0.42442,0.0102859,-0.262224,-0.147283
0,0,0.0568316,-0.212249,0.335809,0.000549603,-0.261636,-0.138504
0,0,0.0779588,-0.287804,0.399302,-0.0120839,-0.248613,-0.114216
0,0,0.0199318,-0.380411,0.393991,0.00934533,-0.285084,-0.134167
0,0,0.0648868,-0.307714,0.302586,-0.0213445,-0.250188,-0.122395
0,0,0.0259428,-0.31561,0.354351,-0.0298103,-0.279804,-0.11849
0,0,0.0500117,-0.426353,0.388765,0.000835176,-0.281426,-0.147458
0,0,0.0365872,-0.312777,0.255836,-0.00219364,-0.257439,-0.138807
0,0,0.0268046,-0.293869,0.230285,-0.0213495,-0.262979,-0.123119
0,0,0.0209872,-0.378423,0.324667,-0.00749154,-0.252529,-0.15859
0,0,-0.00247131,-0.275733,0.195705,-0.0235829,-0.267899,-0.130309
0,0,-0.00871002,-0.341801,0.173167,-0.0400566,-0.253573,-0.13757
0,0,-0.0315923,-0.350924,0.283001,-0.0167455,-0.255975,-0.14965
0,0,-0.0585663,-0.335604,0.308329,-0.00143274,-0.297712,-0.119484
0,0,-0.000231538,-0.271545,0.183454,-0.0123922,-0.257584,-0.133939
0,0,0.0241047,-0.353068,0.25114,-0.00261222,-0.25161,-0.114229
0,0,-0.00394437,-0.428835,0.268473,0.0190818,-0.290627,-0.134279
0,0,0.0522622,-0.361156,0.156917,-0.00708844,-0.252857,-0.127098
0,0,0.0407419,-0.274204,0.196244,-0.0280406,-0.238261,-0.109966
0,0,-0.0252354,-0.291941,0.287644,-0.00480815,-0.28797,-0.137392
0,0,-0.0137858,-0.341043,0.237843,0.00417971,-0.275649,-0.116589
0,0,0.0192696,-0.372141,0.148376,-0.0271614,-0.246287,-0.138156
0,0,-0.0149186,-0.431798,0.296062,0.00919019,-0.285677,-0.112854
0,0,-0.00493151,-0.341917,0.246871,0.00815479,-0.266114,-0.137779
0,0,0.00703106,-0.26153,0.182265,-0.00504403,-0.24497,-0.131502
0,0,-0.0159934,-0.359629,0.245852,-0.0164093,-0.270171,-0.142094
0,0,-0.0539747,-0.41804,0.312744,0.00592179,-0.283772,-0.136435
0,0,0.00851944,-0.333782,0.149253,-0.015608,-0.233684,-0.13685
0,0,0.0256961,-0.352757,0.218217,-0.0323582,-0.254505,-0.131115
0,0,-0.0208138,-0.343657,0.320972,0.00187375,-0.287093,-0.147758
0,0,-0.023346,-0.3625,0.268263,0.000778926,-0.282553,-0.140761
0,0,0.00542456,-0.401506,0.171732,-0.0409129,-0.236866,-0.144018
0,0,-0.00900626,-0.366073,0.26484,-0.0209574,-0.257177,-0.123718
0,0,-0.0276793,-0.35183,0.294559,0.00581131,-0.295497,-0.141511
0,0,0.0244889,-0.308233,0.162216,-0.0476341,-0.251816,-0.12357
0,0,0.00975094,-0.364412,0.211384,-0.0341991,-0.235059,-0.148029
0,0,-0.00230616,-0.459941,0.296676,0.00631471,-0.252392,-0.127459
0,0,0.0246394,-0.385128,0.269364,-0.00624551,-0.264853,-0.150507
0,0,0.0593129,-0.282929,0.197381,-0.0387859,-0.257926,-0.136631
0,0,0.00498945,-0.340737,0.354946,-0.0067839,-0.271417,-0.12937
0,0,-0.00253658,-0.34723,0.325926,-0.00712201,-0.263018,-0.142543
0,0,0.0282702,-0.349497,0.244126,-0.0259619,-0.239864,-0.118638
0,0,0.0379611,-0.326616,0.219315,-0.0422652,-0.224512,-0.137011
0,0,0.0229066,-0.318103,0.359025,-0.00158689,-0.263946,-0.131039
0,0,0.0176483,-0.293284,0.354232,0.00510881,-0.273697,-0.125619
0,0,0.0611043,-0.313477,0.236892,-0.0279052,-0.24601,-0.145613
0,0,0.0542496,-0.291646,0.261353,-0.0408611,-0.246765,-0.132326
0,0,0.0466216,-0.297041,0.435991,-0.00943834,-0.287873,-0.151484
0,0,0.06494,-0.253511,0.397769,-0.0148564,-0.274871,-0.123253
0,0,0.114835,-0.298152,0.310099,-0.0174894,-0.242463,-0.146239
0,0,0.0659539,-0.35508,0.281094,-0.0352661,-0.227153,-0.129056
0,0,0.0868329,-0.296263,0.322953,-0.0261709,-0.224195,-0.161281
0,0,0.0748013,-0.281113,0.455031,-0.0021497,-0.242565,-0.142048
0,0,0.049192,-0.24485,0.492183,-0.0107329,-0.257853,-0.163287
0,0,0.133462,-0.129858,0.470536,-0.0154152,-0.245261,-0.152373
0,0,0.151036,-0.0503214,0.439926,-0.00933801,-0.250651,-0.132825
0,0,0.170441,0.0620153,0.44226,-0.00682277,-0.255006,-0.133894
0,0,0.195014,0.151412,0.374618,-0.02018,-0.217184,-0.147885
0,0,0.179525,0.0459848,0.527898,-0.00610533,-0.25978,-0.147963
0,0,0.150996,0.0525226,0.560608,-0.0281341,-0.267556,-0.143431
0,0,0.117481,0.0331043,0.636119,0.0138091,-0.279253,-0.141855
0,0,0.138702,0.111452,0.551758,-0.0248861,-0.252406,-0.137555
0,0,0.169897,0.099729,0.51971,-0.0140581,-0.223042,-0.137116
0,0,0.142895,0.0831006,0.525017,-0.0188743,-0.248526,-0.133251
0,0,0.167656,0.0689763,0.479033,-0.0383967,-0.242356,-0.126017
0,0,0.215366,0.123711,0.382686,-0.0362842,-0.218181,-0.130299
0,0,0.23662,0.082471,0.411971,-0.0406103,-0.211565,-0.141121
0,0,0.194224,0.134463,0.305775,-0.0533788,-0.191842,-0.107025
0,0,0.194386,0.157884,0.243043,-0.0648649,-0.187136,-0.1172
0,0,0.178302,0.153291,0.315703,-0.0496598,-0.212001,-0.113562
0,0,0.190043,0.140379,0.382661,-0.0329892,-0.228329,-0.121993
0,0,0.16228,0.0445461,0.289036,-0.0708511,-0.214632,-0.118762
0,0,0.161686,-0.00810282,0.326389,-0.0571715,-0.212809,-0.112103
0,0,0.135601,0.0427334,0.375827,-0.0193056,-0.215925,-0.122772
0,0,0.0627192,0.0379829,0.38292,-0.0387562,-0.226343,-0.0969499
0,0,0.116194,0.0264478,0.282684,-0.0670876,-0.191838,-0.10736
0,0,0.11082,-0.0791596,0.348879,-0.0275137,-0.206741,-0.0865592
0,0,0.0732504,-0.0746994,0.418925,-0.0060859,-0.239248,-0.103555
0,0,0.100974,-0.0225568,0.322642,-0.0381343,-0.224876,-0.0858526
0,0,0.111796,0.0433306,0.266941,-0.0749265,-0.209458,-0.0982855
0,0,0.0796073,-0.0280915,0.317378,-0.0454339,-0.20916,-0.0888314
0,0,0.0682552,-0.205652,0.410028,0.00171803,-0.215157,-0.100771
0,0,0.103847,-0.05918,0.266082,-0.047185,-0.196293,-0.0982031
0,0,0.0849106,0.0630899,0.284467,-0.0649311,-0.210797,-0.0944926
0,0,0.0864036,0.00725024,0.291974,-0.0672311,-0.224754,-0.0876182
0,0,0.0994526,-0.0988491,0.32633,-0.0262583,-0.229278,-0.106802
0,0,0.0610156,-0.164058,0.323907,-0.0295229,-0.209987,-0.0935526
0,0,0.0671998,-0.0217201,0.290495,-0.0541274,-0.195418,-0.115206
0,0,0.0841398,0.0402059,0.347708,-0.047818,-0.225124,-0.094875
0,0,0.0853843,0.00360179,0.340444,-0.0280905,-0.229326,-0.113461
0,0,0.0417498,-0.0546038,0.247219,-0.0493888,-0.184742,-0.0872457
0,0,0.0352561,-0.191908,0.333095,-0.0523001,-0.196171,-0.100611
0,0,0.0774165,-0.124202,0.396231,-0.0336373,-0.220482,-0.103419
0,0,0.0642518,-0.0276934,0.292819,-0.0362002,-0.222031,-0.0802213
0,0,0.0188993,-0.026074,0.225186,-0.0577916,-0.196582,-0.0998604
0,0,0.0287181,-0.197095,0.342653,-0.0333914,-0.220732,-0.0890911
0,0,0.0634559,-0.228166,0.315512,-0.0344748,-0.237576,-0.104512
0,0,0.0640911,-0.0385934,0.28244,-0.0334285,-0.201786,-0.0952862
0,0,0.0204055,0.0358291,0.278101,-0.0490397,-0.193644,-0.0885974
0,0,0.0475683,-0.0828088,0.348573,-0.044877,-0.246674,-0.0980525
0,0,0.0285463,-0.109235,0.287781,-0.0516377,-0.217923,-0.0706856
0,0,0.0457109,-0.0576867,0.285938,-0.0399411,-0.195381,-0.0911339
0,0,0.0819635,-0.0281583,0.366529,-0.0282718,-0.228663,-0.101126
0,0,0.00686096,-0.0463526,0.384056,-0.0598406,-0.227429,-0.0755692
0,0,0.0158199,-0.0381137,0.329638,-0.0626976,-0.194255,-0.10074
0,0,0.024421,-0.124964,0.404135,-0.0302153,-0.227152,-0.106864
0,0,0.00267973,-0.153169,0.428253,-0.0435856,-0.2271,-0.0933552
0,0,0.0918278,-0.0487487,0.325157,-0.0646559,-0.189747,-0.110054
0,0,0.0886253,-0.016124,0.267584,-0.0553243,-0.199834,-0.108436
0,0,0.0540978,-0.095484,0.438711,-0.0310621,-0.21929,-0.0887448
0,0,0.0476038,-0.0799781,0.427173,-0.0555245,-0.207415,-0.0961233
0,0,0.0560416,-0.084423,0.37645,-0.0623376,-0.21329,-0.094885
0,0,0.118766,-0.016028,0.414264,-0.0284747,-0.20116,-0.0869893
0,0,0.0394381,0.0137718,0.432202,-0.0452363,-0.212382,-0.0943008
0,0,0.0681822,-0.009803,0.437752,-0.0693511,-0.196646,-0.0997778
0,0,0.0737189,-0.0296733,0.497254,-0.0533065,-0.194639,-0.0873905
0,0,0.0324976,-0.11725,0.530137,-0.0281687,-0.23208,-0.0881587
0,0,0.0691749,0.032071,0.487083,-0.058018,-0.193952,-0.102645
0,0,0.0819194,0.110625,0.52566,-0.0726628,-0.202018,-0.0907166
0,0,0.0978595,-0.0291302,0.639174,-0.0201801,-0.216077,-0.079055
0,0,0.0365864,-0.012996,0.597428,-0.042155,-0.207605,-0.0884
0,0,0.104922,-0.0299244,0.556591,-0.0672638,-0.198699,-0.114067
0,0,0.0954828,-0.0785336,0.637693,-0.0354004,-0.189486,-0.104533
0,0,0.116973,0.00213251,0.569828,-0.0316447,-0.212397,-0.095134
0,0,0.105592,0.0441288,0.562606,-0.062102,-0.192648,-0.113976
0,0,0.0875656,0.0266465,0.644466,-0.0617128,-0.224141,-0.112464
0,0,0.0592877,-0.0761409,0.650186,-0.031132,-0.22449,-0.0963095
0,0,0.127072,-0.0184613,0.54794,-0.0571856,-0.208508,-0.088891
0,0,0.133607,0.0483526,0.571423,-0.0610692,-0.204545,-0.0988973
0,0,0.156428,0.0756063,0.653353,-0.0572728,-0.21527,-0.119373
0,0,0.125422,0.109402,0.57719,-0.0540278,-0.174054,-0.111173
0,0,0.0757487,-0.0641128,0.672946,-0.0420455,-0.217577,-0.0876405
0,0,0.132363,0.107126,0.584348,-0.0557235,-0.195072,-0.096057
0,0,0.12389,0.118907,0.606552,-0.0446411,-0.19852,-0.105867
0,0,0.140198,0.00516269,0.617709,-0.0399913,-0.212359,-0.104083
0,0,0.0834112,-0.143792,0.585321,-0.066025,-0.184847,-0.0872642
0,0,0.102311,-0.133721,0.611561,-0.0519606,-0.189227,-0.0895001
0,0,0.113738,-0.0664343,0.59315,-0.0484346,-0.204594,-0.0846318
0,0,0.125413,-0.118345,0.528506,-0.0607966,-0.186661,-0.0916687
0,0,0.0674472,-0.223451,0.595547,-0.0468495,-0.198022,-0.0990877
0,0,0.0817065,-0.125213,0.612402,-0.0502793,-0.199959,-0.0973216
0,0,0.0998552,0.00648655,0.545179,-0.0752871,-0.182051,-0.10018
0,0,0.101888,-0.0916307,0.630216,-0.0546057,-0.205911,-0.0912514
0,0,0.0922903,-0.157755,0.659376,-0.0434885,-0.217532,-0.0884565
0,0,0.152506,-0.0376426,0.639251,-0.0388118,-0.207918,-0.0924828
0,0,0.191123,0.0116962,0.678505,-0.0288702,-0.210766,-0.106106
0,0,0.142423,-0.0452096,0.660654,-0.032666,-0.207045,-0.108805
0,0,0.107994,-0.0477423,0.680541,-0.0327116,-0.220713,-0.10636
0,0,0.141276,-0.00675156,0.675098,-0.035024,-0.21425,-0.105014
0,0,0.135453,-0.0804165,0.662967,-0.0386947,-0.214636,-0.0990221
0,0,0.116714,-0.150364,0.697484,-0.0394781,-0.213581,-0.0965945
0,0,0.0952866,-0.0966434,0.703509,-0.042255,-0.214706,-0.0982488
0,0,0.101758,-0.0304951,0.68027,-0.039264,-0.206581,-0.101733
0,0,0.118453,-0.0436138,0.688464,-0.0353495,-0.205152,-0.10694
0,0,0.132748,-0.0782733,0.684178,-0.0378584,-0.207247,-0.104878
0,0,0.150027,-0.0150595,0.674373,-0.035859,-0.205728,-0.109485
0,0,0.135068,-0.00760464,0.681911,-0.0327345,-0.205803,-0.105885
0,0,0.14336,-0.0484531,0.675759,-0.0308706,-0.212699,-0.103501
0,0,0.171886,-0.072169,0.685273,-0.0340195,-0.209757,-0.0992204
0,0,0.154368,-0.0490483,0.696968,-0.0393282,-0.211837,-0.0999622
0,0,0.102648,-0.019771,0.676484,-0.045689,-0.210598,-0.10328
0,0,0.110046,-0.0693632,0.673382,-0.0461781,-0.206754,-0.100637
0,0,0.131505,-0.072075,0.664569,-0.0487106,-0.203943,-0.0980621
0,0,0.127877,-0.0692743,0.669525,-0.0485839,-0.205831,-0.101488
0,0,0.125267,-0.0535698,0.661902,-0.0365901,-0.211053,-0.0983532
0,0,0.138085,-0.0550653,0.685384,-0.0271353,-0.211721,-0.102315
0,0,0.137621,-0.0585242,0.690286,-0.0251104,-0.214941,-0.10147
0,0,0.13128,-0.0215529,0.662507,-0.0283706,-0.205704,-0.0966442
0,0,0.128496,-0.0156533,0.66131,-0.0300772,-0.202326,-0.0976225
0,0,0.0969585,-0.0587314,0.653701,-0.0325851,-0.203521,-0.100024
0,0,0.103097,-0.0328772,0.655472,-0.0386371,-0.204104,-0.102928
0,0,0.120604,-0.039244,0.656808,-0.0422242,-0.205353,-0.105178
0,0,0.128128,-0.0779932,0.662035,-0.0456823,-0.20953,-0.112503
0,0,0.130364,-0.0908834,0.669115,-0.0466025,-0.206885,-0.108429
0,0,0.129115,-0.0822129,0.682199,-0.0505958,-0.208509,-0.10501
0,0,0.124724,-0.0528642,0.673005,-0.045403,-0.2128,-0.109665
0,0,0.118863,-0.0528218,0.676822,-0.039906,-0.208683,-0.10997
0,0,0.118628,-0.0530728,0.685862,-0.0371558,-0.21009,-0.110825
0,0,0.118949,-0.0437188,0.685189,-0.0414333,-0.214235,-0.108059
0,0,0.100542,-0.0194707,0.67764,-0.0375865,-0.214154,-0.105588
0,0,0.103575,-0.0623164,0.673126,-0.0369028,-0.214267,-0.104485
0,0,0.111634,-0.0765156,0.670417,-0.0345748,-0.210644,-0.0997553
0,0,0.102291,-0.0606396,0.674443,-0.0368938,-0.211024,-0.10455
0,0,0.108327,-0.0569424,0.675004,-0.0383704,-0.216671,-0.105318
0,0,0.114774,-0.0594723,0.676718,-0.0367701,-0.215083,-0.0974595
0,0,0.134389,-0.0936057,0.66931,-0.0313431,-0.20289,-0.104319
0,0,0.122262,-0.0644102,0.688702,-0.0419118,-0.205995,-0.103709
0,0,0.137271,-0.0443617,0.689522,-0.0383452,-0.205915,-0.101188
0,0,0.138129,-0.0555553,0.669973,-0.0338622,-0.210203,-0.105368
0,0,0.135503,-0.0367108,0.669966,-0.033003,-0.217168,-0.105051
0,0,0.126985,-0.0194719,0.674351,-0.0348687,-0.213254,-0.100017
0,0,0.114652,-0.0527365,0.681136,-0.0396253,-0.216797,-0.103162
0,0,0.0940041,-0.0623552,0.678773,-0.0401393,-0.217713,-0.107246
0,0,0.102385,-0.0696821,0.675366,-0.0443182,-0.217821,-0.107545
0,0,0.122559,-0.0612977,0.678883,-0.0447719,-0.215424,-0.110201
0,0,0.118972,-0.0551338,0.678897,-0.0403953,-0.21961,-0.107863
0,0,0.126132,-0.0450409,0.673808,-0.0384917,-0.220468,-0.105795
0,0,0.128535,-0.0411927,0.656143,-0.0376533,-0.213334,-0.103578
0,0,0.126719,-0.0317163,0.65476,-0.0342881,-0.213892,-0.101396
0,0,0.120539,-0.053029,0.647476,-0.0354306,-0.221232,-0.0980747
0,0,0.125518,-0.0394451,0.652715,-0.0287379,-0.225614,-0.102236
0,0,0.128379,-0.0262449,0.677644,-0.0290516,-0.22209,-0.0984619
0,0,0.124471,-0.0340331,0.683563,-0.0337671,-0.216664,-0.102762
0,0,0.127645,-0.0370537,0.67948,-0.0415691,-0.210659,-0.102756
0,0,0.116726,-0.0295177,0.672471,-0.0408835,-0.217128,-0.0966342
0,0,0.110862,-0.0357505,0.663143,-0.0474144,-0.218509,-0.0992204
0,0,0.120056,-0.0471118,0.664416,-0.051207,-0.211855,-0.0982907
0,0,0.121996,-0.062699,0.678173,-0.0430498,-0.209046,-0.0924353
0,0,0.120521,-0.056416,0.68222,-0.05017,-0.208367,-0.0925739
0,0,0.113397,-0.0381141,0.67607,-0.0509676,-0.216564,-0.0920462
0,0,0.124986,-0.0322756,0.687288,-0.0448807,-0.217265,-0.0978188
0,0,0.132492,-0.0408776,0.698526,-0.0400704,-0.220665,-0.0969876
0,0,0.132092,-0.0430414,0.695719,-0.0381218,-0.209987,-0.0937707
0,0,0.131149,-0.0254577,0.693099,-0.0418563,-0.203393,-0.0932884
0,0,0.1308,-0.0774824,0.649639,-0.0410522,-0.198818,-0.100307
0,0,0.110912,-0.0622004,0.657992,-0.0491008,-0.202738,-0.0958871
0,0,0.119699,-0.0471907,0.665294,-0.047216,-0.202907,-0.0978535
0,0,0.114805,-0.0546512,0.66785,-0.0369514,-0.209614,-0.105872
0,0,0.128498,-0.0777299,0.673211,-0.0326954,-0.213494,-0.105204
0,0,0.120146,-0.0768068,0.677817,-0.0344242,-0.215801,-0.101925
0,0,0.114288,-0.0413473,0.681007,-0.0424247,-0.22354,-0.0989675
0,0,0.111656,-0.0474217,0.661354,-0.03909,-0.223343,-0.101306
0,0,0.113477,-0.0608745,0.683567,-0.0361984,-0.220224,-0.0995768
0,0,0.109688,-0.0664943,0.669266,-0.0370357,-0.222958,-0.103602
0,0,0.104623,-0.0544345,0.671028,-0.0350719,-0.219622,-0.104902
0,0,0.105202,-0.0778333,0.680671,-0.0371445,-0.217999,-0.10472
0,0,0.114471,-0.0831595,0.694311,-0.0339103,-0.213781,-0.10295
0,0,0.112859,-0.0682635,0.676529,-0.0322273,-0.208329,-0.107374
0,0,0.129694,-0.0584114,0.667724,-0.0318434,-0.211118,-0.108893
0,0,0.111128,-0.0457924,0.666454,-0.0334512,-0.21138,-0.103763
0,0,0.107365,-0.0360064,0.683075,-0.0369143,-0.21176,-0.0986882
0,0,0.0989655,-0.0295013,0.669682,-0.0403048,-0.215586,-0.0958728
0,0,0.10574,-0.04779,0.671781,-0.0395456,-0.219409,-0.0964138
0,0,0.115721,-0.0339443,0.67223,-0.0459854,-0.223016,-0.0926982
0,0,0.11595,-0.0314149,0.659111,-0.0354231,-0.220913,-0.0968765
0,0,0.106413,-0.0331247,0.670729,-0.0322207,-0.222562,-0.0942019
0,0,0.10366,-0.0275171,0.669596,-0.0329342,-0.221265,-0.10071
0,0,0.110824,-0.0328316,0.677935,-0.0324138,-0.213094,-0.101685
0,0,0.112799,-0.0398692,0.664277,-0.0420979,-0.211911,-0.101764
0,0,0.109804,-0.00994903,0.67158,-0.0430015,-0.213691,-0.104093
0,0,0.0648087,0.0116506,0.714365,-0.0491758,-0.213269,-0.107019
0,0,0.0202846,-0.0110077,0.801458,-0.0378217,-0.235501,-0.107451
0,0,-0.0249267,-0.113,0.808921,-0.0357364,-0.234606,-0.100035
0,0,-0.0267194,-0.0392516,0.772505,-0.0437945,-0.219921,-0.0957731
0,0,0.0369919,0.0412514,0.749069,-0.0434715,-0.209429,-0.0909032
0,0,0.0687421,-0.0497272,0.677414,-0.0555754,-0.206242,-0.0951345
0,0,0.0320733,-0.00845191,0.657265,-0.0542798,-0.198049,-0.0979685
0,0,0.0294332,-0.113416,0.704348,-0.0405067,-0.212157,-0.101401
0,0,0.0774973,-0.054591,0.638083,-0.0491595,-0.197938,-0.0990734
0,0,0.0602096,-0.00995582,0.657594,-0.0489017,-0.19299,-0.100831
0,0,0.104473,-0.0187652,0.650916,-0.0472888,-0.191894,-0.103742
0,0,0.12736,-0.0344229,0.664239,-0.0453008,-0.19917,-0.103512
0,0,0.0180295,-0.0874057,0.710587,-0.046302,-0.214047,-0.10605
0,0,0.0571562,-0.10664,0.687931,-0.0429794,-0.209488,-0.100404
0,0,0.0369994,-0.0498273,0.701206,-0.0445349,-0.222665,-0.0990432
0,0,0.0251664,-0.0184256,0.701423,-0.0421954,-0.221898,-0.0928854
0,0,0.102844,-0.0348564,0.68239,-0.0361083,-0.208692,-0.0950552
0,0,0.066935,-0.0508035,0.696167,-0.0280663,-0.211266,-0.0924946
0,0,0.0863363,-0.0229503,0.67516,-0.0445918,-0.213617,-0.0897158
0,0,0.052856,-0.0554647,0.667368,-0.048101,-0.212044,-0.0900994
0,0,0.0808829,-0.0495041,0.65723,-0.0424378,-0.201251,-0.0989902
0,0,0.10396,-0.0421925,0.647619,-0.0471901,-0.198926,-0.0996901
0,0,0.0408683,-0.0979748,0.660994,-0.0438228,-0.211095,-0.10586
0,0,0.0786714,-0.0730391,0.675265,-0.0344512,-0.218501,-0.105821
0,0,0.0218251,-0.0545878,0.665875,-0.052045,-0.228766,-0.0998169
0,0,0.0131769,-0.0780663,0.647596,-0.0476805,-0.221604,-0.103766
0,0,0.0431373,-0.136775,0.659051,-0.0419664,-0.218652,-0.106407
0,0,0.0161839,-0.129959,0.651653,-0.0451635,-0.21661,-0.103514
0,0,0.0588421,-0.0969684,0.65728,-0.0387432,-0.220184,-0.102761
0,0,0.0171588,-0.0980503,0.655813,-0.0479206,-0.224833,-0.100976
0,0,0.0661222,-0.0902417,0.60799,-0.045318,-0.210824,-0.101045
0,0,0.0420283,-0.110258,0.617381,-0.0415326,-0.238016,-0.102343
0,0,0.0192062,-0.230904,0.620762,-0.0336166,-0.235666,-0.102291
0,0,0.0795885,-0.249804,0.620125,-0.0230608,-0.227665,-0.104529
0,0,-0.000997487,-0.181712,0.620394,-0.0498775,-0.235135,-0.10768
0,0,-0.0104138,-0.194292,0.635982,-0.0356723,-0.229821,-0.105569
0,0,0.00895375,-0.178281,0.570871,-0.0372782,-0.22436,-0.102973
0,0,-0.0133318,-0.194109,0.587612,-0.0393485,-0.21856,-0.108512
0,0,0.0246067,-0.202386,0.650636,-0.0100689,-0.241647,-0.109455
0,0,-0.0322583,-0.22599,0.639091,-0.0138525,-0.250561,-0.110811
0,0,0.0246378,-0.184857,0.660909,-0.00551339,-0.252009,-0.104978
0,0,0.0141758,-0.173084,0.659496,-0.0171205,-0.254365,-0.106647
0,0,0.0237056,-0.199101,0.621279,-0.0221894,-0.237149,-0.110055
0,0,0.00800524,-0.174582,0.605265,-0.0203016,-0.218026,-0.115413
0,0,-0.0180502,-0.14161,0.64502,-0.0303568,-0.21814,-0.125486
0,0,0.0265832,-0.147441,0.669864,-0.0217292,-0.232294,-0.123418
0,0,0.014388,-0.176037,0.578676,-0.0254692,-0.241625,-0.118384
0,0,0.0210867,-0.16194,0.597348,-0.033228,-0.238497,-0.116728
0,0,0.0237087,-0.171914,0.561533,-0.029521,-0.243874,-0.123831
0,0,-0.0496854,-0.155164,0.536056,-0.0275364,-0.236451,-0.125658
0,0,0.0130587,-0.148142,0.583445,-0.00589018,-0.231715,-0.120597
0,0,-0.0092377,-0.184623,0.60156,-0.0084383,-0.235968,-0.122575
0,0,0.0127089,-0.172616,0.648003,-0.00257759,-0.25561,-0.128737
0,0,0.0262371,-0.13205,0.582655,-0.0206878,-0.258931,-0.132047
0,0,-0.0215413,-0.18112,0.65733,-0.0234333,-0.282442,-0.127018
0,0,0.0397563,-0.234604,0.595826,-0.0241468,-0.259577,-0.124895
0,0,0.0174574,-0.186485,0.503815,-0.0508685,-0.222826,-0.120105
0,0,0.0195372,-0.153957,0.551407,-0.0292477,-0.219552,-0.111961
0,0,0.052097,-0.216112,0.532675,-0.0161905,-0.232876,-0.111395
0,0,-0.00804292,-0.264287,0.549776,-0.0161314,-0.245241,-0.109612
0,0,0.0362942,-0.288388,0.568066,-0.00802121,-0.247624,-0.118548
0,0,-0.0167377,-0.319199,0.67261,0.017163,-0.254375,-0.133944
0,0,-0.0267987,-0.287883,0.571137,-0.0163515,-0.223168,-0.137034
0,0,0.0321191,-0.246475,0.584302,-0.021709,-0.222059,-0.140146
0,0,0.00541663,-0.149182,0.556073,-0.0427656,-0.24113,-0.137795
0,0,-0.00975998,-0.127787,0.559699,-0.0390485,-0.245074,-0.131137
0,0,0.0455296,-0.165249,0.519163,-0.0434214,-0.236227,-0.12977
0,0,0.0476438,-0.212961,0.585319,0.00147279,-0.233151,-0.114993
0,0,0.0584377,-0.246082,0.619781,-0.00314937,-0.246355,-0.102574
0,0,0.0407648,-0.286295,0.622978,0.00669427,-0.273263,-0.107195
0,0,0.0160312,-0.187807,0.565463,-0.00500683,-0.269969,-0.114424
0,0,0.0475709,-0.21217,0.546433,-0.0217877,-0.257682,-0.125501
0,0,0.0685515,-0.262479,0.518093,-0.04256,-0.224009,-0.143181
0,0,0.0368287,-0.247173,0.471139,-0.0544413,-0.228015,-0.152786
0,0,0.0325078,-0.285734,0.535392,-0.028025,-0.247815,-0.147711
0,0,0.0451691,-0.365947,0.570679,-0.00685649,-0.259018,-0.137076
0,0,-0.0241939,-0.289274,0.594535,0.00248235,-0.271439,-0.124112
0,0,0.00706929,-0.264178,0.538234,-0.00340498,-0.239293,-0.121345
0,0,0.0425625,-0.315031,0.472714,-0.0190716,-0.241449,-0.120996
0,0,0.00503233,-0.235006,0.458058,-0.0348037,-0.254363,-0.13112
0,0,0.0506024,-0.280547,0.417648,-0.0293549,-0.246026,-0.137886
0,0,0.0577449,-0.287381,0.461788,-0.0251995,-0.256304,-0.146429
0,0,-0.00313224,-0.281249,0.567135,-0.00630985,-0.245045,-0.153594
0,0,-0.00812492,-0.351364,0.558001,0.0189313,-0.253132,-0.145804
0,0,0.0228784,-0.277546,0.522987,-0.00500954,-0.264761,-0.125235
0,0,0.0426494,-0.288211,0.439885,-0.00662398,-0.242502,-0.114742
0,0,0.0141923,-0.315078,0.414599,-0.00522234,-0.236102,-0.113441
0,0,0.0271875,-0.212304,0.392938,-0.0317998,-0.219566,-0.122283
0,0,0.0506627,-0.274859,0.476219,-0.0167964,-0.257503,-0.142492
0,0,0.0268524,-0.328159,0.530233,-0.0115955,-0.285963,-0.147088
0,0,0.0119191,-0.317647,0.476235,-0.00290862,-0.257956,-0.142612
0,0,-0.000952087,-0.287934,0.374716,-0.00618172,-0.23837,-0.124734
0,0,0.0464202,-0.242944,0.36644,-0.0121452,-0.229888,-0.11906
0,0,0.0943636,-0.30233,0.37801,0.00641775,-0.232508,-0.120291
0,0,0.0248718,-0.287052,0.449914,-0.00233913,-0.272738,-0.134181
0,0,0.0199361,-0.298249,0.501916,0.00105036,-0.259773,-0.149289
0,0,0.0357462,-0.347737,0.447135,-0.00722448,-0.242885,-0.151167
0,0,0.0464451,-0.242032,0.430035,-0.00743759,-0.251447,-0.135177
0,0,0.0790477,-0.276647,0.320097,-0.0241343,-0.235538,-0.124977
0,0,0.0649723,-0.320312,0.345038,-0.00811333,-0.265248,-0.117612
0,0,0.0565115,-0.312239,0.345766,-0.0151318,-0.252348,-0.120794
0,0,0.0502611,-0.372021,0.435593,-0.00699637,-0.248692,-0.130304
0,0,0.0384904,-0.3698,0.445947,-0.0149735,-0.258085,-0.132743
0,0,0.0548512,-0.419474,0.39336,-0.0253824,-0.261625,-0.119153
0,0,0.0730065,-0.354376,0.329163,-0.0148494,-0.262564,-0.112525
0,0,0.065892,-0.332966,0.302286,-0.0187756,-0.249865,-0.117287
0,0,0.0473025,-0.342646,0.31145,-0.00216371,-0.231401,-0.13101
0,0,0.0330347,-0.299317,0.360909,0.00763236,-0.243518,-0.135533
0,0,0.0244403,-0.332248,0.419953,0.00752132,-0.26125,-0.137484
0,0,0.0391924,-0.333617,0.381257,-0.0159149,-0.26675,-0.121311
0,0,0.0289838,-0.351514,0.350375,-0.0293069,-0.273116,-0.119812
0,0,0.0740796,-0.317048,0.285427,-0.0397891,-0.250577,-0.120576
0,0,0.0836181,-0.277327,0.265367,-0.0281989,-0.241283,-0.136302
0,0,0.0701935,-0.314144,0.287155,-0.02874,-0.238774,-0.151066
0,0,0.0730728,-0.363177,0.363775,0.0128656,-0.262665,-0.149845
0,0,0.0229254,-0.39405,0.391016,0.0249269,-0.290173,-0.143366
0,0,0.0195704,-0.378135,0.328851,0.00114504,-0.278618,-0.130506
0,0,0.0556926,-0.302668,0.294082,-0.000733021,-0.263265,-0.138596
0,0,0.0722726,-0.299285,0.256954,-0.0271161,-0.233162,-0.161174
0,0,0.0788425,-0.308611,0.259629,-0.0190376,-0.222615,-0.157685
0,0,0.0347267,-0.321874,0.352258,0.00143305,-0.259325,-0.132512
0,0,0.0301737,-0.369139,0.377606,-0.00440656,-0.278415,-0.118005
0,0,0.0412734,-0.31212,0.360103,0.0216626,-0.289508,-0.119897
0,0,0.0488682,-0.325105,0.299836,-0.00656017,-0.283108,-0.135183
0,0,0.0696568,-0.336162,0.26279,-0.0129196,-0.254983,-0.146843
0,0,0.0635624,-0.261557,0.236395,-0.0282725,-0.240735,-0.139982
0,0,0.0490497,-0.298202,0.205608,-0.0300122,-0.240474,-0.122781
0,0,0.0535932,-0.323175,0.296823,-0.00128986,-0.246468,-0.115202
0,0,0.0619968,-0.308694,0.310393,0.00578975,-0.256718,-0.117433
0,0,0.0454646,-0.347928,0.378696,0.00841628,-0.279744,-0.133305
0,0,0.0842284,-0.330914,0.293319,0.00848845,-0.269585,-0.151556
0,0,0.0719135,-0.292563,0.334592,0.00197589,-0.266242,-0.145073
0,0,0.0663037,-0.311364,0.231978,-0.0236778,-0.242251,-0.128676
0,0,0.100575,-0.306924,0.20588,-0.0422314,-0.215819,-0.123378
0,0,0.0666658,-0.313588,0.210706,-0.0257654,-0.22762,-0.126897
0,0,0.0637772,-0.313491,0.205972,-0.024051,-0.22486,-0.131927
0,0,0.0516559,-0.351155,0.296516,0.00169145,-0.258494,-0.151261
0,0,0.049925,-0.332323,0.302226,-0.0086115,-0.262793,-0.158146
0,0,0.0709911,-0.350244,0.308871,0.000718908,-0.283397,-0.14133
0,0,0.0736413,-0.348113,0.253065,0.00599702,-0.267677,-0.124576
0,0,0.0774623,-0.301306,0.284106,0.00032532,-0.272943,-0.126479
0,0,0.0525682,-0.225825,0.284284,-0.00223143,-0.270941,-0.135339
0,0,0.0890521,-0.276749,0.157709,-0.0304873,-0.244962,-0.151518
0,0,0.111998,-0.268422,0.191933,-0.0290986,-0.245567,-0.154913
0,0,0.114564,-0.270206,0.193509,-0.0240402,-0.249793,-0.152032
0,0,0.0882837,-0.319097,0.251068,-0.0131322,-0.251976,-0.137855
0,0,0.0976882,-0.333966,0.233063,-0.0182767,-0.25382,-0.12356
0,0,0.0457042,-0.313294,0.238499,-0.0204614,-0.253848,-0.120686
0,0,0.0323443,-0.320975,0.343352,0.0201794,-0.26868,-0.130565
0,0,0.0583339,-0.28102,0.23818,-0.0106131,-0.245079,-0.143718
0,0,0.107813,-0.284034,0.222802,0.00995054,-0.254969,-0.149426
0,0,0.0761136,-0.318,0.208413,-0.00290261,-0.263468,-0.142064
0,0,0.0612001,-0.27366,0.242774,-0.00690584,-0.258859,-0.139596
0,0,0.0693803,-0.221969,0.262956,-0.00475084,-0.269954,-0.137802
0,0,0.0447451,-0.256537,0.240742,0.00446699,-0.28029,-0.119328
0,0,0.0813689,-0.289519,0.163654,-0.0144831,-0.255257,-0.116275
0,0,0.114001,-0.325162,0.223463,-0.0141338,-0.247594,-0.115672
0,0,0.0910249,-0.295215,0.21069,-0.00760969,-0.248697,-0.121446
0,0,0.0703158,-0.277741,0.213914,-0.0213387,-0.256585,-0.130757
0,0,0.0343907,-0.230105,0.230172,-0.0237812,-0.249613,-0.142556
0,0,0.0546201,-0.249212,0.294905,0.00390653,-0.254246,-0.142917
0,0,0.0819716,-0.272968,0.28076,-4.23808e-05,-0.248712,-0.142742
0,0,0.0331335,-0.239009,0.30183,-0.000119855,-0.254973,-0.145155
0,0,0.0689114,-0.275819,0.23706,-0.0148164,-0.248217,-0.143472
0,0,0.0165078,-0.263808,0.264329,-0.0155603,-0.252002,-0.146002
0,0,0.0239093,-0.233355,0.254748,-0.0118229,-0.248632,-0.149171
0,0,0.041151,-0.281141,0.257104,-0.0102562,-0.251459,-0.138772
0,0,0.0515585,-0.28058,0.25738,-0.0120593,-0.243974,-0.137361
0,0,0.0410807,-0.209398,0.265694,-0.0120957,-0.249077,-0.135311
0,0,0.0466605,-0.219999,0.247493,-0.0175823,-0.242614,-0.13508
0,0,0.0634374,-0.281508,0.260217,-0.0190008,-0.248022,-0.129234
0,0,0.00880127,-0.263749,0.246121,-0.0230982,-0.248032,-0.129909
0,0,0.0567743,-0.282258,0.270301,-0.00953534,-0.256274,-0.137347
0,0,0.0395859,-0.244296,0.264229,-0.0109479,-0.256258,-0.13545
0,0,0.0265412,-0.215177,0.265146,-0.0216659,-0.258539,-0.133332
0,0,0.0487407,-0.259934,0.269019,-0.0138627,-0.250072,-0.134228
0,0,0.0363511,-0.254076,0.250659,-0.0208855,-0.243982,-0.137731
0,0,0.0378313,-0.20844,0.245131,-0.0238789,-0.244322,-0.135778
0,0,0.0448297,-0.232795,0.250702,-0.0158865,-0.244162,-0.130119
0,0,0.0163477,-0.25171,0.255633,-0.0149339,-0.245639,-0.131697
0,0,-0.0110633,-0.231339,0.238537,-0.0238032,-0.239082,-0.131292
0,0,0.0263976,-0.252427,0.262747,-0.0218168,-0.245742,-0.127214
0,0,0.0108271,-0.238417,0.257038,-0.0165445,-0.235857,-0.129622
0,0,0.0397308,-0.246505,0.262816,-0.0121272,-0.234832,-0.130256
0,0,0.00598811,-0.222562,0.265483,-0.017781,-0.231991,-0.124999
0,0,0.0613845,-0.195683,0.282492,-0.00980773,-0.231473,-0.120192
0,0,0.013759,-0.205396,0.337917,-0.00786056,-0.245807,-0.116156
0,0,0.0549891,-0.134038,0.275407,-0.0222201,-0.225413,-0.114732
0,0,0.0370887,-0.107978,0.330268,-0.0147462,-0.245688,-0.112331
0,0,0.0270733,-0.0886747,0.305556,-0.0237133,-0.245004,-0.115032
0,0,0.0312383,-0.152529,0.355361,-0.00404043,-0.248172,-0.109843
0,0,0.0217083,-0.0764314,0.256895,-0.0260146,-0.243939,-0.105377
0,0,0.0683503,-0.143582,0.268354,-0.0194008,-0.236099,-0.104837
0,0,0.0319058,-0.15943,0.328305,-0.0184176,-0.24485,-0.105858
0,0,0.0634667,-0.155749,0.277075,-0.0337973,-0.239691,-0.105192
0,0,0.0170554,-0.117303,0.296317,-0.0277733,-0.244645,-0.113514
0,0,0.0480946,-0.14982,0.260839,-0.0275257,-0.242047,-0.119517
0,0,0.0370996,-0.137178,0.256731,-0.029658,-0.223184,-0.127953
0,0,0.0963597,-0.223298,0.322142,-0.0300204,-0.231998,-0.122975
0,0,0.0819672,-0.251973,0.329538,-0.0198691,-0.246844,-0.116643
0,0,0.0757099,-0.158377,0.292976,-0.0216141,-0.239272,-0.109328
0,0,0.059881,-0.131598,0.308824,-0.0255793,-0.234667,-0.101834
0,0,0.0425463,-0.05721,0.296271,-0.0299661,-0.235482,-0.0954725
0,0,0.0593035,-0.130643,0.280895,-0.0375182,-0.216428,-0.107645
0,0,0.041229,-0.134194,0.365308,-0.0351322,-0.229347,-0.116177
0,0,0.0680325,-0.0568148,0.287757,-0.0515202,-0.216067,-0.12129
0,0,0.0409571,-0.0836504,0.374178,-0.0332671,-0.229674,-0.116241
0,0,0.0797544,-0.0897232,0.332091,-0.0297145,-0.217304,-0.10778
0,0,0.0801073,-0.0975897,0.302278,-0.0371251,-0.219671,-0.0934159
0,0,0.104242,-0.109627,0.282427,-0.0334591,-0.218576,-0.0966345
0,0,0.0700491,-0.120622,0.303434,-0.0175134,-0.226717,-0.108867
0,0,0.102581,-0.0945487,0.377209,-0.00372325,-0.244419,-0.121153
0,0,0.0898247,-0.0977009,0.259897,-0.0436127,-0.223095,-0.11821
0,0,0.1162,-0.199682,0.319037,-0.0197921,-0.216974,-0.103471
0,0,0.0926531,-0.216602,0.34059,-0.0198242,-0.228478,-0.0864992
0,0,0.0856915,-0.121551,0.26936,-0.0553622,-0.221745,-0.0812604
0,0,0.108581,-0.0667572,0.248778,-0.0603868,-0.228921,-0.102747
0,0,0.132763,-0.0614796,0.313594,-0.0443662,-0.237697,-0.12301
0,0,0.137369,-0.104832,0.333617,-0.0301781,-0.244429,-0.121276
0,0,0.0943633,-0.120645,0.31553,-0.0292985,-0.238059,-0.107722
0,0,0.13056,-0.0526769,0.345302,-0.0271585,-0.232551,-0.0988282
0,0,0.107617,-0.104118,0.348638,-0.033863,-0.229725,-0.102323
0,0,0.111205,-0.16709,0.35929,-0.0341121,-0.226007,-0.109198
0,0,0.13715,-0.123685,0.375927,-0.0366744,-0.231547,-0.113945
0,0,0.10014,-0.148224,0.333377,-0.0491991,-0.24078,-0.107853
0,0,0.140405,-0.191756,0.34102,-0.0536328,-0.241107,-0.0933233
0,0,0.154719,-0.189631,0.351084,-0.0434167,-0.235482,-0.0765779
0,0,0.144329,-0.129327,0.354611,-0.0485268,-0.22114,-0.0729075
0,0,0.151374,-0.096424,0.360353,-0.047137,-0.209308,-0.102051
0,0,0.125607,-0.102079,0.407067,-0.0266588,-0.209542,-0.114112
0,0,0.146902,-0.121849,0.399908,-0.0389032,-0.218701,-0.104051
0,0,0.156893,-0.0816603,0.401058,-0.0360745,-0.230682,-0.0902192
0,0,0.177692,-0.127129,0.398045,-0.0469746,-0.230882,-0.0935017
0,0,0.158282,-0.0630353,0.397427,-0.0419101,-0.234078,-0.0991345
0,0,0.162447,-0.0591102,0.389324,-0.040415,-0.208478,-0.111156
0,0,0.139515,-0.18009,0.471669,-0.0107662,-0.222521,-0.115946
0,0,0.166698,-0.157643,0.447449,0.00117891,-0.233172,-0.104801
0,0,0.183593,-0.0991286,0.373296,-0.0407213,-0.221291,-0.0979872
0,0,0.21314,-0.0746043,0.377118,-0.0573016,-0.236005,-0.0922291
0,0,0.208617,-0.111655,0.360556,-0.0666825,-0.213052,-0.109551
0,0,0.140217,-0.125328,0.407157,-0.048875,-0.215672,-0.120826
0,0,0.171069,-0.119844,0.414332,-0.0423717,-0.219412,-0.111463
0,0,0.178639,-0.165193,0.411096,-0.0447627,-0.230138,-0.0965413
0,0,0.206358,-0.114256,0.436435,-0.0214,-0.230933,-0.0936599
0,0,0.153293,-0.0790904,0.394633,-0.0449984,-0.218248,-0.0916008
0,0,0.179543,-0.123093,0.420711,-0.047294,-0.209185,-0.0973875
0,0,0.212979,-0.103151,0.404087,-0.0622081,-0.212481,-0.104878
0,0,0.225419,-0.0315165,0.407248,-0.0569137,-0.234464,-0.102367
0,0,0.24091,-0.0214792,0.393818,-0.0465702,-0.231309,-0.0883903
0,0,0.205189,-0.0896391,0.490993,-0.0187509,-0.238001,-0.0777135
0,0,0.209514,-0.112001,0.448014,-0.0371375,-0.201631,-0.0842776
0,0,0.181882,-0.0361447,0.406994,-0.059989,-0.19514,-0.0902878
0,0,0.170604,-0.138453,0.466585,-0.0449024,-0.210154,-0.09481
0,0,0.223616,-0.0935258,0.47977,-0.0601304,-0.209594,-0.103371
0,0,0.191173,-0.105565,0.528247,-0.0709865,-0.209385,-0.100197
0,0,0.212541,-0.151289,0.557258,-0.0544067,-0.199353,-0.0920398
0,0,0.237832,-0.131174,0.534166,-0.0397334,-0.203788,-0.0850578
0,0,0.183131,-0.060831,0.498436,-0.0389117,-0.220768,-0.0851054
0,0,0.250829,-0.00129522,0.496666,-0.0279779,-0.21354,-0.103087
0,0,0.229155,-0.0625439,0.501282,-0.0386983,-0.217173,-0.11701
0,0,0.193686,-0.0733816,0.578597,-0.0343739,-0.202987,-0.120531
0,0,0.226632,0.00155591,0.531916,-0.0626587,-0.189086,-0.113585
0,0,0.213146,-0.0996523,0.607711,-0.0401642,-0.233704,-0.100054
0,0,0.215727,-0.0810995,0.574749,-0.0394471,-0.215713,-0.087773
0,0,0.178876,-0.0455961,0.541462,-0.0453636,-0.199981,-0.0832905
0,0,0.193031,-0.0866622,0.563569,-0.0247195,-0.201667,-0.087584
0,0,0.190352,-0.110779,0.594693,-0.0454882,-0.224837,-0.103711
0,0,0.211341,-0.108822,0.606911,-0.0397446,-0.238901,-0.108915
0,0,0.226453,-0.110927,0.541978,-0.0515731,-0.220262,-0.109852
0,0,0.20818,-0.0972322,0.572505,-0.0418622,-0.207931,-0.0973866
0,0,0.214023,-0.0714343,0.570413,-0.0333916,-0.194576,-0.091353
0,0,0.219048,0.02177,0.577819,-0.040519,-0.213224,-0.0826106
0,0,0.218104,0.00392879,0.584281,-0.0330215,-0.222981,-0.0896776
0,0,0.229604,-0.0932148,0.626637,-0.0282968,-0.224295,-0.0945215
0,0,0.194847,0.000911228,0.606851,-0.049251,-0.201676,-0.103054
0,0,0.17831,0.0255859,0.639965,-0.0377537,-0.208848,-0.111168
0,0,0.164846,-0.0950801,0.628631,-0.0584534,-0.221952,-0.115349
0,0,0.193441,-0.103732,0.593569,-0.0557236,-0.22696,-0.111418
0,0,0.204162,-0.0555008,0.611893,-0.052525,-0.218734,-0.107702
0,0,0.199022,-0.0169868,0.609265,-0.0518295,-0.207567,-0.0971362
0,0,0.189853,-0.0494537,0.649095,-0.056538,-0.19841,-0.0926786
0,0,0.160269,-0.0656725,0.669847,-0.0492985,-0.221255,-0.0903847
0,0,0.13503,-0.0952653,0.635567,-0.0639448,-0.23257,-0.0841715
0,0,0.158611,-0.0443799,0.613845,-0.057163,-0.226313,-0.0886441
0,0,0.176161,-0.0267255,0.667271,-0.0478734,-0.223988,-0.0931916
0,0,0.197555,-0.00287143,0.580964,-0.0610659,-0.192846,-0.0948962
0,0,0.158601,-0.0240694,0.609315,-0.0699774,-0.201866,-0.0911703
0,0,0.160464,-0.0476504,0.581019,-0.0642875,-0.22035,-0.0948163
0,0,0.201819,0.00670588,0.645624,-0.0491788,-0.230884,-0.100937
0,0,0.154325,-0.0567629,0.601077,-0.0309998,-0.209596,-0.101503
0,0,0.1769,-0.127823,0.659939,-0.0202668,-0.196485,-0.0979209
0,0,0.22022,-0.159234,0.668673,-0.0139918,-0.198748,-0.098791
0,0,0.202688,-0.0276779,0.645462,-0.0406842,-0.196179,-0.0896171
0,0,0.151459,-0.011767,0.617376,-0.0551438,-0.202588,-0.0881159
0,0,0.120377,-0.06813,0.637832,-0.0496908,-0.215047,-0.0810163
0,0,0.163045,-0.0847278,0.684081,-0.0485421,-0.21034,-0.0872972
0,0,0.185197,-0.0270923,0.602646,-0.0815796,-0.193303,-0.0902485
0,0,0.19355,-0.0143119,0.656231,-0.0633327,-0.197029,-0.0904167
0,0,0.124278,0.00602824,0.674735,-0.0567186,-0.210045,-0.0952524
0,0,0.103765,-0.0153544,0.680579,-0.0612459,-0.218213,-0.100105
0,0,0.169486,-0.0560568,0.720001,-0.0232198,-0.217324,-0.104311
0,0,0.196528,-0.0519961,0.692563,-0.0146311,-0.216698,-0.100397
0,0,0.177159,-0.00433113,0.683932,-0.0321681,-0.203213,-0.0980985
0,0,0.152085,0.0275044,0.636919,-0.0408866,-0.188972,-0.0977563
0,0,0.115635,-0.00487167,0.639945,-0.0539118,-0.196087,-0.103018
0,0,0.128743,-0.0160263,0.685355,-0.0471183,-0.193721,-0.109813
0,0,0.119046,-0.0469061,0.701688,-0.043212,-0.210735,-0.107716
0,0,0.15336,-0.103862,0.668269,-0.036699,-0.220343,-0.111712
0,0,0.161275,-0.0331161,0.646158,-0.0418965,-0.209864,-0.10594
0,0,0.101742,-0.0438099,0.682655,-0.0498737,-0.22022,-0.10781
0,0,0.133872,-0.0228442,0.702489,-0.0280982,-0.21028,-0.105665
0,0,0.132181,0.026698,0.656707,-0.0512902,-0.201298,-0.0984913
0,0,0.122348,0.032574,0.685346,-0.0478056,-0.181266,-0.0999137
0,0,0.122215,-0.058592,0.678469,-0.0507679,-0.192809,-0.106446
0,0,0.102599,0.0200791,0.67038,-0.0590718,-0.186877,-0.108087
0,0,0.096979,-0.0648615,0.736267,-0.0358966,-0.208036,-0.103012
0,0,0.212758,-0.0973391,0.669705,-0.0390544,-0.192456,-0.0994895
0,0,0.228825,-0.0927818,0.657909,-0.029892,-0.198711,-0.102273
0,0,0.226697,-0.0719908,0.665937,-0.0217924,-0.202995,-0.103733
0,0,0.194868,-0.100563,0.688661,-0.0237085,-0.213995,-0.10096
0,0,0.159066,-0.0781636,0.637841,-0.045259,-0.208337,-0.0982606
0,0,0.128471,-0.0901887,0.685067,-0.034843,-0.210263,-0.107977
0,0,0.122648,-0.0521725,0.666635,-0.0346435,-0.215659,-0.10295
0,0,0.138294,-0.0369215,0.674649,-0.0316177,-0.217479,-0.105154
0,0,0.136596,-0.0427323,0.678273,-0.0338148,-0.221534,-0.108322
0,0,0.129684,-0.0600697,0.664966,-0.0355298,-0.228586,-0.106631
0,0,0.092009,-0.0469037,0.678555,-0.0441022,-0.217675,-0.0981595
0,0,0.108141,-0.093648,0.6751,-0.0407029,-0.205825,-0.100786
0,0,0.144469,-0.0770543,0.667128,-0.0308658,-0.205743,-0.104182
0,0,0.14982,-0.075587,0.666282,-0.0277572,-0.206012,-0.102284
0,0,0.124257,-0.0713335,0.668988,-0.0269895,-0.215573,-0.103782
0,0,0.0969104,-0.0454071,0.663181,-0.0298786,-0.219309,-0.10974
0,0,0.0948511,-0.0429173,0.661589,-0.0388932,-0.210609,-0.107855
0,0,0.109462,-0.0696957,0.664057,-0.0411574,-0.214227,-0.101738
0,0,0.124698,-0.0602765,0.655353,-0.0390155,-0.21758,-0.100087
0,0,0.127967,-0.0578685,0.674155,-0.0409209,-0.21763,-0.104526
0,0,0.131083,-0.11901,0.669376,-0.0384829,-0.219416,-0.10028
0,0,0.136648,-0.0932235,0.665531,-0.0391936,-0.221719,-0.0990409
0,0,0.136435,-0.0794251,0.673063,-0.0326887,-0.230036,-0.0945302
0,0,0.13813,-0.0896659,0.679797,-0.0336851,-0.226739,-0.0982366
0,0,0.0916243,-0.0654805,0.689816,-0.0408456,-0.222917,-0.0947365
0,0,0.0898274,-0.0437686,0.672978,-0.0339118,-0.223715,-0.103782
0,0,0.0991472,-0.0428968,0.669477,-0.0432132,-0.21545,-0.107214
0,0,0.105317,-0.0474842,0.668305,-0.0380138,-0.209408,-0.10655
0,0,0.110395,-0.0489862,0.66747,-0.0360462,-0.213597,-0.106851
0,0,0.126232,-0.0480865,0.669272,-0.0354014,-0.21104,-0.10039
0,0,0.141954,-0.0561291,0.6698,-0.0348493,-0.212372,-0.0919251
0,0,0.142262,-0.0667586,0.665802,-0.0373361,-0.216006,-0.0840714
0,0,0.129163,-0.0581817,0.672218,-0.0391716,-0.223375,-0.0849959
0,0,0.110581,-0.0497611,0.675681,-0.0417746,-0.219993,-0.0906947
0,0,0.0924137,-0.0696899,0.688671,-0.0442739,-0.219433,-0.094194
0,0,0.0835439,-0.0692434,0.695858,-0.0416476,-0.224713,-0.0967307
0,0,0.0983978,-0.0546408,0.686316,-0.0378376,-0.229068,-0.0997215
0,0,0.105286,-0.0722926,0.672477,-0.0363488,-0.235484,-0.100107
0,0,0.128448,-0.0696537,0.683302,-0.0326529,-0.226696,-0.095352
0,0,0.134736,-0.0491825,0.687673,-0.0323099,-0.221106,-0.101463
0,0,0.127686,-0.0426495,0.69475,-0.0289984,-0.222294,-0.10173
0,0,0.121045,-0.0553265,0.670256,-0.0334151,-0.220417,-0.0978454
0,0,0.114607,-0.0611146,0.670944,-0.0378483,-0.21509,-0.0994804
0,0,0.115267,-0.0663907,0.662943,-0.0292069,-0.212389,-0.0987811
0,0,0.0995601,-0.0727375,0.670143,-0.0262301,-0.217451,-0.106459
0,0,0.103005,-0.0678943,0.659898,-0.0367556,-0.216475,-0.110418
0,0,0.10496,-0.0691321,0.660153,-0.0425456,-0.216011,-0.113546
0,0,0.117683,-0.0606924,0.6542,-0.0419711,-0.209028,-0.109361
0,0,0.129412,-0.0509327,0.646214,-0.0390983,-0.209159,-0.103134
0,0,0.118048,-0.0556709,0.674794,-0.0358608,-0.221434,-0.103441
0,0,0.106882,-0.0552144,0.688037,-0.0347332,-0.218928,-0.105657
0,0,0.104071,-0.048847,0.676202,-0.0332134,-0.21972,-0.104617
0,0,0.107806,-0.0537017,0.678386,-0.0394139,-0.220359,-0.104423
0,0,0.120298,-0.0595029,0.680264,-0.0402536,-0.21861,-0.107736
0,0,0.12365,-0.0750524,0.676387,-0.0448163,-0.212126,-0.101764
0,0,0.102393,-0.0801027,0.677675,-0.0403232,-0.212505,-0.0986998
0,0,0.104431,-0.0770362,0.665506,-0.0341968,-0.218703,-0.0960206
0,0,0.113098,-0.0730661,0.670116,-0.0329647,-0.213518,-0.10142
0,0,0.115317,-0.0911786,0.674628,-0.0314597,-0.213999,-0.101915
0,0,0.102179,-0.0914899,0.675414,-0.029399,-0.216202,-0.110252
0,0,0.102907,-0.0579759,0.654542,-0.0364132,-0.220812,-0.106053
0,0,0.110839,-0.058551,0.656587,-0.0324459,-0.218376,-0.106556
0,0,0.104335,-0.0611009,0.674691,-0.0345782,-0.215862,-0.105082
0,0,0.113346,-0.0596188,0.691204,-0.0356963,-0.213142,-0.096945
0,0,0.108154,-0.0598455,0.686697,-0.027744,-0.21356,-0.102445
0,0,0.114854,-0.0748294,0.687726,-0.0332282,-0.213079,-0.0994109
0,0,0.121949,-0.0757752,0.693894,-0.0361642,-0.209832,-0.0983793
0,0,0.110695,-0.0833515,0.691826,-0.0266424,-0.210337,-0.0942724
0,0,0.136167,-0.0769537,0.678405,-0.0335882,-0.21316,-0.0938921
0,0,0.130013,-0.0583485,0.660049,-0.0436271,-0.215126,-0.0997477
0,0,0.126796,-0.0552867,0.684327,-0.0481186,-0.209212,-0.0940836
0,0,0.11131,-0.0469961,0.677818,-0.0474498,-0.209979,-0.0934366
0,0,0.118609,-0.074349,0.665874,-0.0454086,-0.210783,-0.0939082
0,0,0.116608,-0.0924546,0.658647,-0.0366462,-0.211751,-0.0947519
0,0,0.125926,-0.063369,0.654333,-0.0316177,-0.216618,-0.0929201
0,0,0.124026,-0.0658574,0.659089,-0.0314584,-0.219008,-0.0955097
0,0,0.114982,-0.0703857,0.675784,-0.0330845,-0.218418,-0.0992953
0,0,0.106347,-0.082295,0.683876,-0.0414308,-0.215623,-0.0952372
0,0,0.119132,-0.0699994,0.690108,-0.0380759,-0.214832,-0.0978931
0,0,0.112962,-0.0433311,0.686622,-0.0501236,-0.210869,-0.0975878
0,0,0.12628,-0.0518484,0.684899,-0.0433369,-0.216335,-0.0993379
0,0,0.120971,-0.0611563,0.678928,-0.0403521,-0.221643,-0.103244
0,0,0.106293,-0.0634405,0.678193,-0.0402735,-0.221983,-0.108331
0,0,0.111612,-0.0777533,0.665215,-0.034814,-0.215648,-0.110616
0,0,0.118881,-0.0755539,0.682527,-0.0367074,-0.224147,-0.106011
0,0,0.11938,-0.0585966,0.691191,-0.0407087,-0.21613,-0.109551
0,0,0.119898,-0.0606067,0.695756,-0.0406986,-0.213836,-0.110597
0,0,0.102017,-0.0671433,0.681187,-0.0396936,-0.212703,-0.109353
0,0,0.0896202,-0.0699117,0.662177,-0.0382216,-0.216094,-0.109483
0,0,0.10971,-0.0660701,0.659683,-0.0282811,-0.221339,-0.108701
0,0,0.104085,-0.0563432,0.65179,-0.0424365,-0.2306,-0.105379
0,0,0.101637,-0.0574582,0.657629,-0.0434665,-0.232187,-0.11004
0,0,0.0979936,-0.0545538,0.66549,-0.038183,-0.223477,-0.110928
0,0,0.0999761,-0.0593475,0.672866,-0.0366304,-0.21831,-0.110632
0,0,0.126551,-0.0961644,0.674316,-0.0358912,-0.218559,-0.108869
0,0,0.138082,-0.0844188,0.683342,-0.0314008,-0.214961,-0.107426
0,0,0.125417,-0.0964421,0.682322,-0.030647,-0.218935,-0.105549
0,0,0.122846,-0.0907315,0.682805,-0.033764,-0.217352,-0.103179
0,0,0.107795,-0.0881225,0.678528,-0.0383934,-0.223293,-0.105227
0,0,0.125492,-0.0745437,0.659589,-0.0469952,-0.222881,-0.102961
0,0,0.141109,-0.141965,0.691344,-0.027332,-0.202596,-0.105443
0,0,0.124458,-0.215654,0.73682,-0.0515189,-0.206707,-0.104032
0,0,0.123635,-0.267148,0.723437,-0.0176785,-0.191675,-0.110687
0,0,0.115558,-0.402728,0.786227,-0.0323473,-0.214349,-0.110085
0,0,0.133348,-0.487929,0.831093,0.00408065,-0.213058,-0.118023
0,0,0.122543,-0.39991,0.700077,-0.0466472,-0.205914,-0.130833
0,0,0.121586,-0.314588,0.712631,-0.0433081,-0.198612,-0.114999
0,0,0.122826,-0.325597,0.774405,-0.0364496,-0.223799,-0.108974
0,0,0.164232,-0.279188,0.721973,-0.0419029,-0.191367,-0.124277
0,0,0.115848,-0.265101,0.693791,-0.0584444,-0.205297,-0.109514
0,0,0.092298,-0.250854,0.635773,-0.0648205,-0.216599,-0.141818
0,0,0.0972428,-0.204804,0.643286,-0.0550454,-0.197049,-0.145688
0,0,0.133628,-0.237973,0.741852,-0.0342906,-0.239331,-0.117877
0,0,0.154904,-0.187887,0.627952,-0.0738848,-0.192125,-0.129786
0,0,0.114015,-0.25047,0.64466,-0.0417496,-0.225507,-0.125491
0,0,0.140225,-0.211476,0.607286,-0.0427531,-0.156409,-0.150283
0,0,0.157322,-0.268653,0.728361,-0.0271827,-0.216826,-0.125972
0,0,0.14624,-0.277001,0.568344,-0.0505498,-0.163445,-0.122491
0,0,0.155499,-0.217227,0.554362,-0.0676048,-0.169356,-0.154568
0,0,0.0998113,-0.257318,0.565001,-0.0535547,-0.1532,-0.140834
0,0,0.125972,-0.336563,0.634619,-0.0325752,-0.219002,-0.115234
0,0,0.139407,-0.273386,0.552414,-0.0502916,-0.2046,-0.123536
0,0,0.196559,-0.239975,0.488118,-0.0504758,-0.17534,-0.133021
0,0,0.211965,-0.24568,0.507689,-0.0526948,-0.217094,-0.112999
0,0,0.189161,-0.228492,0.450051,-0.0590504,-0.161397,-0.137094
0,0,0.151731,-0.346024,0.451101,-0.0566992,-0.203807,-0.143336
0,0,0.160196,-0.285333,0.441585,-0.0632585,-0.179986,-0.111734
0,0,0.169932,-0.335341,0.417531,-0.0548132,-0.177053,-0.142232
0,0,0.148252,-0.307615,0.380139,-0.0821448,-0.188089,-0.121044
0,0,0.152624,-0.427682,0.451975,-0.0564362,-0.172539,-0.137242
0,0,0.155379,-0.288676,0.461719,-0.0444182,-0.221192,-0.142567
0,0,0.153849,-0.320952,0.369005,-0.0571969,-0.171241,-0.118037
0,0,0.187312,-0.310071,0.44342,-0.0239179,-0.192858,-0.135728
0,0,0.162808,-0.277891,0.297307,-0.0728471,-0.191669,-0.112672
0,0,0.171739,-0.0791477,0.258816,-0.100921,-0.206621,-0.137018
0,0,0.123559,0.0137608,0.139065,-0.0909968,-0.18996,-0.125892
0,0,0.115816,0.0362397,0.175809,-0.090507,-0.199487,-0.121922
0,0,0.122481,-0.0726375,0.205157,-0.0943965,-0.205287,-0.125542
0,0,0.125339,-0.0673094,0.236234,-0.0771738,-0.228537,-0.124119
0,0,0.1301,-0.0267795,0.169229,-0.054112,-0.223315,-0.129281
0,0,0.140379,-0.0131025,0.176289,-0.0439517,-0.228262,-0.117076
0,0,0.129804,-0.0496701,0.210129,-0.0559387,-0.249955,-0.11649
0,0,0.155679,0.0103969,0.171168,-0.0542564,-0.23241,-0.0808094
0,0,0.157089,-0.0585965,0.195498,-0.0462556,-0.244435,-0.102132
0,0,0.17099,-0.205416,0.275873,-0.00465374,-0.261813,-0.0838622
0,0,0.117637,-0.0813609,0.366277,0.00782841,-0.273108,-0.0897633
0,0,0.097622,-0.188507,0.326907,-0.0301094,-0.274474,-0.109669
0,0,0.0962745,-0.148013,0.470103,-0.00313881,-0.283124,-0.0977343
0,0,0.0974006,-0.167702,0.399273,-0.0126147,-0.252146,-0.11305
0,0,0.111794,-0.193733,0.477278,0.0107315,-0.262847,-0.0958609
0,0,0.0805836,-0.11298,0.37907,-0.0160839,-0.266531,-0.0967905
0,0,0.0843318,-0.194371,0.584543,0.000686143,-0.298265,-0.0993199
0,0,0.131658,-0.23667,0.428188,-0.000124212,-0.228957,-0.105111
0,0,0.0954063,-0.113677,0.472552,-0.000667335,-0.29249,-0.0830899
0,0,0.0757458,-0.249204,0.520896,0.0251999,-0.235705,-0.095707
0,0,0.129246,-0.188689,0.571591,0.0128861,-0.277156,-0.0925132
0,0,0.145416,-0.169643,0.524378,0.0110711,-0.213215,-0.0977446
0,0,0.115611,-0.0618802,0.6068,-0.00902167,-0.301677,-0.0886106
0,0,0.0792726,-0.129637,0.600975,0.0116727,-0.263552,-0.104342
0,0,0.140995,-0.0623982,0.55546,0.018614,-0.259979,-0.0951972
0,0,0.171914,-0.134506,0.552599,0.0214072,-0.216488,-0.115583
0,0,0.192181,-0.134263,0.670471,0.0328521,-0.274774,-0.101048
0,0,0.17501,-0.178325,0.674902,0.0191158,-0.244302,-0.0974106
0,0,0.143837,-0.10273,0.631602,0.0248033,-0.253496,-0.0893851
0,0,0.139004,-0.0579356,0.619508,-0.00432599,-0.273124,-0.103419
0,0,0.133336,-0.154089,0.764606,0.0172499,-0.29138,-0.0878024
0,0,0.139273,-0.232021,0.719721,0.0286696,-0.26003,-0.0732244
0,0,0.176099,-0.283307,0.708971,0.00588665,-0.249775,-0.0858403
0,0,0.157853,-0.243868,0.829684,0.0576826,-0.289936,-0.106559
0,0,0.148617,-0.313288,0.817791,0.0512141,-0.275956,-0.111602
0,0,0.17323,-0.285969,0.753596,0.0220022,-0.279397,-0.112065
0,0,0.162719,-0.250042,0.700454,0.0159391,-0.244792,-0.101325
0,0,0.141471,-0.315928,0.774831,0.0323496,-0.249814,-0.0933308
0,0,0.131536,-0.277537,0.7867,0.031791,-0.266568,-0.0929351
0,0,0.10002,-0.183744,0.711818,0.0142109,-0.248606,-0.0994962
0,0,0.0954387,-0.0936894,0.682268,0.00549092,-0.24846,-0.0955106
0,0,0.0870177,-0.0832442,0.6082,-0.00263674,-0.240626,-0.0973125
0,0,0.0993684,-0.0862704,0.66359,0.0205908,-0.25565,-0.103268
0,0,0.101002,-0.110429,0.659528,0.0185159,-0.262143,-0.105054
0,0,0.134492,-0.0893223,0.673536,0.0188124,-0.264562,-0.10715
0,0,0.126955,-0.0260754,0.661954,0.00142825,-0.272072,-0.105915
0,0,0.129754,-0.0463168,0.663276,0.00644998,-0.25578,-0.101501
0,0,0.111358,-0.0586729,0.648052,-0.000784258,-0.246966,-0.100537
0,0,0.118109,-0.0626948,0.640754,-0.00436311,-0.244237,-0.101217
0,0,0.139307,-0.0795345,0.64073,-0.00143465,-0.243195,-0.0949632
0,0,0.132092,-0.0801251,0.666106,-0.00420462,-0.252941,-0.0991915
0,0,0.116051,-0.0771999,0.634471,-0.0132545,-0.240558,-0.099989
0,0,0.0975996,-0.0965241,0.654056,-0.00947894,-0.246026,-0.0967439
0,0,0.0962609,-0.0581079,0.629436,-0.0115541,-0.247601,-0.0997487
0,0,0.100053,-0.0484088,0.644384,-0.00678458,-0.246723,-0.102606
0,0,0.109882,-0.0850922,0.643943,-0.00116968,-0.242429,-0.10107
0,0,0.114231,-0.0701734,0.632478,-0.00529475,-0.245298,-0.106879
0,0,0.122838,-0.031894,0.643104,0.0017845,-0.24877,-0.111159
0,0,0.142946,-0.012589,0.638829,0.00688471,-0.243107,-0.10727
0,0,0.156221,-0.0234627,0.630261,0.00140499,-0.249562,-0.105193
0,0,0.159731,-0.0320536,0.625372,-0.00493041,-0.249436,-0.106837
0,0,0.126394,-0.0649184,0.62463,-0.0112551,-0.246312,-0.105103
0,0,0.110252,-0.0668568,0.63113,-0.0177746,-0.245531,-0.0969302
0,0,0.107026,-0.0622891,0.620681,-0.0237716,-0.239064,-0.0962957
0,0,0.114961,-0.0916167,0.636846,-0.0167975,-0.241302,-0.0987617
0,0,0.115829,-0.0940877,0.627459,-0.0162645,-0.241043,-0.101512
0,0,0.127902,-0.0924735,0.6192,-0.0136646,-0.240106,-0.108426
0,0,0.133434,-0.0828481,0.635079,-0.00984279,-0.241586,-0.108456
0,0,0.132659,-0.0820706,0.623572,-0.00826748,-0.242026,-0.107786
0,0,0.140992,-0.0795756,0.628101,-0.0110762,-0.244987,-0.105798
0,0,0.13655,-0.0753122,0.625312,-0.010261,-0.244385,-0.105819
0,0,0.127853,-0.0617215,0.63166,-0.00803905,-0.244689,-0.101641
0,0,0.126286,-0.055065,0.643234,-0.00538208,-0.250036,-0.0995062
0,0,0.122751,-0.0606089,0.654391,-0.00487456,-0.241422,-0.102808
0,0,0.126222,-0.0753325,0.645562,-0.00765157,-0.243986,-0.101279
0,0,0.135819,-0.0878778,0.639097,-0.00179174,-0.249363,-0.0948061
0,0,0.130411,-0.0717549,0.638561,-0.00404088,-0.24909,-0.102986
0,0,0.130038,-0.0755889,0.628773,-0.00442647,-0.247158,-0.105541
0,0,0.124382,-0.0647221,0.634888,-0.00845963,-0.244952,-0.0976907
0,0,0.119567,-0.0916703,0.637739,-0.00696302,-0.242561,-0.0983424
0,0,0.138229,-0.0853313,0.634595,-0.00156693,-0.239628,-0.0958666
0,0,0.117765,-0.0752174,0.633399,-0.00469052,-0.245651,-0.0985555
0,0,0.121148,-0.0709267,0.650119,-0.0115395,-0.239131,-0.0988784
0,0,0.122835,-0.0736471,0.645602,-0.0127086,-0.24755,-0.0977513
0,0,0.119916,-0.0651526,0.640479,-0.00750187,-0.247184,-0.0962187
0,0,0.123207,-0.0500202,0.648701,-0.0015378,-0.242996,-0.0986345
0,0,0.126314,-0.047176,0.652862,-8.24005e-05,-0.243475,-0.0934672
0,0,0.141059,-0.0772061,0.648503,0.00351265,-0.242899,-0.0886455
0,0,0.145658,-0.0675398,0.648296,-0.00421869,-0.244161,-0.0969955
0,0,0.149889,-0.0700239,0.645215,-0.0026839,-0.243326,-0.100626
0,0,0.1372,-0.0691307,0.653892,-0.000943114,-0.242105,-0.102457
0,0,0.120371,-0.0975961,0.645412,-0.00377858,-0.238377,-0.103754
0,0,0.120819,-0.0943526,0.635613,-0.00250772,-0.237834,-0.0976261
0,0,0.121295,-0.0838483,0.631467,-0.00892659,-0.243375,-0.0978676
0,0,0.124474,-0.0747122,0.627103,-0.00251191,-0.248953,-0.101627
0,0,0.095391,-0.0720571,0.644102,-0.000294275,-0.242423,-0.101748
0,0,0.086262,-0.0618826,0.653321,-0.00440071,-0.237439,-0.103413
0,0,0.097831,-0.055111,0.648824,-0.00240147,-0.253963,-0.10597
0,0,0.102023,-0.0387585,0.653496,0.00214842,-0.251404,-0.102602
0,0,0.0978981,-0.0209292,0.653252,0.0018635,-0.246453,-0.104393
0,0,0.112112,-0.0538485,0.644682,-0.00320937,-0.245942,-0.102478
0,0,0.117017,-0.0536415,0.639768,-0.00639324,-0.253215,-0.0975497
0,0,0.112398,-0.0479251,0.638583,-0.010148,-0.245875,-0.0995688
0,0,0.0932485,-0.0477016,0.650934,-0.0116665,-0.24439,-0.100163
0,0,0.0801946,-0.0708023,0.638883,-0.0072615,-0.244731,-0.102437
0,0,0.100015,-0.0781357,0.646872,-0.00897541,-0.246261,-0.109074
0,0,0.106705,-0.0657007,0.658889,-0.0116203,-0.24619,-0.108744
0,0,0.110276,-0.0580675,0.655219,-0.0143973,-0.246893,-0.109899
0,0,0.117754,-0.0614403,0.657565,-0.0132578,-0.238448,-0.1112
0,0,0.129644,-0.0609606,0.65737,-0.0139469,-0.239157,-0.105893
0,0,0.143148,-0.061969,0.650716,-0.0120753,-0.243502,-0.109658
0,0,0.157699,-0.0563686,0.657152,-0.00913018,-0.245519,-0.107484
0,0,0.149421,-0.0671925,0.658766,-4.99166e-06,-0.249813,-0.112602
0,0,0.151504,-0.0653344,0.644758,-0.00147877,-0.246534,-0.112042
0,0,0.149885,-0.0826468,0.642152,-0.00559987,-0.239803,-0.111128
0,0,0.124382,-0.0728993,0.639144,-0.0057553,-0.240468,-0.108273
0,0,0.117792,-0.0815086,0.645661,-0.00437973,-0.243035,-0.104764
0,0,0.136449,-0.0733009,0.653059,0.000344618,-0.249474,-0.106859
0,0,0.124347,-0.0769927,0.660101,0.00295807,-0.255112,-0.105411
0,0,0.123579,-0.0775796,0.649302,0.0033463,-0.251352,-0.105882
0,0,0.118736,-0.0800837,0.639247,0.00612285,-0.24806,-0.100707
0,0,0.132362,-0.0616907,0.650718,-0.00771416,-0.254528,-0.096691
0,0,0.135713,-0.0390529,0.64251,-0.0138986,-0.249051,-0.0990046
0,0,0.134544,-0.0579963,0.667886,-0.0147141,-0.249373,-0.102286
0,0,0.138234,-0.0689479,0.659443,-0.00550288,-0.244341,-0.106907
0,0,0.136176,-0.0629999,0.653592,-0.00106483,-0.239634,-0.108839
0,0,0.135637,-0.0669433,0.655013,-0.00256574,-0.241586,-0.10663
0,0,0.126739,-0.0841988,0.63976,-0.00237625,-0.244951,-0.10952
0,0,0.124294,-0.0879539,0.645356,-0.00790096,-0.243326,-0.107886
0,0,0.132227,-0.0793975,0.638388,-0.0125303,-0.237205,-0.107464
0,0,0.126404,-0.0874415,0.648162,-0.0169079,-0.228655,-0.108033
0,0,0.122259,-0.105582,0.648398,-0.0152737,-0.23442,-0.0976208
0,0,0.115666,-0.0972142,0.640043,-0.0134543,-0.239393,-0.103489
0,0,0.109425,-0.0637466,0.642028,0.00496705,-0.24152,-0.107736
0,0,0.094139,-0.0636044,0.651523,0.00694849,-0.244744,-0.0978663
0,0,0.111475,-0.0532608,0.650225,0.0117037,-0.241554,-0.096023
0,0,0.0985718,-0.0561196,0.646896,0.0125724,-0.245222,-0.100376
0,0,0.104348,-0.0689325,0.644646,0.00933433,-0.242696,-0.100829
0,0,0.116742,-0.076125,0.637819,0.00511686,-0.244181,-0.100173
0,0,0.11894,-0.075228,0.631612,0.00124615,-0.251635,-0.0998423
0,0,0.106042,-0.0746453,0.646675,0.000549795,-0.251669,-0.0974796
0,0,0.10261,-0.0794507,0.651938,0.00643933,-0.244111,-0.103832
0,0,0.110009,-0.0781045,0.664139,0.00355773,-0.237272,-0.102377
0,0,0.123718,-0.0813005,0.659062,0.0013859,-0.24074,-0.101449
0,0,0.112332,-0.0712666,0.656992,-0.00220864,-0.237402,-0.100586
0,0,0.103837,-0.0644599,0.654809,-0.00451856,-0.243101,-0.101756
0,0,0.10885,-0.0651581,0.64592,-0.00544666,-0.241621,-0.106387
0,0,0.110853,-0.0524886,0.641688,-0.00439542,-0.250664,-0.1028
0,0,0.131776,-0.0350515,0.670076,-0.00156232,-0.248858,-0.100447
0,0,0.134155,-0.0321716,0.66288,0.00227312,-0.245787,-0.0999885
0,0,0.127155,-0.0357771,0.6632,0.00478445,-0.251789,-0.105397
0,0,0.132191,-0.0620003,0.663382,-0.00160034,-0.250405,-0.102007
0,0,0.132106,-0.0618095,0.665973,-0.00368312,-0.245805,-0.102273
0,0,0.0902863,-0.0490777,0.610338,-0.0235547,-0.262831,-0.108462
0,0,-0.00048317,-0.0680205,0.519394,-0.0469038,-0.245598,-0.0985683
0,0,0.0227207,-0.30527,0.574421,-0.0454045,-0.22564,-0.0978371
0,0,0.0300867,-0.504216,0.638989,-0.0336094,-0.272126,-0.10207
0,0,0.0207265,-0.442406,0.550354,-0.0446686,-0.227701,-0.108938
0,0,0.0996124,-0.319916,0.461941,-0.0342586,-0.22644,-0.106284
0,0,0.0721772,-0.450813,0.624096,-0.0203123,-0.255614,-0.0992494
0,0,0.0432007,-0.528367,0.549255,-0.0258418,-0.252054,-0.108709
0,0,-0.00806289,-0.501065,0.547145,-0.0152046,-0.243736,-0.137679
0,0,0.00396036,-0.521386,0.59637,-0.0252041,-0.254132,-0.133374
0,0,0.107404,-0.344598,0.478691,-0.00836583,-0.231304,-0.114735
0,0,0.0933987,-0.327088,0.590984,0.0128031,-0.237745,-0.13602
0,0,0.0658324,-0.359074,0.521171,-0.0190065,-0.226878,-0.128688
0,0,0.0569584,-0.322551,0.577812,0.0104024,-0.257949,-0.107875
0,0,0.0204934,-0.321226,0.53224,-0.0319193,-0.246025,-0.140646
0,0,0.0155269,-0.229215,0.577138,-0.0138566,-0.257091,-0.135619
0,0,0.00528445,-0.302138,0.501797,-0.00730751,-0.26105,-0.129906
0,0,0.0566104,-0.338429,0.477234,-0.0138402,-0.241004,-0.139672
0,0,0.0548117,-0.417827,0.549843,0.0201359,-0.271024,-0.120949
0,0,0.0130166,-0.392921,0.396354,-0.0275318,-0.229845,-0.143502
0,0,0.0178745,-0.461395,0.524948,0.000588392,-0.268397,-0.118468
0,0,-0.015895,-0.397253,0.43136,-0.00617876,-0.233975,-0.129467
0,0,-0.00292272,-0.512554,0.499931,0.0081428,-0.285587,-0.126094
0,0,-0.00650955,-0.484045,0.336415,-0.0191646,-0.251442,-0.140596
0,0,0.00491175,-0.478785,0.466198,0.0244786,-0.285369,-0.131637
0,0,-0.0147768,-0.398909,0.364812,-0.019362,-0.261614,-0.144801
0,0,0.00180904,-0.45214,0.367501,0.0158647,-0.271864,-0.128505
0,0,0.00492822,-0.456224,0.391511,0.00490391,-0.266006,-0.13574
0,0,0.0526803,-0.346481,0.386456,-0.00323608,-0.284047,-0.122837
0,0,0.0424566,-0.48319,0.444878,0.0283698,-0.270381,-0.148549
0,0,0.0270488,-0.447445,0.280073,-0.0331367,-0.25986,-0.133674
0,0,0.00439081,-0.417467,0.381735,0.00778963,-0.271797,-0.139047
0,0,-0.00853603,-0.475011,0.257718,-0.02094,-0.248927,-0.136123
0,0,0.0281293,-0.487677,0.310379,-0.0216526,-0.26603,-0.137132
0,0,-0.0318096,-0.475632,0.323679,-0.00662126,-0.251818,-0.140835
0,0,0.0071178,-0.433518,0.224075,-0.014328,-0.240105,-0.11763
0,0,-0.0306761,-0.542503,0.286543,-0.00490988,-0.276899,-0.121967
0,0,-0.0353054,-0.461579,0.164024,-0.0221389,-0.228291,-0.148435
0,0,-0.00178274,-0.419611,0.273855,0.00274278,-0.248933,-0.145751
0,0,-0.0206951,-0.446297,0.238874,-0.0154811,-0.269863,-0.139992
0,0,0.0591853,-0.255665,0.271613,0.0118373,-0.26408,-0.140396
0,0,0.00987771,-0.156671,0.377599,0.0284901,-0.285711,-0.147819
0,0,0.0912096,-0.0172065,0.380103,0.036728,-0.26975,-0.133817
0,0,0.110275,0.0672971,0.372084,0.0174345,-0.25748,-0.124279
0,0,0.0831896,0.0576092,0.398131,0.0222653,-0.277388,-0.132493
0,0,0.0924489,0.0993655,0.403391,0.0378032,-0.271082,-0.124368
0,0,0.0425048,0.0753664,0.506127,0.0502339,-0.297456,-0.113474
0,0,0.121574,0.0749926,0.473117,0.0513334,-0.28496,-0.117647
0,0,0.104066,0.138301,0.41869,0.0338585,-0.268096,-0.113997
0,0,0.137042,0.207821,0.340073,0.0133219,-0.249006,-0.105793
0,0,0.0654999,0.176013,0.488998,0.0206992,-0.271445,-0.100777
0,0,0.0649655,0.160932,0.378456,-0.0275669,-0.247726,-0.110461
0,0,0.0494217,0.035422,0.337805,-0.0264765,-0.244154,-0.0945433
0,0,0.0844356,-0.0920456,0.424654,0.00501673,-0.2691,-0.114016
0,0,0.112303,-0.00368952,0.328189,-0.0521607,-0.21199,-0.11797
0,0,0.138614,0.0584998,0.299952,-0.057835,-0.216387,-0.110567
0,0,0.0388756,-0.0942721,0.418803,-0.0117921,-0.257597,-0.12136
0,0,0.0456086,-0.0130525,0.280755,-0.0471817,-0.205291,-0.0942037
0,0,0.0219545,-0.079756,0.342423,-0.026047,-0.233527,-0.106549
0,0,0.0792688,-0.068412,0.313778,-0.0241517,-0.21516,-0.0924697
0,0,0.0735648,-0.0556155,0.414909,-0.0201458,-0.221625,-0.0964676
0,0,0.0177976,-0.0120872,0.375758,-0.0283958,-0.235337,-0.0964502
0,0,0.04551,0.0517191,0.428316,-0.0429095,-0.210254,-0.0940372
0,0,0.0701913,-0.0521411,0.464621,-0.0361598,-0.239708,-0.106445
0,0,0.0944534,0.0168979,0.338924,-0.0640993,-0.194587,-0.077319
0,0,0.0898213,-0.0286637,0.467782,-0.0466774,-0.225621,-0.089692
0,0,0.0718914,-0.114884,0.382709,-0.0586102,-0.193841,-0.0714017
0,0,0.0717091,-0.0504268,0.490273,-0.0234793,-0.220454,-0.085218
0,0,0.0172151,0.068635,0.419711,-0.0832274,-0.194238,-0.0882004
0,0,0.0396543,0.0105546,0.492699,-0.0227457,-0.204508,-0.0917324
0,0,0.0451689,-0.0685351,0.42121,-0.0630119,-0.1995,-0.106142
0,0,0.0771229,-0.0271358,0.46968,-0.0540771,-0.194973,-0.082359
0,0,0.0936935,-0.0286699,0.532533,-0.0262131,-0.223944,-0.103082
0,0,0.0767131,-0.0175351,0.524302,-0.062733,-0.202991,-0.0863823
0,0,0.0769977,-3.95607e-05,0.658532,-0.0251347,-0.212537,-0.0992873
0,0,0.0991094,0.0877588,0.500015,-0.0677522,-0.200211,-0.112449

