1481579177,123306527,0.506274,-1.02891,0.316662,-3.08447,2.38475,0.700908,1.02648,1.023120.0259713,0.0256722,-0.0128806,0.0335999,-0.0190725,0.0636938,0,0
1481579177,149256534,0.505311,-1.02891,0.317624,-3.08447,2.38475,0.700908,1.02648,1.023120.0305545,0.00641805,-0.0272852,0.00839999,-0.00476812,0.0159234,0,0
1481579177,149256534,0.505311,-1.02891,0.317624,-3.08447,2.38475,0.700908,1.02648,1.023120.0305545,0.00641805,-0.0272852,0.00839999,-0.00476812,0.0159234,0,0
1481579177,207315733,0.505311,-1.02795,0.317624,-3.08447,2.38594,0.700908,1.02648,1.023120.000477414,0.00310799,-0.000426106,0.00013125,-0.00379287,0.000248804,0,0
1481579177,233291507,0.505311,-1.02795,0.317624,-3.08447,2.38594,0.700908,1.02648,1.023125.96767e-05,0.000388499,-5.32632e-05,1.64062e-05,-0.000474043,3.11005e-05,0,0
1481579177,259264280,0.504349,-1.02698,0.317624,-3.08447,2.38594,0.700908,1.02648,1.023120.0240766,9.71247e-05,-1.33158e-05,4.10156e-06,-0.000118777,7.77512e-06,0,0
1481579177,259264280,0.504349,-1.02698,0.317624,-3.08447,2.38594,0.700908,1.02648,1.023120.0240766,9.71247e-05,-1.33158e-05,4.10156e-06,-0.000118777,7.77512e-06,0,0
1481579177,311278457,0.504349,-1.02698,0.317624,-3.08447,2.38594,0.700908,1.02648,1.023120.000376197,0.00150579,0,6.40868e-08,-1.5979e-06,1.21486e-07,0,0
1481579177,337271131,0.504349,-1.02698,0.317624,-3.08447,2.38594,0.700908,1.02648,1.023129.40491e-05,0.000376447,0,1.60217e-08,-5.32632e-07,3.03716e-08,0,0
1481579177,359280960,0.504349,-1.02698,0.317624,-3.08447,2.38594,0.700908,1.02648,1.023122.35123e-05,9.41117e-05,0,4.00543e-09,0,7.59289e-09,0,0
1481579177,399256336,0.504349,-1.02698,0.317624,-3.08447,2.38594,0.700908,1.02648,1.023121.46952e-06,5.88198e-06,0,2.50339e-10,0,4.74556e-10,0,0
1481579177,425278564,0.504349,-1.02698,0.317624,-3.08447,2.38594,0.700908,1.02648,1.023121.8369e-07,7.35248e-07,0,3.12923e-11,0,5.93197e-11,0,0
1481579177,451281203,0.504349,-1.02698,0.317624,-3.08447,2.38594,0.700908,1.02648,1.023122.29612e-08,9.1906e-08,0,3.91154e-12,0,7.41451e-12,0,0
1481579177,477276880,0.504349,-1.02698,0.317624,-3.08447,2.38594,0.700908,1.02648,1.023125.7403e-09,2.29765e-08,0,9.77884e-13,0,1.85363e-12,0,0
1481579177,497289861,0.504349,-1.02698,0.317624,-3.08447,2.38594,0.700908,1.02648,1.023121.43508e-09,5.74412e-09,0,2.44249e-13,0,4.63629e-13,0,0
1481579177,523331772,0.504349,-1.02698,0.317624,-3.08447,2.38594,0.700908,1.02648,1.023121.79385e-10,7.18015e-10,0,3.01981e-14,0,5.77316e-14,0,0
1481579177,549270126,0.504349,-1.02698,0.317624,-3.08447,2.38594,0.700908,1.02648,1.023124.48459e-11,1.79504e-10,0,7.99361e-15,0,1.42109e-14,0,0
1481579177,575276354,0.504349,-1.02698,0.317624,-3.08447,2.38594,0.700908,1.02648,1.023125.60618e-12,2.24381e-11,0,8.88178e-16,0,1.77636e-15,0,0
1481579177,601273878,0.504349,-1.02698,0.317624,-3.08447,2.38594,0.700908,1.02648,1.023127.00773e-13,2.80487e-12,0,0,0,0,0,0
1481579177,627305920,0.504349,-1.02698,0.317624,-3.08447,2.38594,0.700908,1.02648,1.023121.74971e-13,7.00773e-13,0,0,0,0,0,0
1481579177,647285055,0.504349,-1.02698,0.317624,-3.08447,2.38594,0.700908,1.02648,1.023124.35207e-14,1.74971e-13,0,0,0,0,0,0
1481579177,673274682,0.504349,-1.02698,0.317624,-3.08447,2.38594,0.700908,1.02648,1.023125.32907e-15,2.22045e-14,0,0,0,0,0,0
1481579177,699241701,0.504349,-1.02698,0.317624,-3.08447,2.38594,0.700908,1.02648,1.023121.77636e-15,5.32907e-15,0,0,0,0,0,0
1481579177,725273771,0.504349,-1.02698,0.317624,-3.08447,2.38594,0.700908,1.02648,1.023120,8.88178e-16,0,0,0,0,0,0
1481579177,751283308,0.504349,-1.02698,0.317624,-3.08447,2.38594,0.700908,1.02648,1.023120,0,0,0,0,0,0,0
1481579177,777292078,0.504349,-1.02698,0.317624,-3.08447,2.38594,0.700908,1.02648,1.023120,0,0,0,0,0,0,0
1481579177,797267180,0.504349,-1.02698,0.317624,-3.08447,2.38594,0.700908,1.02648,1.023120,0,0,0,0,0,0,0
1481579177,823303264,0.504349,-1.02698,0.317624,-3.08447,2.38594,0.700908,1.02648,1.023120,0,0,0,0,0,0,0
1481579177,849271072,0.504349,-1.02698,0.317624,-3.08447,2.38594,0.700908,1.02648,1.023120,0,0,0,0,0,0,0
1481579177,875307662,0.504349,-1.02698,0.317624,-3.08447,2.38594,0.700908,1.02648,1.023120,0,0,0,0,0,0,0
1481579177,901299128,0.504349,-1.02698,0.317624,-3.08447,2.38594,0.700908,1.02648,1.023120,0,0,0,0,0,0,0
1481579177,927312120,0.504349,-1.02698,0.317624,-3.08447,2.38594,0.700908,1.02648,1.023120,0,0,0,0,0,0,0
1481579177,947304157,0.504349,-1.02698,0.317624,-3.08447,2.38594,0.700908,1.02648,1.023120,0,0,0,0,0,0,0
1481579177,973260351,0.504349,-1.02698,0.317624,-3.08447,2.38594,0.700908,1.02648,1.023120,0,0,0,0,0,0,0
1481579177,999284274,0.504349,-1.02698,0.317624,-3.08447,2.38594,0.700908,1.02648,1.023120,0,0,0,0,0,0,0
1481579178,25287248,0.504349,-1.02698,0.317624,-3.08447,2.38594,0.700908,1.02648,1.023120,0,0,0,0,0,0,0
1481579178,51282342,0.504349,-1.02698,0.317624,-3.08447,2.38594,0.700908,1.02648,1.023120,0,0,0,0,0,0,0
1481579178,71271376,0.504349,-1.02698,0.317624,-3.08447,2.38594,0.700908,1.02648,1.023120,0,0,0,0,0,0,0
1481579178,97263668,0.504349,-1.02698,0.317624,-3.08447,2.38594,0.700908,1.02648,1.023120,0,0,0,0,0,0,0
1481579178,123276567,0.504349,-1.02698,0.317624,-3.08447,2.38594,0.700908,1.02648,1.023120,0,0,0,0,0,0,0
1481579178,149266512,0.504349,-1.02698,0.317624,-3.08447,2.38594,0.700908,1.02648,1.023120,0,0,0,0,0,0,0
1481579178,175277564,0.504349,-1.02698,0.317624,-3.08447,2.38594,0.700908,1.02648,1.023120,0,0,0,0,0,0,0
1481579178,201301343,0.504349,-1.02698,0.317624,-3.08447,2.38594,0.700908,1.02648,1.023120,0,0,0,0,0,0,0
1481579178,227297154,0.504349,-1.02698,0.317624,-3.08447,2.38594,0.700908,1.02648,1.023120,0,0,0,0,0,0,0
1481579178,247303242,0.504349,-1.02698,0.317624,-3.08447,2.38594,0.700908,1.02648,1.023120,0,0,0,0,0,0,0
1481579178,273242325,0.504349,-1.02698,0.317624,-3.08447,2.38594,0.700908,1.02648,1.023120,0,0,0,0,0,0,0
1481579178,299292401,0.504349,-1.02698,0.317624,-3.08447,2.38594,0.700908,1.02648,1.023120,0,0,0,0,0,0,0
1481579178,325308897,0.504349,-1.02698,0.317624,-3.08447,2.38594,0.700908,1.02648,1.023120,0,0,0,0,0,0,0
1481579178,351287392,0.504349,-1.02698,0.317624,-3.08447,2.38594,0.700908,1.02648,1.023120,0,0,0,0,0,0,0
1481579178,377278583,0.504349,-1.02698,0.317624,-3.08447,2.38594,0.700908,1.02648,1.023120,0,0,0,0,0,0,0
1481579178,397266337,0.504349,-1.02698,0.317624,-3.08447,2.38594,0.700908,1.02648,1.023120,0,0,0,0,0,0,0
1481579178,423280902,0.504349,-1.02698,0.317624,-3.08447,2.38594,0.700908,1.02648,1.023120,0,0,0,0,0,0,0
1481579178,449287800,0.504349,-1.02698,0.317624,-3.08447,2.38594,0.700908,1.02648,1.023120,0,0,0,0,0,0,0
1481579178,475277837,0.504349,-1.02698,0.317624,-3.08447,2.38594,0.700908,1.02648,1.023120,0,0,0,0,0,0,0
1481579178,501297912,0.504349,-1.02698,0.317624,-3.08447,2.38594,0.700908,1.02648,1.023120,0,0,0,0,0,0,0
1481579178,521317685,0.504349,-1.02698,0.317624,-3.08447,2.38594,0.700908,1.02648,1.023120,0,0,0,0,0,0,0
1481579178,547290511,0.504349,-1.02698,0.317624,-3.08447,2.38594,0.700908,1.02648,1.023120,0,0,0,0,0,0,0
1481579178,573264521,0.504349,-1.02698,0.317624,-3.08447,2.38594,0.700908,1.02648,1.023120,0,0,0,0,0,0,0
1481579178,599273725,0.504349,-1.02698,0.317624,-3.08447,2.38594,0.700908,1.02648,1.023120,0,0,0,0,0,0,0
1481579178,625292069,0.504349,-1.02698,0.317624,-3.08447,2.38594,0.700908,1.02648,1.023120,0,0,0,0,0,0,0
1481579178,651283730,0.504349,-1.02698,0.317624,-3.08447,2.38594,0.700908,1.02648,1.023120,0,0,0,0,0,0,0
1481579178,671285798,0.504349,-1.02698,0.317624,-3.08447,2.38594,0.700908,1.02648,1.023120,0,0,0,0,0,0,0
1481579178,697257806,0.504349,-1.02698,0.317624,-3.08447,2.38594,0.700908,1.02648,1.023120,0,0,0,0,0,0,0
1481579178,723266575,0.504349,-1.02698,0.317624,-3.08447,2.38594,0.700908,1.02648,1.023120,0,0,0,0,0,0,0
1481579178,749265774,0.504349,-1.02698,0.317624,-3.08447,2.38594,0.700908,1.02648,1.023120,0,0,0,0,0,0,0
1481579178,775289267,0.504349,-1.02698,0.317624,-3.08447,2.38594,0.700908,1.02648,1.023120,0,0,0,0,0,0,0
1481579178,801261329,0.504349,-1.02698,0.317624,-3.08447,2.38594,0.700908,1.02648,1.023120,0,0,0,0,0,0,0
1481579178,821285251,0.504349,-1.02698,0.317624,-3.08447,2.38594,0.700908,1.02648,1.023120,0,0,0,0,0,0,0
1481579178,847284637,0.504349,-1.02698,0.317624,-3.08447,2.38594,0.700908,1.02648,1.023120,0,0,0,0,0,0,0
1481579178,873260291,0.504349,-1.02698,0.317624,-3.08447,2.38594,0.700908,1.02648,1.023120,0,0,0,0,0,0,0
1481579178,899256449,0.504349,-1.02698,0.317624,-3.08447,2.38594,0.700908,1.02648,1.023120,0,0,0,0,0,0,0
1481579178,925286375,0.504349,-1.02698,0.317624,-3.08447,2.38594,0.700908,1.02648,1.023120,0,0,0,0,0,0,0
1481579178,951287463,0.504349,-1.02698,0.317624,-3.08447,2.38594,0.700908,1.02648,1.023120,0,0,0,0,0,0,0
1481579178,977271606,0.504349,-1.02698,0.317624,-3.08447,2.38594,0.700908,1.02648,1.023120,0,0,0,0,0,0,0
1481579178,997256894,0.504349,-1.02698,0.317624,-3.08447,2.38594,0.700908,1.02648,1.023120,0,0,0,0,0,0,0
1481579179,23296132,0.504349,-1.02698,0.317624,-3.08447,2.38594,0.700908,1.02648,1.023120,0,0,0,0,0,0,0
1481579179,49267769,0.504349,-1.02698,0.317624,-3.08447,2.38594,0.700908,1.02648,1.023120,0,0,0,0,0,0,0
1481579179,75286790,0.504349,-1.02698,0.317624,-3.08447,2.38594,0.700908,1.02648,1.023120,0,0,0,0,0,0,0
1481579179,101257530,0.504349,-1.02698,0.317624,-3.08447,2.38594,0.700908,1.02648,1.023120,0,0,0,0,0,0,0
1481579179,127275571,0.504349,-1.02698,0.317624,-3.08447,2.38594,0.700908,1.02648,1.023120,0,0,0,0,0,0,0
1481579179,147268344,0.504349,-1.02698,0.317624,-3.08447,2.38594,0.700908,1.02648,1.023120,0,0,0,0,0,0,0
1481579179,173258533,0.504349,-1.02698,0.317624,-3.08447,2.38594,0.700908,1.02648,1.023120,0,0,0,0,0,0,0
1481579179,199240063,0.504349,-1.02698,0.317624,-3.08447,2.38594,0.700908,1.02648,1.023120,0,0,0,0,0,0,0
1481579179,225297662,0.504349,-1.02698,0.317624,-3.08447,2.38594,0.700908,1.02648,1.023120,0,0,0,0,0,0,0
1481579179,252262771,0.504349,-1.02698,0.317624,-3.08447,2.38594,0.700908,1.02648,1.023120,0,0,0,0,0,0,0
1481579179,272283035,0.504349,-1.02698,0.317624,-3.08447,2.38594,0.700908,1.02648,1.023120,0,0,0,0,0,0,0
1481579179,298288200,0.504349,-1.02698,0.317624,-3.08447,2.38594,0.700908,1.02648,1.023120,0,0,0,0,0,0,0
1481579179,324273974,0.504349,-1.02698,0.317624,-3.08447,2.38594,0.700908,1.02648,1.023120,0,0,0,0,0,0,0
1481579179,350268938,0.504349,-1.02698,0.317624,-3.08447,2.38594,0.700908,1.02648,1.023120,0,0,0,0,0,0,0
1481579179,376321021,0.504349,-1.02698,0.317624,-3.08447,2.38594,0.700908,1.02648,1.023120,0,0,0,0,0,0,0
1481579179,396265523,0.504349,-1.02698,0.317624,-3.08447,2.38594,0.700908,1.02648,1.023120,0,0,0,0,0,0,0
1481579179,422299075,0.504349,-1.02698,0.317624,-3.08447,2.38594,0.700908,1.02648,1.023120,0,0,0,0,0,0,0
1481579179,448269089,0.504349,-1.02698,0.317624,-3.08447,2.38594,0.700908,1.02648,1.023120,0,0,0,0,0,0,0
1481579179,474251161,0.504349,-1.02698,0.317624,-3.08447,2.38594,0.700908,1.02648,1.023120,0,0,0,0,0,0,0
1481579179,500280321,0.504349,-1.02698,0.317624,-3.08447,2.38594,0.700908,1.02648,1.023120,0,0,0,0,0,0,0
1481579179,526294889,0.504349,-1.02698,0.317624,-3.08447,2.38594,0.700908,1.02648,1.023120,0,0,0,0,0,0,0
1481579179,546264057,0.504349,-1.02698,0.317624,-3.08447,2.38594,0.700908,1.02648,1.023120,0,0,0,0,0,0,0
1481579179,572317844,0.504349,-1.02698,0.317624,-3.08447,2.38594,0.700908,1.02648,1.023120,0,0,0,0,0,0,0
1481579179,598291085,0.504349,-1.02698,0.317624,-3.08447,2.38594,0.700908,1.02648,1.023120,0,0,0,0,0,0,0
1481579179,624298010,0.504349,-1.02698,0.317624,-3.08447,2.38594,0.700908,1.02648,1.023120,0,0,0,0,0,0,0
1481579179,650270476,0.504349,-1.02698,0.317624,-3.08447,2.38594,0.700908,1.02648,1.023120,0,0,0,0,0,0,0
1481579179,676273840,0.504349,-1.02698,0.317624,-3.08447,2.38594,0.700908,1.02648,1.023120,0,0,0,0,0,0,0
1481579179,702280579,0.504349,-1.02698,0.317624,-3.08447,2.38594,0.700908,1.02648,1.023120,0,0,0,0,0,0,0
1481579179,722257757,0.504349,-1.02698,0.317624,-3.08447,2.38594,0.700908,1.02648,1.023120,0,0,0,0,0,0,0
1481579179,748272574,0.504349,-1.02698,0.317624,-3.08447,2.38594,0.700908,1.02648,1.023120,0,0,0,0,0,0,0
1481579179,774266918,0.504349,-1.02698,0.317624,-3.08447,2.38594,0.700908,1.02648,1.023120,0,0,0,0,0,0,0
1481579179,800251726,0.504349,-1.02698,0.317624,-3.08447,2.38594,0.700908,1.02648,1.023120,0,0,0,0,0,0,0
1481579179,826299552,0.504349,-1.02698,0.317624,-3.08447,2.38594,0.700908,1.02648,1.023120,0,0,0,0,0,0,0
1481579179,852258596,0.504349,-1.02698,0.317624,-3.08447,2.38594,0.700908,1.02648,1.023120,0,0,0,0,0,0,0
1481579179,872252384,0.504349,-1.02698,0.317624,-3.08447,2.38594,0.700908,1.02648,1.023120,0,0,0,0,0,0,0
1481579179,898250186,0.504349,-1.02698,0.317624,-3.08447,2.38594,0.700908,1.02648,1.023120,0,0,0,0,0,0,0
1481579179,924274422,0.504349,-1.02698,0.317624,-3.08447,2.38594,0.700908,1.02648,1.023120,0,0,0,0,0,0,0
1481579179,950274864,0.504349,-1.02698,0.317624,-3.08447,2.38594,0.700908,1.02648,1.023120,0,0,0,0,0,0,0
1481579179,976232220,0.504349,-1.02698,0.317624,-3.08447,2.38594,0.700908,1.02648,1.023120,0,0,0,0,0,0,0
1481579179,996263718,0.504349,-1.02698,0.317624,-3.08447,2.38594,0.700908,1.02648,1.023120,0,0,0,0,0,0,0
1481579180,22315181,0.504349,-1.02698,0.317624,-3.08447,2.38594,0.700908,1.02648,1.023120,0,0,0,0,0,0,0
1481579180,48267938,0.504349,-1.02698,0.317624,-3.08447,2.38594,0.700908,1.02648,1.023120,0,0,0,0,0,0,0
1481579180,71260041,0.504349,-1.02698,0.317624,-3.08447,2.38594,0.700908,1.02648,1.023120,0,0,0,0,0,0,0
1481579180,97237638,0.504349,-1.02698,0.317624,-3.08447,2.38594,0.700908,1.02648,1.023120,0,0,0,0,0,0,0
1481579180,123263524,0.504349,-1.02698,0.317624,-3.08447,2.38594,0.700908,1.02648,1.023120,0,0,0,0,0,0,0
1481579180,149281243,0.504349,-1.02698,0.317624,-3.08447,2.38594,0.700908,1.02648,1.023120,0,0,0,0,0,0,0
1481579180,175282577,0.504349,-1.02698,0.317624,-3.08447,2.38594,0.700908,1.02648,1.023120,0,0,0,0,0,0,0
1481579180,201255828,0.504349,-1.02698,0.317624,-3.08447,2.38594,0.700908,1.02648,1.023120,0,0,0,0,0,0,0
1481579180,227286631,0.504349,-1.02698,0.317624,-3.08447,2.38594,0.700908,1.02648,1.023120,0,0,0,0,0,0,0
1481579180,247278025,0.504349,-1.02698,0.317624,-3.08447,2.38475,0.700908,1.02648,1.023120,0,0,0,0,0,0,0
1481579180,273263904,0.504349,-1.02698,0.317624,-3.08447,2.38237,0.700908,1.02648,1.023120,0,0,0,0.133864,0,0,0
1481579180,299247626,0.504349,-1.02795,0.317624,-3.08447,2.37761,0.700908,1.02648,1.023120,-0.0481366,0,0,0.122722,0,0,0
1481579180,325256332,0.504349,-1.02987,0.317624,-3.08328,2.37404,0.700908,1.02648,1.023120,-0.0541405,0,-0.0594998,0.193852,0,0,0
1481579180,351261208,0.504349,-1.03084,0.315699,-3.07971,2.36571,0.700908,1.02648,1.023120,-0.0669215,0.0601558,-0.111562,0.262225,0,0,0
1481579180,377269186,0.504349,-1.03468,0.312812,-3.07614,2.35738,0.700908,1.02648,1.023120,-0.137039,0.0872239,-0.11714,0.244068,0,0,0
1481579180,397258936,0.504349,-1.03661,0.310887,-3.07376,2.35143,0.700908,1.02648,1.023120,-0.106444,0.0939943,-0.118535,0.328771,0,0,0
1481579180,423299787,0.504349,-1.0395,0.307999,-3.07019,2.34429,0.700908,1.02648,1.023120,-0.121587,0.144095,-0.178441,0.338585,0,0,0
1481579180,449276912,0.503386,-1.04335,0.305112,-3.06662,2.33477,0.700908,1.02648,1.023120.0481366,-0.150705,0.108209,-0.133861,0.352387,0,0,0
1481579180,475262058,0.503386,-1.04816,0.302224,-3.06305,2.32763,0.700908,1.02648,1.023120.00601708,-0.127122,0.145869,-0.180357,0.341557,0,0,0
1481579180,501282346,0.503386,-1.05105,0.298374,-3.05948,2.31692,0.700908,1.02648,1.023120.000752135,-0.160261,0.126514,-0.141544,0.355057,0,0,0
1481579180,521256300,0.503386,-1.05394,0.295487,-3.05591,2.30978,0.702098,1.02648,1.023120.000188034,-0.160387,0.127879,-0.184136,0.356505,-0.059495,0,0
1481579180,547264734,0.503386,-1.05875,0.290674,-3.05234,2.29907,0.703288,1.02648,1.023124.70084e-05,-0.160405,0.152285,-0.165033,0.356894,-0.0148738,0,0
1481579180,573244078,0.503386,-1.06164,0.287787,-3.04877,2.29193,0.703288,1.02648,1.023125.87605e-06,-0.164434,0.139351,-0.184254,0.356974,-0.0167332,0,0
1481579180,599241535,0.503386,-1.06548,0.282974,-3.04401,2.28003,0.705668,1.02648,1.023121.46901e-06,-0.161417,0.131084,-0.135313,0.356984,-0.0339574,0,0
1481579180,625250920,0.503386,-1.0703,0.280087,-3.04163,2.27289,0.705668,1.02648,1.023121.83627e-07,-0.176591,0.136702,-0.135914,0.371866,-0.0191183,0,0
1481579180,651272570,0.503386,-1.07415,0.275274,-3.03687,2.26218,0.706858,1.02648,1.023122.29533e-08,-0.178475,0.161464,-0.135989,0.358865,-0.0172637,0,0
1481579180,671293991,0.503386,-1.07704,0.272387,-3.03449,2.25504,0.708048,1.02648,1.023125.73833e-09,-0.16494,0.136613,-0.0934972,0.357471,-0.0340634,0,0
1481579180,697251434,0.503386,-1.08088,0.266612,-3.02973,2.24314,0.709238,1.02648,1.023121.43458e-09,-0.161544,0.178526,-0.142374,0.416617,-0.0680107,0,0
1481579180,723248981,0.502424,-1.08473,0.263724,-3.02735,2.236,0.710428,1.02648,1.023120.0481233,-0.176594,0.166694,-0.0921715,0.364459,-0.0382489,0,0
1481579180,749246293,0.502424,-1.08858,0.258912,-3.02259,2.2241,0.712808,1.02648,1.023120.0120308,-0.164464,0.18605,-0.142042,0.418364,-0.0393099,0,0
1481579180,775249692,0.502424,-1.0934,0.255062,-3.01902,2.21696,0.712808,1.02648,1.023120.00150385,-0.128835,0.179664,-0.15163,0.364678,-0.0197873,0,0
1481579180,801260122,0.502424,-1.09628,0.250249,-3.01426,2.20625,0.715188,1.02648,1.023120.000187982,-0.160478,0.178865,-0.152829,0.328199,-0.0768423,0,0
1481579180,821267037,0.502424,-1.09917,0.246399,-3.01069,2.19792,0.716378,1.02648,1.023124.69954e-05,-0.136366,0.189093,-0.186957,0.379565,-0.0787055,0,0
1481579180,847257132,0.502424,-1.10398,0.241587,-3.00593,2.18602,0.717569,1.02648,1.023121.17489e-05,-0.154413,0.19165,-0.135989,0.362645,-0.0196765,0,0
1481579180,873268785,0.502424,-1.10687,0.237737,-3.00355,2.17888,0.718758,1.02648,1.023121.46861e-06,-0.163671,0.180364,-0.165748,0.372567,-0.0768418,0,0
1481579180,899241883,0.501461,-1.11072,0.232924,-2.99879,2.16698,0.719948,1.02648,1.023120.0481237,-0.161239,0.141344,-0.130687,0.360909,-0.0787055,0,0
1481579180,925248859,0.501461,-1.11553,0.229074,-2.99641,2.15984,0.721138,1.02648,1.023120.00601546,-0.128433,0.186103,-0.165086,0.37235,-0.0395858,0,0
1481579180,951259716,0.501461,-1.11842,0.224262,-2.99165,2.14794,0.722328,1.02648,1.023120.000751933,-0.160437,0.143573,-0.18426,0.38866,-0.0346957,0,0
1481579180,971302196,0.501461,-1.12131,0.220412,-2.98927,2.1408,0.723518,1.02648,1.023120.000187983,-0.160418,0.180267,-0.135315,0.364906,-0.0384214,0,0
1481579180,997231122,0.501461,-1.12516,0.214637,-2.98451,2.1289,0.725898,1.02648,1.023124.69958e-05,-0.11229,0.18944,-0.152828,0.358967,-0.039353,0,0
1481579181,23252649,0.501461,-1.12805,0.210787,-2.98213,2.12176,0.727088,1.02648,1.023125.87447e-06,-0.158413,0.19212,-0.0934786,0.372114,-0.0495401,0,0
1481579181,49254258,0.501461,-1.1319,0.205974,-2.97737,2.10986,0.729468,1.02648,1.023121.46862e-06,-0.159912,0.168338,-0.142369,0.420291,-0.0421328,0,0
1481579181,75280971,0.501461,-1.13671,0.202124,-2.97499,2.10272,0.730658,1.02648,1.023121.83577e-07,-0.12828,0.189482,-0.0921709,0.364899,-0.0796887,0,0
1481579181,101258267,0.501461,-1.13863,0.19635,-2.97023,2.09082,0.733038,1.02648,1.023122.29472e-08,-0.112282,0.19212,-0.130521,0.387742,-0.0992038,0,0
1481579181,121250841,0.501461,-1.14152,0.1925,-2.96666,2.0825,0.734228,1.02648,1.023125.73679e-09,-0.124317,0.192403,-0.15163,0.424171,-0.084296,0,0
1481579181,147251962,0.501461,-1.14537,0.186725,-2.96309,2.07178,0.735418,1.02648,1.023121.4342e-09,-0.151394,0.192477,-0.186657,0.373784,-0.0805691,0,0
1481579181,173243908,0.501461,-1.14826,0.182875,-2.95952,2.06346,0.737798,1.02648,1.023121.79274e-10,-0.151263,0.192495,-0.142332,0.4186,-0.0993135,0,0
1481579181,199281412,0.500499,-1.15211,0.1771,-2.95476,2.05155,0.738988,1.02648,1.023120.0240617,-0.158137,0.192497,-0.184333,0.372391,-0.0843237,0,0
1481579181,225262668,0.500499,-1.15596,0.17325,-2.95119,2.04442,0.741368,1.02648,1.023120.00300771,-0.152106,0.192502,-0.186666,0.373791,-0.0997828,0,0
1481579181,251248111,0.500499,-1.15885,0.167475,-2.94762,2.03251,0.742557,1.02648,1.023120.000375963,-0.151366,0.192498,-0.127458,0.418601,-0.0422202,0,0
1481579181,277239769,0.500499,-1.1627,0.1617,-2.94286,2.02061,0.744938,1.02648,1.023129.39909e-05,-0.110026,0.192498,-0.180614,0.372404,-0.0998243,0,0
1481579181,297243874,0.499536,-1.16462,0.15785,-2.94048,2.01347,0.747318,1.02648,1.023120.0481468,-0.123753,0.192498,-0.134403,0.39059,-0.084451,0,0
1481579181,323247587,0.499536,-1.16751,0.154,-2.93691,2.00515,0.748508,1.02648,1.023120.00601835,-0.12376,0.192497,-0.180425,0.39094,-0.084925,0,0
1481579181,349270732,0.499536,-1.1704,0.147262,-2.93215,1.99325,0.750888,1.02648,1.023120.00150459,-0.103125,0.216566,-0.134356,0.424971,-0.0807263,0,0
1481579181,375254062,0.498574,-1.17425,0.143412,-2.92977,1.98611,0.752078,1.02648,1.023120.0483114,-0.121168,0.195506,-0.135795,0.365504,-0.0844595,0,0
1481579181,401268996,0.498574,-1.17713,0.137637,-2.92501,1.97421,0.754458,1.02648,1.023120.00603892,-0.147492,0.192873,-0.165724,0.372944,-0.0849261,0,0
1481579181,421247754,0.498574,-1.17906,0.132825,-2.92263,1.96588,0.755647,1.02648,1.023120.00150973,-0.109058,0.21666,-0.130681,0.420485,-0.0509793,0,0
1481579181,447259410,0.497611,-1.18291,0.12705,-2.91787,1.95398,0.758028,1.02648,1.023120.0485008,-0.123511,0.198542,-0.151669,0.372862,-0.102014,0,0
1481579181,473265740,0.497611,-1.18483,0.1232,-2.91549,1.94684,0.760408,1.02648,1.023120.00606259,-0.0996613,0.193256,-0.123084,0.373864,-0.101994,0,0
1481579181,499240114,0.497611,-1.18868,0.116462,-2.91073,1.93494,0.762788,1.02648,1.023120.00151565,-0.145224,0.192691,-0.14977,0.420702,-0.0849937,0,0
1481579181,525276167,0.497611,-1.19157,0.112612,-2.90716,1.92661,0.763978,1.02648,1.023120.000189456,-0.102369,0.204557,-0.152596,0.424465,-0.0849932,0,0
1481579181,551247887,0.496649,-1.1935,0.105875,-2.9024,1.91471,0.766358,1.02648,1.023120.048147,-0.0970152,0.206035,-0.15295,0.424935,-0.0552451,0,0
1481579181,577251920,0.496649,-1.19735,0.1001,-2.89883,1.904,0.769928,1.02648,1.023120.0120368,-0.120501,0.195882,-0.186986,0.373988,-0.103054,0,0
1481579181,597242067,0.496649,-1.19927,0.0952872,-2.89526,1.89567,0.771118,1.02648,1.023120.00300919,-0.10231,0.241467,-0.165747,0.420733,-0.0555376,0,0
1481579181,623268042,0.496649,-1.20216,0.0914372,-2.89169,1.88734,0.772308,1.02648,1.023120.000376148,-0.145134,0.198623,-0.184342,0.394708,-0.0515636,0,0
1481579181,649263408,0.495686,-1.20505,0.0846998,-2.88693,1.87544,0.775878,1.02648,1.023120.0241557,-0.108468,0.218094,-0.135335,0.396165,-0.102133,0,0
1481579181,675255967,0.495686,-1.20793,0.0798872,-2.88455,1.86711,0.777068,1.02648,1.023120.00301946,-0.0977742,0.219765,-0.135917,0.391637,-0.0871354,0,0
1481579181,701236770,0.495686,-1.21082,0.0731498,-2.87979,1.85521,0.779448,1.02648,1.023120.000377433,-0.120503,0.219967,-0.180614,0.391084,-0.0852606,0,0
1481579181,727270817,0.495686,-1.21371,0.0664123,-2.87503,1.84331,0.781827,1.02648,1.023129.43582e-05,-0.102311,0.199365,-0.104654,0.365512,-0.110558,0,0
1481579181,747266617,0.495686,-1.21563,0.0625623,-2.87146,1.83498,0.784208,1.02648,1.023122.35895e-05,-0.0977625,0.218276,-0.145164,0.388866,-0.0871876,0,0
1481579181,773272752,0.494724,-1.21756,0.0577498,-2.86908,1.82784,0.786588,1.02648,1.023120.0240713,-0.0964427,0.219783,-0.137145,0.375851,-0.115015,0,0
1481579181,799221312,0.494724,-1.22045,0.0510123,-2.86432,1.81475,0.788968,1.02648,1.023120.00601782,-0.0962956,0.247446,-0.183035,0.391451,-0.0882486,0,0
1481579181,825263159,0.494724,-1.22333,0.0461999,-2.86075,1.80761,0.791348,1.02648,1.023120.000752227,-0.096253,0.223432,-0.186504,0.376174,-0.115148,0,0
1481579181,873276294,0.493761,-1.22718,0.0346499,-2.85361,1.78738,0.796108,1.02648,1.023120.00603892,-0.0962482,0.229563,-0.135984,0.376181,-0.111486,0,0
1481579181,899242603,0.493761,-1.23007,0.0279125,-2.84885,1.77548,0.798488,1.02648,1.023120.00150973,-0.0962472,0.249891,-0.152996,0.39156,-0.117114,0,0
1481579181,925245559,0.492799,-1.23296,0.0231,-2.84528,1.76715,0.800868,1.02648,1.023120.0242504,-0.0962466,0.223733,-0.153,0.391055,-0.103882,0,0
1481579181,951241776,0.492799,-1.23488,0.0163625,-2.84052,1.75525,0.803248,1.02648,1.023120.0030313,-0.0962498,0.220465,-0.152999,0.376124,-0.0873538,0,0
1481579181,971241465,0.491836,-1.23681,0.01155,-2.83695,1.74692,0.805628,1.02648,1.023120.0488811,-0.0962477,0.223551,-0.187,0.391546,-0.111081,0,0
1481579181,997243467,0.491836,-1.23873,0.00481247,-2.83219,1.73502,0.808007,1.02648,1.023120.0122203,-0.072185,0.224323,-0.136,0.425136,-0.117013,0,0
1481579182,23297978,0.491836,-1.24066,0,-2.82981,1.72669,0.810388,1.02648,1.023120.00152754,-0.0932522,0.220539,-0.135999,0.395278,-0.103896,0,0
1481579182,49272140,0.491836,-1.24355,-0.0077,-2.82505,1.71479,0.813958,1.02648,1.023120.000381884,-0.0954983,0.2717,-0.153,0.396321,-0.115216,0,0
1481579182,75255174,0.490874,-1.24643,-0.0125125,-2.82029,1.70646,0.816338,1.02648,1.023120.0241094,-0.0961529,0.226459,-0.2125,0.391676,-0.118518,0,0
1481579182,101238894,0.490874,-1.2474,-0.0202125,-2.81553,1.69337,0.819907,1.02648,1.023120.00301367,-0.0721733,0.256901,-0.190186,0.435717,-0.118931,0,0
1481579182,121275793,0.489911,-1.24932,-0.0250249,-2.81315,1.68504,0.821097,1.02648,1.023120.0488767,-0.0902417,0.256722,-0.136796,0.436179,-0.0892276,0,0
1481579182,147252001,0.489911,-1.25221,-0.0327249,-2.8072,1.67314,0.824668,1.02648,1.023120.0122192,-0.0947452,0.256677,-0.153199,0.436281,-0.111576,0,0
1481579182,173262525,0.489911,-1.25317,-0.0375374,-2.80482,1.66481,0.827048,1.02648,1.023120.0015274,-0.0719975,0.260675,-0.13815,0.396651,-0.118063,0,0
1481579182,199254441,0.489911,-1.25606,-0.0442749,-2.79887,1.65172,0.830618,1.02648,1.023120.00038185,-0.0901842,0.233604,-0.183287,0.396651,-0.118758,0,0
1481579182,225288714,0.488949,-1.25798,-0.0500499,-2.79649,1.64339,0.832997,1.02648,1.023120.0241094,-0.0714404,0.269822,-0.141911,0.436319,-0.118961,0,0
1481579182,251247226,0.488949,-1.25895,-0.0567874,-2.79173,1.63387,0.835378,1.02648,1.023120.00301367,-0.0450223,0.250291,-0.136739,0.307427,-0.0892921,0,0
1481579182,271255301,0.488949,-1.25991,-0.0596749,-2.78935,1.62911,0.836568,1.02648,1.023120.000753418,-0.0353172,0.158826,-0.123434,0.225621,-0.0818182,0,0
1481579182,297237102,0.488949,-1.26087,-0.0625623,-2.78935,1.62673,0.836568,1.02648,1.023120.000188355,-0.0328911,0.0878298,-0.0308586,0.0861527,-0.0204547,0,0
1481579182,323238224,0.488949,-1.26087,-0.0635249,-2.78935,1.62673,0.837758,1.02648,1.023122.35443e-05,-0.00411139,0.0470746,-0.00385732,0.0256428,-0.0323041,0,0
1481579182,349239081,0.488949,-1.26087,-0.0635249,-2.78935,1.62911,0.837758,1.02648,1.023125.88608e-06,-0.00102798,0.0117686,-0.000964064,-0.0530843,-0.0080763,0,0
1481579182,375265032,0.488949,-1.26087,-0.0635249,-2.78935,1.63149,0.837758,1.02648,1.023127.3576e-07,-0.000128364,0.00147108,-0.000120375,-0.110765,-0.00100934,0,0
1481579182,401280880,0.488949,-1.26087,-0.0615998,-2.79173,1.63863,0.836568,1.02648,1.023129.197e-08,-1.5979e-05,-0.0720044,0.0892333,-0.222092,0.0593688,0,0
1481579182,421247889,0.488949,-1.26087,-0.0596749,-2.79292,1.64458,0.836568,1.02648,1.023122.29925e-08,-4.26106e-06,-0.0901864,0.0818083,-0.293529,0.0148422,0,0
1481579182,447264257,0.488949,-1.26087,-0.0558249,-2.79649,1.65291,0.834187,1.02648,1.023125.74813e-09,-1.06526e-06,-0.118797,0.109702,-0.311389,0.0930063,0,0
1481579182,473260335,0.488949,-1.26087,-0.0519749,-2.79887,1.66005,0.831807,1.02648,1.023127.18516e-10,0,-0.171254,0.117838,-0.336412,0.100868,0,0
1481579182,499236426,0.488949,-1.25991,-0.0471625,-2.80363,1.67076,0.829428,1.02648,1.023121.79629e-10,0.0481233,-0.187187,0.118709,-0.351844,0.0847121,0,0
1481579182,525229484,0.488949,-1.25798,-0.0433125,-2.80601,1.6779,0.827048,1.02648,1.023122.2454e-11,0.0300771,-0.179802,0.133838,-0.356362,0.114705,0,0
1481579182,551235777,0.488949,-1.25702,-0.0365749,-2.81077,1.6898,0.824668,1.02648,1.023122.80664e-12,0.0398521,-0.202946,0.13573,-0.386681,0.103581,0,0
1481579182,571241867,0.488949,-1.2551,-0.0317625,-2.81315,1.69694,0.822288,1.02648,1.023127.01661e-13,0.0821547,-0.243237,0.123182,-0.364425,0.115138,0,0
1481579182,597235202,0.488949,-1.25317,-0.0250249,-2.81791,1.70884,0.819907,1.02648,1.023121.75859e-13,0.0446003,-0.253306,0.149796,-0.388595,0.0585586,0,0
1481579182,623243742,0.488949,-1.25125,-0.0211749,-2.82148,1.71717,0.817528,1.02648,1.023122.22045e-14,0.0897909,-0.200103,0.152599,-0.390704,0.111436,0,0
1481579182,649255487,0.488949,-1.24932,-0.0134749,-2.82624,1.72907,0.815148,1.02648,1.023125.32907e-15,0.0946327,-0.218464,0.1869,-0.424925,0.117102,0,0
1481579182,675269273,0.488949,-1.24643,-0.00866246,-2.82981,1.7374,0.812768,1.02648,1.023128.88178e-16,0.0840207,-0.255902,0.186987,-0.424993,0.10388,0,0
1481579182,701233931,0.488949,-1.24451,-0.00192507,-2.83457,1.7493,0.809198,1.02648,1.023120,0.0947184,-0.212454,0.186998,-0.425001,0.117101,0,0
1481579182,721222022,0.488949,-1.24258,0.00288753,-2.83695,1.75763,0.808007,1.02648,1.023120,0.0958646,-0.245616,0.136,-0.4335,0.0888236,0,0
1481579182,747246955,0.488949,-1.24066,0.00962493,-2.84171,1.76953,0.804438,1.02648,1.023120,0.0720895,-0.253904,0.153,-0.376116,0.111448,0,0
1481579182,773307846,0.488949,-1.23873,0.0154,-2.84528,1.77786,0.802058,1.02648,1.023120,0.0932337,-0.272365,0.152999,-0.433766,0.118047,0,0
1481579182,799257096,0.488949,-1.23585,0.0211749,-2.85004,1.78857,0.799678,1.02648,1.023120,0.0954934,-0.212468,0.187,-0.376182,0.0890069,0,0
1481579182,825283535,0.488949,-1.23296,0.0259874,-2.85361,1.7969,0.797298,1.02648,1.023120,0.0961525,-0.219055,0.187,-0.389139,0.115242,0,0
1481579182,851264173,0.488949,-1.23103,0.0327249,-2.85837,1.8088,0.794917,1.02648,1.023120,0.0962415,-0.207853,0.186998,-0.375898,0.0888273,0,0
1481579182,877244350,0.488949,-1.22815,0.0404249,-2.86194,1.8207,0.792538,1.02648,1.023120,0.120307,-0.268521,0.136,-0.391463,0.111449,0,0
1481579182,897236364,0.488949,-1.22622,0.0442749,-2.86551,1.82903,0.790158,1.02648,1.023120,0.102262,-0.211503,0.18275,-0.425102,0.0873574,0,0
1481579182,923249386,0.489911,-1.2243,0.0490874,-2.86908,1.83736,0.787778,1.02648,1.02312-0.0240617,0.0969985,-0.21894,0.156718,-0.395254,0.115036,0,0
1481579182,949220262,0.489911,-1.22141,0.0558249,-2.87384,1.84926,0.785398,1.02648,1.02312-0.00601555,0.0964413,-0.22317,0.18793,-0.396328,0.088254,0,0
1481579182,975247424,0.489911,-1.21852,0.0606374,-2.87622,1.85759,0.784208,1.02648,1.02312-0.000752077,0.096271,-0.220398,0.127616,-0.391651,0.0854005,0,0
1481579183,1234389,0.489911,-1.2166,0.0673748,-2.88098,1.86949,0.780637,1.02648,1.02312-9.37433e-05,0.0962497,-0.208015,0.149826,-0.391072,0.114818,0,0
1481579183,27267929,0.490874,-1.21371,0.0741123,-2.88574,1.88139,0.778258,1.02648,1.02312-0.0240851,0.0962541,-0.196377,0.186207,-0.425004,0.0881995,0,0
1481579183,47608258,0.490874,-1.21178,0.0789248,-2.88931,1.88972,0.777068,1.02648,1.02312-0.00602141,0.0962485,-0.217529,0.135801,-0.433514,0.0517974,0,0
1481579183,73249698,0.490874,-1.2089,0.0827748,-2.89169,1.89805,0.774688,1.02648,1.02312-0.000752609,0.120309,-0.207658,0.135975,-0.426073,0.110591,0,0
1481579183,99243464,0.490874,-1.20601,0.0895123,-2.89645,1.90876,0.772308,1.02648,1.02312-0.000188019,0.102275,-0.220349,0.152993,-0.433768,0.0573952,0,0
1481579183,125249818,0.491836,-1.20216,0.0933623,-2.89883,1.91709,0.771118,1.02648,1.02312-2.34358e-05,0.121062,-0.195984,0.123249,-0.381457,0.0517957,0,0
1481579183,151277857,0.491836,-1.20023,0.1001,-2.90359,1.92899,0.767548,1.02648,1.02312-0.0120338,0.0993486,-0.216994,0.134406,-0.374925,0.110617,0,0
1481579183,171275672,0.491836,-1.19831,0.10395,-2.90716,1.93732,0.766358,1.02648,1.02312-0.00300831,0.0970288,-0.198622,0.152601,-0.391246,0.0871494,0,0
1481579183,197254133,0.491836,-1.19446,0.110687,-2.91073,1.94922,0.763978,1.02648,1.02312-0.000752077,0.120504,-0.218097,0.1869,-0.425061,0.0515349,0,0
1481579183,223250845,0.491836,-1.19253,0.1155,-2.9143,1.95635,0.762788,1.02648,1.02312-9.42759e-05,0.0992788,-0.243824,0.142362,-0.365495,0.0510631,0,0
1481579183,249274210,0.491836,-1.18868,0.121275,-2.91906,1.96826,0.760408,1.02648,1.02312-2.34358e-05,0.097018,-0.229394,0.184341,-0.418636,0.0425133,0,0
1481579183,275262041,0.491836,-1.1858,0.125125,-2.92263,1.97659,0.759218,1.02648,1.02312-3.19579e-06,0.108374,-0.197114,0.186667,-0.424213,0.0499354,0,0
1481579183,301231258,0.492799,-1.18291,0.131862,-2.9262,1.9873,0.756838,1.02648,1.02312-0.0240622,0.145899,-0.241201,0.127458,-0.365389,0.0508632,0,0
1481579183,321232785,0.492799,-1.18098,0.135712,-2.92977,1.99562,0.754458,1.02648,1.02312-0.00601555,0.10866,-0.204674,0.180614,-0.418583,0.101985,0,0
1481579183,347275161,0.493761,-1.17713,0.141487,-2.93334,2.00752,0.752078,1.02648,1.02312-0.0496269,0.123412,-0.195542,0.134404,-0.431908,0.0849913,0,0
1481579183,373276996,0.493761,-1.17425,0.145337,-2.93691,2.01466,0.750888,1.02648,1.02312-0.00620357,0.147779,-0.192876,0.180425,-0.366351,0.0849927,0,0
1481579183,399240057,0.493761,-1.17136,0.152075,-2.94167,2.02656,0.748508,1.02648,1.02312-0.00155103,0.10913,-0.240722,0.134356,-0.389103,0.0807432,0,0
1481579183,425257621,0.493761,-1.16751,0.155925,-2.94405,2.03489,0.747318,1.02648,1.02312-0.000193878,0.121919,-0.198525,0.165544,-0.420495,0.0844617,0,0
1481579183,451322967,0.493761,-1.16462,0.1617,-2.94881,2.0456,0.744938,1.02648,1.02312-2.39684e-05,0.147586,-0.193249,0.184318,-0.364931,0.0849265,0,0
1481579183,477256208,0.494724,-1.16077,0.167475,-2.95357,2.0575,0.742557,1.02648,1.02312-5.85895e-06,0.109081,-0.192686,0.135329,-0.388721,0.0509791,0,0
1481579183,497259290,0.494724,-1.15788,0.171325,-2.95595,2.06583,0.741368,1.02648,1.02312-0.0240633,0.123517,-0.192544,0.152832,-0.364921,0.0425189,0,0
1481579183,523265697,0.494724,-1.15596,0.175175,-2.95952,2.07297,0.740178,1.02648,1.02312-0.00300777,0.11169,-0.192508,0.152978,-0.372857,0.0499361,0,0
1481579183,549284910,0.494724,-1.15115,0.18095,-2.96309,2.08487,0.737798,1.02648,1.02312-0.000752077,0.124169,-0.192503,0.127495,-0.390729,0.0422315,0,0
1481579183,575277386,0.494724,-1.14826,0.1848,-2.96666,2.0932,0.736608,1.02648,1.02312-9.37433e-05,0.111774,-0.192498,0.149811,-0.390951,0.0796477,0,0
1481579183,601244781,0.494724,-1.14537,0.190575,-2.97023,2.10391,0.735418,1.02648,1.02312-1.17179e-05,0.122249,-0.192502,0.122851,-0.361251,0.0397035,0,0
1481579183,627268094,0.495686,-1.14152,0.19635,-2.97499,2.11581,0.733038,1.02648,1.02312-0.0481398,0.150871,-0.192495,0.149712,-0.387801,0.0396734,0,0
1481579183,647272147,0.495686,-1.13863,0.2002,-2.97856,2.12295,0.731848,1.02648,1.02312-0.0120348,0.158033,-0.192497,0.126678,-0.364691,0.0991609,0,0
1481579183,673254692,0.495686,-1.13575,0.20405,-2.98213,2.13128,0.730658,1.02648,1.02312-0.00150415,0.128032,-0.192502,0.194334,-0.387703,0.0421426,0,0
1481579183,699234641,0.495686,-1.1319,0.208862,-2.9857,2.14318,0.728278,1.02648,1.02312-0.000376038,0.128261,-0.192502,0.167584,-0.424188,0.0403098,0,0
1481579183,725233979,0.495686,-1.12708,0.212712,-2.98927,2.15032,0.727088,1.02648,1.02312-4.68716e-05,0.12431,-0.18047,0.184573,-0.365386,0.0794075,0,0
1481579183,751238086,0.495686,-1.1242,0.218487,-2.99284,2.16222,0.725898,1.02648,1.02312-5.85895e-06,0.159922,-0.190994,0.127196,-0.387803,0.0396734,0,0
1481579183,777235478,0.495686,-1.12035,0.224262,-2.9976,2.17293,0.723518,1.02648,1.02312-1.5979e-06,0.112165,-0.192122,0.180549,-0.364692,0.0396659,0,0
1481579183,797247199,0.495686,-1.11746,0.227149,-2.99998,2.18126,0.723518,1.02648,1.02312-5.32632e-07,0.124288,-0.14428,0.134387,-0.418409,0.039664,0,0
1481579183,823229102,0.495686,-1.11457,0.230999,-3.00355,2.1884,0.722328,1.02648,1.023120,0.159909,-0.18647,0.180423,-0.364683,0.0347055,0,0
1481579183,849248555,0.495686,-1.10976,0.235812,-3.00831,2.2003,0.719948,1.02648,1.023120,0.160286,-0.190991,0.134356,-0.418407,0.0384239,0,0
1481579183,875276524,0.496649,-1.10687,0.239662,-3.01069,2.20744,0.718758,1.02648,1.02312-0.0481233,0.164412,-0.180283,0.135794,-0.364683,0.0791718,0,0
1481579183,901293639,0.496649,-1.10302,0.245437,-3.01545,2.21934,0.717569,1.02648,1.02312-0.00601555,0.128829,-0.190974,0.135974,-0.387722,0.039644,0,0
1481579183,921225600,0.496649,-1.10013,0.248324,-3.01902,2.22648,0.716378,1.02648,1.02312-0.00150362,0.128461,-0.143997,0.152993,-0.364685,0.0396851,0,0
1481579183,947240990,0.496649,-1.09532,0.253137,-3.02259,2.23719,0.715188,1.02648,1.02312-0.000376038,0.128362,-0.180376,0.127498,-0.41842,0.0396688,0,0
1481579183,973260801,0.496649,-1.09243,0.256024,-3.02616,2.24552,0.713998,1.02648,1.02312-4.68716e-05,0.160428,-0.130831,0.149812,-0.379565,0.0347061,0,0
1481579183,999242679,0.496649,-1.08762,0.261799,-3.03092,2.25623,0.712808,1.02648,1.02312-1.17179e-05,0.160415,-0.177078,0.186203,-0.362645,0.038424,0,0
1481579184,25248873,0.496649,-1.08473,0.265649,-3.0333,2.26456,0.711618,1.02648,1.02312-1.5979e-06,0.164435,-0.190575,0.1274,-0.387467,0.0345505,0,0
1481579184,51237438,0.496649,-1.07992,0.270462,-3.03925,2.27527,0.710428,1.02648,1.023120,0.164924,-0.180226,0.194425,-0.360795,0.0191926,0,0
1481579184,71219989,0.496649,-1.07704,0.273349,-3.04163,2.28241,0.709238,1.02648,1.023120,0.161539,-0.165372,0.167606,-0.35794,0.0345457,0,0
1481579184,97249525,0.496649,-1.07222,0.277199,-3.04639,2.29431,0.708048,1.02648,1.023120,0.136638,-0.13759,0.131151,-0.387,0.0681314,0,0
1481579184,123232206,0.496649,-1.06934,0.281049,-3.04877,2.30145,0.706858,1.02648,1.023120,0.16145,-0.173608,0.135394,-0.360737,0.0680115,0,0
1481579184,149270314,0.497611,-1.06452,0.286824,-3.05353,2.31335,0.705668,1.02648,1.02312-0.0240617,0.136616,-0.187778,0.152848,-0.387699,0.0170029,0,0
1481579184,175242631,0.497611,-1.06164,0.289712,-3.0571,2.32049,0.705668,1.02648,1.02312-0.00300777,0.137385,-0.167849,0.152981,-0.360825,0.0169991,0,0
1481579184,201227587,0.497611,-1.05682,0.294524,-3.06186,2.33239,0.704479,1.02648,1.02312-0.000376038,0.137485,-0.141293,0.152997,-0.41698,0.0318724,0,0
1481579184,227272847,0.497611,-1.05201,0.299337,-3.06662,2.3431,0.703288,1.02648,1.02312-9.37433e-05,0.178741,-0.131577,0.186999,-0.371986,0.0675164,0,0
1481579184,247251026,0.497611,-1.04816,0.302224,-3.07019,2.35024,0.702098,1.02648,1.02312-2.34358e-05,0.165,-0.129141,0.135999,-0.360737,0.0168791,0,0
1481579184,273202090,0.497611,-1.04527,0.305112,-3.07257,2.35738,0.702098,1.02648,1.02312-3.19579e-06,0.140933,-0.160521,0.136,-0.357475,0.0169836,0,0
1481579184,299246168,0.497611,-1.04046,0.308962,-3.07614,2.36571,0.700908,1.02648,1.02312-5.32632e-07,0.131487,-0.160438,0.0934997,-0.297628,0.00424591,0,0
1481579184,325269174,0.497611,-1.03854,0.311849,-3.07852,2.37047,0.700908,1.02648,1.023120,0.112682,-0.128336,0.115812,-0.245462,0.0154045,0,0
1481579184,351227282,0.497611,-1.03565,0.313774,-3.0809,2.37523,0.700908,1.02648,1.023120,0.0983144,-0.0521378,0.0888515,-0.149699,0.00192556,0,0
1481579184,371225139,0.497611,-1.03468,0.315699,-3.08209,2.37761,0.699718,1.02648,1.023120,0.0486403,-0.0852196,0.0817127,-0.0969199,0.0599764,0,0
1481579184,397225099,0.497611,-1.03276,0.316662,-3.08209,2.37999,0.699718,1.02648,1.023120,0.084345,-0.0213048,0.0204282,-0.113473,0.0149941,0,0
1481579184,423236895,0.497611,-1.03276,0.316662,-3.08209,2.37999,0.699718,1.02648,1.023120,0.0105431,-0.0146937,0.00255352,-0.014184,0.00187426,0,0
1481579184,449239290,0.497611,-1.0318,0.316662,-3.08209,2.38118,0.699718,1.02648,1.023120,0.0266974,-0.00367356,0.00063838,-0.0630413,0.000468566,0,0
1481579184,475246076,0.497611,-1.0318,0.316662,-3.08209,2.38118,0.699718,1.02648,1.023120,0.00333718,-0.000459129,7.97975e-05,-0.00788029,5.85707e-05,0,0
1481579184,501229323,0.498574,-1.0318,0.316662,-3.08209,2.38118,0.699718,1.02648,1.02312-0.0240617,0.000417148,-5.75243e-05,9.97469e-06,-0.000984837,7.32134e-06,0,0
1481579184,527271529,0.498574,-1.03084,0.316662,-3.08209,2.38118,0.699718,1.02648,1.02312-0.00601555,0.0241659,-1.43811e-05,2.49367e-06,-0.000246076,1.83033e-06,0,0
1481579184,547214728,0.498574,-1.03084,0.316662,-3.08209,2.38118,0.699718,1.02648,1.02312-0.00150362,0.00604149,-3.72843e-06,6.23418e-07,-6.17853e-05,4.57584e-07,0,0
1481579184,573283442,0.498574,-1.03084,0.316662,-3.08209,2.38118,0.699718,1.02648,1.02312-0.000188019,0.000755186,-5.32632e-07,7.79273e-08,-7.45685e-06,5.7198e-08,0,0
1481579184,599231834,0.498574,-1.03084,0.316662,-3.08209,2.38118,0.699718,1.02648,1.02312-4.68716e-05,0.000188796,0,1.94818e-08,-2.13053e-06,1.42995e-08,0,0
1481579184,625225132,0.498574,-1.03084,0.316662,-3.08209,2.38118,0.699718,1.02648,1.02312-5.85895e-06,2.35996e-05,0,2.43523e-09,0,1.78744e-09,0,0
1481579184,651237745,0.498574,-1.03084,0.316662,-3.08209,2.38118,0.699718,1.02648,1.02312-5.32632e-07,2.94994e-06,0,3.04404e-10,0,2.23429e-10,0,0
1481579184,671251121,0.498574,-1.03084,0.316662,-3.08209,2.38118,0.699718,1.02648,1.023120,7.37486e-07,0,7.61009e-11,0,5.58575e-11,0,0
1481579184,697223382,0.498574,-1.03084,0.316662,-3.08209,2.38118,0.699718,1.02648,1.023120,1.84372e-07,0,1.90248e-11,0,1.39639e-11,0,0
1481579184,723254256,0.498574,-1.03084,0.316662,-3.08209,2.38118,0.699718,1.02648,1.023120,2.30464e-08,0,2.37854e-12,0,1.74527e-12,0,0
1481579184,749264235,0.498574,-1.03084,0.316662,-3.08209,2.38118,0.699718,1.02648,1.023120,5.76161e-09,0,5.94191e-13,0,4.36096e-13,0,0
1481579184,775261584,0.498574,-1.03084,0.316662,-3.08209,2.38118,0.699718,1.02648,1.023120,7.20202e-10,0,7.4607e-14,0,5.41789e-14,0,0
1481579184,801219325,0.498574,-1.03084,0.316662,-3.08209,2.38118,0.699718,1.02648,1.023120,9.00249e-11,0,8.88178e-15,0,7.10543e-15,0,0
1481579184,821252906,0.498574,-1.03084,0.316662,-3.08209,2.38118,0.699718,1.02648,1.023120,2.25064e-11,0,2.66454e-15,0,1.77636e-15,0,0
1481579184,847237890,0.498574,-1.03084,0.316662,-3.08209,2.38118,0.699718,1.02648,1.023120,5.62661e-12,0,8.88178e-16,0,0,0,0
1481579184,873255010,0.498574,-1.03084,0.316662,-3.08209,2.38118,0.699718,1.02648,1.023120,7.03437e-13,0,0,0,0,0,0
1481579184,899270022,0.498574,-1.03084,0.316662,-3.08209,2.38118,0.699718,1.02648,1.023120,1.75859e-13,0,0,0,0,0,0
1481579184,925222487,0.498574,-1.03084,0.316662,-3.08209,2.38118,0.699718,1.02648,1.023120,2.22045e-14,0,0,0,0,0,0
1481579184,951234512,0.498574,-1.03084,0.316662,-3.08209,2.38118,0.699718,1.02648,1.023120,2.66454e-15,0,0,0,0,0,0
1481579184,971256656,0.498574,-1.03084,0.316662,-3.08209,2.38118,0.699718,1.02648,1.023120,8.88178e-16,0,0,0,0,0,0
1481579184,997234561,0.498574,-1.03084,0.316662,-3.08209,2.38118,0.699718,1.02648,1.023120,0,0,0,0,0,0,0
1481579185,23270112,0.498574,-1.03084,0.316662,-3.08209,2.38118,0.699718,1.02648,1.023120,0,0,0,0,0,0,0
1481579185,49266964,0.498574,-1.03084,0.316662,-3.08209,2.38118,0.699718,1.02648,1.023120,0,0,0,0,0,0,0
1481579185,75249063,0.498574,-1.03084,0.316662,-3.08209,2.38118,0.699718,1.02648,1.023120,0,0,0,0,0,0,0
1481579185,101223261,0.498574,-1.03084,0.316662,-3.08209,2.38118,0.699718,1.02648,1.023120,0,0,0,0,0,0,0
1481579185,127247441,0.498574,-1.03084,0.316662,-3.08209,2.38118,0.699718,1.02648,1.023120,0,0,0,0,0,0,0
1481579185,147218286,0.498574,-1.03084,0.316662,-3.08209,2.38118,0.699718,1.02648,1.023120,0,0,0,0,0,0,0
1481579185,173223709,0.498574,-1.03084,0.316662,-3.08209,2.38118,0.699718,1.02648,1.023120,0,0,0,0,0,0,0
1481579185,199226023,0.498574,-1.03084,0.316662,-3.08209,2.38118,0.699718,1.02648,1.023120,0,0,0,0,0,0,0
1481579185,225249140,0.498574,-1.03084,0.316662,-3.08209,2.38118,0.699718,1.02648,1.023120,0,0,0,0,0,0,0
1481579185,251279882,0.498574,-1.03084,0.316662,-3.08209,2.38118,0.699718,1.02648,1.023120,0,0,0,0,0,0,0
1481579185,271254619,0.498574,-1.03084,0.316662,-3.08209,2.38118,0.699718,1.02648,1.023120,0,0,0,0,0,0,0
1481579185,297222881,0.498574,-1.03084,0.316662,-3.08209,2.38118,0.699718,1.02648,1.023120,0,0,0,0,0,0,0
1481579185,323197083,0.498574,-1.03084,0.316662,-3.08209,2.38118,0.699718,1.02648,1.023120,0,0,0,0,0,0,0
1481579185,349247736,0.498574,-1.03084,0.316662,-3.08209,2.38118,0.699718,1.02648,1.023120,0,0,0,0,0,0,0
1481579185,375246344,0.498574,-1.03084,0.316662,-3.08209,2.38118,0.699718,1.02648,1.023120,0,0,0,0,0,0,0
1481579185,401237122,0.498574,-1.03084,0.316662,-3.08209,2.38118,0.699718,1.02648,1.023120,0,0,0,0,0,0,0
1481579185,421301375,0.498574,-1.03084,0.316662,-3.08209,2.38118,0.699718,1.02648,1.023120,0,0,0,0,0,0,0
1481579185,447306646,0.498574,-1.03084,0.316662,-3.08209,2.38118,0.699718,1.02648,1.023120,0,0,0,0,0,0,0
1481579185,473244819,0.498574,-1.03084,0.316662,-3.08209,2.38118,0.699718,1.02648,1.023120,0,0,0,0,0,0,0
1481579185,499218939,0.498574,-1.03084,0.316662,-3.08209,2.38118,0.699718,1.02648,1.023120,0,0,0,0,0,0,0
1481579185,525218582,0.498574,-1.03084,0.316662,-3.08209,2.38118,0.699718,1.02648,1.023120,0,0,0,0,0,0,0
1481579185,551224170,0.498574,-1.03084,0.316662,-3.08209,2.38118,0.699718,1.02648,1.023120,0,0,0,0,0,0,0
1481579185,571256251,0.498574,-1.03084,0.316662,-3.08209,2.38118,0.699718,1.02648,1.023120,0,0,0,0,0,0,0
1481579185,597245808,0.498574,-1.03084,0.316662,-3.08209,2.38118,0.699718,1.02648,1.023120,0,0,0,0,0,0,0
1481579185,623227607,0.498574,-1.03084,0.316662,-3.08209,2.38118,0.699718,1.02648,1.023120,0,0,0,0,0,0,0
1481579185,649276341,0.498574,-1.03084,0.316662,-3.08209,2.38118,0.699718,1.02648,1.023120,0,0,0,0,0,0,0
1481579185,675229007,0.498574,-1.03084,0.316662,-3.08209,2.38118,0.699718,1.02648,1.023120,0,0,0,0,0,0,0
1481579185,701214527,0.498574,-1.03084,0.316662,-3.08209,2.38118,0.699718,1.02648,1.023120,0,0,0,0,0,0,0
1481579185,721230375,0.498574,-1.03084,0.316662,-3.08209,2.38118,0.699718,1.02648,1.023120,0,0,0,0,0,0,0
1481579185,747234768,0.498574,-1.03084,0.316662,-3.08209,2.38118,0.699718,1.02648,1.023120,0,0,0,0,0,0,0
1481579185,773246574,0.498574,-1.03084,0.316662,-3.08209,2.38118,0.699718,1.02648,1.023120,0,0,0,0,0,0,0
1481579185,799272156,0.498574,-1.03084,0.316662,-3.08209,2.38118,0.699718,1.02648,1.023120,0,0,0,0,0,0,0
1481579185,825218614,0.498574,-1.03084,0.316662,-3.08209,2.38118,0.699718,1.02648,1.023120,0,0,0,0,0,0,0
1481579185,851240436,0.498574,-1.03084,0.316662,-3.08209,2.38118,0.699718,1.02648,1.023120,0,0,0,0,0,0,0
1481579185,871213418,0.498574,-1.03084,0.316662,-3.08209,2.38118,0.699718,1.02648,1.023120,0,0,0,0,0,0,0
1481579185,897217067,0.498574,-1.03084,0.316662,-3.08209,2.38118,0.699718,1.02648,1.023120,0,0,0,0,0,0,0
1481579185,923264288,0.498574,-1.03084,0.316662,-3.08209,2.38118,0.699718,1.02648,1.023120,0,0,0,0,0,0,0
1481579185,949243339,0.498574,-1.03084,0.316662,-3.08209,2.38118,0.699718,1.02648,1.023120,0,0,0,0,0,0,0
1481579185,975280474,0.498574,-1.03084,0.316662,-3.08209,2.38118,0.699718,1.02648,1.023120,0,0,0,0,0,0,0
1481579186,1256425,0.498574,-1.03084,0.316662,-3.08209,2.38118,0.699718,1.02648,1.023120,0,0,0,0,0,0,0
1481579186,27201934,0.498574,-1.03084,0.316662,-3.08209,2.38118,0.699718,1.02648,1.023120,0,0,0,0,0,0,0
1481579186,47238256,0.498574,-1.03084,0.316662,-3.08209,2.38118,0.699718,1.02648,1.023120,0,0,0,0,0,0,0
1481579186,73220400,0.498574,-1.03084,0.316662,-3.08209,2.38118,0.699718,1.02648,1.023120,0,0,0,0,0,0,0
1481579186,99212900,0.498574,-1.03084,0.316662,-3.08209,2.38118,0.699718,1.02648,1.023120,0,0,0,0,0,0,0
1481579186,125220238,0.498574,-1.03084,0.316662,-3.08209,2.38118,0.699718,1.02648,1.023120,0,0,0,0,0,0,0
1481579186,151218214,0.498574,-1.03084,0.316662,-3.08209,2.38118,0.699718,1.02648,1.023120,0,0,0,0,0,0,0
1481579186,177236804,0.498574,-1.03084,0.316662,-3.08209,2.38118,0.699718,1.02648,1.023120,0,0,0,0,0,0,0
1481579186,197214820,0.498574,-1.03084,0.316662,-3.08209,2.38118,0.699718,1.02648,1.023120,0,0,0,0,0,0,0
1481579186,223211729,0.498574,-1.03084,0.316662,-3.08209,2.38118,0.699718,1.02648,1.023120,0,0,0,0,0,0,0
1481579186,249291611,0.498574,-1.03084,0.316662,-3.08209,2.38118,0.699718,1.02648,1.023120,0,0,0,0,0,0,0
1481579186,275251888,0.498574,-1.03084,0.316662,-3.08209,2.38118,0.699718,1.02648,1.023120,0,0,0,0,0,0,0
1481579186,301235950,0.498574,-1.03084,0.316662,-3.08209,2.38118,0.699718,1.02648,1.023120,0,0,0,0,0,0,0
1481579186,321237961,0.498574,-1.03084,0.316662,-3.08209,2.38118,0.699718,1.02648,1.023120,0,0,0,0,0,0,0
1481579186,347224494,0.498574,-1.03084,0.316662,-3.08209,2.38118,0.699718,1.02648,1.023120,0,0,0,0,0,0,0
1481579186,373211202,0.498574,-1.03084,0.316662,-3.08209,2.38118,0.699718,1.02648,1.023120,0,0,0,0,0,0,0
1481579186,399272718,0.498574,-1.03084,0.316662,-3.08209,2.38118,0.699718,1.02648,1.023120,0,0,0,0,0,0,0
1481579186,425215240,0.498574,-1.03084,0.316662,-3.08209,2.38118,0.699718,1.02648,1.023120,0,0,0,0,0,0,0
1481579186,451226785,0.498574,-1.03084,0.316662,-3.08209,2.38118,0.699718,1.02648,1.023120,0,0,0,0,0,0,0
1481579186,471263287,0.498574,-1.03084,0.316662,-3.08209,2.38118,0.699718,1.02648,1.023120,0,0,0,0,0,0,0
1481579186,497209351,0.498574,-1.03084,0.316662,-3.08209,2.38118,0.699718,1.02648,1.023120,0,0,0,0,0,0,0
1481579186,523211016,0.498574,-1.03084,0.316662,-3.08209,2.38118,0.699718,1.02648,1.023120,0,0,0,0,0,0,0
1481579186,549228966,0.498574,-1.03084,0.316662,-3.08209,2.38118,0.699718,1.02648,1.023120,0,0,0,0,0,0,0
1481579186,575239924,0.498574,-1.03084,0.316662,-3.08209,2.38118,0.699718,1.02648,1.023120,0,0,0,0,0,0,0
1481579186,601227682,0.498574,-1.03084,0.316662,-3.08209,2.38118,0.699718,1.02648,1.023120,0,0,0,0,0,0,0
1481579186,627214244,0.498574,-1.03084,0.316662,-3.08209,2.38118,0.699718,1.02648,1.023120,0,0,0,0,0,0,0
1481579186,647243821,0.498574,-1.03084,0.316662,-3.08209,2.38118,0.699718,1.02648,1.023120,0,0,0,0,0,0,0
1481579186,673263797,0.498574,-1.03084,0.316662,-3.08209,2.38118,0.699718,1.02648,1.023120,0,0,0,0,0,0,0
1481579186,699224065,0.498574,-1.03084,0.316662,-3.08209,2.38118,0.699718,1.02648,1.023120,0,0,0,0,0,0,0
1481579186,725253483,0.498574,-1.03084,0.316662,-3.08209,2.38118,0.699718,1.02648,1.023120,0,0,0,0,0,0,0
1481579186,751268831,0.498574,-1.03084,0.316662,-3.08209,2.38118,0.699718,1.02648,1.023120,0,0,0,0,0,0,0
1481579186,771237988,0.498574,-1.03084,0.316662,-3.08209,2.38118,0.699718,1.02648,1.023120,0,0,0,0,0,0,0
1481579186,797219013,0.498574,-1.03084,0.316662,-3.08209,2.38118,0.699718,1.02648,1.023120,0,0,0,0,0,0,0
1481579186,823218636,0.498574,-1.03084,0.316662,-3.08209,2.38118,0.699718,1.02648,1.023120,0,0,0,0,0,0,0
1481579186,849213957,0.498574,-1.03084,0.316662,-3.08209,2.38118,0.699718,1.02648,1.023120,0,0,0,0,0,0,0
1481579186,875247734,0.498574,-1.03084,0.316662,-3.08209,2.38118,0.699718,1.02648,1.023120,0,0,0,0,0,0,0
1481579186,901226750,0.498574,-1.03084,0.316662,-3.08209,2.38118,0.699718,1.02648,1.023120,0,0,0,0,0,0,0
1481579186,921214325,0.498574,-1.03084,0.316662,-3.08209,2.38118,0.699718,1.02648,1.023120,0,0,0,0,0,0,0
1481579186,947198013,0.498574,-1.03084,0.316662,-3.08209,2.38118,0.699718,1.02648,1.023120,0,0,0,0,0,0,0
1481579186,973255454,0.498574,-1.03084,0.316662,-3.08209,2.38118,0.699718,1.02648,1.023120,0,0,0,0,0,0,0
1481579186,999235702,0.498574,-1.03084,0.316662,-3.08209,2.38118,0.699718,1.02648,1.023120,0,0,0,0,0,0,0
1481579187,25248782,0.498574,-1.03084,0.316662,-3.08209,2.38118,0.699718,1.02648,1.023120,0,0,0,0,0,0,0
1481579187,51244873,0.498574,-1.03084,0.316662,-3.08209,2.38118,0.699718,1.02648,1.023120,0,0,0,0,0,0,0
1481579187,71237122,0.498574,-1.03084,0.316662,-3.08209,2.38118,0.699718,1.02648,1.023120,0,0,0,0,0,0,0
1481579187,97228001,0.498574,-1.03084,0.316662,-3.08209,2.38118,0.699718,1.02648,1.023120,0,0,0,0,0,0,0
1481579187,123209192,0.498574,-1.03084,0.316662,-3.08209,2.38118,0.699718,1.02648,1.023120,0,0,0,0,0,0,0
1481579187,149225752,0.498574,-1.03084,0.316662,-3.08209,2.38118,0.699718,1.02648,1.023120,0,0,0,0,0,0,0
1481579187,175229832,0.498574,-1.03084,0.316662,-3.08209,2.38118,0.699718,1.02648,1.023120,0,0,0,0,0,0,0
1481579187,201226899,0.498574,-1.03084,0.316662,-3.08209,2.38118,0.699718,1.02648,1.023120,0,0,0,0,0,0,0
1481579187,221208952,0.498574,-1.03084,0.316662,-3.08209,2.38118,0.699718,1.02648,1.023120,0,0,0,0,0,0,0
1481579187,247230014,0.498574,-1.03084,0.316662,-3.08209,2.38118,0.699718,1.02648,1.023120,0,0,0,0,0,0,0
1481579187,273242880,0.498574,-1.03084,0.316662,-3.08209,2.38118,0.699718,1.02648,1.023120,0,0,0,0,0,0,0
1481579187,299206524,0.498574,-1.03084,0.316662,-3.08209,2.38118,0.699718,1.02648,1.023120,0,0,0,0,0,0,0
1481579187,325219711,0.499536,-1.03084,0.317624,-3.08209,2.38118,0.699718,1.02648,1.023120,0,-0.0240649,0,0,0,0,0
1481579187,351219750,0.499536,-1.03084,0.319549,-3.08328,2.38356,0.699718,1.02648,1.02312-0.0120306,0,-0.0751933,0.014875,-0.0743752,0,0,0
1481579187,371228087,0.500499,-1.03084,0.322437,-3.08447,2.38594,0.699718,1.02648,1.02312-0.0511311,0,-0.115048,0.0334686,-0.107836,0,0,0
1481579187,397218234,0.501461,-1.03084,0.327249,-3.08685,2.38951,0.699718,1.02648,1.02312-0.060906,0,-0.14907,0.097617,-0.116228,0,0,0
1481579187,423207584,0.502424,-1.0318,0.331099,-3.08923,2.39308,0.699718,1.02648,1.02312-0.0316751,-0.0240617,-0.187074,0.131202,-0.148392,0,0,0
1481579187,449213355,0.505311,-1.03468,0.338799,-3.09161,2.39784,0.699718,1.02648,1.02312-0.0801169,-0.0782005,-0.263327,0.0328005,-0.185862,0,0,0
1481579187,475232398,0.507236,-1.03661,0.343612,-3.0928,2.40141,0.699718,1.02648,1.02312-0.070169,-0.0940043,-0.225417,0.0933498,-0.186871,0,0,0
1481579187,501241850,0.508199,-1.0395,0.352274,-3.09637,2.40617,0.700908,1.02648,1.02312-0.0448636,-0.0959665,-0.304895,0.145543,-0.157222,-0.0148738,0,0
1481579187,521235200,0.511086,-1.04238,0.357087,-3.09756,2.41093,0.700908,1.02648,1.02312-0.131524,-0.1443,-0.26872,0.0958859,-0.217804,-0.00371831,0,0
1481579187,547248188,0.513011,-1.04527,0.365749,-3.09994,2.41688,0.703288,1.02648,1.02312-0.129141,-0.108273,-0.283745,0.0537214,-0.203215,-0.030677,0,0
1481579187,573225997,0.514936,-1.04816,0.371524,-3.10232,2.42045,0.703288,1.02648,1.02312-0.0883275,-0.145873,-0.288125,0.11084,-0.203887,-0.0187082,0,0
1481579187,599208052,0.518786,-1.05201,0.381149,-3.1047,2.4264,0.705668,1.02648,1.02312-0.118329,-0.108653,-0.336716,0.0574599,-0.22947,-0.0344512,0,0
1481579187,625243018,0.521674,-1.05394,0.386924,-3.10708,2.43116,0.706858,1.02648,1.02312-0.0990201,-0.109835,-0.294749,0.111307,-0.222056,-0.0786751,0,0
1481579187,651223985,0.523599,-1.05875,0.396549,-3.11065,2.43711,0.708048,1.02648,1.02312-0.0965934,-0.158099,-0.301532,0.147788,-0.221129,-0.039582,0,0
1481579187,677241303,0.526486,-1.0626,0.406174,-3.11303,2.44306,0.710428,1.02648,1.02312-0.0963335,-0.111723,-0.340071,0.0964469,-0.204047,-0.0396428,0,0
1481579187,697219334,0.529374,-1.06548,0.412912,-3.11541,2.44782,0.711618,1.02648,1.02312-0.144405,-0.124177,-0.349703,0.113362,-0.229497,-0.0396582,0,0
1481579187,723238639,0.531299,-1.06837,0.418686,-3.11779,2.45139,0.712808,1.02648,1.02312-0.102266,-0.159892,-0.296365,0.148045,-0.207179,-0.0495785,0,0
1481579187,749219324,0.535149,-1.07222,0.429274,-3.12017,2.45853,0.715188,1.02648,1.02312-0.145875,-0.112165,-0.33878,0.156011,-0.230293,-0.0421424,0,0
1481579187,775278678,0.538036,-1.07511,0.435049,-3.12255,2.4621,0.716378,1.02648,1.02312-0.102464,-0.15839,-0.307031,0.0790012,-0.207298,-0.0796365,0,0
1481579187,801244906,0.540924,-1.07896,0.444674,-3.12612,2.46805,0.717569,1.02648,1.02312-0.121085,-0.152145,-0.303069,0.0991249,-0.219297,-0.0397285,0,0
1481579187,821262966,0.542849,-1.08185,0.451411,-3.1285,2.47281,0.719948,1.02648,1.02312-0.102456,-0.158345,-0.316387,0.114031,-0.233309,-0.0991745,0,0
1481579187,847217715,0.546699,-1.0857,0.461036,-3.13207,2.47876,0.721138,1.02648,1.02312-0.145936,-0.159895,-0.343785,0.117758,-0.207078,-0.0842885,0,0
1481579187,873244871,0.548624,-1.08858,0.466811,-3.13445,2.48233,0.723518,1.02648,1.02312-0.102458,-0.128267,-0.295628,0.148594,-0.204383,-0.0997785,0,0
1481579187,899203181,0.552474,-1.09243,0.477399,-3.13683,2.48828,0.725898,1.02648,1.02312-0.145923,-0.128314,-0.314531,0.156148,-0.229608,-0.0844398,0,0
1481579187,925230910,0.556324,-1.09532,0.483174,-3.13921,2.49304,0.727088,1.02648,1.02312-0.102463,-0.124323,-0.304003,0.0790184,-0.222086,-0.0849239,0,0
1481579187,951205239,0.558249,-1.09917,0.492799,3.1404,2.49899,0.729468,1.02648,1.02312-0.109054,-0.111787,-0.31472,0.114002,-0.22112,-0.0849841,0,0
1481579187,971243549,0.561136,-1.10206,0.499536,3.13802,2.50256,0.730658,1.02648,1.02312-0.123524,-0.124207,-0.319303,0.11775,-0.174283,-0.0510203,0,0
1481579187,997208740,0.564986,-1.10591,0.508199,3.13445,2.50851,0.734228,1.02648,1.02312-0.127128,-0.127299,-0.296387,0.0591875,-0.222083,-0.101997,0,0
1481579188,23215261,0.566911,-1.1088,0.514936,3.13207,2.51327,0.735418,1.02648,1.02312-0.100107,-0.12419,-0.313768,0.126398,-0.221146,-0.0871184,0,0
1481579188,49212996,0.570761,-1.11361,0.525524,3.1285,2.51922,0.737798,1.02648,1.02312-0.121287,-0.127301,-0.319065,0.120849,-0.233772,-0.111022,0,0
1481579188,75274049,0.575574,-1.11553,0.531299,3.12731,2.52279,0.740178,1.02648,1.02312-0.123438,-0.112159,-0.304571,0.0597311,-0.163092,-0.10312,0,0
1481579188,101232523,0.577499,-1.12035,0.540924,3.12255,2.52993,0.742557,1.02648,1.02312-0.11169,-0.158396,-0.338852,0.126466,-0.228632,-0.0575115,0,0
1481579188,127223805,0.582311,-1.1242,0.550549,3.12017,2.53469,0.746128,1.02648,1.02312-0.14823,-0.159907,-0.301274,0.150616,-0.205922,-0.103647,0,0
1481579188,147202562,0.584236,-1.12708,0.555361,3.11779,2.53707,0.748508,1.02648,1.02312-0.133305,-0.112162,-0.315942,0.097154,-0.140723,-0.115154,0,0
1481579188,173210790,0.587124,-1.12997,0.562099,3.1166,2.54064,0.750888,1.02648,1.02312-0.124947,-0.158394,-0.328244,0.0865191,-0.151467,-0.118511,0,0
1481579188,199382688,0.591936,-1.13382,0.570761,3.11422,2.54421,0.754458,1.02648,1.02312-0.151545,-0.159907,-0.298624,0.0513797,-0.186605,-0.11887,0,0
1481579188,225205719,0.594824,-1.13671,0.575574,3.11303,2.54659,0.756838,1.02648,1.02312-0.115203,-0.128272,-0.241858,0.0510474,-0.112581,-0.119028,0,0
1481579188,251231743,0.597711,-1.14152,0.583274,3.11065,2.55016,0.760408,1.02648,1.02312-0.122678,-0.160404,-0.234763,0.0956307,-0.118189,-0.118995,0,0
1481579188,277239358,0.601561,-1.14537,0.590974,3.10946,2.55254,0.763978,1.02648,1.02312-0.126916,-0.160416,-0.275254,0.0239077,-0.0592947,-0.118991,0,0
1481579188,297190825,0.605411,-1.14826,0.595786,3.10827,2.55492,0.766358,1.02648,1.02312-0.152051,-0.112289,-0.261312,0.0357268,-0.10408,-0.118991,0,0
1481579188,323227052,0.607336,-1.15115,0.600599,3.10827,2.55611,0.768737,1.02648,1.02312-0.115253,-0.134358,-0.225165,0.0193408,-0.0576313,-0.11899,0,0
1481579188,349253866,0.612149,-1.15596,0.608299,3.10589,2.55849,0.772308,1.02648,1.02312-0.173197,-0.129836,-0.272851,0.0345851,-0.103677,-0.119017,0,0
1481579188,375188023,0.615998,-1.15885,0.613111,3.10589,2.55968,0.774688,1.02648,1.02312-0.153989,-0.160613,-0.226607,0.0191981,-0.042707,-0.118993,0,0
1481579188,401207258,0.618886,-1.16366,0.619849,3.1047,2.56206,0.778258,1.02648,1.02312-0.151601,-0.164446,-0.208794,0.0321498,-0.0797073,-0.118991,0,0
1481579188,421202094,0.621774,-1.16655,0.624661,3.10351,2.56325,0.779448,1.02648,1.02312-0.134147,-0.16142,-0.220635,0.0675372,-0.0794219,-0.0892425,0,0
1481579188,447219378,0.626586,-1.1704,0.631399,3.10351,2.56444,0.783018,1.02648,1.02312-0.153845,-0.16067,-0.24766,0.0168843,-0.0198555,-0.111553,0,0
1481579188,473213921,0.629474,-1.17425,0.636211,3.10232,2.56563,0.785398,1.02648,1.02312-0.163604,-0.176484,-0.247518,0.0616103,-0.0471166,-0.118074,0,0
1481579188,499200184,0.633323,-1.1781,0.642948,3.10232,2.56682,0.788968,1.02648,1.02312-0.161209,-0.164436,-0.206254,0.0154026,-0.0117792,-0.118761,0,0
1481579188,525229719,0.638136,-1.18195,0.646798,3.10113,2.56682,0.791348,1.02648,1.02312-0.128435,-0.176955,-0.20625,0.0316753,-0.016346,-0.118961,0,0
1481579188,551234996,0.641023,-1.1858,0.652573,3.10113,2.56801,0.794917,1.02648,1.02312-0.160425,-0.130403,-0.194218,0.00395942,-0.0169169,-0.118986,0,0
1481579188,577235722,0.645836,-1.19061,0.659311,3.10113,2.5692,0.798488,1.02648,1.02312-0.160428,-0.176971,-0.216991,0.000989854,-0.0339766,-0.119016,0,0
1481579188,597202997,0.648723,-1.1935,0.664123,3.10113,2.57039,0.800868,1.02648,1.02312-0.136353,-0.164564,-0.246749,0.000247464,-0.0679894,-0.118996,0,0
1481579188,623217326,0.651611,-1.19735,0.667973,3.10113,2.57039,0.803248,1.02648,1.02312-0.137366,-0.176971,-0.199278,3.09329e-05,-0.00849868,-0.118991,0,0
1481579188,649220238,0.656423,-1.20216,0.673748,3.10113,2.57158,0.806817,1.02648,1.02312-0.178711,-0.164565,-0.194195,7.73323e-06,-0.00212467,-0.11899,0,0
1481579188,675222724,0.661236,-1.20505,0.678561,3.09994,2.57158,0.809198,1.02648,1.02312-0.13063,-0.164941,-0.240838,0.0297509,-0.0151459,-0.119043,0,0
1481579188,701214356,0.664123,-1.20986,0.685298,3.09994,2.57277,0.812768,1.02648,1.02312-0.136637,-0.164994,-0.246666,0.00371886,-0.0613885,-0.118996,0,0
1481579188,721254894,0.667974,-1.21275,0.689148,3.09994,2.57277,0.815148,1.02648,1.02312-0.178543,-0.137495,-0.206041,0.000929715,-0.0153473,-0.118992,0,0
1481579188,747199722,0.672786,-1.21756,0.693961,3.09994,2.57277,0.818718,1.02648,1.02312-0.164944,-0.130621,-0.195885,0.000232429,-0.00383655,-0.118991,0,0
1481579188,773222843,0.676636,-1.22045,0.698773,3.09994,2.57277,0.821097,1.02648,1.02312-0.189063,-0.136639,-0.204955,2.90536e-05,-0.000479369,-0.11899,0,0
1481579188,799220179,0.681448,-1.22526,0.704548,3.09994,2.57277,0.825858,1.02648,1.02312-0.143512,-0.178543,-0.195612,7.2634e-06,-0.000119842,-0.178512,0,0
1481579188,825212809,0.686261,-1.22911,0.709361,3.09994,2.57277,0.828238,1.02648,1.02312-0.162322,-0.178719,-0.241016,9.07924e-07,-1.49137e-05,-0.12643,0,0
1481579188,851207760,0.691073,-1.23392,0.714173,3.09994,2.57277,0.834187,1.02648,1.02312-0.236845,-0.166723,-0.186533,1.13491e-07,-2.13053e-06,-0.209163,0,0
1481579188,877193357,0.697811,-1.2397,0.719948,3.09994,2.57277,0.841328,1.02648,1.02312-0.251711,-0.186051,-0.191008,2.83726e-08,-5.32632e-07,-0.230802,0,0
1481579188,897201128,0.703586,-1.24355,0.722836,3.09994,2.57158,0.846087,1.02648,1.02312-0.255434,-0.190896,-0.144,7.09316e-09,0,-0.236186,0,0
1481579188,923203727,0.709361,-1.24836,0.725723,3.09994,2.5692,0.852038,1.02648,1.02312-0.260529,-0.240417,-0.162376,8.86645e-10,0.10413,-0.26753,0,0
1481579188,949240648,0.718986,-1.25413,0.729573,3.09994,2.56563,0.861558,1.02648,1.02312-0.305748,-0.204481,-0.136842,2.21661e-10,0.0557799,-0.275115,0,0
1481579188,975212818,0.728611,-1.25895,0.732461,3.10113,2.56325,0.867508,1.02648,1.02312-0.339006,-0.242128,-0.125385,-0.0297496,0.155737,-0.317004,0,0
1481579189,1224697,0.735348,-1.26472,0.734386,3.10351,2.55849,0.875838,1.02648,1.02312-0.319098,-0.198698,-0.0758308,-0.0929683,0.153331,-0.277659,0,0
1481579189,21201515,0.742086,-1.26857,0.735348,3.1047,2.55492,0.881788,1.02648,1.02312-0.344466,-0.194051,-0.0430191,-0.0827418,0.157336,-0.277647,0,0
1481579189,47231776,0.751711,-1.27531,0.737273,3.10708,2.54778,0.891308,1.02648,1.02312-0.350795,-0.216958,-0.0348182,-0.0504355,0.217846,-0.277697,0,0
1481579189,73194566,0.758448,-1.27916,0.737273,3.10946,2.54421,0.897257,1.02648,1.02312-0.320575,-0.195551,-0.0163832,-0.110429,0.175995,-0.317314,0,0
1481579189,99198725,0.769036,-1.28493,0.737273,3.11303,2.53588,0.905588,1.02648,1.02312-0.344822,-0.193271,-0.00409594,-0.116857,0.252258,-0.317361,0,0
1481579189,125213631,0.778661,-1.28782,0.737273,3.11541,2.53112,0.910347,1.02648,1.02312-0.307798,-0.168529,-0.00051186,-0.118732,0.239791,-0.247903,0,0
1481579189,151211872,0.785398,-1.2936,0.737273,3.11898,2.52279,0.918678,1.02648,1.02312-0.327222,-0.189501,-6.39159e-05,-0.118966,0.267967,-0.254108,0,0
1481579189,171230243,0.792136,-1.29745,0.737273,3.12136,2.51803,0.923437,1.02648,1.02312-0.346497,-0.191745,-1.5979e-05,-0.118991,0.245504,-0.242012,0,0
1481579189,197200116,0.802723,-1.30226,0.737273,3.12612,2.50851,0.930578,1.02648,1.02312-0.327254,-0.192313,-4.26106e-06,-0.178497,0.32913,-0.239041,0,0
1481579189,223221843,0.809461,-1.30611,0.737273,3.1285,2.50256,0.935337,1.02648,1.02312-0.353722,-0.180453,-5.32632e-07,-0.126437,0.308895,-0.238113,0,0
1481579189,249207051,0.820048,-1.31092,0.737273,3.13207,2.49423,0.943668,1.02648,1.02312-0.377184,-0.14136,0,-0.180359,0.315231,-0.297561,0,0
1481579189,275246822,0.830635,-1.31381,0.737273,3.13445,2.48828,0.948427,1.02648,1.02312-0.323864,-0.137978,0,-0.0820445,0.277397,-0.245428,0,0
1481579189,301175037,0.837373,-1.31958,0.735348,3.13921,2.47876,0.956758,1.02648,1.02312-0.32923,-0.185683,0.0721883,-0.129255,0.287562,-0.268685,0,0
1481579189,321183293,0.845073,-1.32247,0.734386,3.14159,2.47281,0.961517,1.02648,1.02312-0.346992,-0.166742,0.0661704,-0.121564,0.28015,-0.245656,0,0
1481579189,347228240,0.853735,-1.32632,0.731498,-3.13802,2.46448,0.968658,1.02648,1.02312-0.351433,-0.161994,0.0887292,-0.119641,0.27827,-0.239952,0,0
1481579189,373213715,0.858548,-1.32825,0.730536,-3.13683,2.46091,0.971038,1.02648,1.02312-0.236429,-0.104465,0.0712486,-0.0595802,0.213275,-0.148984,0,0
1481579189,399229788,0.86336,-1.33017,0.729573,-3.13445,2.45853,0.973417,1.02648,1.02312-0.155354,-0.0742393,0.0418738,-0.104145,0.142575,-0.126488,0,0
1481579189,425203562,0.864323,-1.33017,0.727648,-3.13445,2.45853,0.974607,1.02648,1.02312-0.0916175,-0.0213106,0.0774209,-0.0130181,0.0178218,-0.0753062,0,0
1481579189,451212063,0.864323,-1.33017,0.725723,-3.13326,2.45615,0.974607,1.02648,1.02312-0.0114521,-0.00266369,0.0818643,-0.0313774,0.046849,-0.00941321,0,0
1481579189,471211583,0.864323,-1.33017,0.722836,-3.13207,2.45496,0.974607,1.02648,1.02312-0.0028629,-0.00066579,0.116718,-0.0673444,0.0414598,-0.00235317,0,0
1481579189,497204487,0.861435,-1.33017,0.718986,-3.13207,2.45258,0.973417,1.02648,1.023120.0233526,-0.000166714,0.149491,-0.016836,0.0401124,0.0589067,0,0
1481579189,523214883,0.85951,-1.32921,0.716098,-3.12969,2.45139,0.972227,1.02648,1.023120.123227,0.0240408,0.126966,-0.0913544,0.049642,0.0668584,0,0
1481579189,549238077,0.855661,-1.32632,0.710323,-3.12969,2.44782,0.969848,1.02648,1.023120.127053,0.0781952,0.176117,-0.0228387,0.101653,0.0762096,0,0
1481579189,575200188,0.85181,-1.3244,0.706473,-3.12731,2.44544,0.968658,1.02648,1.023120.160258,0.0939902,0.190452,-0.0921049,0.116836,0.083895,0,0
1481579189,601230795,0.847961,-1.32151,0.698773,-3.12612,2.44306,0.965087,1.02648,1.023120.176433,0.0959779,0.252398,-0.0710132,0.0889733,0.114656,0,0
1481579189,627197745,0.842186,-1.3167,0.692998,-3.12493,2.43949,0.962707,1.02648,1.023120.188485,0.120241,0.207474,-0.0475033,0.111486,0.0881591,0,0
1481579189,647215331,0.838335,-1.31381,0.688186,-3.12255,2.43711,0.960327,1.02648,1.023120.191491,0.126307,0.24437,-0.0713754,0.117127,0.111282,0,0
1481579189,673235491,0.834486,-1.31092,0.683373,-3.12255,2.43473,0.957948,1.02648,1.023120.192371,0.160162,0.223045,-0.0237969,0.118757,0.118027,0,0
1481579189,699197521,0.827748,-1.30707,0.675673,-3.12017,2.43235,0.955568,1.02648,1.023120.168414,0.160349,0.272325,-0.095199,0.148706,0.0890017,0,0
1481579189,725194157,0.821973,-1.30418,0.669898,-3.12017,2.42997,0.953188,1.02648,1.023120.201514,0.152396,0.274666,-0.0119001,0.0780833,0.115241,0,0
1481579189,751188899,0.818123,-1.30033,0.663161,-3.11779,2.4264,0.950807,1.02648,1.023120.169563,0.127327,0.226832,-0.0461121,0.113903,0.0590398,0,0
1481579189,777223481,0.811386,-1.29552,0.655461,-3.11541,2.42283,0.947237,1.02648,1.023120.210836,0.128092,0.273271,-0.0710281,0.117718,0.104002,0,0
1481579189,797211048,0.807536,-1.29263,0.650648,-3.11422,2.42045,0.944858,1.02648,1.023120.197079,0.12827,0.260816,-0.0475071,0.118672,0.115243,0,0
1481579189,823202520,0.802723,-1.28975,0.644873,-3.11303,2.41688,0.942478,1.02648,1.023120.241196,0.136342,0.249164,-0.0505633,0.148704,0.118522,0,0
1481579189,849191213,0.796948,-1.28493,0.637173,-3.11065,2.41331,0.940098,1.02648,1.023120.228731,0.130339,0.278854,-0.0721408,0.126419,0.0891254,0,0
1481579189,875224501,0.791173,-1.28205,0.631399,-3.10946,2.41093,0.937717,1.02648,1.023120.197026,0.160662,0.275479,-0.0833921,0.119925,0.115284,0,0
1481579189,901193187,0.787323,-1.27723,0.623699,-3.10827,2.40736,0.935337,1.02648,1.023120.193067,0.176487,0.238966,-0.025299,0.119134,0.0887792,0,0
1481579189,927225099,0.781548,-1.27338,0.615999,-3.10589,2.40379,0.932958,1.02648,1.023120.192637,0.16443,0.276303,-0.0955745,0.119026,0.111437,0,0
1481579189,947198724,0.777698,-1.26953,0.610224,-3.10351,2.40022,0.930578,1.02648,1.023120.240659,0.161429,0.309701,-0.0833937,0.178494,0.0873543,0,0
1481579189,973220928,0.772886,-1.26665,0.604449,-3.10351,2.39784,0.929388,1.02648,1.023120.210558,0.164549,0.279338,-0.025299,0.126435,0.0555406,0,0
1481579189,999206464,0.767111,-1.2628,0.596749,-3.10113,2.39427,0.925817,1.02648,1.023120.221071,0.161459,0.286395,-0.0955745,0.120851,0.103128,0,0
1481579190,25193858,0.762298,-1.25991,0.590974,-3.09875,2.3907,0.924627,1.02648,1.023120.22014,0.12846,0.276423,-0.101196,0.148977,0.087273,0,0
1481579190,51204856,0.758448,-1.2551,0.582311,-3.09756,2.38713,0.922247,1.02648,1.023120.183918,0.136372,0.287207,-0.0721493,0.122765,0.0852779,0,0
1481579190,77225647,0.752673,-1.25028,0.574611,-3.09518,2.38237,0.919868,1.02648,1.023120.190356,0.13034,0.24024,-0.0477872,0.179429,0.110562,0,0
1481579190,97200072,0.749786,-1.2474,0.568836,-3.09399,2.37999,0.917488,1.02648,1.023120.191959,0.128832,0.276623,-0.101196,0.134126,0.0871355,0,0
1481579190,123200463,0.744973,-1.24451,0.563061,-3.0928,2.37761,0.916298,1.02648,1.023120.228526,0.136416,0.287235,-0.0721498,0.120882,0.0555132,0,0
1481579190,149237775,0.740161,-1.2397,0.555361,-3.09161,2.37285,0.913918,1.02648,1.023120.17744,0.130351,0.240245,-0.0477872,0.149237,0.103121,0,0
1481579190,175220602,0.734386,-1.23681,0.549586,-3.08923,2.37047,0.911537,1.02648,1.023120.190615,0.160667,0.282685,-0.0952229,0.122771,0.102159,0,0
1481579190,201198204,0.731498,-1.23296,0.540924,-3.08804,2.36571,0.909157,1.02648,1.023120.144142,0.128361,0.287993,-0.0714031,0.134343,0.102012,0,0
1481579190,221228286,0.727648,-1.23007,0.536111,-3.08685,2.36214,0.907967,1.02648,1.023120.180405,0.128344,0.240435,-0.0476008,0.182323,0.0849981,0,0
1481579190,247218984,0.722836,-1.22526,0.527449,-3.08447,2.35857,0.905588,1.02648,1.023120.16541,0.176456,0.276672,-0.10115,0.134837,0.050997,0,0
1481579190,273188481,0.718986,-1.22237,0.521674,-3.08209,2.355,0.904398,1.02648,1.023120.189111,0.130341,0.287239,-0.101894,0.180493,0.0807434,0,0
1481579190,299196159,0.714173,-1.21756,0.513011,-3.07971,2.35143,0.902018,1.02648,1.023120.143538,0.128832,0.288373,-0.0254731,0.134366,0.0499334,0,0
1481579190,325181792,0.709361,-1.21467,0.508199,-3.07971,2.34786,0.900828,1.02648,1.023120.138251,0.160487,0.240578,-0.0329342,0.150686,0.0806104,0,0
1481579190,351223045,0.705511,-1.21082,0.498574,-3.07733,2.3431,0.898447,1.02648,1.023120.18572,0.128338,0.318821,-0.0487417,0.1527,0.0844584,0,0
1481579190,371233531,0.703586,-1.20793,0.493761,-3.07495,2.34072,0.897257,1.02648,1.023120.118615,0.128331,0.272207,-0.101436,0.127431,0.0806096,0,0
1481579190,397195849,0.697811,-1.20312,0.485099,-3.07257,2.33596,0.894878,1.02648,1.023120.174037,0.176459,0.284615,-0.0848584,0.150848,0.0498999,0,0
1481579190,423236010,0.694923,-1.20023,0.479324,-3.07257,2.33239,0.893688,1.02648,1.023120.166125,0.130335,0.288233,-0.0254822,0.182481,0.0806063,0,0
1481579190,449179232,0.690111,-1.19542,0.470661,-3.07019,2.32763,0.891308,1.02648,1.023120.137778,0.128837,0.288622,-0.0658706,0.134863,0.0796466,0,0
1481579190,475165191,0.685298,-1.19253,0.464886,-3.06781,2.32525,0.890118,1.02648,1.023120.137534,0.136413,0.288734,-0.0974839,0.135855,0.0843246,0,0
1481579190,501225243,0.682411,-1.18772,0.456224,-3.06543,2.32049,0.888928,1.02648,1.023120.161575,0.161425,0.288747,-0.101436,0.135985,0.0402881,0,0
1481579190,521222320,0.679523,-1.18483,0.450449,-3.06543,2.31692,0.887738,1.02648,1.023120.13664,0.160665,0.28875,-0.0253586,0.152986,0.0398195,0,0
1481579190,547204238,0.674711,-1.18098,0.441786,-3.06305,2.31216,0.885357,1.02648,1.023120.17853,0.160488,0.288746,-0.0955894,0.186997,0.099224,0,0
1481579190,573208109,0.671823,-1.1781,0.436012,-3.06067,2.30859,0.884167,1.02648,1.023120.130597,0.128338,0.288746,-0.101199,0.187013,0.071898,0,0
1481579190,599230736,0.667011,-1.17328,0.427349,-3.05948,2.30383,0.882977,1.02648,1.023120.128896,0.176468,0.288751,-0.0252995,0.135996,0.047722,0,0
1481579190,625218015,0.663161,-1.1704,0.421574,-3.05829,2.30026,0.880598,1.02648,1.023120.136424,0.130336,0.264685,-0.0477872,0.195498,0.0952078,0,0
1481579190,651202618,0.659311,-1.16558,0.411949,-3.05591,2.2955,0.879408,1.02648,1.023120.173454,0.160675,0.333865,-0.0505985,0.158328,0.071396,0,0
1481579190,671169928,0.657386,-1.1627,0.406174,-3.05353,2.29312,0.878218,1.02648,1.023120.115555,0.160477,0.324093,-0.101899,0.128824,0.077344,0,0
1481579190,697190549,0.652574,-1.15788,0.397512,-3.05115,2.28717,0.877028,1.02648,1.023120.173259,0.160428,0.297585,-0.0849751,0.151223,0.078831,0,0
1481579190,723191387,0.649686,-1.15596,0.391737,-3.04996,2.28479,0.875838,1.02648,1.023120.15401,0.116303,0.289851,-0.0849964,0.137893,0.0693489,0,0
1481579190,749192380,0.645836,-1.15115,0.383074,-3.04758,2.27884,0.874648,1.02648,1.023120.158811,0.173446,0.289028,-0.050999,0.153477,0.0768322,0,0
1481579190,775191164,0.641986,-1.14826,0.377299,-3.04639,2.27527,0.873457,1.02648,1.023120.15219,0.129965,0.288786,-0.0509995,0.197696,0.0393782,0,0
1481579190,801214266,0.639098,-1.14345,0.367674,-3.04401,2.27051,0.872267,1.02648,1.023120.127305,0.136554,0.336877,-0.0658749,0.158576,0.0346698,0,0
1481579190,821204919,0.636211,-1.14056,0.361899,-3.04282,2.26694,0.871077,1.02648,1.023120.152134,0.130392,0.300784,-0.0759683,0.158647,0.0681625,0,0
1481579190,847205647,0.632361,-1.13575,0.353237,-3.04044,2.26218,0.869887,1.02648,1.023120.110232,0.128845,0.291758,-0.0487422,0.188426,0.0765356,0,0
1481579190,873233945,0.629474,-1.13286,0.346499,-3.03925,2.25861,0.868698,1.02648,1.023120.134087,0.136421,0.337249,-0.0507178,0.157417,0.069062,0,0
1481579190,899185615,0.625623,-1.12805,0.337837,-3.03687,2.25266,0.867508,1.02648,1.023120.15383,0.130352,0.324939,-0.101929,0.158358,0.0767605,0,0
1481579190,925194522,0.621774,-1.12516,0.331099,-3.03449,2.25028,0.866318,1.02648,1.023120.151571,0.160677,0.341398,-0.101991,0.138811,0.0690901,0,0
1481579190,951242878,0.618886,-1.12131,0.323399,-3.0333,2.24433,0.865128,1.02648,1.023120.151286,0.128362,0.259235,-0.0722484,0.166089,0.0681313,0,0
1481579190,971228948,0.616961,-1.11842,0.316662,-3.03211,2.24076,0.865128,1.02648,1.023120.110013,0.128337,0.305435,-0.0478123,0.190273,0.0170328,0,0
1481579190,997200044,0.613111,-1.11361,0.307999,-3.02973,2.236,0.863938,1.02648,1.023120.12375,0.128338,0.29292,-0.130952,0.196332,0.0340057,0,0
1481579191,23194952,0.610224,-1.11072,0.301262,-3.02735,2.23243,0.862748,1.02648,1.023120.123746,0.136351,0.313329,-0.105619,0.158405,0.0339982,0,0
1481579191,49181292,0.606374,-1.10591,0.292599,-3.02497,2.22648,0.861558,1.02648,1.023120.151252,0.178464,0.294897,-0.0264047,0.158605,0.0679946,0,0
1481579191,75194810,0.602524,-1.10302,0.285862,-3.02497,2.22291,0.860367,1.02648,1.023120.103122,0.130586,0.31358,-0.0330504,0.168576,0.0680476,0,0
1481579191,101214663,0.600598,-1.09821,0.277199,-3.0214,2.21696,0.859177,1.02648,1.023120.109144,0.160696,0.267788,-0.0933811,0.199584,0.0382535,0,0
1481579191,121215513,0.597711,-1.09532,0.270462,-3.02021,2.21339,0.859177,1.02648,1.023120.147594,0.160482,0.307574,-0.0530949,0.198633,0.00956336,0,0
1481579191,147216830,0.593861,-1.09051,0.260837,-3.01783,2.20744,0.857987,1.02648,1.023120.109084,0.136381,0.341582,-0.102524,0.198423,0.0321383,0,0
1481579191,173231749,0.591936,-1.08762,0.255062,-3.01545,2.20387,0.856798,1.02648,1.023120.109889,0.137356,0.295355,-0.102065,0.203315,0.0337648,0,0
1481579191,199198577,0.588086,-1.08281,0.245437,-3.01307,2.19911,0.855608,1.02648,1.023120.0996572,0.130599,0.338524,-0.0850161,0.199566,0.0084412,0,0
1481579191,225178904,0.585198,-1.07992,0.238699,-3.01307,2.19435,0.855608,1.02648,1.023120.108704,0.136633,0.343098,-0.0255019,0.218318,0.0159289,0,0
1481579191,251233401,0.582311,-1.07511,0.230037,-3.0095,2.18959,0.854418,1.02648,1.023120.121869,0.161462,0.295545,-0.0924378,0.161167,0.0317386,0,0

