0,0,0.117457,-0.104281,0.558485,-0.0266787,-0.260873,-0.0965992
0,0,0.130002,0.0400378,0.528721,-0.0275651,-0.255969,-0.0964986
0,0,0.152836,0.0701479,0.538798,-0.0217619,-0.255178,-0.0971238
0,0,0.0996222,0.112132,0.497656,-0.0376126,-0.251166,-0.0973721
0,0,0.104582,0.0209224,0.543199,-0.0379552,-0.254551,-0.0994718
0,0,0.186834,0.0268385,0.5634,-0.0212865,-0.247818,-0.0949927
0,0,0.189141,0.0760628,0.51953,-0.0346274,-0.236631,-0.0904826
0,0,0.166152,0.00513083,0.539908,-0.0327111,-0.243772,-0.089878
0,0,0.137251,0.000799503,0.561225,-0.0303252,-0.239027,-0.0856088
0,0,0.173884,0.0572165,0.55258,-0.0285464,-0.239687,-0.0899315
0,0,0.207186,0.0214565,0.553097,-0.0353554,-0.234998,-0.0995374
0,0,0.191393,-0.0596787,0.556889,-0.027174,-0.229546,-0.0921988
0,0,0.168366,-0.0629644,0.561918,-0.0310769,-0.233577,-0.0940172
0,0,0.178085,-0.0191849,0.563334,-0.0313471,-0.230843,-0.0970361
0,0,0.186686,0.0230987,0.553461,-0.0246382,-0.236133,-0.0911405
0,0,0.169156,-0.0207101,0.547251,-0.0358054,-0.24474,-0.0944733
0,0,0.170875,-0.0438878,0.561456,-0.0336587,-0.248772,-0.08889
0,0,0.189519,0.0137582,0.565952,-0.0288789,-0.24642,-0.0896217
0,0,0.177117,0.0166484,0.55251,-0.0214617,-0.239787,-0.0921599
0,0,0.165949,-0.0150451,0.546983,-0.0252678,-0.241463,-0.0834458
0,0,0.166664,-0.0266176,0.539524,-0.0283847,-0.240465,-0.0884286
0,0,0.189973,-0.0143751,0.534377,-0.0235276,-0.24518,-0.0916017
0,0,0.195443,0.00698641,0.545922,-0.029763,-0.240445,-0.0940086
0,0,0.163247,0.00606403,0.55573,-0.0297266,-0.243203,-0.0935275
0,0,0.148131,0.00602064,0.55366,-0.0390051,-0.239808,-0.0895754
0,0,0.157295,0.0320165,0.571472,-0.0361878,-0.244204,-0.0927161
0,0,0.175937,0.0367661,0.545777,-0.040792,-0.249022,-0.0954671
0,0,0.174307,0.029864,0.536148,-0.0368362,-0.247654,-0.0921988
0,0,0.164823,0.00463381,0.533618,-0.0280402,-0.24128,-0.0901864
0,0,0.171939,0.00255096,0.555164,-0.0256382,-0.23865,-0.0954631
0,0,0.178349,0.00902609,0.551057,-0.0198544,-0.237329,-0.0955803
0,0,0.156279,0.00980708,0.544477,-0.0172716,-0.240179,-0.0930483
0,0,0.150256,0.0079785,0.547383,-0.0224692,-0.239906,-0.0973367
0,0,0.166298,0.0215131,0.543519,-0.0267804,-0.234719,-0.0965979
0,0,0.179529,0.0206538,0.555154,-0.0350387,-0.237099,-0.0936796
0,0,0.157584,0.00910691,0.551242,-0.0379287,-0.23724,-0.0947999
0,0,0.136801,0.00326015,0.560217,-0.0344156,-0.24352,-0.0939343
0,0,0.160527,0.0123185,0.559105,-0.0308091,-0.243843,-0.0924068
0,0,0.176794,0.00660924,0.534857,-0.0319599,-0.242109,-0.0930737
0,0,0.17022,0.00868923,0.530696,-0.0377356,-0.243017,-0.0896002
0,0,0.174635,0.00539448,0.547646,-0.0363985,-0.23736,-0.0852496
0,0,0.174951,0.00128914,0.533148,-0.0334359,-0.243149,-0.0873814
0,0,0.180482,0.00542579,0.522888,-0.031443,-0.249509,-0.0918838
0,0,0.167206,-0.000959541,0.529448,-0.0348031,-0.25015,-0.0955991
0,0,0.175858,-0.000712117,0.528976,-0.0266295,-0.254999,-0.0955124
0,0,0.167837,0.021264,0.542623,-0.0226502,-0.252577,-0.0981772
0,0,0.172221,0.0344303,0.542415,-0.0275433,-0.252189,-0.0954881
0,0,0.148296,0.0282844,0.547208,-0.0306491,-0.256114,-0.0899231
0,0,0.154701,0.0189855,0.539161,-0.0306742,-0.249447,-0.0972641
0,0,0.156391,0.0169756,0.535199,-0.0256956,-0.247593,-0.0993839
0,0,0.160432,-0.00815147,0.535241,-0.023454,-0.244907,-0.0995651
0,0,0.159203,-0.00243194,0.538272,-0.0294207,-0.246211,-0.10036
0,0,0.170463,0.000780205,0.532881,-0.030194,-0.24436,-0.0911901
0,0,0.16433,0.00802291,0.544765,-0.0266753,-0.244348,-0.08731
0,0,0.168177,0.0217109,0.559323,-0.0318992,-0.240905,-0.0915014
0,0,0.17663,0.00255556,0.557441,-0.0328959,-0.244491,-0.0907665
0,0,0.177516,-0.000989139,0.55726,-0.0306219,-0.25006,-0.0940916
0,0,0.169828,0.0204873,0.550928,-0.033151,-0.243716,-0.0970122
0,0,0.174173,0.0247094,0.54098,-0.0326654,-0.245684,-0.101292
0,0,0.158758,0.0219113,0.546616,-0.0398647,-0.245718,-0.0996862
0,0,0.174807,0.00283333,0.5599,-0.0362788,-0.24514,-0.0928942
0,0,0.193879,-0.00433277,0.549453,-0.0319883,-0.247141,-0.0918991
0,0,0.181578,0.00519867,0.541997,-0.0356295,-0.249652,-0.0928148
0,0,0.179687,0.0036216,0.551788,-0.0319921,-0.248896,-0.0947654
0,0,0.167648,-0.0132191,0.544049,-0.0341984,-0.247456,-0.0967573
0,0,0.170559,-0.0142623,0.530456,-0.0344751,-0.24658,-0.0971216
0,0,0.162523,0.00098022,0.526022,-0.0271419,-0.244771,-0.0940663
0,0,0.179039,0.00438219,0.53619,-0.0318275,-0.24429,-0.094615
0,0,0.157957,-0.00257413,0.529606,-0.0358942,-0.248489,-0.0849844
0,0,0.173518,-0.00378427,0.526001,-0.038889,-0.24211,-0.0854674
0,0,0.170284,-0.00537992,0.544312,-0.041038,-0.238465,-0.0888414
0,0,0.172497,0.00853866,0.55019,-0.0408022,-0.243371,-0.0895111
0,0,0.168492,0.01049,0.538822,-0.0446962,-0.247587,-0.0897766
0,0,0.163484,0.0102844,0.535116,-0.0403318,-0.251798,-0.0861164
0,0,0.158527,0.00206509,0.53411,-0.0351473,-0.252479,-0.0872609
0,0,0.144876,-0.00457182,0.542364,-0.029317,-0.24822,-0.0863648
0,0,0.142119,0.00421967,0.5427,-0.0250083,-0.24819,-0.0876806
0,0,0.159136,0.0255451,0.538926,-0.0279347,-0.250892,-0.0924719
0,0,0.169599,0.00926317,0.530461,-0.0316669,-0.251606,-0.0949505
0,0,0.167031,0.000821446,0.524931,-0.0293397,-0.254545,-0.104518
0,0,0.163651,0.00445091,0.54544,-0.0291055,-0.244899,-0.104611
0,0,0.17036,-0.00313496,0.539377,-0.027819,-0.243134,-0.104831
0,0,0.177137,0.0055332,0.537367,-0.0252419,-0.251769,-0.101081
0,0,0.150347,0.00700635,0.550558,-0.026003,-0.255017,-0.105222
0,0,0.168104,0.0244882,0.542367,-0.0195704,-0.252824,-0.0980643
0,0,0.163339,0.0395043,0.544141,-0.0233226,-0.244481,-0.0958109
0,0,0.155729,0.0299206,0.538788,-0.0250888,-0.241973,-0.0960457
0,0,0.156755,0.0152086,0.546707,-0.0189961,-0.245567,-0.0974909
0,0,0.144802,0.0126055,0.550497,-0.0296558,-0.244103,-0.0998819
0,0,0.140068,0.00662736,0.553871,-0.0315787,-0.242297,-0.100016
0,0,0.160254,0.000580386,0.552719,-0.0349455,-0.251482,-0.0973363
0,0,0.172515,0.00963048,0.554614,-0.0350051,-0.257824,-0.0953984
0,0,0.163734,0.00806414,0.557754,-0.0360825,-0.254155,-0.0978838
0,0,0.161226,0.00551654,0.556438,-0.0305668,-0.249281,-0.0984401
0,0,0.168604,0.03355,0.54806,-0.0246024,-0.251646,-0.0917462
0,0,0.167195,0.0363554,0.543344,-0.0233516,-0.256501,-0.0875615
0,0,0.175379,0.00409228,0.560785,-0.02328,-0.261369,-0.0959235
0,0,0.168229,0.00253142,0.557542,-0.0203023,-0.255387,-0.0926564
0,0,0.155121,-0.00161288,0.55978,-0.0280282,-0.256095,-0.0904036
0,0,0.165141,-0.0101599,0.552366,-0.033134,-0.249972,-0.0915896
0,0,0.169778,-0.0065699,0.523695,-0.0281813,-0.250339,-0.0930458
0,0,0.175301,-0.00092238,0.529409,-0.0226145,-0.247886,-0.0933125
0,0,0.189517,0.00580867,0.546422,-0.0268153,-0.245296,-0.0893043
0,0,0.17406,-0.00196932,0.532118,-0.0300825,-0.251058,-0.0972375
0,0,0.166085,0.0137142,0.53085,-0.0298452,-0.254354,-0.0923858
0,0,0.177218,0.00195829,0.548956,-0.0310222,-0.261689,-0.0907636
0,0,0.191051,-0.00534434,0.532702,-0.0338114,-0.260011,-0.0876735
0,0,0.192827,0.00543407,0.539169,-0.0353044,-0.25334,-0.0915726
0,0,0.187279,-0.00567693,0.560566,-0.037701,-0.248765,-0.094392
0,0,0.182784,-0.0100242,0.563207,-0.0342501,-0.251373,-0.0968238
0,0,0.178113,-0.00258296,0.554901,-0.0331312,-0.253328,-0.0924207
0,0,0.169454,-0.0144011,0.545643,-0.0325139,-0.253196,-0.0928387
0,0,0.160545,-0.0231983,0.543632,-0.0308524,-0.253784,-0.093904
0,0,0.153202,-0.00489591,0.531183,-0.034101,-0.249114,-0.0917285
0,0,0.149285,0.0119175,0.542106,-0.0296594,-0.24835,-0.0925387
0,0,0.135802,0.000518672,0.531452,-0.0272409,-0.248381,-0.0875124
0,0,0.160447,0.00538222,0.535677,-0.0232032,-0.247394,-0.0931953
0,0,0.16322,-0.000547652,0.537403,-0.0219015,-0.247636,-0.0931925
0,0,0.164196,-0.0173319,0.539675,-0.0262285,-0.249737,-0.0938139
0,0,0.167047,-0.0100309,0.553006,-0.0327001,-0.257176,-0.0887384
0,0,0.16276,0.00462286,0.552537,-0.0272182,-0.251505,-0.0888655
0,0,0.175707,0.0122129,0.536001,-0.0280115,-0.252865,-0.0940239
0,0,0.162417,-0.00109742,0.528533,-0.030717,-0.250221,-0.0944374
0,0,0.162628,0.000883765,0.543341,-0.0294541,-0.256644,-0.090331
0,0,0.160376,0.00393773,0.547701,-0.0315789,-0.253026,-0.086362
0,0,0.156729,-0.0189787,0.541775,-0.0385523,-0.244467,-0.0906966
0,0,0.192291,-0.210277,0.573455,-0.0334382,-0.208117,-0.0915307
0,0,0.194121,-0.322324,0.573847,-0.0387646,-0.229667,-0.090335
0,0,0.187949,-0.21276,0.544006,-0.0554166,-0.223926,-0.0977836
0,0,0.19659,-0.219277,0.556118,-0.0471803,-0.218387,-0.102183
0,0,0.169926,-0.266771,0.569695,-0.0386529,-0.220616,-0.102862
0,0,0.138674,-0.188623,0.575222,-0.084738,-0.214681,-0.102484
0,0,0.179556,-0.133934,0.588089,-0.0511216,-0.226039,-0.105275
0,0,0.206675,-0.178275,0.604858,-0.0597993,-0.219146,-0.103045
0,0,0.165444,-0.073178,0.57667,-0.0641362,-0.20572,-0.101473
0,0,0.156705,-0.102301,0.573264,-0.0922571,-0.21117,-0.108221
0,0,0.161994,-0.0562757,0.541652,-0.0661181,-0.218605,-0.108275
0,0,0.171438,-0.0433006,0.601868,-0.0854106,-0.225122,-0.115536
0,0,0.169796,-0.0694506,0.562969,-0.0680501,-0.212902,-0.13305
0,0,0.158238,-0.130379,0.606457,-0.0590103,-0.215801,-0.130264
0,0,0.150853,-0.0911624,0.611826,-0.0640874,-0.207905,-0.122766
0,0,0.138335,-0.0848601,0.601726,-0.0731597,-0.200928,-0.110707
0,0,0.163202,0.00380975,0.608864,-0.056064,-0.206197,-0.101993
0,0,0.201876,-0.0298167,0.635356,-0.0598896,-0.194731,-0.10401
0,0,0.207767,0.0154989,0.632572,-0.0701567,-0.208002,-0.128472
0,0,0.156379,0.00254786,0.63993,-0.0669844,-0.222449,-0.134193
0,0,0.110069,-0.000163032,0.614354,-0.0798077,-0.203311,-0.123792
0,0,0.152309,-0.0428186,0.635177,-0.0690236,-0.201798,-0.111646
0,0,0.181411,0.0179548,0.580586,-0.0740443,-0.201054,-0.106246
0,0,0.165267,-0.0796192,0.60997,-0.0512618,-0.196259,-0.113898
0,0,0.13294,-0.110039,0.652714,-0.0703269,-0.22794,-0.128561
0,0,0.124215,-0.0834198,0.661333,-0.0692301,-0.212146,-0.132176
0,0,0.147406,-0.0614128,0.619108,-0.0964615,-0.202975,-0.117291
0,0,0.146878,-0.0392827,0.57386,-0.0813306,-0.203188,-0.106556
0,0,0.154699,-0.027781,0.596773,-0.0915982,-0.193987,-0.109603
0,0,0.144147,-0.115002,0.673196,-0.0608167,-0.206062,-0.132906
0,0,0.160303,-0.0628455,0.68946,-0.0764183,-0.212924,-0.130235
0,0,0.197282,-0.0125519,0.653542,-0.0571168,-0.19193,-0.113367
0,0,0.172909,-0.122225,0.644504,-0.0833293,-0.197655,-0.105922
0,0,0.161981,-0.0893251,0.658435,-0.0591126,-0.212407,-0.125037
0,0,0.171294,-0.089796,0.638528,-0.0836437,-0.213368,-0.133789
0,0,0.189585,-0.026714,0.669912,-0.044088,-0.200869,-0.117912
0,0,0.133932,-0.0210087,0.64591,-0.0707461,-0.213625,-0.108075
0,0,0.121127,-0.022676,0.592907,-0.0680855,-0.191415,-0.120561
0,0,0.157026,-0.0482692,0.63719,-0.0654396,-0.204565,-0.143168
0,0,0.163441,-0.153415,0.670411,-0.0471737,-0.224092,-0.129896
0,0,0.145708,-0.111613,0.673963,-0.0686643,-0.216272,-0.117247
0,0,0.0913313,-0.0908835,0.649305,-0.0676666,-0.199822,-0.127183
0,0,0.124265,-0.0411215,0.641808,-0.0750417,-0.196039,-0.133993
0,0,0.199674,-0.103095,0.621535,-0.0647654,-0.192381,-0.117894
0,0,0.207724,-0.124565,0.689713,-0.0431762,-0.220091,-0.106107
0,0,0.170387,-0.152449,0.606475,-0.0676523,-0.199993,-0.133005
0,0,0.123504,-0.111914,0.619153,-0.0718332,-0.195189,-0.139152
0,0,0.138782,-0.146103,0.694039,-0.0733399,-0.203915,-0.113819
0,0,0.214428,-0.132603,0.694643,-0.0503366,-0.187902,-0.117827
0,0,0.210376,-0.137078,0.701606,-0.0525683,-0.198867,-0.138469
0,0,0.132611,-0.114847,0.666558,-0.0541428,-0.191381,-0.122416
0,0,0.115359,-0.0868349,0.657036,-0.0753422,-0.193365,-0.114825
0,0,0.198724,-0.112315,0.666041,-0.041172,-0.206276,-0.142226
0,0,0.227997,-0.207813,0.684505,-0.0441916,-0.2065,-0.146025
0,0,0.226172,-0.248472,0.605412,-0.0381812,-0.193861,-0.122337
0,0,0.200753,-0.274469,0.596062,-0.0643817,-0.206887,-0.135147
0,0,0.188493,-0.11026,0.575448,-0.0453116,-0.21469,-0.148407
0,0,0.161467,-0.140654,0.572732,-0.0764538,-0.22393,-0.130091
0,0,0.126584,-0.10073,0.504707,-0.0665706,-0.210819,-0.125639
0,0,0.126365,-0.160635,0.550172,-0.0727575,-0.198743,-0.141742
0,0,0.221249,-0.165569,0.559902,-0.0452178,-0.210177,-0.130372
0,0,0.210075,-0.191003,0.581365,-0.0600429,-0.205702,-0.13168
0,0,0.18332,-0.154454,0.59502,-0.0604182,-0.220797,-0.158735
0,0,0.167411,-0.14932,0.584914,-0.0534715,-0.213394,-0.147992
0,0,0.164012,-0.197285,0.570423,-0.0658556,-0.21293,-0.135074
0,0,0.181252,-0.151274,0.546894,-0.0609519,-0.205822,-0.155377
0,0,0.198649,-0.202562,0.517703,-0.0749684,-0.193514,-0.125383
0,0,0.174819,-0.153992,0.507095,-0.0541027,-0.200853,-0.119667
0,0,0.16851,-0.18487,0.495562,-0.0660581,-0.206869,-0.137267
0,0,0.172236,-0.192831,0.503182,-0.0525558,-0.212113,-0.114694
0,0,0.191527,-0.194662,0.532654,-0.0525041,-0.221201,-0.113682
0,0,0.21132,-0.232644,0.455375,-0.0592845,-0.191594,-0.135862
0,0,0.214096,-0.193383,0.406942,-0.0601395,-0.192004,-0.111015
0,0,0.203208,-0.231206,0.500865,-0.0594475,-0.206045,-0.135311
0,0,0.219398,-0.267817,0.438797,-0.0450577,-0.200935,-0.128084
0,0,0.210856,-0.214981,0.428501,-0.0794495,-0.194439,-0.117541
0,0,0.246306,-0.194353,0.432084,-0.0574171,-0.189298,-0.144273
0,0,0.221544,-0.31509,0.498708,-0.0532226,-0.210278,-0.127105
0,0,0.189973,-0.226865,0.479512,-0.066791,-0.223181,-0.133349
0,0,0.214778,-0.216223,0.433918,-0.0579962,-0.225669,-0.131795
0,0,0.210758,-0.188195,0.397481,-0.0681707,-0.225508,-0.111211
0,0,0.205359,-0.113985,0.353616,-0.0557771,-0.24395,-0.123597
0,0,0.207623,0.00178932,0.272441,-0.0660847,-0.202932,-0.13832
0,0,0.167408,0.0549813,0.245929,-0.0915626,-0.232303,-0.128645
0,0,0.164247,0.0602526,0.287443,-0.0927895,-0.241946,-0.128244
0,0,0.159253,-0.0176479,0.320746,-0.094305,-0.274985,-0.126977
0,0,0.192168,-0.106818,0.371288,-0.0594555,-0.265595,-0.111462
0,0,0.216846,-0.0951971,0.267084,-0.0641829,-0.247824,-0.108743
0,0,0.220572,-0.101628,0.226874,-0.044188,-0.234331,-0.103544
0,0,0.237647,-0.0838116,0.271941,-0.0559531,-0.260384,-0.131271
0,0,0.169397,-0.0218378,0.290387,-0.0356012,-0.261208,-0.120865
0,0,0.157344,-0.0263219,0.365871,-0.038963,-0.264811,-0.100008
0,0,0.164402,-0.0552781,0.336311,-0.0333436,-0.270937,-0.117438
0,0,0.19921,-0.0577513,0.323032,-0.0486652,-0.263494,-0.10075
0,0,0.211777,-0.0620966,0.383416,-0.0207737,-0.268054,-0.0916843
0,0,0.194973,-0.00861397,0.442144,-0.0257886,-0.293224,-0.114295
0,0,0.134247,-0.101499,0.400397,-0.0257674,-0.26258,-0.0883052
0,0,0.133303,-0.0826941,0.38166,-0.0359078,-0.258569,-0.0857584
0,0,0.164251,-0.128203,0.504132,-0.0129864,-0.275161,-0.117379
0,0,0.181375,-0.194069,0.547794,0.0101965,-0.276175,-0.0946638
0,0,0.162045,-0.236961,0.512188,0.00257037,-0.273568,-0.0881347
0,0,0.169715,-0.15578,0.446509,-0.0181219,-0.268534,-0.119849
0,0,0.196128,-0.160007,0.506711,-0.00542738,-0.291712,-0.091529
0,0,0.190341,-0.101449,0.532857,0.00373155,-0.275809,-0.0969111
0,0,0.156123,-0.0648756,0.446931,-0.0307069,-0.258829,-0.0997885
0,0,0.152265,-0.0129288,0.435152,-0.0169086,-0.265028,-0.0805896
0,0,0.127056,-0.0863204,0.55519,-0.00225123,-0.272127,-0.0911243
0,0,0.124265,-0.204521,0.642291,0.0227265,-0.284663,-0.107773
0,0,0.123504,-0.0651253,0.511567,-0.0251345,-0.280141,-0.0912839
0,0,0.147649,-0.0266416,0.478611,-0.0138418,-0.27497,-0.0857601
0,0,0.183857,-0.240515,0.617843,0.0206177,-0.267448,-0.0996912
0,0,0.148932,-0.230683,0.591916,0.0300375,-0.259287,-0.1036
0,0,0.119237,-0.105214,0.515716,-0.00856748,-0.260623,-0.0845382
0,0,0.143117,-0.0415612,0.507028,-0.00683461,-0.259107,-0.0970107
0,0,0.203786,-0.0938504,0.525559,-0.00101228,-0.266687,-0.107515
0,0,0.217602,-0.0802657,0.60397,0.0152629,-0.292885,-0.0899681
0,0,0.172751,-0.117245,0.633791,-0.00623684,-0.30034,-0.102829
0,0,0.152808,-0.0447342,0.583903,-0.0345972,-0.280191,-0.110071
0,0,0.117209,0.0712516,0.517531,-0.0444631,-0.263289,-0.0861533
0,0,0.177662,-0.0761108,0.634816,-0.00780794,-0.277385,-0.0815432
0,0,0.160893,-0.182553,0.706835,0.014498,-0.280112,-0.101776
0,0,0.138764,-0.111364,0.618976,-0.016279,-0.268636,-0.104272
0,0,0.162073,-0.0122017,0.58533,0.00154009,-0.281479,-0.0786973
0,0,0.186813,-0.00324495,0.564958,-0.00780437,-0.271131,-0.0840135
0,0,0.167448,-0.0708645,0.654812,0.0237634,-0.275037,-0.106202
0,0,0.168179,-0.112008,0.681307,0.0179692,-0.279349,-0.0969643
0,0,0.138163,-0.00761953,0.598151,0.00971846,-0.248889,-0.083094
0,0,0.123815,0.0209702,0.59288,-0.0305646,-0.255138,-0.0903623
0,0,0.113032,0.0116934,0.65986,-0.0167054,-0.278419,-0.103213
0,0,0.129672,0.0143289,0.721165,0.00162736,-0.288119,-0.0878055
0,0,0.118142,-0.0395361,0.662582,0.00035385,-0.262217,-0.0851982
0,0,0.128761,0.0409036,0.635579,-0.0386489,-0.262375,-0.0942662
0,0,0.163681,0.0117852,0.663817,-0.00561308,-0.246518,-0.106728
0,0,0.169161,0.0409046,0.753467,-0.00272137,-0.264051,-0.0872447
0,0,0.152454,-0.0679005,0.80468,0.0300675,-0.280546,-0.072507
0,0,0.1386,0.0165815,0.696617,-0.0012787,-0.264298,-0.0808458
0,0,0.12842,0.138128,0.6142,-0.0141917,-0.257295,-0.0862915
0,0,0.132546,0.0717874,0.637725,-0.0183945,-0.257812,-0.0921522
0,0,0.135385,0.00425815,0.743677,0.0302568,-0.264906,-0.0816544
0,0,0.116618,-0.051758,0.770908,0.0188316,-0.281114,-0.0823047
0,0,0.104205,0.0674116,0.649452,-0.0178998,-0.267143,-0.0935622
0,0,0.141474,0.0396022,0.644998,-0.0154524,-0.262285,-0.100584
0,0,0.180305,0.0515886,0.640876,-0.0114436,-0.272021,-0.0878294
0,0,0.185126,0.080991,0.700077,-0.0127847,-0.287462,-0.0796289
0,0,0.18384,0.0100427,0.761073,0.000527448,-0.283157,-0.0782496
0,0,0.150275,0.0681574,0.671566,-0.00764295,-0.269219,-0.0876613
0,0,0.129699,0.107988,0.610547,-0.0250689,-0.258742,-0.101437
0,0,0.145136,0.087934,0.630661,-0.0245772,-0.255405,-0.0974124
0,0,0.181565,0.028279,0.72446,-0.00148546,-0.285386,-0.0879046
0,0,0.165545,0.0320678,0.733581,0.0211627,-0.303438,-0.0934959
0,0,0.13621,0.0284964,0.674287,-0.00448381,-0.271499,-0.107832
0,0,0.13115,0.128939,0.660424,-0.00519878,-0.261772,-0.116764
0,0,0.167962,0.142706,0.618584,-0.0187378,-0.263916,-0.108555
0,0,0.166228,0.0798115,0.672214,0.0125597,-0.27828,-0.0950193
0,0,0.111092,0.0265485,0.702681,-0.00705895,-0.304522,-0.0806568
0,0,0.0722178,0.0325623,0.723837,0.00540842,-0.302141,-0.082548
0,0,0.105698,0.0835603,0.640026,-0.0200261,-0.274918,-0.10152
0,0,0.183906,0.209907,0.586175,-0.021227,-0.257209,-0.110947
0,0,0.158809,0.0216602,0.670227,0.0119666,-0.283884,-0.0973053
0,0,0.100045,0.027587,0.71003,0.0214514,-0.299141,-0.0854384
0,0,0.111002,0.0953488,0.689395,-0.011558,-0.294136,-0.0802337
0,0,0.163903,-0.0305721,0.610081,-0.0160966,-0.272963,-0.0725501
0,0,0.229786,-0.197547,0.595266,-0.00411447,-0.258638,-0.0767028
0,0,0.175504,-0.113155,0.621003,-0.0140286,-0.248375,-0.087211
0,0,0.152311,-0.148795,0.671108,0.0102997,-0.271715,-0.0906758
0,0,0.122879,-0.256339,0.700736,0.0176549,-0.278698,-0.0882869
0,0,0.118258,-0.129608,0.62813,0.00752794,-0.267462,-0.088086
0,0,0.189207,-0.00578788,0.610586,-0.00305982,-0.268489,-0.0919352
0,0,0.126023,0.00261558,0.561817,-0.018128,-0.260471,-0.0917912
0,0,0.0884468,0.0142873,0.598467,-0.0178553,-0.276576,-0.0927073
0,0,0.129868,0.0351184,0.59096,-0.0180754,-0.280454,-0.0940885
0,0,0.132198,0.0728328,0.572623,-0.0184618,-0.270839,-0.0989153
0,0,0.121333,0.0151539,0.552617,-0.0181122,-0.268906,-0.0875778
0,0,0.134048,0.0170359,0.57473,-0.0221369,-0.269223,-0.0956168
0,0,0.140555,0.0890502,0.561439,-0.0416409,-0.266437,-0.0971477
0,0,0.171977,0.0831431,0.567523,-0.0344715,-0.263949,-0.0924895
0,0,0.157396,0.0108703,0.551536,-0.0315448,-0.259841,-0.103593
0,0,0.149564,0.0447502,0.54614,-0.0242449,-0.265184,-0.106213
0,0,0.115869,0.0798555,0.545005,-0.0201454,-0.268248,-0.0988692
0,0,0.131613,0.0239857,0.56226,-0.0204709,-0.272637,-0.102743
0,0,0.160326,0.0404615,0.544094,-0.0154324,-0.267062,-0.0987872
0,0,0.176342,0.0579397,0.527407,-0.0145607,-0.257999,-0.101709
0,0,0.122335,0.0442525,0.567204,-0.0175295,-0.266117,-0.0973883
0,0,0.165608,0.0466698,0.563494,-0.0217914,-0.265336,-0.0967965
0,0,0.189938,0.0563351,0.560326,-0.0209263,-0.257697,-0.0963902
0,0,0.164012,0.0463705,0.558467,-0.0242204,-0.258244,-0.0982421
0,0,0.109044,0.0565443,0.584398,-0.0224469,-0.264868,-0.0979215
0,0,0.139424,0.0686266,0.579389,-0.014918,-0.262208,-0.0997314
0,0,0.167836,0.0529385,0.578555,-0.0222876,-0.264978,-0.0989086
0,0,0.156223,0.057456,0.58728,-0.0259581,-0.267988,-0.0972472
0,0,0.155333,0.0717426,0.579348,-0.0293354,-0.269171,-0.100542
0,0,0.166351,0.0504583,0.581598,-0.0289836,-0.267465,-0.094681
0,0,0.147217,0.0496094,0.578424,-0.0301954,-0.26063,-0.0889857
0,0,0.130905,0.0507466,0.574163,-0.0162572,-0.25629,-0.0901413
0,0,0.149629,0.0456371,0.565807,-0.0253899,-0.260303,-0.0950279
0,0,0.166893,0.0449592,0.560667,-0.0246402,-0.259601,-0.0975907
0,0,0.140062,0.0425764,0.563895,-0.0188284,-0.263022,-0.0984898
0,0,0.164008,0.0701379,0.564275,-0.0222274,-0.271092,-0.0920825
0,0,0.148859,0.0538969,0.545499,-0.0170421,-0.271908,-0.0937623
0,0,0.144474,0.0425912,0.54885,-0.0147797,-0.274495,-0.086099
0,0,0.116666,0.0623787,0.550418,-0.0199223,-0.269989,-0.0902691
0,0,0.122794,0.0654712,0.556527,-0.020968,-0.266246,-0.0868966
0,0,0.141898,0.0682572,0.534389,-0.0166309,-0.265352,-0.0948194
0,0,0.143497,0.0524888,0.54647,-0.0205772,-0.258963,-0.0957268
0,0,0.152708,0.0649798,0.561606,-0.0316098,-0.257155,-0.100148
0,0,0.146991,0.0697174,0.56804,-0.0320903,-0.254807,-0.101162
0,0,0.159491,0.0433658,0.563501,-0.019764,-0.258649,-0.0977447
0,0,0.160894,0.0555612,0.561312,-0.0166495,-0.260469,-0.0966157
0,0,0.157981,0.063706,0.572757,-0.0165689,-0.266496,-0.0911031
0,0,0.136897,0.0520241,0.57747,-0.0163384,-0.264474,-0.0965541
0,0,0.141589,0.0360397,0.568588,-0.0155196,-0.265596,-0.0977885
0,0,0.155593,0.0270233,0.565709,-0.0142089,-0.255862,-0.0961082
0,0,0.142871,0.0450166,0.580616,-0.0264968,-0.258696,-0.0974559
0,0,0.13595,0.0488638,0.567571,-0.0240944,-0.264357,-0.0913199
0,0,0.150817,0.0432073,0.555012,-0.0216314,-0.262487,-0.0980775
0,0,0.150161,0.0376261,0.548678,-0.0191548,-0.259618,-0.0948998
0,0,0.133096,0.0577684,0.56819,-0.0201323,-0.264924,-0.0993291
0,0,0.1258,0.0618098,0.565661,-0.0180439,-0.266634,-0.105649
0,0,0.133385,0.0532446,0.552206,-0.0261897,-0.255988,-0.105571
0,0,0.150332,0.0424474,0.576933,-0.0151448,-0.257403,-0.106382
0,0,0.157961,0.050236,0.572891,-0.0135408,-0.262059,-0.103769
0,0,0.167293,0.0682966,0.556929,-0.0190603,-0.258446,-0.101002
0,0,0.181574,0.0652434,0.542061,-0.0170561,-0.263317,-0.0982805
0,0,0.16673,0.0810179,0.543626,-0.0149087,-0.270753,-0.0988814
0,0,0.153927,0.0635785,0.551777,-0.0150505,-0.270795,-0.100579
0,0,0.149149,0.0666057,0.555651,-0.0170137,-0.272822,-0.0984424
0,0,0.148786,0.0643587,0.551212,-0.0229839,-0.276065,-0.0943634
0,0,0.14178,0.0569464,0.549117,-0.018364,-0.269309,-0.0921816
0,0,0.151446,0.0597045,0.566991,-0.0142421,-0.266968,-0.095791
0,0,0.156033,0.0657438,0.581526,-0.0183075,-0.262143,-0.0992728
0,0,0.162114,0.0710388,0.59806,-0.024924,-0.259902,-0.0999462
0,0,0.156376,0.0815231,0.57648,-0.0280144,-0.258445,-0.100839
0,0,0.164109,0.0750426,0.562942,-0.0281414,-0.264146,-0.101092
0,0,0.171012,0.0765548,0.575575,-0.0209431,-0.261385,-0.0976523
0,0,0.157145,0.0721626,0.562247,-0.0296342,-0.266928,-0.0931779
0,0,0.153266,0.0713474,0.560288,-0.0287203,-0.265575,-0.100971
0,0,0.150129,0.0491006,0.539514,-0.0272342,-0.267183,-0.10146
0,0,0.159402,0.0700708,0.539756,-0.0328532,-0.272716,-0.103153
0,0,0.162981,0.072142,0.540872,-0.0299849,-0.275657,-0.10478
0,0,0.166799,0.0526445,0.559352,-0.0288961,-0.271356,-0.110926
0,0,0.167244,0.056356,0.571153,-0.0261699,-0.271125,-0.10611
0,0,0.165762,0.0616008,0.568087,-0.0248383,-0.273393,-0.102913
0,0,0.162048,0.0275292,0.565192,-0.0274054,-0.264686,-0.0979255
0,0,0.151884,0.0453762,0.5514,-0.0320554,-0.254352,-0.0910656
0,0,0.164073,0.0382882,0.566491,-0.0308911,-0.254558,-0.0875216
0,0,0.17754,0.0351591,0.580979,-0.0248985,-0.256319,-0.0859158
0,0,0.158007,0.0584456,0.561803,-0.0245109,-0.263634,-0.0942944
0,0,0.151033,0.0535861,0.569112,-0.0280729,-0.268003,-0.0870168
0,0,0.14826,0.0570482,0.569806,-0.0222614,-0.256186,-0.0766788
0,0,0.137611,0.0597273,0.578348,-0.0251471,-0.258395,-0.0816313
0,0,0.133183,0.0788657,0.5601,-0.0275468,-0.25818,-0.0912936
0,0,0.144233,0.0730647,0.552897,-0.0271249,-0.256425,-0.0965094
0,0,0.146121,0.0607665,0.57989,-0.0337733,-0.262583,-0.0966542
0,0,0.132317,0.0632735,0.579721,-0.0279464,-0.267399,-0.104912
0,0,0.122467,0.0520843,0.593646,-0.028082,-0.265766,-0.102073
0,0,0.112792,0.0431089,0.586474,-0.0226585,-0.265731,-0.100745
0,0,0.113181,0.038216,0.573763,-0.0193641,-0.27004,-0.0984801
0,0,0.128534,0.0500612,0.58337,-0.0202532,-0.264425,-0.0982661
0,0,0.10443,0.0455542,0.563703,-0.029578,-0.25248,-0.101488
0,0,0.118492,0.0460644,0.556257,-0.027637,-0.259199,-0.0948169
0,0,0.116855,0.0472857,0.545007,-0.027533,-0.25649,-0.0868205
0,0,0.128403,0.0495491,0.528298,-0.0364727,-0.254925,-0.0944059
0,0,0.142246,0.0618107,0.468597,-0.0430514,-0.223429,-0.0957397
0,0,0.0172318,0.000285797,0.444324,-0.063808,-0.254366,-0.106213
0,0,-0.00477675,-0.172919,0.483529,-0.0636679,-0.248248,-0.10596
0,0,0.0597664,-0.149975,0.38687,-0.0605479,-0.244866,-0.102745
0,0,0.156407,-0.147423,0.384989,-0.0254467,-0.244978,-0.109193
0,0,0.0548493,-0.201806,0.495858,-0.0118121,-0.275072,-0.107735
0,0,0.0971084,-0.0607277,0.39586,-0.0239575,-0.247781,-0.113712
0,0,0.136504,-0.163341,0.477362,-0.011789,-0.271041,-0.127832
0,0,0.172993,-0.134209,0.477198,-0.0162842,-0.288726,-0.12546
0,0,0.0424182,-0.0586958,0.358129,-0.0349239,-0.244128,-0.109646
0,0,0.0858456,-0.174054,0.527087,-0.0166348,-0.297463,-0.112851
0,0,0.0859475,-0.0505833,0.366542,-0.0222999,-0.253818,-0.139297
0,0,0.0981361,-0.095588,0.425273,-0.0322582,-0.265607,-0.130979
0,0,0.09729,-0.201783,0.426273,-0.0233074,-0.289501,-0.118236
0,0,0.0695903,-0.0927477,0.285671,-0.0398092,-0.245651,-0.11281
0,0,0.0853758,-0.124645,0.381053,-0.0315852,-0.267222,-0.128718
0,0,0.0909947,-0.0884714,0.283403,-0.0324796,-0.25401,-0.120109
0,0,0.0572226,-0.157227,0.404398,-0.00787828,-0.301127,-0.11067
0,0,0.0520972,-0.121623,0.363828,0.000758102,-0.271946,-0.121292
0,0,0.0751518,-0.0219287,0.212221,-0.0378178,-0.237993,-0.139137
0,0,0.0515436,-0.108447,0.356221,-0.00173151,-0.304314,-0.13181
0,0,0.0814519,-0.162843,0.179854,-0.0365711,-0.238206,-0.128781
0,0,0.0490574,-0.180599,0.35043,0.0179665,-0.301565,-0.125798
0,0,0.131303,-0.137148,0.26232,-0.00669567,-0.293383,-0.10993
0,0,0.0849319,-0.0635748,0.221025,-0.0159896,-0.271328,-0.13147
0,0,0.00790928,-0.178367,0.241711,-0.0274525,-0.284294,-0.12782
0,0,0.0506868,-0.0289419,0.14438,-0.0336022,-0.252588,-0.123942
0,0,0.0192207,-0.136672,0.255329,-0.0240422,-0.292902,-0.136556
0,0,0.0218024,-0.0674481,0.129855,-0.0469805,-0.272114,-0.112629
0,0,0.0734102,-0.0199113,0.151792,-0.0181832,-0.258782,-0.133746
0,0,0.0607604,-0.162667,0.204248,-0.0195929,-0.290745,-0.115362
0,0,0.0614228,-0.109796,0.0775439,-0.0356506,-0.24301,-0.143309
0,0,0.0315333,-0.211044,0.267789,0.0148343,-0.314953,-0.12681
0,0,0.0477892,-0.173856,0.230109,0.0136602,-0.286861,-0.146904
0,0,0.0041136,-0.0555077,0.0868016,-0.0238182,-0.240461,-0.125461
0,0,8.77166e-05,-0.141089,0.199308,0.00406686,-0.293163,-0.145757
0,0,-0.0296233,-0.158122,0.169083,-0.00514066,-0.263807,-0.118484
0,0,0.0074318,-0.0960179,0.10871,-0.0327891,-0.249445,-0.156
0,0,-0.00292649,-0.0610721,0.127451,-0.0202242,-0.270241,-0.132931
0,0,-0.0152943,-0.0891502,0.238565,-0.00754785,-0.305101,-0.139223
0,0,0.00788369,-0.0483126,0.212768,-0.0124201,-0.291817,-0.14842
0,0,0.0352307,-0.128014,0.100263,-0.0398032,-0.246813,-0.150777
0,0,0.0100059,-0.189752,0.222337,-0.0180919,-0.274664,-0.124072
0,0,-0.0576826,-0.126662,0.234537,-0.0210252,-0.285482,-0.137943
0,0,-0.0326841,-0.0593423,0.0972261,-0.0518212,-0.265605,-0.134823
0,0,0.0243234,-0.122149,0.106114,-0.0524865,-0.263002,-0.125789
0,0,0.00550994,-0.197233,0.255612,-0.0182585,-0.289932,-0.12195
0,0,-0.018795,-0.154559,0.190439,-0.0437473,-0.281409,-0.144126
0,0,-0.00276255,-0.109189,0.132231,-0.0506279,-0.270502,-0.118984
0,0,0.0567392,-0.167892,0.174501,-0.0372733,-0.270469,-0.154934
0,0,0.0195945,-0.205421,0.242794,-0.0201072,-0.286257,-0.131226
0,0,-0.109918,-0.197228,0.236452,-0.0390983,-0.281821,-0.140568
0,0,-0.104101,-0.242366,0.202596,-0.0476803,-0.255908,-0.124987
0,0,-0.06989,-0.245957,0.238768,-0.0402373,-0.239729,-0.140163
0,0,-0.0213015,-0.24378,0.333016,-0.0274427,-0.275159,-0.139063
0,0,-0.00557624,-0.286288,0.255952,-0.0458943,-0.250134,-0.141349
0,0,-0.000862074,-0.302812,0.28149,-0.0686922,-0.24204,-0.143926
0,0,0.0477909,-0.213331,0.28669,-0.0453955,-0.235015,-0.136099
0,0,0.0350529,-0.170335,0.27656,-0.0380961,-0.249921,-0.148141
0,0,0.0821011,-0.166665,0.264836,-0.0560791,-0.231632,-0.10999
0,0,0.0801838,-0.161366,0.245918,-0.0510542,-0.226133,-0.120737
0,0,0.121113,-0.147187,0.227303,-0.0438257,-0.231219,-0.130052
0,0,0.0877386,-0.172384,0.231374,-0.0663002,-0.22055,-0.142703
0,0,0.101788,-0.294041,0.21397,-0.0693068,-0.231705,-0.133959
0,0,0.106912,-0.33603,0.265363,-0.0713704,-0.225477,-0.138114
0,0,0.13452,-0.208525,0.254741,-0.0602661,-0.237263,-0.155233
0,0,0.191463,-0.141908,0.228165,-0.0881505,-0.229752,-0.161446
0,0,0.237081,-0.152318,0.272432,-0.0471941,-0.239398,-0.161554
0,0,0.311277,-0.114963,0.25857,-0.0522423,-0.219903,-0.153698
0,0,0.38323,0.0128841,0.27221,-0.0506505,-0.220267,-0.133517
0,0,0.387802,-0.0651637,0.385491,-0.0341696,-0.240665,-0.12275
0,0,0.350949,-0.056093,0.377157,-0.0299562,-0.229645,-0.125086
0,0,0.336187,-0.000864296,0.295708,-0.0327265,-0.211256,-0.130251
0,0,0.367962,0.0637278,0.284922,-0.0274706,-0.215919,-0.1261
0,0,0.307784,0.0417541,0.267037,-0.0479792,-0.208796,-0.0963901
0,0,0.212598,-0.0513598,0.333811,-0.064297,-0.249268,-0.123195
0,0,0.192716,0.105908,0.333499,-0.0623788,-0.227576,-0.0980363
0,0,0.23438,0.0169167,0.299377,-0.0492,-0.210771,-0.103682
0,0,0.249934,-0.0497637,0.289274,-0.0555715,-0.216329,-0.111951
0,0,0.181556,-0.0970993,0.33713,-0.0508381,-0.21314,-0.0955744
0,0,0.236924,0.0421187,0.24142,-0.0715092,-0.207322,-0.105859
0,0,0.27551,0.038216,0.277221,-0.0400827,-0.205437,-0.0861039
0,0,0.224403,-0.00280545,0.213315,-0.0706245,-0.225378,-0.111787
0,0,0.161591,0.0733388,0.132981,-0.0987427,-0.198212,-0.108202
0,0,0.174928,0.00147006,0.218894,-0.0623906,-0.243309,-0.0964372
0,0,0.195001,0.0557103,0.212397,-0.05272,-0.228561,-0.106474
0,0,0.157653,0.0893568,0.14736,-0.0934257,-0.202096,-0.0836407
0,0,0.181421,-0.0624929,0.295267,-0.0467549,-0.237188,-0.104048
0,0,0.163953,0.034614,0.224646,-0.0585725,-0.215898,-0.0898124
0,0,0.157171,-0.000412688,0.257209,-0.078725,-0.222529,-0.112551
0,0,0.136066,0.02747,0.271657,-0.0621408,-0.226069,-0.110916
0,0,0.131349,0.0820334,0.161365,-0.0765442,-0.214568,-0.0912595
0,0,0.155787,0.121038,0.218082,-0.0631393,-0.224466,-0.105068
0,0,0.11572,0.087995,0.321846,-0.0527808,-0.229265,-0.112135
0,0,0.0678457,0.040948,0.238441,-0.0828612,-0.217124,-0.0958719
0,0,0.10012,0.10237,0.263912,-0.0503163,-0.203948,-0.108273
0,0,0.129349,0.041935,0.253789,-0.0460898,-0.227978,-0.102208
0,0,0.0890135,0.11897,0.170011,-0.0909243,-0.207014,-0.0815055
0,0,0.106897,0.0843014,0.273519,-0.0668881,-0.210806,-0.0879778
0,0,0.0901709,-0.0430164,0.368615,-0.0292228,-0.247235,-0.107239
0,0,0.121836,0.134354,0.210423,-0.0905936,-0.199303,-0.0872472
0,0,0.0779814,0.0633049,0.394974,-0.0316689,-0.220165,-0.0954092
0,0,0.0457503,0.158588,0.318611,-0.0662398,-0.209532,-0.113059
0,0,0.0487979,0.176958,0.322777,-0.0833551,-0.186836,-0.107109
0,0,0.0924846,0.0651455,0.455697,-0.0439054,-0.209046,-0.091217
0,0,0.136673,0.0941237,0.356451,-0.0562269,-0.20154,-0.108234
0,0,0.0715322,0.0893171,0.382891,-0.0613499,-0.201223,-0.109796
0,0,0.0359644,0.164455,0.3608,-0.0719874,-0.211206,-0.0935696
0,0,0.0525601,0.178219,0.298606,-0.0830734,-0.207271,-0.085695
0,0,0.0588188,0.0283767,0.439817,-0.0436837,-0.236233,-0.100686
0,0,0.0577684,0.0813157,0.343991,-0.0904599,-0.187729,-0.10564
0,0,0.0113676,0.20648,0.412021,-0.0741167,-0.20776,-0.0955553
0,0,0.0262026,0.11679,0.464639,-0.0425647,-0.222746,-0.080152
0,0,0.0642032,0.153772,0.411425,-0.0689934,-0.19328,-0.087308
0,0,0.0576174,0.170246,0.441203,-0.0690476,-0.217545,-0.105631
0,0,0.0585223,0.0879986,0.523533,-0.0478587,-0.22524,-0.114952
0,0,0.0935555,0.209245,0.479391,-0.0759771,-0.199364,-0.0974999
0,0,0.082264,0.108762,0.532585,-0.0505041,-0.197578,-0.0907521
0,0,0.0733061,0.127466,0.461447,-0.0540346,-0.186155,-0.0915848
0,0,0.0971581,0.170882,0.533306,-0.0648856,-0.17918,-0.105881
0,0,0.0852221,0.100901,0.578781,-0.0720945,-0.193791,-0.101917
0,0,0.0487501,0.205927,0.522195,-0.0726856,-0.178892,-0.091957
0,0,0.0812751,0.19486,0.656108,-0.0436842,-0.215221,-0.0846998
0,0,0.0733354,0.228237,0.579434,-0.0718201,-0.194261,-0.0873403
0,0,0.0647651,0.286349,0.569634,-0.0676779,-0.196567,-0.0906825
0,0,0.0553057,0.113935,0.667578,-0.0630981,-0.198344,-0.106557
0,0,0.0601668,0.225034,0.573608,-0.095077,-0.191228,-0.10578
0,0,0.110275,0.129324,0.692053,-0.0372752,-0.229774,-0.101292
0,0,0.137607,0.15236,0.62521,-0.0562605,-0.191438,-0.100149
0,0,0.0673756,0.205333,0.59155,-0.0887399,-0.190323,-0.0912358
0,0,0.0949808,0.136189,0.613673,-0.0482008,-0.189285,-0.0873622
0,0,0.123971,0.218112,0.624401,-0.0613839,-0.191327,-0.0823414
0,0,0.0985017,0.118031,0.697271,-0.062665,-0.224065,-0.0911497
0,0,0.100086,0.168131,0.630584,-0.0668012,-0.18599,-0.0966733
0,0,0.0417926,0.192025,0.618569,-0.0550338,-0.199002,-0.0991828
0,0,0.0429665,0.0256205,0.698624,-0.053711,-0.224575,-0.0951744
0,0,0.0563626,-0.0509277,0.663464,-0.0659245,-0.211162,-0.0966038
0,0,0.0397458,0.00833063,0.547539,-0.109172,-0.172708,-0.0943687
0,0,0.0768187,0.0143671,0.57929,-0.0764456,-0.202566,-0.0916274
0,0,0.0519952,-0.0737492,0.60201,-0.0793921,-0.203615,-0.0884295
0,0,-0.0265228,-0.180102,0.60648,-0.0801137,-0.203089,-0.0860924
0,0,0.059863,-0.0737153,0.609834,-0.060069,-0.203655,-0.0821262
0,0,0.11755,0.112033,0.547276,-0.0813921,-0.198986,-0.0914778
0,0,0.0950742,0.0806531,0.609848,-0.0667657,-0.217364,-0.0969859
0,0,0.0421817,-0.0493803,0.653618,-0.0600393,-0.224335,-0.0958468
0,0,0.0859713,-0.00994681,0.642547,-0.0559641,-0.225605,-0.0944902
0,0,0.154869,0.0548424,0.672912,-0.047086,-0.233419,-0.106902
0,0,0.169657,0.0669548,0.663805,-0.046501,-0.218313,-0.109497
0,0,0.131533,0.0768333,0.634874,-0.04839,-0.212738,-0.107667
0,0,0.0869042,-0.0245572,0.642685,-0.0530995,-0.221257,-0.097863
0,0,0.163603,0.000424532,0.653273,-0.0405815,-0.223378,-0.098642
0,0,0.185188,0.0926175,0.638979,-0.0435224,-0.221825,-0.105646
0,0,0.143174,0.0589295,0.664147,-0.0507191,-0.220684,-0.102366
0,0,0.084376,-0.0451998,0.682674,-0.0500687,-0.22438,-0.0999297
0,0,0.0821285,-0.0350952,0.664438,-0.0474527,-0.22949,-0.101337
0,0,0.128894,0.0839012,0.648297,-0.0504092,-0.231129,-0.102994
0,0,0.154138,0.0286879,0.658345,-0.0403252,-0.232467,-0.101541
0,0,0.121827,-0.00756194,0.647463,-0.0507273,-0.232172,-0.0987278
0,0,0.115091,-0.0261114,0.666879,-0.0522632,-0.235111,-0.0974975
0,0,0.117483,0.00698953,0.663488,-0.044656,-0.230987,-0.102406
0,0,0.110807,0.0356066,0.662253,-0.0446912,-0.228615,-0.103918
0,0,0.106461,-0.00387623,0.668915,-0.0498488,-0.226548,-0.10413
0,0,0.108832,-0.0318228,0.644253,-0.0440764,-0.228638,-0.0953939
0,0,0.125785,0.0019586,0.646673,-0.0472959,-0.23268,-0.0970091
0,0,0.12004,0.0328194,0.655118,-0.0480738,-0.239171,-0.0950331
0,0,0.0983959,0.0325382,0.641852,-0.0424653,-0.235216,-0.100107
0,0,0.0728195,-0.00584354,0.649856,-0.0417652,-0.234593,-0.0978113
0,0,0.0924095,0.000436859,0.661442,-0.0441502,-0.232697,-0.0971071
0,0,0.109566,0.0324575,0.643196,-0.0453198,-0.224453,-0.0923603
0,0,0.0923835,0.0460262,0.65112,-0.0500376,-0.225129,-0.0935271
0,0,0.0960539,0.0103475,0.664081,-0.0458551,-0.221251,-0.0957256
0,0,0.122198,0.00738624,0.64832,-0.0443458,-0.21455,-0.0954711
0,0,0.150166,0.0159171,0.648604,-0.0463617,-0.214046,-0.0883511
0,0,0.142917,0.0219279,0.656254,-0.0461055,-0.217926,-0.0918996
0,0,0.110627,0.0145856,0.639396,-0.0450347,-0.22665,-0.0933005
0,0,0.107239,0.0173355,0.643808,-0.048934,-0.222217,-0.0966945
0,0,0.146571,0.0337485,0.658757,-0.0510872,-0.224158,-0.10113
0,0,0.156501,0.0269079,0.653241,-0.0493227,-0.224776,-0.0984626
0,0,0.133994,0.00376808,0.640391,-0.046283,-0.226049,-0.0970113
0,0,0.123282,0.0141516,0.641142,-0.050714,-0.224451,-0.0987121
0,0,0.137052,0.0167789,0.646128,-0.0491698,-0.219796,-0.0997816
0,0,0.140882,0.0207222,0.634286,-0.0497573,-0.216827,-0.0979999
0,0,0.109591,0.0203058,0.649541,-0.0445355,-0.228168,-0.0993116
0,0,0.106731,0.0212587,0.664361,-0.0391653,-0.230613,-0.092988
0,0,0.116571,0.0377705,0.652164,-0.0445936,-0.232076,-0.0954418
0,0,0.120687,0.0432381,0.650352,-0.0427005,-0.228748,-0.100024
0,0,0.114384,0.015919,0.651414,-0.0302986,-0.227046,-0.107677
0,0,0.117404,0.00774137,0.660515,-0.0359308,-0.220381,-0.104459
0,0,0.137796,0.0277302,0.641201,-0.0347835,-0.22494,-0.100462
0,0,0.1402,0.0314695,0.644518,-0.037211,-0.227855,-0.0972802
0,0,0.135121,0.0234879,0.652485,-0.0365329,-0.230447,-0.0916629
0,0,0.123833,0.0290411,0.639445,-0.0374842,-0.230874,-0.0871167
0,0,0.118453,0.0493864,0.634842,-0.0421568,-0.225795,-0.0940964
0,0,0.110799,0.0451228,0.638714,-0.04406,-0.22063,-0.0935691
0,0,0.0959309,0.0192863,0.639373,-0.0460853,-0.224681,-0.0906701
0,0,0.0954652,0.0225872,0.639654,-0.0405762,-0.22465,-0.090951
0,0,0.0947331,0.0373606,0.652371,-0.0412867,-0.228655,-0.0907463
0,0,0.113696,0.031257,0.646311,-0.0424955,-0.228281,-0.0975544
0,0,0.104034,0.0263028,0.645616,-0.0536375,-0.220882,-0.0961191
0,0,0.106425,0.0156045,0.656251,-0.0468774,-0.217627,-0.0962006
0,0,0.12693,0.0397731,0.657363,-0.0487572,-0.218261,-0.0993766
0,0,0.114928,0.0479557,0.680497,-0.0512421,-0.230613,-0.102811
0,0,0.108775,0.0282071,0.691709,-0.0479661,-0.230794,-0.102203
0,0,0.119091,-0.0173884,0.670694,-0.0479786,-0.2206,-0.105539
0,0,0.132334,0.00976871,0.67302,-0.0458591,-0.221802,-0.106808
0,0,0.131292,0.0238345,0.664874,-0.0435975,-0.222856,-0.100144
0,0,0.121381,0.0235397,0.644632,-0.0421204,-0.219515,-0.0952124
0,0,0.125321,0.0164009,0.652808,-0.0439054,-0.218711,-0.0975039
0,0,0.126601,0.020405,0.65633,-0.0429413,-0.221129,-0.0990774
0,0,0.120425,0.0466499,0.644311,-0.0500306,-0.226266,-0.101849
0,0,0.105023,0.0326499,0.632482,-0.0492844,-0.226471,-0.0977988
0,0,0.09835,0.0209571,0.63805,-0.0465511,-0.223985,-0.0967911
0,0,0.100467,0.0193503,0.656384,-0.0475127,-0.223116,-0.0917508
0,0,0.105827,0.0344041,0.656951,-0.0417562,-0.224745,-0.0925472
0,0,0.109607,0.0247554,0.649207,-0.0426226,-0.225279,-0.0902951
0,0,0.118228,0.0218731,0.655115,-0.0382956,-0.228536,-0.0965957
0,0,0.118484,0.0232146,0.645071,-0.0447938,-0.228977,-0.0967657
0,0,0.125095,0.0232268,0.640273,-0.0419771,-0.231385,-0.0977562
0,0,0.118819,0.0226511,0.664886,-0.0434257,-0.227637,-0.104638
0,0,0.108319,0.0182115,0.669741,-0.0467243,-0.224354,-0.103043
0,0,0.103831,0.0270501,0.668256,-0.0436735,-0.230484,-0.0970003
0,0,0.119287,0.0104188,0.662909,-0.0410895,-0.22741,-0.0968474
0,0,0.121544,0.0137041,0.672091,-0.0439644,-0.231538,-0.0982578
0,0,0.11374,0.0176812,0.67214,-0.0467912,-0.228142,-0.101003
0,0,0.103372,0.020698,0.653174,-0.0482837,-0.222445,-0.107756
0,0,0.112637,0.0346541,0.655927,-0.0458312,-0.221623,-0.101785
0,0,0.11898,0.0185214,0.64517,-0.0495655,-0.220602,-0.10107
0,0,0.113628,0.0265734,0.656847,-0.0504594,-0.21637,-0.101452
0,0,0.106141,0.0274353,0.653337,-0.05316,-0.222699,-0.0992437
0,0,0.11042,0.0239781,0.6577,-0.0501428,-0.227095,-0.0966937
0,0,0.101181,0.0202144,0.648099,-0.0477152,-0.227163,-0.0998714
0,0,0.111428,0.0176559,0.650324,-0.0456858,-0.225964,-0.101976
0,0,0.124992,0.0117169,0.641175,-0.04808,-0.225114,-0.101602
0,0,0.133828,0.00676941,0.650066,-0.0427438,-0.229341,-0.096985
0,0,0.111557,0.0125375,0.654603,-0.0448013,-0.229253,-0.0988756
0,0,0.110941,0.0136674,0.663708,-0.0468282,-0.225742,-0.100956
0,0,0.109694,0.0190258,0.657885,-0.0491719,-0.221282,-0.0972393
0,0,0.117615,0.0195549,0.650005,-0.0428459,-0.226561,-0.0959578
0,0,0.122325,0.0240307,0.648221,-0.044688,-0.222391,-0.0942733
0,0,0.131614,0.0161281,0.64611,-0.0499697,-0.218927,-0.0945313
0,0,0.12045,0.0249892,0.666248,-0.0438984,-0.218935,-0.102773
0,0,0.135528,0.0470867,0.679316,-0.0428492,-0.224202,-0.10595
0,0,0.124938,0.044371,0.658983,-0.0364338,-0.229334,-0.10625
0,0,0.133655,0.0377237,0.652528,-0.0372108,-0.237851,-0.0960683
0,0,0.139953,0.0329608,0.637818,-0.0360344,-0.234039,-0.0935132
0,0,0.130314,0.0214965,0.653149,-0.0424909,-0.227905,-0.0971345
0,0,0.102578,0.0338339,0.665589,-0.0436112,-0.230477,-0.0926623
0,0,0.112723,0.0268076,0.657513,-0.0464904,-0.229272,-0.088215
0,0,0.118719,0.0140095,0.649795,-0.0436648,-0.225141,-0.0891954
0,0,0.124962,0.0359477,0.65313,-0.0416822,-0.227625,-0.0949005
0,0,0.134591,0.0462215,0.659137,-0.0342083,-0.227779,-0.0992875
0,0,0.132895,0.0428542,0.675024,-0.0438683,-0.227755,-0.0977824
0,0,0.115757,0.0569995,0.667493,-0.0417548,-0.226588,-0.0967325
0,0,0.130621,0.0431377,0.659302,-0.0422531,-0.222727,-0.104219
0,0,0.120635,0.0361499,0.644787,-0.0398257,-0.218153,-0.106867
0,0,0.108681,0.0344186,0.64435,-0.0468204,-0.218388,-0.105748
0,0,0.109186,0.036665,0.655573,-0.04463,-0.221283,-0.0997336
0,0,0.114249,0.0475906,0.652789,-0.049077,-0.224853,-0.100686
0,0,0.113454,0.0506656,0.656208,-0.0466249,-0.224603,-0.104929
0,0,0.104298,0.0484398,0.669403,-0.0446245,-0.222854,-0.101739
0,0,0.0994996,0.0749467,0.647326,-0.0495507,-0.219801,-0.113058
0,0,0.0642713,0.0656007,0.716724,-0.0403296,-0.231467,-0.113262
0,0,0.00954854,0.0542243,0.682572,-0.0606968,-0.225528,-0.111331
0,0,-0.0253081,0.0160585,0.687319,-0.0585847,-0.224515,-0.0978471
0,0,0.0283799,0.0792131,0.716618,-0.0402099,-0.220133,-0.0989698
0,0,0.0441355,0.0441147,0.650393,-0.0568937,-0.208246,-0.101961
0,0,0.060643,0.00175213,0.688503,-0.0426332,-0.216454,-0.100647
0,0,0.0684411,-0.000404685,0.664624,-0.0442314,-0.216938,-0.0993328
0,0,0.0463194,0.0287209,0.639357,-0.0517338,-0.214745,-0.100283
0,0,0.0205173,0.0660675,0.663731,-0.0475212,-0.224672,-0.0967509
0,0,0.0800057,0.0764312,0.720661,-0.0279134,-0.239839,-0.0999509
0,0,0.0604358,0.0395245,0.642639,-0.0496721,-0.209313,-0.0984034
0,0,0.0159757,-0.0543897,0.696063,-0.033699,-0.221302,-0.0998705
0,0,0.0274313,0.015703,0.683767,-0.0432374,-0.227289,-0.0976261
0,0,0.0091402,0.129536,0.616999,-0.0572576,-0.214404,-0.0952511
0,0,0.0670488,0.0474844,0.669716,-0.04433,-0.227008,-0.0978277
0,0,0.0210728,-0.00728749,0.641342,-0.0501125,-0.218282,-0.0987871
0,0,0.0531402,0.0128164,0.646788,-0.0466398,-0.21213,-0.0956246
0,0,0.118126,0.0737558,0.65872,-0.045543,-0.206723,-0.0942054
0,0,0.0526177,0.0583713,0.659815,-0.0516407,-0.214279,-0.0998844
0,0,0.0701144,0.028102,0.643029,-0.0516253,-0.221061,-0.104783
0,0,0.0233635,-0.018666,0.640026,-0.0529459,-0.214709,-0.103479
0,0,0.0444976,0.00499701,0.665713,-0.0480575,-0.22312,-0.100245
0,0,0.0536308,0.0350657,0.640351,-0.0578959,-0.230581,-0.0980799
0,0,-0.00435793,0.00563276,0.627072,-0.0650711,-0.230687,-0.0917853
0,0,0.0326708,-0.033296,0.64169,-0.0561304,-0.232818,-0.0937312
0,0,0.0240562,-0.0160442,0.628893,-0.0577568,-0.23764,-0.0993679
0,0,0.0944559,0.009552,0.630804,-0.0435107,-0.239448,-0.10679
0,0,0.0576348,-0.0115854,0.61195,-0.051852,-0.231977,-0.107547
0,0,0.0290969,-0.0575875,0.600674,-0.0572062,-0.234578,-0.101906
0,0,0.0736412,-0.0442402,0.574171,-0.04953,-0.226744,-0.0965014
0,0,0.0439771,-0.0106649,0.576067,-0.0461069,-0.232423,-0.0910057
0,0,0.0547743,-0.00675862,0.594942,-0.0485627,-0.241281,-0.0962578
0,0,0.0259853,-0.0563445,0.638038,-0.0413934,-0.246972,-0.0934977
0,0,0.0602427,-0.0842579,0.589935,-0.0321829,-0.24518,-0.0939721
0,0,0.0259435,-0.0589319,0.52986,-0.0407346,-0.236444,-0.092595
0,0,0.00454172,-0.0791085,0.58508,-0.0353056,-0.235119,-0.0998586
0,0,0.0586531,-0.206082,0.630616,-0.0262131,-0.227351,-0.096677
0,0,0.0179555,-0.162923,0.602188,-0.0279766,-0.22496,-0.0957969
0,0,0.0619854,-0.129443,0.598249,-0.0267137,-0.245999,-0.0948631
0,0,0.035319,-0.129026,0.644674,-0.0328634,-0.261403,-0.100276
0,0,-0.00360285,-0.136458,0.644691,-0.0403974,-0.254813,-0.0993717
0,0,-0.00293562,-0.131972,0.603375,-0.0460398,-0.238238,-0.103752
0,0,0.0073723,-0.105324,0.597853,-0.045268,-0.217035,-0.110481
0,0,0.0763289,-0.0881313,0.632944,-0.0353203,-0.209625,-0.108904
0,0,0.0152501,-0.0575663,0.621299,-0.0402226,-0.236337,-0.112535
0,0,0.0785895,-0.0769745,0.607484,-0.0375928,-0.253514,-0.109109
0,0,0.0765226,-0.0989414,0.598523,-0.0359106,-0.245122,-0.112818
0,0,0.0576374,-0.0962174,0.522719,-0.0338924,-0.228466,-0.103517
0,0,0.0714678,-0.101696,0.566638,-0.030538,-0.21559,-0.105649
0,0,0.0174871,-0.156177,0.639609,-0.00880118,-0.225845,-0.109357
0,0,0.0182324,-0.142963,0.647217,-0.0101986,-0.259323,-0.116331
0,0,-0.0378723,-0.109827,0.632475,-0.0221971,-0.267138,-0.111801
0,0,-0.00779904,-0.0994732,0.582709,-0.0233904,-0.254144,-0.113996
0,0,0.0287577,-0.071021,0.621691,-0.034873,-0.240515,-0.110097
0,0,0.00433863,-0.0501155,0.579867,-0.0367645,-0.260333,-0.108788
0,0,0.0487798,0.0175812,0.55064,-0.0520274,-0.256706,-0.10775
0,0,0.0470604,-0.019435,0.566703,-0.04426,-0.252081,-0.110334
0,0,0.0424243,-0.0527477,0.572168,-0.033857,-0.213633,-0.112354
0,0,0.0572125,-0.0650972,0.596768,-0.0237677,-0.241866,-0.112207
0,0,0.00289204,-0.138659,0.670975,-0.0150198,-0.2752,-0.113104
0,0,0.0153889,-0.192316,0.634001,-0.0124385,-0.261486,-0.114867
0,0,0.00797662,-0.148471,0.611881,-0.0298376,-0.248207,-0.112518
0,0,-0.00435009,-0.0682098,0.599796,-0.0419103,-0.247351,-0.113682
0,0,0.0621876,-0.0776737,0.580992,-0.0391678,-0.260555,-0.116375
0,0,0.0293477,-0.11531,0.565899,-0.0556753,-0.260309,-0.114958
0,0,0.0810536,-0.0294799,0.599612,-0.0504861,-0.23978,-0.119075
0,0,0.110209,-0.0959068,0.670549,-0.0134384,-0.263252,-0.119194
0,0,0.0598853,-0.133436,0.689413,-0.0102414,-0.284128,-0.115495
0,0,0.0680249,-0.167172,0.610201,-0.0204957,-0.257605,-0.113577
0,0,0.0721425,-0.134919,0.602508,-0.015559,-0.243433,-0.104963
0,0,0.0420599,-0.0551198,0.561421,-0.0407689,-0.25163,-0.111642
0,0,0.0744777,-0.0637329,0.53964,-0.0573523,-0.252716,-0.112045
0,0,0.0650021,-0.0905738,0.572142,-0.0502121,-0.231206,-0.110926
0,0,0.0428988,-0.0565191,0.601534,-0.0391805,-0.240613,-0.112349
0,0,0.0732031,-0.115031,0.687861,-0.0270248,-0.286686,-0.121724
0,0,0.0712946,-0.162449,0.6525,-0.0161984,-0.250567,-0.131088
0,0,0.0494613,-0.0786326,0.585291,-0.0250006,-0.24528,-0.131458
0,0,0.137018,-0.0522097,0.577323,-0.0130675,-0.26138,-0.128991
0,0,0.114468,-0.105069,0.518127,-0.0279388,-0.239855,-0.12735
0,0,0.0710622,-0.0824347,0.563228,-0.025444,-0.233809,-0.125293
0,0,0.0615564,-0.110544,0.679352,-0.0128708,-0.268903,-0.127053
0,0,0.0747469,-0.193868,0.629366,-0.0265037,-0.271834,-0.128627
0,0,0.0290217,-0.102354,0.59858,-0.0422621,-0.251906,-0.120549
0,0,0.0948584,-0.0329007,0.54848,-0.0264299,-0.250723,-0.119734
0,0,0.115843,-0.049935,0.50667,-0.0353506,-0.26216,-0.119759
0,0,0.0874358,-0.055296,0.512575,-0.0324002,-0.252864,-0.122003
0,0,0.0612341,-0.0690735,0.586192,-0.00376165,-0.253727,-0.122809
0,0,0.0980103,-0.150868,0.577091,-0.0106575,-0.285467,-0.132794
0,0,0.102915,-0.137469,0.565157,-0.0310073,-0.260271,-0.13171
0,0,0.0601287,-0.0549507,0.501057,-0.0580287,-0.241365,-0.135257
0,0,0.0744851,-0.0995917,0.481097,-0.0365043,-0.267581,-0.133382
0,0,0.117897,-0.138164,0.485683,-0.0231936,-0.265342,-0.136856
0,0,0.121091,-0.128134,0.563502,-0.010962,-0.258868,-0.13888
0,0,0.0588678,-0.198285,0.571228,0.0107436,-0.287502,-0.136701
0,0,-0.00137769,-0.128781,0.523686,-0.0233844,-0.277151,-0.133469
0,0,0.0953243,-0.00433745,0.461451,-0.0422709,-0.24253,-0.119909
0,0,0.126049,-0.045415,0.395816,-0.040741,-0.241064,-0.119639
0,0,0.142902,-0.0698271,0.4237,-0.0280308,-0.254112,-0.120617
0,0,0.0728316,-0.0854254,0.533545,-0.00523365,-0.256161,-0.125632
0,0,0.0382304,-0.156254,0.512838,-0.0117571,-0.265944,-0.120901
0,0,0.0876713,-0.126071,0.493275,-0.0113191,-0.272704,-0.127225
0,0,0.12542,-0.0621803,0.408659,-0.0552446,-0.231548,-0.138061
0,0,0.163705,-0.111044,0.413407,-0.0486086,-0.240186,-0.13677
0,0,0.169754,-0.114511,0.429816,-0.0413056,-0.253688,-0.135036
0,0,0.0931486,-0.0954109,0.51891,-0.0364246,-0.256892,-0.136612
0,0,0.0946217,-0.173343,0.486393,-0.0209618,-0.245531,-0.12568
0,0,0.0817621,-0.118307,0.404222,-0.0405432,-0.256063,-0.115495
0,0,0.155327,-0.0290663,0.369866,-0.0229365,-0.241392,-0.11592
0,0,0.138772,-0.0987315,0.361887,-0.0305724,-0.221541,-0.116875
0,0,0.114675,-0.0972883,0.354465,-0.0416128,-0.23113,-0.119167
0,0,0.105487,-0.130501,0.520257,-0.00808437,-0.283607,-0.126675
0,0,0.126914,-0.186149,0.436612,-0.0257227,-0.241882,-0.139086
0,0,0.108869,-0.0871891,0.356456,-0.0395747,-0.248309,-0.144418
0,0,0.134826,-0.0999056,0.342247,-0.0318347,-0.262299,-0.143694
0,0,0.12271,-0.143822,0.315909,-0.0448848,-0.244954,-0.139052
0,0,0.121305,-0.0948789,0.34359,-0.0252997,-0.24571,-0.125979
0,0,0.137147,-0.131021,0.422029,-0.00120208,-0.28214,-0.115539
0,0,0.108898,-0.178883,0.389821,-0.0187514,-0.27515,-0.108168
0,0,0.0987945,-0.129298,0.398333,-0.019094,-0.259966,-0.114981
0,0,0.0997148,-0.0585134,0.311494,-0.0526202,-0.253299,-0.119443
0,0,0.115907,-0.0837596,0.310069,-0.0348457,-0.281193,-0.128655
0,0,0.117435,-0.0788656,0.317644,-0.0286756,-0.269815,-0.133497
0,0,0.0891079,-0.0749639,0.348627,-0.0154131,-0.253475,-0.134848
0,0,0.0514337,-0.159421,0.382729,0.0036937,-0.274235,-0.133955
0,0,0.0437447,-0.101399,0.346382,-0.0259933,-0.275227,-0.125912
0,0,0.0964259,-0.0850172,0.307952,-0.0335946,-0.249349,-0.116503
0,0,0.137668,-0.148595,0.284924,-0.0405109,-0.225352,-0.110637
0,0,0.127064,-0.12873,0.226317,-0.0539902,-0.231959,-0.116856
0,0,0.131863,-0.14518,0.33896,-0.00834133,-0.27721,-0.11973
0,0,0.111172,-0.203957,0.385711,0.00251777,-0.268011,-0.13095
0,0,0.118859,-0.211975,0.293637,-0.00406663,-0.253588,-0.144624
0,0,0.150506,-0.162396,0.340375,0.00977807,-0.27624,-0.15359
0,0,0.170423,-0.0922659,0.227418,-0.0167138,-0.268027,-0.146564
0,0,0.152569,-0.0971774,0.224923,-0.0310114,-0.254069,-0.144635
0,0,0.121739,-0.117069,0.247275,-0.0341812,-0.24344,-0.125827
0,0,0.13023,-0.0936117,0.265646,-0.0285078,-0.237205,-0.124506
0,0,0.128981,-0.110356,0.276387,-0.0302064,-0.267613,-0.122434
0,0,0.128133,-0.158891,0.330541,-0.00483316,-0.29156,-0.123652
0,0,0.164144,-0.128365,0.231126,-0.0105408,-0.266046,-0.133959
0,0,0.173698,-0.101002,0.271857,-0.000581135,-0.247867,-0.138543
0,0,0.122743,-0.112479,0.188576,-0.0163892,-0.238335,-0.142898
0,0,0.149482,-0.140403,0.176397,-0.0209333,-0.257023,-0.146029
0,0,0.141694,-0.153115,0.172157,-0.0146275,-0.267949,-0.142469
0,0,0.114438,-0.152805,0.225703,-0.0235485,-0.264411,-0.133107
0,0,0.136262,-0.169387,0.220297,-0.0183711,-0.259799,-0.128035
0,0,0.132952,-0.167492,0.240623,-0.00924733,-0.255579,-0.123083
0,0,0.141721,-0.218828,0.304885,-0.0150517,-0.273796,-0.123457
0,0,0.110524,-0.173402,0.231016,-0.0317248,-0.280154,-0.11867
0,0,0.115564,-0.102435,0.220343,-0.0334573,-0.278121,-0.117607
0,0,0.145883,-0.0927535,0.243739,-0.0357653,-0.270429,-0.132646
0,0,0.122858,-0.147724,0.239116,-0.030964,-0.260679,-0.14299
0,0,0.0965535,-0.122953,0.191103,-0.0247458,-0.243391,-0.156194
0,0,0.126782,-0.0681251,0.184002,-0.0288177,-0.251903,-0.152318
0,0,0.13862,-0.100924,0.184343,-0.0220846,-0.263207,-0.142586
0,0,0.139424,-0.0785851,0.207452,-0.0237409,-0.265406,-0.145412
0,0,0.1182,-0.138435,0.25998,-0.0219164,-0.282301,-0.141853
0,0,0.0927262,-0.139474,0.237256,-0.0123419,-0.281085,-0.138474
0,0,0.109494,-0.163813,0.270367,-0.000129341,-0.28351,-0.137132
0,0,0.106591,-0.16959,0.270966,-0.0184522,-0.270398,-0.131677
0,0,0.114255,-0.151892,0.201717,-0.0378519,-0.24438,-0.124147
0,0,0.0950328,-0.163936,0.232831,-0.0221817,-0.252332,-0.114721
0,0,0.0670784,-0.0934338,0.172119,-0.0320409,-0.246466,-0.120284
0,0,0.0946322,-0.168972,0.233489,-0.0165743,-0.263262,-0.125095
0,0,0.0789357,-0.127003,0.207651,-0.0257592,-0.262683,-0.126443
0,0,0.146435,-0.170846,0.236711,-0.0259339,-0.26346,-0.126859
0,0,0.109395,-0.174705,0.23298,-0.0381669,-0.265236,-0.129991
0,0,0.105225,-0.110713,0.189249,-0.0394919,-0.257837,-0.137684
0,0,0.0815886,-0.0681735,0.176936,-0.041017,-0.26585,-0.130673
0,0,0.071566,-0.103968,0.166941,-0.0304887,-0.26648,-0.126166
0,0,0.0941986,-0.127461,0.185404,-0.025637,-0.263877,-0.131753
0,0,0.104885,-0.12028,0.172359,-0.0320913,-0.258729,-0.131484
0,0,0.0819864,-0.111293,0.174714,-0.0410166,-0.262688,-0.133118
0,0,0.0857524,-0.12382,0.214463,-0.0315678,-0.267766,-0.125675
0,0,0.0867759,-0.243995,0.282673,-0.0215763,-0.273874,-0.125558
0,0,0.0840684,-0.170423,0.227197,-0.0241483,-0.263119,-0.129123
0,0,0.0376345,-0.0773991,0.202563,-0.030184,-0.274351,-0.124072
0,0,0.0677082,-0.0956066,0.206391,-0.0216383,-0.269214,-0.124302
0,0,0.032838,-0.127289,0.176391,-0.0320158,-0.267481,-0.127039
0,0,0.0632846,-0.102362,0.180246,-0.035211,-0.265826,-0.126667
0,0,0.0513257,-0.0865381,0.188554,-0.0286197,-0.266725,-0.131226
0,0,0.0708678,-0.0934308,0.20869,-0.0271423,-0.260438,-0.131574
0,0,0.0198924,-0.0834949,0.188106,-0.0382485,-0.253039,-0.13435
0,0,0.066193,-0.125465,0.179045,-0.028591,-0.243108,-0.134856
0,0,0.0784348,-0.111266,0.192696,-0.0285941,-0.243243,-0.128017
0,0,0.0800865,-0.0510637,0.194409,-0.0320009,-0.239356,-0.128256
0,0,0.0684174,-0.0747279,0.207683,-0.0386116,-0.240313,-0.129597
0,0,0.0440183,-0.0804989,0.207856,-0.0347061,-0.242317,-0.127137
0,0,0.0731766,-0.0774364,0.262068,-0.0312887,-0.252658,-0.126086
0,0,0.0382744,-0.0881751,0.286518,-0.0230768,-0.264971,-0.123842
0,0,0.0599721,-0.021584,0.279683,-0.0287441,-0.255653,-0.120556
0,0,0.063426,-0.027261,0.243897,-0.0454878,-0.242188,-0.117562
0,0,0.0887785,-0.0354332,0.302624,-0.0359875,-0.239597,-0.121538
0,0,0.0375114,0.00415203,0.253121,-0.0477386,-0.238572,-0.120219
0,0,0.0373825,0.0747617,0.234454,-0.0541762,-0.233948,-0.117631
0,0,0.0855587,0.0696731,0.302498,-0.0383159,-0.246358,-0.111583
0,0,0.0492506,-0.00414096,0.294846,-0.0474429,-0.254424,-0.112683
0,0,0.0774578,-0.0168595,0.27941,-0.0387998,-0.247784,-0.114454
0,0,0.0335028,-0.000156924,0.275695,-0.0485149,-0.249283,-0.121972
0,0,0.0623375,0.0171244,0.298697,-0.0352936,-0.236405,-0.111915
0,0,0.0584586,-0.0220197,0.277565,-0.0275778,-0.225513,-0.108282
0,0,0.0721588,0.0166955,0.257514,-0.0320853,-0.218469,-0.108559
0,0,0.0412431,0.0111692,0.266567,-0.0383948,-0.234714,-0.116276
0,0,0.048014,0.0283696,0.233593,-0.0408412,-0.243335,-0.116893
0,0,0.0442189,0.0227796,0.196304,-0.0613642,-0.247139,-0.10879
0,0,0.111577,-0.00697215,0.288987,-0.0404282,-0.245137,-0.106315
0,0,0.0976734,-0.00939388,0.271499,-0.0354985,-0.213986,-0.0940714
0,0,0.0614509,0.0262002,0.285327,-0.0492993,-0.220487,-0.0926109
0,0,0.0461618,0.0434722,0.293466,-0.0640599,-0.251188,-0.104694
0,0,0.042466,0.0642594,0.32285,-0.0511036,-0.2514,-0.104719
0,0,0.126698,0.0310551,0.303348,-0.03717,-0.246082,-0.111905
0,0,0.0711915,0.000607071,0.294758,-0.0457132,-0.223391,-0.114277
0,0,0.0717082,0.000704597,0.308114,-0.02069,-0.220155,-0.112131
0,0,0.0701247,0.0325988,0.292723,-0.0264296,-0.220982,-0.112873
0,0,0.0826498,0.0994171,0.301342,-0.0402207,-0.234362,-0.12066
0,0,0.0975136,0.04599,0.292547,-0.0441598,-0.23418,-0.111581
0,0,0.0881466,-0.00869989,0.364094,-0.0328453,-0.227396,-0.103839
0,0,0.0773825,0.0407111,0.35252,-0.0646328,-0.228475,-0.105054
0,0,0.0846558,0.0417271,0.376227,-0.0498436,-0.248135,-0.105624
0,0,0.101654,0.0220008,0.359198,-0.0406157,-0.239483,-0.113424
0,0,0.0783859,0.0998759,0.285963,-0.0566983,-0.219433,-0.118187
0,0,0.124756,0.135686,0.314448,-0.0466729,-0.221299,-0.125102
0,0,0.13426,0.0759675,0.360905,-0.0227284,-0.238591,-0.127514
0,0,0.142154,0.0591486,0.391321,-0.0352535,-0.239821,-0.118291
0,0,0.117327,0.0834058,0.386617,-0.0472425,-0.227443,-0.103892
0,0,0.0746772,0.0441793,0.430018,-0.0407541,-0.230793,-0.0941451
0,0,0.0803593,-0.00794308,0.389745,-0.06308,-0.23938,-0.0884412
0,0,0.110714,0.0192724,0.350753,-0.0710998,-0.234122,-0.0821249
0,0,0.138275,0.0861411,0.331504,-0.0499621,-0.203612,-0.0976306
0,0,0.128764,0.0828394,0.315506,-0.0456009,-0.213469,-0.111065
0,0,0.0771798,0.0660322,0.3799,-0.0346421,-0.248683,-0.122041
0,0,0.0814707,0.0317788,0.393189,-0.0269007,-0.2432,-0.117911
0,0,0.12561,0.0368838,0.353195,-0.0511822,-0.222095,-0.116196
0,0,0.140137,0.153591,0.380453,-0.0539396,-0.232308,-0.10673
0,0,0.128543,0.111585,0.382758,-0.0717818,-0.232137,-0.0979813
0,0,0.152545,0.104725,0.359245,-0.0912169,-0.205727,-0.0971614
0,0,0.131603,0.0690563,0.396759,-0.0634419,-0.211267,-0.095046
0,0,0.130286,0.112154,0.369186,-0.0514735,-0.233713,-0.0974126
0,0,0.141109,0.0411605,0.436552,-0.038839,-0.234436,-0.107687
0,0,0.146263,0.0367986,0.461958,-0.0370258,-0.218236,-0.116402
0,0,0.129905,0.0853654,0.387359,-0.0560284,-0.220048,-0.11468
0,0,0.165886,0.149118,0.404158,-0.0573239,-0.222209,-0.114367
0,0,0.193147,0.113915,0.445511,-0.0784576,-0.191428,-0.105748
0,0,0.177398,0.091508,0.493978,-0.0567951,-0.221643,-0.0990972
0,0,0.187542,0.05009,0.496462,-0.0408733,-0.236667,-0.0919746
0,0,0.155285,0.118775,0.44857,-0.0346878,-0.209814,-0.0940137
0,0,0.178625,0.11611,0.487304,-0.0179282,-0.21542,-0.0888812
0,0,0.159365,0.0935798,0.438442,-0.0453105,-0.229251,-0.0915125
0,0,0.146489,0.0886122,0.49251,-0.0563453,-0.220637,-0.101274
0,0,0.159878,0.0768863,0.499114,-0.0585546,-0.211373,-0.102589
0,0,0.167259,0.0761518,0.520867,-0.0616504,-0.223283,-0.110234
0,0,0.177018,0.0452611,0.552115,-0.0501583,-0.235213,-0.12097
0,0,0.154867,0.179189,0.46053,-0.0601994,-0.199056,-0.117011
0,0,0.183921,0.122504,0.476136,-0.0453839,-0.217096,-0.111254
0,0,0.181766,0.134865,0.517654,-0.0455908,-0.235237,-0.10715
0,0,0.162679,0.0847051,0.558035,-0.045282,-0.226739,-0.106487
0,0,0.140822,0.146512,0.532063,-0.0651758,-0.23802,-0.0963032
0,0,0.130731,0.205001,0.523867,-0.0811158,-0.238084,-0.0980909
0,0,0.198698,0.128893,0.55381,-0.0566598,-0.215472,-0.0997034
0,0,0.189673,0.113172,0.508477,-0.0494371,-0.206001,-0.101687
0,0,0.156792,0.154949,0.559066,-0.0478528,-0.242695,-0.0970071
0,0,0.161171,0.162525,0.580163,-0.0441885,-0.229027,-0.100297
0,0,0.156092,0.0479151,0.604347,-0.0556012,-0.21612,-0.106594
0,0,0.198259,0.071602,0.634673,-0.044522,-0.232615,-0.110902
0,0,0.154919,0.171837,0.542117,-0.0917233,-0.199796,-0.108361
0,0,0.162518,0.157242,0.572431,-0.0888822,-0.201655,-0.105663
0,0,0.170933,0.138497,0.639142,-0.0641792,-0.238544,-0.108238
0,0,0.169644,0.0766696,0.660661,-0.0561118,-0.22803,-0.103578
0,0,0.169893,0.105722,0.584203,-0.0572979,-0.195668,-0.0999958
0,0,0.204334,0.137485,0.651347,-0.0409513,-0.216761,-0.0921629
0,0,0.190339,0.161455,0.632018,-0.0500156,-0.22584,-0.0933869
0,0,0.189431,0.112622,0.619673,-0.0559108,-0.207245,-0.0910231
0,0,0.180027,0.0858233,0.598991,-0.0668209,-0.205481,-0.100732
0,0,0.176622,0.118929,0.588527,-0.0609715,-0.239803,-0.102961
0,0,0.188864,0.0468756,0.660151,-0.0412538,-0.220827,-0.107841
0,0,0.155465,0.0496896,0.651628,-0.047695,-0.203504,-0.107662
0,0,0.177954,0.0953592,0.603329,-0.0471964,-0.218159,-0.11142
0,0,0.183515,0.147431,0.585932,-0.0624015,-0.216777,-0.114213
0,0,0.187072,0.155697,0.595882,-0.0730201,-0.201173,-0.1132
0,0,0.176716,0.107667,0.665707,-0.054738,-0.219687,-0.100499
0,0,0.111163,0.054873,0.659038,-0.0796857,-0.236083,-0.0957923
0,0,0.0961362,0.0189813,0.686245,-0.0552401,-0.226838,-0.0963235
0,0,0.138697,0.131449,0.665572,-0.0595796,-0.21159,-0.0965663
0,0,0.137108,0.135559,0.614527,-0.0640921,-0.222143,-0.0925652
0,0,0.143926,0.0839054,0.654431,-0.0486553,-0.23026,-0.0912956
0,0,0.173957,0.0398118,0.629568,-0.0430387,-0.203385,-0.0987209
0,0,0.131061,0.13953,0.639777,-0.0593218,-0.206173,-0.0965826
0,0,0.148784,0.126131,0.67887,-0.0563096,-0.223245,-0.101714
0,0,0.107436,0.065219,0.672778,-0.060051,-0.221858,-0.0991513
0,0,0.111908,0.0400427,0.641895,-0.0851622,-0.197266,-0.0959232
0,0,0.105839,0.0693593,0.647099,-0.0739463,-0.196852,-0.0976445
0,0,0.177568,0.106275,0.686925,-0.0500104,-0.209041,-0.106887
0,0,0.133856,0.154701,0.608326,-0.0657887,-0.216527,-0.105137
0,0,0.100863,0.0914133,0.659199,-0.0538357,-0.205484,-0.0982622
0,0,0.115623,-0.0145732,0.70351,-0.0248632,-0.201813,-0.102019
0,0,0.132319,0.0304897,0.688619,-0.0382925,-0.204358,-0.106984
0,0,0.143524,0.0652859,0.681298,-0.0565882,-0.213613,-0.100298
0,0,0.1209,0.0933741,0.665158,-0.0572981,-0.200931,-0.0990322
0,0,0.0895328,0.0540136,0.677163,-0.0564902,-0.19554,-0.0992235
0,0,0.106803,0.0956555,0.663798,-0.0665535,-0.21032,-0.110962
0,0,0.154312,0.0595299,0.691739,-0.0844575,-0.223835,-0.114629
0,0,0.122462,0.0808215,0.652721,-0.0788287,-0.223557,-0.111673
0,0,0.0763082,0.0677153,0.6996,-0.0654642,-0.208423,-0.104647
0,0,0.133593,0.0772365,0.701153,-0.0464109,-0.202044,-0.102307
0,0,0.13297,0.144868,0.636301,-0.0658003,-0.195225,-0.104067
0,0,0.0726418,0.0902467,0.705878,-0.0546186,-0.218372,-0.108852
0,0,0.0681229,0.0510378,0.674197,-0.0425149,-0.231985,-0.110294
0,0,0.0983283,0.0510386,0.673444,-0.039327,-0.218781,-0.106329
0,0,0.120683,0.0561619,0.632114,-0.0519669,-0.200024,-0.102958
0,0,0.0691766,0.0432151,0.632471,-0.0491246,-0.200807,-0.103958
0,0,0.0842798,0.06859,0.706831,-0.0443176,-0.212667,-0.100818
0,0,0.10621,0.0856743,0.712178,-0.054478,-0.224614,-0.0941803
0,0,0.0803896,0.105397,0.662654,-0.0634325,-0.229477,-0.0989134
0,0,0.104767,0.0889167,0.650727,-0.0552814,-0.227051,-0.0982336
0,0,0.109885,0.0402884,0.704849,-0.056419,-0.220038,-0.101469
0,0,0.0283023,0.0542726,0.671828,-0.0597325,-0.214279,-0.100433
0,0,0.0639874,0.0320466,0.664336,-0.057971,-0.208119,-0.102226
0,0,0.143087,0.0189871,0.651167,-0.0487137,-0.204109,-0.0980244
0,0,0.113469,-0.0336858,0.648542,-0.0587676,-0.203622,-0.0951301
0,0,0.119635,-0.0732049,0.676311,-0.0347668,-0.213076,-0.0981149
0,0,0.180909,0.0192766,0.611181,-0.0475654,-0.201225,-0.0982562
0,0,0.239946,-0.0090974,0.629704,-0.0410278,-0.201634,-0.0926464
0,0,0.112389,-0.0457265,0.651954,-0.0504303,-0.210169,-0.091002
0,0,0.0794446,-0.0309779,0.679999,-0.050492,-0.212776,-0.0987008
0,0,0.112531,0.0546472,0.661805,-0.0499484,-0.212529,-0.10329
0,0,0.134872,0.0585298,0.656304,-0.0426587,-0.219384,-0.103443
0,0,0.125551,0.0215404,0.652144,-0.0472747,-0.214748,-0.10161
0,0,0.0509296,-0.0128749,0.644326,-0.0535526,-0.224808,-0.100239
0,0,0.0156098,0.0402821,0.668299,-0.0547188,-0.228574,-0.0991125
0,0,0.0380465,0.067986,0.658706,-0.0510022,-0.229273,-0.0946839
0,0,0.0808017,0.00334516,0.637531,-0.0408838,-0.222253,-0.0962323
0,0,0.087357,-0.0569609,0.642269,-0.0372497,-0.217949,-0.104603
0,0,0.104501,-0.0137379,0.659947,-0.047305,-0.224471,-0.102138
0,0,0.105568,0.043253,0.658976,-0.0430202,-0.224909,-0.0981147
0,0,0.0751696,0.0298497,0.662341,-0.0417975,-0.225985,-0.101288
0,0,0.0624961,-0.0239426,0.661663,-0.0388681,-0.223399,-0.102084
0,0,0.0887342,0.00351365,0.675196,-0.0345583,-0.220824,-0.103694
0,0,0.0898662,0.0515595,0.661708,-0.0384713,-0.223405,-0.102113
0,0,0.0876735,0.0541833,0.658555,-0.037179,-0.222103,-0.10092
0,0,0.049414,-0.00367948,0.654699,-0.0440554,-0.223806,-0.0957328
0,0,0.0847014,0.0103309,0.660747,-0.0441888,-0.220519,-0.102113
0,0,0.12137,0.0202054,0.669385,-0.0408765,-0.224347,-0.100659
0,0,0.105877,0.0260051,0.671958,-0.0407705,-0.220391,-0.103308
0,0,0.077168,0.00479876,0.679997,-0.0485796,-0.226516,-0.0998955
0,0,0.0584934,-0.00195136,0.661841,-0.0463747,-0.225465,-0.100025
0,0,0.0698183,0.0362249,0.668889,-0.0454414,-0.22955,-0.098542
0,0,0.0626588,0.0482766,0.660743,-0.0429487,-0.229908,-0.0913843
0,0,0.0614104,0.0226995,0.662012,-0.0439231,-0.232623,-0.0947103
0,0,0.0780504,0.0118795,0.666824,-0.0513042,-0.229995,-0.101893
0,0,0.0765119,0.0237924,0.659566,-0.0523353,-0.231918,-0.0983086
0,0,0.0756791,0.0384684,0.660841,-0.0495078,-0.229365,-0.101266
0,0,0.0708287,0.0251604,0.636281,-0.0483519,-0.225318,-0.0948376
0,0,0.0795204,-0.00174298,0.645295,-0.0435327,-0.221117,-0.097883
0,0,0.0989755,0.00372052,0.652061,-0.0386439,-0.219826,-0.105221
0,0,0.0710596,0.0294553,0.676041,-0.0326347,-0.219072,-0.108965
0,0,0.0454747,0.0418564,0.664568,-0.0413563,-0.222532,-0.112178
0,0,0.0436167,0.05661,0.672871,-0.0448447,-0.218827,-0.104948
0,0,0.08057,0.0517582,0.651138,-0.0436679,-0.221921,-0.106853
0,0,0.0937327,0.0294599,0.656759,-0.0391844,-0.212896,-0.105565
0,0,0.0729039,0.0203867,0.653661,-0.0450484,-0.214932,-0.104764
0,0,0.0613256,0.0119234,0.666704,-0.0534135,-0.222655,-0.0992084
0,0,0.0780463,0.0182539,0.662177,-0.0448364,-0.219387,-0.103751
0,0,0.0972634,0.0230426,0.665733,-0.043392,-0.213869,-0.106559
0,0,0.0900417,0.0254685,0.658288,-0.0437285,-0.213322,-0.109149
0,0,0.0702053,0.021789,0.67992,-0.0452478,-0.219873,-0.0991804
0,0,0.0565676,0.0266199,0.671645,-0.0412135,-0.214356,-0.0994564
0,0,0.0852461,0.0301156,0.661323,-0.040208,-0.220748,-0.0984017
0,0,0.0964006,0.0173926,0.664876,-0.0427792,-0.222689,-0.0952353
0,0,0.0901342,-0.00399826,0.658275,-0.0421519,-0.225415,-0.0960683
0,0,0.084371,-0.0138598,0.644087,-0.0474013,-0.224607,-0.092378
0,0,0.0898126,-0.0023326,0.654816,-0.0465833,-0.221724,-0.0925607
0,0,0.0787621,-0.00649626,0.654564,-0.0493342,-0.225139,-0.0908474
0,0,0.0780291,0.0126185,0.656629,-0.0382082,-0.223749,-0.0953991
0,0,0.0795276,0.0290912,0.663134,-0.0399243,-0.217802,-0.0973901
0,0,0.0803589,0.0321643,0.677049,-0.0369867,-0.218985,-0.10059
0,0,0.0863417,0.0138428,0.665939,-0.0396826,-0.22173,-0.0926614
0,0,0.0865903,0.0117153,0.628604,-0.0456078,-0.226116,-0.0960048
0,0,0.0769925,0.0202277,0.621205,-0.0537521,-0.231743,-0.0936251
0,0,0.0852371,0.0236546,0.62129,-0.0494834,-0.228804,-0.105652
0,0,0.0972497,0.0112991,0.637925,-0.0462625,-0.228481,-0.104674
0,0,0.0980549,0.00540785,0.657893,-0.0521107,-0.222287,-0.099157
0,0,0.0909322,-0.00131513,0.647726,-0.0526745,-0.220021,-0.0986546
0,0,0.0793493,0.0238904,0.669859,-0.0503369,-0.217192,-0.101122
0,0,0.0715639,0.01837,0.656178,-0.0447358,-0.218034,-0.0976922
0,0,0.0725436,0.00952858,0.640546,-0.0498803,-0.221594,-0.0993206
0,0,0.0662674,0.0159294,0.63836,-0.0455201,-0.222493,-0.0978008
0,0,0.0750635,0.0230271,0.65063,-0.0398438,-0.226726,-0.10025
0,0,0.06413,0.0187707,0.657307,-0.0441354,-0.216167,-0.101125
0,0,0.0789314,0.0101992,0.661513,-0.0393243,-0.213089,-0.0984233
0,0,0.0921852,0.000277952,0.653444,-0.0354078,-0.217258,-0.102561
0,0,0.0921005,0.0254115,0.651291,-0.0435687,-0.220492,-0.0973297
0,0,0.0823177,0.0278606,0.659261,-0.0460153,-0.225604,-0.0983403
0,0,0.0745644,0.0297697,0.650224,-0.0499971,-0.219194,-0.0947924
0,0,0.0803048,0.0148813,0.642657,-0.0470479,-0.221564,-0.10172
0,0,0.0923607,0.0239436,0.658012,-0.045305,-0.221982,-0.106184
0,0,0.0929162,0.0141307,0.65903,-0.0533831,-0.224247,-0.1011
0,0,0.0828332,0.023727,0.659795,-0.0541393,-0.225436,-0.100527
0,0,0.074388,0.0231772,0.67156,-0.0519211,-0.223075,-0.101373
0,0,0.0915328,0.0147968,0.661342,-0.048808,-0.217815,-0.103248
0,0,0.107138,0.0263246,0.64103,-0.0503863,-0.223238,-0.0998456
0,0,0.0866017,0.00485473,0.629783,-0.0448471,-0.216784,-0.0940835
0,0,0.079557,0.0205904,0.626693,-0.0434819,-0.217092,-0.0948072
0,0,0.0808251,0.014512,0.649314,-0.0419788,-0.215676,-0.0987188
0,0,0.0825664,0.00224927,0.657978,-0.038324,-0.222784,-0.102884
0,0,0.0843102,0.0144634,0.656316,-0.0427363,-0.227893,-0.0980965
0,0,0.0702278,0.0133626,0.660468,-0.039529,-0.233848,-0.102751
0,0,0.0871957,0.0188677,0.643929,-0.0389487,-0.230561,-0.102196
0,0,0.107345,0.0113496,0.646286,-0.0379488,-0.231839,-0.0951314
0,0,0.088996,0.0363808,0.65927,-0.0449095,-0.223859,-0.094015
0,0,0.086319,0.03191,0.664584,-0.0489725,-0.219425,-0.0950657
0,0,0.105466,0.0292525,0.666889,-0.0500491,-0.220186,-0.0942182
0,0,0.0965999,0.0231861,0.673993,-0.0504652,-0.221458,-0.0949292
0,0,0.0940536,0.0204006,0.664998,-0.0399897,-0.224764,-0.0952467
0,0,0.0871136,0.0268858,0.66953,-0.0428526,-0.223269,-0.095441
0,0,0.0799606,0.0218539,0.66243,-0.0442926,-0.226061,-0.0931995
0,0,0.083312,0.00491474,0.661821,-0.0434429,-0.231469,-0.0921482
0,0,0.0815664,0.011368,0.652566,-0.0444741,-0.23407,-0.0926987
0,0,0.0807103,0.00688586,0.650951,-0.0437931,-0.231,-0.0943876
0,0,0.0790808,0.0100095,0.636839,-0.0398213,-0.231431,-0.0957431
0,0,0.0695275,0.00552679,0.647249,-0.0425638,-0.227064,-0.096804
0,0,0.0545153,0.00058798,0.656374,-0.0508423,-0.2244,-0.100458
0,0,0.049453,0.00557265,0.652864,-0.0498788,-0.224121,-0.103769
0,0,0.0363419,0.0159507,0.664566,-0.051339,-0.224076,-0.103126
0,0,0.0387792,0.0356654,0.656923,-0.0546896,-0.219765,-0.107955
0,0,0.0442011,0.0290228,0.649188,-0.0488086,-0.221311,-0.109824
0,0,0.0589207,0.0235163,0.661258,-0.0431249,-0.227217,-0.10561
0,0,0.0963718,0.0201528,0.672223,-0.0462372,-0.230172,-0.0969542
0,0,0.0978941,0.0235391,0.667794,-0.0442781,-0.232171,-0.0968054
0,0,0.0862407,0.034086,0.664872,-0.0444521,-0.230008,-0.10001
0,0,0.0972652,0.019456,0.658975,-0.04868,-0.225881,-0.104819
0,0,0.0940935,0.0240908,0.664015,-0.0419697,-0.225008,-0.106193
0,0,0.0965655,0.0276005,0.662163,-0.0471789,-0.230685,-0.104429
0,0,0.0857177,0.026127,0.677695,-0.0477484,-0.228613,-0.102442
0,0,0.0755949,0.0204916,0.668551,-0.0519458,-0.225823,-0.0963512
0,0,0.0701592,0.00358816,0.649436,-0.0439163,-0.223059,-0.10214
0,0,0.0809942,0.00744262,0.647003,-0.0406644,-0.227421,-0.107579
0,0,0.081676,0.0081689,0.645921,-0.0421149,-0.222071,-0.102489
0,0,0.0747596,-0.0003706,0.649699,-0.0401736,-0.225485,-0.0992281
0,0,0.0693339,-0.0134679,0.646622,-0.0489251,-0.218984,-0.0969885
0,0,0.0796559,-0.010993,0.625173,-0.0504831,-0.225203,-0.0936468
0,0,0.0551674,-0.0942481,0.686501,-0.0203601,-0.227707,-0.0935845
0,0,0.0689839,-0.201838,0.732476,-0.0419749,-0.210677,-0.0968902
0,0,0.0688398,-0.369826,0.742361,-0.0137762,-0.205078,-0.105541
0,0,0.0836041,-0.442094,0.758205,-0.0347203,-0.188274,-0.105713
0,0,0.112581,-0.294925,0.690562,-0.0352067,-0.188306,-0.0958262
0,0,0.130102,-0.339836,0.739704,-0.033323,-0.193761,-0.0957414
0,0,0.11607,-0.285144,0.732284,-0.0237415,-0.212311,-0.117635
0,0,0.0649208,-0.229668,0.615085,-0.0663317,-0.195165,-0.131198
0,0,0.0943127,-0.147817,0.584358,-0.0750924,-0.211357,-0.106437
0,0,0.119573,-0.163029,0.592536,-0.0601646,-0.194067,-0.128844
0,0,0.0792608,-0.151258,0.669852,-0.0389991,-0.221216,-0.146715
0,0,0.060963,-0.132119,0.625352,-0.0608481,-0.210036,-0.118399
0,0,0.0463348,-0.0550678,0.555663,-0.0837184,-0.193354,-0.136038
0,0,0.060432,-0.104374,0.570234,-0.0696643,-0.212252,-0.145853
0,0,0.0668027,-0.18078,0.55267,-0.0578769,-0.190397,-0.113995
0,0,0.0640706,-0.103912,0.507523,-0.0755213,-0.192279,-0.136118
0,0,0.102195,-0.105477,0.585988,-0.0642735,-0.191733,-0.112557
0,0,0.106237,-0.143903,0.58905,-0.045591,-0.220567,-0.119522
0,0,0.076235,-0.0999812,0.452421,-0.0670223,-0.192616,-0.126178
0,0,0.0771597,-0.111028,0.431265,-0.0722334,-0.219105,-0.116751
0,0,0.102811,-0.157839,0.50565,-0.0541623,-0.191758,-0.141088
0,0,0.112063,-0.153716,0.455474,-0.0577436,-0.20148,-0.123154
0,0,0.0999034,-0.0600312,0.487477,-0.0526244,-0.182504,-0.151276
0,0,0.0954512,-0.0672009,0.547834,-0.031411,-0.215678,-0.136991
0,0,0.062255,-0.0510651,0.417313,-0.0699417,-0.180675,-0.140036
0,0,0.0727661,-0.11454,0.411087,-0.0794381,-0.20045,-0.123468
0,0,0.175847,-0.232137,0.524474,-0.0317066,-0.208748,-0.152693
0,0,0.216087,-0.221433,0.443851,-0.0252852,-0.179857,-0.12787
0,0,0.129036,-0.115379,0.401848,-0.0593844,-0.2079,-0.138512
0,0,0.102727,-0.155232,0.466739,-0.0596775,-0.220096,-0.130788
0,0,0.103031,-0.0974963,0.381282,-0.0842639,-0.216733,-0.141414
0,0,0.143498,-0.142475,0.399897,-0.067772,-0.199427,-0.124281
0,0,0.177212,-0.208395,0.441896,-0.0622163,-0.224405,-0.156666
0,0,0.156534,-0.177035,0.348363,-0.0651981,-0.203921,-0.125472
0,0,0.047786,-0.123384,0.393088,-0.073125,-0.212608,-0.146383
0,0,0.0797677,-0.139476,0.371664,-0.0761622,-0.231127,-0.132059
0,0,0.142885,-0.0970858,0.266181,-0.0712669,-0.184738,-0.155363
0,0,0.15621,-0.16749,0.30809,-0.0544072,-0.199928,-0.121531
0,0,0.142171,-0.0630334,0.183413,-0.0839309,-0.197272,-0.125577
0,0,0.103264,0.0375141,0.157459,-0.103248,-0.212606,-0.114926
0,0,0.10122,0.166629,0.173987,-0.0790507,-0.230297,-0.143346
0,0,0.0834444,0.190241,0.145109,-0.106291,-0.200512,-0.146873
0,0,0.101752,0.21104,0.150631,-0.087241,-0.21036,-0.138454
0,0,0.0508941,0.293285,0.15565,-0.0987541,-0.25734,-0.134156
0,0,0.0927688,0.10292,0.238038,-0.0700256,-0.250661,-0.11901
0,0,0.0652775,0.120166,0.187367,-0.0583948,-0.25422,-0.0970391
0,0,0.0919243,0.283249,0.0819269,-0.0962521,-0.226392,-0.115501
0,0,0.101585,0.275503,0.168723,-0.0584652,-0.244086,-0.104688
0,0,0.109477,0.140853,0.221402,-0.0362758,-0.267997,-0.102348
0,0,0.0720133,0.17179,0.132774,-0.0851065,-0.241277,-0.0988213
0,0,0.122971,0.112354,0.257289,-0.0480489,-0.270329,-0.102366
0,0,0.128366,0.112782,0.295678,-0.0181427,-0.24602,-0.0870062
0,0,0.095912,0.112707,0.254269,-0.0303752,-0.255825,-0.103957
0,0,0.0713494,0.151902,0.331692,-0.0415029,-0.260506,-0.092693
0,0,0.0639961,-0.0541599,0.44174,-0.0245738,-0.280148,-0.11171
0,0,0.0660008,0.0668941,0.342554,-0.0294874,-0.227828,-0.0987872
0,0,0.0481267,0.0251255,0.489438,-0.000484955,-0.305727,-0.118125
0,0,0.0906537,-0.0406718,0.467393,0.00660619,-0.268988,-0.107479
0,0,0.0967814,-0.00144936,0.328674,-0.0185325,-0.25355,-0.112176
0,0,0.0990736,-0.0787218,0.478849,-0.0016107,-0.262303,-0.0948364
0,0,0.0805742,-0.0562877,0.490749,0.00675256,-0.267652,-0.0962023
0,0,0.0718883,0.0652825,0.357011,-0.0139943,-0.225757,-0.108502
0,0,0.0783171,-0.0859071,0.579258,0.0138755,-0.313713,-0.10537
0,0,0.135854,-0.0824517,0.508605,0.00119561,-0.275027,-0.108911
0,0,0.117853,0.0804023,0.462719,-0.0191021,-0.295726,-0.0802588
0,0,0.0717738,0.0796249,0.583402,0.0074512,-0.315343,-0.0957256
0,0,0.0733589,0.0388567,0.590057,0.00198114,-0.299263,-0.078408
0,0,0.0585456,0.104113,0.435058,-0.037006,-0.261298,-0.0892113
0,0,0.129705,-0.0653306,0.663757,0.010823,-0.306825,-0.0808929
0,0,0.115697,0.00722173,0.589144,0.0103246,-0.275676,-0.0818466
0,0,0.0656375,0.0698864,0.520196,-0.0171722,-0.28914,-0.101344
0,0,0.083735,0.0352329,0.616779,0.022765,-0.296523,-0.0852559
0,0,0.117702,-0.0342786,0.614616,0.0196177,-0.282307,-0.111869
0,0,0.0718116,0.0676043,0.537976,0.00440609,-0.240665,-0.104924
0,0,0.0577799,0.0458742,0.654815,0.00758458,-0.272229,-0.101829
0,0,0.0423056,0.0964331,0.596105,-0.0397881,-0.265995,-0.0966503
0,0,0.0721759,0.0843565,0.581547,-0.0188377,-0.236138,-0.0966128
0,0,0.121659,-0.214624,0.759895,0.0299137,-0.278378,-0.113406
0,0,0.0642826,-0.257689,0.719781,0.0270818,-0.270361,-0.115312
0,0,0.0469512,-0.313063,0.694183,-0.00848372,-0.262372,-0.100473
0,0,0.0944904,-0.238006,0.687028,0.0138657,-0.271113,-0.0967974
0,0,0.0914984,-0.251061,0.753286,0.023388,-0.258204,-0.0887367
0,0,0.087466,-0.275279,0.734181,0.00727534,-0.268935,-0.0929942
0,0,0.118936,-0.260076,0.75117,0.0118469,-0.273641,-0.100384
0,0,0.108788,-0.227625,0.729425,0.00291486,-0.27993,-0.105398
0,0,0.0897006,-0.154408,0.71211,-0.00738691,-0.263832,-0.104926
0,0,0.0842458,-0.119334,0.72791,-0.000825989,-0.26935,-0.100903
0,0,0.0555792,-0.0461374,0.678499,-0.0178058,-0.260869,-0.0951917
0,0,0.0718405,-0.0562179,0.633846,-0.0294409,-0.257367,-0.095599
0,0,0.121484,-0.0428889,0.623298,-0.01742,-0.249015,-0.0957079
0,0,0.105219,-0.00460534,0.614272,-0.0231006,-0.249133,-0.102656
0,0,0.052996,-0.00753917,0.62757,-0.0287287,-0.251413,-0.101036
0,0,0.0423268,-0.0291041,0.617135,-0.0257877,-0.252436,-0.106092
0,0,0.094001,0.00543901,0.623077,-0.0236032,-0.25636,-0.102391
0,0,0.120083,0.0226751,0.623343,-0.0276218,-0.254169,-0.101657
0,0,0.0865542,0.0137681,0.607967,-0.0190574,-0.257761,-0.104433
0,0,0.0541822,0.00482017,0.623125,-0.0185966,-0.261498,-0.100777
0,0,0.0613823,0.013088,0.635412,-0.0261198,-0.255085,-0.101532
0,0,0.0802391,0.000470258,0.626752,-0.0187079,-0.257141,-0.102198
0,0,0.0869682,-0.00518392,0.616995,-0.0248801,-0.258563,-0.0997158
0,0,0.0763808,-0.00682992,0.616098,-0.0272536,-0.252443,-0.100439
0,0,0.0900622,0.0231087,0.619279,-0.0248695,-0.255253,-0.105293
0,0,0.0914826,0.0334268,0.622388,-0.0269396,-0.249999,-0.0979026
0,0,0.0704147,0.0096977,0.652732,-0.0221899,-0.243953,-0.094416
0,0,0.0752178,-0.00338938,0.646496,-0.0248371,-0.238473,-0.0934165
0,0,0.0480828,0.00690125,0.637894,-0.0285869,-0.245738,-0.102086
0,0,0.0645447,0.0222428,0.639256,-0.0268288,-0.248459,-0.106633
0,0,0.0830014,0.0175859,0.619403,-0.0265382,-0.257217,-0.102387
0,0,0.0772501,0.0108819,0.618409,-0.0274018,-0.257479,-0.0984237
0,0,0.0631334,0.0145049,0.616027,-0.0222654,-0.261895,-0.10253
0,0,0.075033,0.0174641,0.613803,-0.0193271,-0.254349,-0.100581
0,0,0.0969419,0.00365637,0.61504,-0.0166375,-0.24895,-0.0905465
0,0,0.0855019,-0.00985622,0.630877,-0.0185569,-0.252001,-0.0900099
0,0,0.0749236,0.0113038,0.634175,-0.0155792,-0.257326,-0.0956857
0,0,0.0677322,0.0252273,0.630876,-0.0205021,-0.254087,-0.100143
0,0,0.0741438,0.0445745,0.627168,-0.0216245,-0.254318,-0.100976
0,0,0.0854356,0.0263561,0.631076,-0.0218402,-0.247778,-0.100011
0,0,0.084733,0.0232348,0.63043,-0.0177966,-0.253041,-0.103771
0,0,0.0953103,0.0301565,0.623136,-0.0231464,-0.252323,-0.098422
0,0,0.0963279,0.0306249,0.626959,-0.0204055,-0.251601,-0.0992248
0,0,0.0858359,0.0101,0.619436,-0.0251996,-0.252584,-0.100072
0,0,0.0811325,-0.00155742,0.600555,-0.0195787,-0.259433,-0.0974426
0,0,0.079366,0.00415859,0.595648,-0.0217419,-0.261303,-0.0971033
0,0,0.0652677,0.00391909,0.604353,-0.0239713,-0.263402,-0.109091
0,0,0.0662924,-0.00624484,0.611115,-0.0196833,-0.259893,-0.109421
0,0,0.0744387,-0.000750384,0.607625,-0.0239391,-0.255896,-0.105722
0,0,0.0845077,0.00872643,0.613741,-0.0255081,-0.25648,-0.102715
0,0,0.0779385,0.0218649,0.611436,-0.0296697,-0.252014,-0.0920916
0,0,0.0758251,0.0190837,0.612087,-0.0224988,-0.245527,-0.0960737
0,0,0.0792582,0.00212112,0.626445,-0.0206669,-0.248195,-0.103015
0,0,0.0756193,0.0111692,0.634382,-0.0225491,-0.249199,-0.101666
0,0,0.0915977,0.0141618,0.622293,-0.0231771,-0.252173,-0.102785
0,0,0.0970912,0.0122671,0.623546,-0.0188317,-0.25744,-0.105567
0,0,0.105842,-0.00194243,0.643278,-0.0248339,-0.253043,-0.105027
0,0,0.100804,-0.0112126,0.641272,-0.0246865,-0.249869,-0.10761
0,0,0.103087,-0.0165602,0.630627,-0.018577,-0.251633,-0.109116
0,0,0.0986037,-0.00870361,0.633129,-0.0192804,-0.245863,-0.102786
0,0,0.085343,-0.0182924,0.623777,-0.017422,-0.24755,-0.101241
0,0,0.0747373,-0.0356876,0.627291,-0.0255929,-0.251393,-0.104639
0,0,0.0756778,-0.021704,0.623715,-0.0223168,-0.257139,-0.0946151
0,0,0.0791954,-0.00450923,0.636187,-0.0244211,-0.256341,-0.0974024
0,0,0.0740343,0.00660789,0.6393,-0.0168226,-0.254582,-0.0938667
0,0,0.0882372,-0.00104895,0.620092,-0.0177184,-0.252833,-0.0929137
0,0,0.0732462,0.0126383,0.613159,-0.0205955,-0.255568,-0.0945021
0,0,0.0863954,0.0111777,0.619623,-0.0316338,-0.253697,-0.0987103
0,0,0.0716616,0.0227733,0.634105,-0.0292565,-0.256013,-0.100135
0,0,0.0664125,0.0185389,0.619742,-0.0254233,-0.263839,-0.101873
0,0,0.0800289,0.00363284,0.612963,-0.0262996,-0.26597,-0.10192
0,0,0.0774253,0.00771185,0.605931,-0.0295421,-0.255659,-0.102538
0,0,0.0702719,0.018722,0.618289,-0.0378794,-0.250851,-0.100917
0,0,0.0685869,0.0376834,0.625907,-0.037716,-0.253892,-0.106062
0,0,0.0647574,0.0310425,0.621355,-0.0328816,-0.247103,-0.10917
0,0,0.0701325,0.0253268,0.617331,-0.0256127,-0.251345,-0.109776
0,0,0.0778549,0.0329252,0.629426,-0.0203563,-0.247037,-0.109229
0,0,0.087418,0.0221976,0.632249,-0.0255041,-0.251024,-0.10955
0,0,0.0787894,0.0206438,0.621653,-0.0266585,-0.252222,-0.106443
0,0,0.0900393,-0.00961748,0.609174,-0.0204163,-0.251497,-0.105131
0,0,0.0948615,0.00773213,0.609111,-0.0172033,-0.253619,-0.108019
0,0,0.0868522,0.0101426,0.60642,-0.0138481,-0.251423,-0.105131
0,0,0.0900167,0.0167689,0.607488,-0.0128448,-0.254816,-0.103459
0,0,0.0866683,0.00916359,0.608365,-0.0190641,-0.247579,-0.0996295
0,0,0.0896668,0.0207369,0.604431,-0.0214891,-0.248803,-0.098391
0,0,0.088937,0.0239665,0.604607,-0.0220875,-0.259055,-0.0979204
0,0,0.0972689,0.0297824,0.620587,-0.0286332,-0.253553,-0.103391
0,0,0.102787,0.0179328,0.621974,-0.0290629,-0.254551,-0.10453
0,0,0.100491,-0.00558914,0.62728,-0.0261895,-0.255429,-0.10329
0,0,0.076925,0.0060639,0.620041,-0.0337715,-0.258481,-0.101123
0,0,0.0660842,-0.000650752,0.621674,-0.0324071,-0.257564,-0.106499
0,0,0.0624557,0.0014749,0.614775,-0.0322477,-0.251786,-0.105676
0,0,0.087655,0.00139367,0.629122,-0.0295118,-0.248016,-0.102008
0,0,0.0970891,-0.00179716,0.629802,-0.0245989,-0.249736,-0.102527
0,0,0.0913868,0.00861077,0.62317,-0.0220222,-0.248868,-0.0985917
0,0,0.0893155,0.021697,0.62446,-0.0244052,-0.244938,-0.0991447
0,0,0.0835688,0.00328543,0.610676,-0.0285014,-0.24902,-0.0978133
0,0,0.0960562,-0.00100447,0.605028,-0.0278267,-0.25244,-0.100506
0,0,0.104142,-0.00454386,0.598691,-0.0311339,-0.249206,-0.104236
0,0,0.0921165,0.00522832,0.591367,-0.0290157,-0.247511,-0.103012
0,0,0.0803878,-0.00183197,0.591289,-0.0294567,-0.241562,-0.097555
0,0,0.0730368,-0.0157338,0.594336,-0.0245509,-0.229808,-0.0942844
0,0,0.0567214,-0.00100288,0.607728,-0.0205589,-0.237324,-0.0978407
0,0,0.0429637,0.00670521,0.605488,-0.0151299,-0.239654,-0.102488
0,0,0.0372514,0.000197826,0.601929,-0.0120671,-0.24273,-0.107037
0,0,0.0594281,0.00796169,0.602633,-0.0111208,-0.243631,-0.106806
0,0,0.066216,0.00858107,0.604533,-0.0116651,-0.247606,-0.110993
0,0,0.0765544,0.00221632,0.602299,-0.014671,-0.249516,-0.112182
0,0,0.0770892,0.0188775,0.608563,-0.0209901,-0.248047,-0.111784
0,0,0.0725896,0.018139,0.607757,-0.024273,-0.250021,-0.11228
0,0,0.0759619,0.0121884,0.607478,-0.0249073,-0.254224,-0.110885
0,0,0.0842716,-0.0128744,0.605288,-0.0233403,-0.255537,-0.113706
0,0,0.0785109,-0.0156097,0.613077,-0.00884338,-0.252551,-0.113263
0,0,0.0663024,-0.00943778,0.630254,-0.0085219,-0.256529,-0.111263
0,0,0.0756657,0.00607557,0.631972,-0.0157806,-0.251213,-0.108415
0,0,0.086549,0.01467,0.629208,-0.0171486,-0.250865,-0.106745
0,0,0.0855171,0.0134625,0.633326,-0.0184472,-0.252022,-0.11435
0,0,0.0662349,-0.00603389,0.644769,-0.021225,-0.252295,-0.112936
0,0,0.0847195,0.00499956,0.63681,-0.0183123,-0.25759,-0.107496
0,0,0.0852262,0.0165606,0.628784,-0.0193285,-0.252648,-0.106273
0,0,0.0826504,0.0149542,0.607863,-0.0247331,-0.256349,-0.106004
0,0,0.0829807,0.0283313,0.613549,-0.0297465,-0.259537,-0.106045
0,0,0.0800696,0.0314959,0.59674,-0.0352697,-0.254263,-0.104656
0,0,0.04102,0.0375288,0.519522,-0.0634431,-0.235472,-0.102852
0,0,-0.00261077,-0.0258571,0.488625,-0.0626096,-0.244441,-0.0978127
0,0,-0.0369434,-0.0833927,0.414276,-0.0639129,-0.247441,-0.0985199
0,0,-0.0192896,-0.255105,0.488746,-0.058217,-0.253003,-0.102744
0,0,0.0204888,-0.427271,0.533914,-0.0557152,-0.234934,-0.104586
0,0,-0.0155338,-0.402532,0.581705,-0.0404542,-0.270106,-0.104669
0,0,0.0296886,-0.255583,0.484361,-0.0591345,-0.245728,-0.104989
0,0,-0.0299733,-0.279317,0.661559,-0.0457567,-0.281524,-0.103185
0,0,0.0212284,-0.310153,0.559294,-0.0411879,-0.266679,-0.111782
0,0,0.0569556,-0.322571,0.630488,-0.00556962,-0.27156,-0.126718
0,0,0.03956,-0.297566,0.609041,-0.0215836,-0.263884,-0.129716
0,0,0.0639209,-0.187027,0.567109,-0.0301127,-0.240126,-0.132475
0,0,0.0523989,-0.160048,0.635459,-0.0301531,-0.250187,-0.131714
0,0,0.00281671,-0.169846,0.639145,-0.0192045,-0.255537,-0.11704
0,0,-0.0295632,-0.217326,0.668102,-0.0106298,-0.275314,-0.114737
0,0,0.0412795,-0.253265,0.604974,-0.0326786,-0.260292,-0.139001
0,0,0.0669289,-0.247485,0.621942,-0.0147727,-0.279521,-0.149914
0,0,0.0550898,-0.254599,0.557917,-0.0192302,-0.264888,-0.138206
0,0,-0.0109009,-0.214116,0.605798,-0.0205308,-0.280162,-0.119392
0,0,0.00202633,-0.141936,0.552458,-0.0103353,-0.266294,-0.12224
0,0,0.00319378,-0.220006,0.56715,0.0052256,-0.273523,-0.14222
0,0,0.0251561,-0.214966,0.533487,-0.00731483,-0.255899,-0.145076
0,0,0.0150134,-0.293893,0.548853,0.0123642,-0.28174,-0.121813
0,0,0.0151327,-0.226506,0.433976,-0.0416858,-0.275226,-0.121184
0,0,-0.00207585,-0.250789,0.484723,-0.0221904,-0.295277,-0.146925
0,0,0.026561,-0.268486,0.374315,-0.0231637,-0.270942,-0.1145
0,0,0.0460745,-0.327187,0.49644,-0.0124756,-0.276402,-0.118652
0,0,0.00814609,-0.209703,0.332657,-0.0339127,-0.239519,-0.135926
0,0,0.0169774,-0.258875,0.513323,-0.00722874,-0.27036,-0.120463
0,0,-0.00243722,-0.280486,0.366994,-0.0340914,-0.26161,-0.11011
0,0,0.0484627,-0.30341,0.434084,0.00147752,-0.268863,-0.13652
0,0,0.012559,-0.248087,0.347917,-0.0251091,-0.261041,-0.118913
0,0,0.0241069,-0.228298,0.362329,-0.0169014,-0.265184,-0.124234
0,0,0.0022919,-0.301696,0.285865,-0.00786375,-0.261738,-0.142832
0,0,0.0109218,-0.280529,0.34532,-0.0144192,-0.263834,-0.116403
0,0,0.0123531,-0.247908,0.318083,-0.0185145,-0.269698,-0.134866
0,0,0.0405208,-0.222947,0.217295,-0.0140227,-0.261483,-0.140361
0,0,0.0331486,-0.335436,0.316602,-0.019621,-0.283024,-0.138971
0,0,0.0534117,-0.279601,0.200169,-0.0387535,-0.25053,-0.14571
0,0,0.0918376,-0.284336,0.297958,0.014281,-0.258418,-0.133102
0,0,0.109652,-0.176373,0.23622,0.00216395,-0.265117,-0.153705
0,0,0.152985,-0.212585,0.371253,0.00920205,-0.273367,-0.127216
0,0,0.190202,-0.0861241,0.399378,0.0261696,-0.277606,-0.152292
0,0,0.143749,-0.0304298,0.476683,0.0343598,-0.284324,-0.142337
0,0,0.17733,0.0741951,0.424827,0.0295095,-0.284081,-0.136522
0,0,0.212709,0.116564,0.376617,0.0135497,-0.290137,-0.136433
0,0,0.230622,0.120817,0.401985,0.0288214,-0.290466,-0.136537
0,0,0.246568,0.185948,0.451688,0.0369209,-0.275581,-0.137273
0,0,0.250107,0.244737,0.425801,0.0110775,-0.265073,-0.135724
0,0,0.238114,0.23649,0.416326,0.00711698,-0.236432,-0.106459
0,0,0.159207,0.173725,0.348296,-0.0279406,-0.243795,-0.10384
0,0,0.169764,0.136161,0.321492,-0.0279271,-0.241428,-0.111964
0,0,0.146514,0.170688,0.317206,-0.0162906,-0.237521,-0.0959327
0,0,0.11923,0.190641,0.182711,-0.0531885,-0.214965,-0.101809
0,0,0.0502823,0.0462403,0.326723,-0.0574484,-0.256168,-0.116732
0,0,0.116924,0.0596377,0.203622,-0.0457821,-0.206907,-0.094938
0,0,0.129432,0.115811,0.295824,-0.0334435,-0.21948,-0.109753
0,0,0.0706139,0.227066,0.210147,-0.0785437,-0.224646,-0.109494
0,0,0.0397213,0.167163,0.305778,-0.0457212,-0.212636,-0.108552
0,0,0.0358019,0.0172124,0.382911,-0.0348172,-0.228957,-0.117592
0,0,0.0858655,0.153037,0.356063,-0.0663787,-0.21422,-0.105571
0,0,0.1042,0.213977,0.384314,-0.0474904,-0.226296,-0.0857154
0,0,0.0643088,0.248105,0.380213,-0.0761082,-0.218178,-0.107243
0,0,0.0200297,0.0720631,0.49389,-0.0556347,-0.236645,-0.0941788
0,0,0.0276132,0.136037,0.380452,-0.076086,-0.197583,-0.0840348
0,0,0.0413226,0.127529,0.552643,-0.055557,-0.225667,-0.114597
0,0,0.0473378,0.170145,0.381468,-0.0838717,-0.213629,-0.114239
0,0,0.0756835,0.0396107,0.554904,-0.0520177,-0.228075,-0.0906917
0,0,0.0961298,0.135495,0.417926,-0.10889,-0.224946,-0.090056
0,0,0.0807836,0.153109,0.5449,-0.0534271,-0.236556,-0.111919
0,0,0.043958,0.200758,0.445628,-0.0984014,-0.204114,-0.109267
0,0,0.0650387,0.184622,0.646827,-0.0444876,-0.247425,-0.0897834
0,0,0.0445664,0.208217,0.532595,-0.07667,-0.206878,-0.0883281
0,0,0.101681,0.175454,0.65208,-0.0409816,-0.227695,-0.107123
0,0,0.091399,0.208112,0.58064,-0.0511058,-0.200502,-0.116486

