1481579005,826289414,0.506274,-1.05105,0.310887,-3.0809,2.38118,0.708048,1.02144,1.018080.0139861,2.04997e-06,-0.121161,0.0854439,-0.119516,0.0447238,0,0
1481579005,846291598,0.505311,-1.05008,0.312812,-3.08209,2.38356,0.705668,1.02144,1.018080.0275582,0.0481238,-0.102475,0.0511109,-0.119135,0.100423,0,0
1481579005,846291598,0.505311,-1.05008,0.312812,-3.08209,2.38356,0.705668,1.02144,1.018080.0275582,0.0481238,-0.102475,0.0511109,-0.119135,0.100423,0,0
1481579005,904303095,0.504349,-1.05008,0.315699,-3.08328,2.38594,0.704479,1.02144,1.018080.012892,0.00150387,-0.0242566,0.00903469,-0.0669364,0.00685667,0,0
1481579005,930287589,0.504349,-1.05008,0.316662,-3.08328,2.38594,0.704479,1.02144,1.018080.0016115,0.000187984,-0.0511556,0.00112934,-0.00836712,0.000857084,0,0
1481579005,956283673,0.504349,-1.05008,0.316662,-3.08328,2.38594,0.704479,1.02144,1.018080.000201438,2.3498e-05,-0.00639425,0.000141167,-0.00104609,0.000107136,0,0
1481579005,956283673,0.504349,-1.05008,0.316662,-3.08328,2.38594,0.704479,1.02144,1.018080.000201438,2.3498e-05,-0.00639425,0.000141167,-0.00104609,0.000107136,0,0
1481579006,8323155,0.503386,-1.05105,0.316662,-3.08328,2.37999,0.704479,1.02144,1.018080.00301483,-0.00601448,-0.000199737,4.41147e-06,0.115252,3.34798e-06,0,0
1481579006,34275397,0.503386,-1.05105,0.316662,-3.08328,2.37999,0.704479,1.02144,1.018080.000753709,-0.00150362,-5.00674e-05,1.10287e-06,0.0288131,8.36996e-07,0,0
1481579006,60290323,0.503386,-1.05105,0.316662,-3.08328,2.3788,0.704479,1.02144,1.018089.42136e-05,-0.000188019,-6.39159e-06,1.37858e-07,0.0630967,1.04625e-07,0,0
1481579006,60290323,0.503386,-1.05105,0.316662,-3.08328,2.3788,0.704479,1.02144,1.018089.42136e-05,-0.000188019,-6.39159e-06,1.37858e-07,0.0630967,1.04625e-07,0,0
1481579006,102276214,0.503386,-1.05201,0.316662,-3.08209,2.37404,0.704479,1.02144,1.018085.88835e-06,-0.00602727,-5.32632e-07,-0.00743768,0.0857492,6.53903e-09,0,0
1481579006,122357007,0.503386,-1.05297,0.315699,-3.07971,2.37166,0.704479,1.02144,1.018081.47209e-06,-0.0496435,0,-0.00185942,0.110693,1.63476e-09,0,0
1481579006,148271094,0.503386,-1.05394,0.315699,-3.07971,2.36809,0.704479,1.02144,1.018081.84011e-07,-0.0302668,0.0120308,-0.0299824,0.177475,2.04345e-10,0,0
1481579006,148271094,0.503386,-1.05394,0.315699,-3.07971,2.36809,0.704479,1.02144,1.018081.84011e-07,-0.0302668,0.0120308,-0.0299824,0.177475,2.04345e-10,0,0
1481579006,200275608,0.503386,-1.0549,0.313774,-3.07733,2.36333,0.704479,1.02144,1.018085.75034e-09,-0.0069615,0.0154145,-0.0120934,0.0910702,6.386e-12,0,0
1481579006,226292859,0.503386,-1.0549,0.313774,-3.07733,2.36333,0.704479,1.02144,1.018087.18793e-10,-0.000870321,0.00192681,-0.00151161,0.0113838,7.98472e-13,0,0
1481579006,252295520,0.503386,-1.0549,0.313774,-3.07614,2.36333,0.704479,1.02144,1.018081.79698e-10,-0.000217314,0.000481703,-0.000378169,0.00284594,1.9984e-13,0,0
1481579006,252295520,0.503386,-1.0549,0.313774,-3.07614,2.36333,0.704479,1.02144,1.018081.79698e-10,-0.000217314,0.000481703,-0.000378169,0.00284594,1.9984e-13,0,0
1481579006,298275876,0.503386,-1.0549,0.313774,-3.07614,2.36333,0.704479,1.02144,1.018085.61595e-12,-6.92422e-06,1.50532e-05,-0.00373056,8.89357e-05,6.21725e-15,0,0
1481579006,324303377,0.503386,-1.0549,0.313774,-3.07614,2.36333,0.704479,1.02144,1.018081.40421e-12,-1.5979e-06,3.76331e-06,-0.000932639,2.22339e-05,1.77636e-15,0,0
1481579006,350303485,0.503386,-1.0549,0.313774,-3.07614,2.36333,0.704479,1.02144,1.018081.75859e-13,0,4.70413e-07,-0.000116646,2.77924e-06,0,0,0
1481579006,350303485,0.503386,-1.0549,0.313774,-3.07614,2.36333,0.704479,1.02144,1.018081.75859e-13,0,4.70413e-07,-0.000116646,2.77924e-06,0,0,0
1481579006,396280572,0.503386,-1.0549,0.313774,-3.07614,2.36333,0.704479,1.02144,1.018085.32907e-15,0,1.47004e-08,-3.72843e-06,8.68513e-08,0,0,0
1481579006,422272373,0.503386,-1.0549,0.313774,-3.07614,2.36333,0.704479,1.02144,1.018081.77636e-15,0,3.6751e-09,-1.06526e-06,2.17128e-08,0,0,0
1481579006,448277898,0.503386,-1.0549,0.313774,-3.07614,2.36333,0.704479,1.02144,1.018080,0,4.59388e-10,0,2.7141e-09,0,0,0
1481579006,448277898,0.503386,-1.0549,0.313774,-3.07614,2.36333,0.704479,1.02144,1.018080,0,4.59388e-10,0,2.7141e-09,0,0,0
1481579006,500289770,0.503386,-1.0549,0.313774,-3.07614,2.36333,0.704479,1.02144,1.018080,0,1.43556e-11,0,8.48157e-11,0,0,0
1481579006,526305694,0.503386,-1.0549,0.313774,-3.07614,2.36333,0.704479,1.02144,1.018080,0,1.79412e-12,0,1.06022e-11,0,0,0
1481579006,546297071,0.503386,-1.0549,0.313774,-3.07614,2.36333,0.704479,1.02144,1.018080,0,4.4853e-13,0,2.65032e-12,0,0,0
1481579006,546297071,0.503386,-1.0549,0.313774,-3.07614,2.36333,0.704479,1.02144,1.018080,0,4.4853e-13,0,2.65032e-12,0,0,0
1481579006,598261537,0.503386,-1.0549,0.313774,-3.07614,2.36333,0.704479,1.02144,1.018080,0,1.42109e-14,0,8.26006e-14,0,0,0
1481579006,624273960,0.503386,-1.0549,0.313774,-3.07614,2.36333,0.704479,1.02144,1.018080,0,3.55271e-15,0,2.04281e-14,0,0,0
1481579006,650281608,0.503386,-1.0549,0.313774,-3.07614,2.36333,0.704479,1.02144,1.018080,0,0,0,2.66454e-15,0,0,0
1481579006,650281608,0.503386,-1.0549,0.313774,-3.07614,2.36333,0.704479,1.02144,1.018080,0,0,0,2.66454e-15,0,0,0
1481579006,696271931,0.503386,-1.0549,0.313774,-3.07614,2.36333,0.704479,1.02144,1.018080,0,0,0,0,0,0,0
1481579006,722322624,0.503386,-1.0549,0.313774,-3.07614,2.36333,0.704479,1.02144,1.018080,0,0,0,0,0,0,0
1481579006,748274845,0.503386,-1.0549,0.313774,-3.07614,2.36333,0.704479,1.02144,1.018080,0,0,0,0,0,0,0
1481579006,748274845,0.503386,-1.0549,0.313774,-3.07614,2.36333,0.704479,1.02144,1.018080,0,0,0,0,0,0,0
1481579006,800302534,0.503386,-1.0549,0.313774,-3.07614,2.36333,0.704479,1.02144,1.018080,0,0,0,0,0,0,0
1481579006,826265219,0.503386,-1.0549,0.313774,-3.07614,2.36333,0.704479,1.02144,1.018080,0,0,0,0,0,0,0
1481579006,846286039,0.503386,-1.0549,0.313774,-3.07614,2.36333,0.704479,1.02144,1.018080,0,0,0,0,0,0,0
1481579006,846286039,0.503386,-1.0549,0.313774,-3.07614,2.36333,0.704479,1.02144,1.018080,0,0,0,0,0,0,0
1481579006,898273704,0.503386,-1.0549,0.313774,-3.07614,2.36333,0.704479,1.02144,1.018080,0,0,0,0,0,0,0
1481579006,924258131,0.503386,-1.0549,0.313774,-3.07614,2.36333,0.704479,1.02144,1.018080,0,0,0,0,0,0,0
1481579006,950271836,0.503386,-1.0549,0.313774,-3.07614,2.36333,0.704479,1.02144,1.018080,0,0,0,0,0,0,0
1481579006,950271836,0.503386,-1.0549,0.313774,-3.07614,2.36333,0.704479,1.02144,1.018080,0,0,0,0,0,0,0
1481579006,996259928,0.503386,-1.0549,0.313774,-3.07614,2.36333,0.704479,1.02144,1.018080,0,0,0,0,0,0,0
1481579007,22285885,0.503386,-1.0549,0.313774,-3.07614,2.36333,0.704479,1.02144,1.018080,0,0,0,0,0,0,0
1481579007,48306566,0.503386,-1.0549,0.313774,-3.07614,2.36333,0.704479,1.02144,1.018080,0,0,0,0,0,0,0
1481579007,48306566,0.503386,-1.0549,0.313774,-3.07614,2.36333,0.704479,1.02144,1.018080,0,0,0,0,0,0,0
1481579007,100281797,0.503386,-1.0549,0.313774,-3.07614,2.36333,0.704479,1.02144,1.018080,0,0,0,0,0,0,0
1481579007,126256336,0.503386,-1.0549,0.313774,-3.07614,2.36333,0.704479,1.02144,1.018080,0,0,0,0,0,0,0
1481579007,146262000,0.503386,-1.0549,0.313774,-3.07614,2.36333,0.704479,1.02144,1.018080,0,0,0,0,0,0,0
1481579007,146262000,0.503386,-1.0549,0.313774,-3.07614,2.36333,0.704479,1.02144,1.018080,0,0,0,0,0,0,0
1481579007,198274923,0.503386,-1.0549,0.313774,-3.07614,2.36333,0.704479,1.02144,1.018080,0,0,0,0,0,0,0
1481579007,224255515,0.503386,-1.0549,0.313774,-3.07614,2.36333,0.704479,1.02144,1.018080,0,0,0,0,0,0,0
1481579007,250307967,0.503386,-1.0549,0.313774,-3.07614,2.36333,0.704479,1.02144,1.018080,0,0,0,0,0,0,0
1481579007,250307967,0.503386,-1.0549,0.313774,-3.07614,2.36333,0.704479,1.02144,1.018080,0,0,0,0,0,0,0
1481579007,302278445,0.503386,-1.0549,0.313774,-3.07614,2.36333,0.704479,1.02144,1.018080,0,0,0,0,0,0,0
1481579007,322325418,0.503386,-1.0549,0.313774,-3.07614,2.36333,0.704479,1.02144,1.018080,0,0,0,0,0,0,0
1481579007,348259853,0.503386,-1.0549,0.313774,-3.07614,2.36333,0.704479,1.02144,1.018080,0,0,0,0,0,0,0
1481579007,348259853,0.503386,-1.0549,0.313774,-3.07614,2.36333,0.704479,1.02144,1.018080,0,0,0,0,0,0,0
1481579007,400266725,0.503386,-1.0549,0.313774,-3.07614,2.36333,0.704479,1.02144,1.018080,0,0,0,0,0,0,0
1481579007,426274284,0.503386,-1.0549,0.313774,-3.07614,2.36333,0.704479,1.02144,1.018080,0,0,0,0,0,0,0
1481579007,446285526,0.503386,-1.0549,0.313774,-3.07614,2.36333,0.704479,1.02144,1.018080,0,0,0,0,0,0,0
1481579007,446285526,0.503386,-1.0549,0.313774,-3.07614,2.36333,0.704479,1.02144,1.018080,0,0,0,0,0,0,0
1481579007,498267487,0.503386,-1.0549,0.313774,-3.07614,2.36333,0.704479,1.02144,1.018080,0,0,0,0,0,0,0
1481579007,524466133,0.503386,-1.0549,0.313774,-3.07614,2.36333,0.704479,1.02144,1.018080,0,0,0,0,0,0,0
1481579007,550291053,0.503386,-1.0549,0.313774,-3.07614,2.36333,0.704479,1.02144,1.018080,0,0,0,0,0,0,0
1481579007,550291053,0.503386,-1.0549,0.313774,-3.07614,2.36333,0.704479,1.02144,1.018080,0,0,0,0,0,0,0
1481579007,596275472,0.503386,-1.0549,0.313774,-3.07614,2.36333,0.704479,1.02144,1.018080,0,0,0,0,0,0,0
1481579007,622245837,0.503386,-1.0549,0.313774,-3.07614,2.36333,0.704479,1.02144,1.018080,0,0,0,0,0,0,0
1481579007,648282728,0.503386,-1.0549,0.313774,-3.07614,2.36333,0.704479,1.02144,1.018080,0,0,0,0,0,0,0
1481579007,648282728,0.503386,-1.0549,0.313774,-3.07614,2.36333,0.704479,1.02144,1.018080,0,0,0,0,0,0,0
1481579007,700256268,0.503386,-1.0549,0.313774,-3.07614,2.36333,0.704479,1.02144,1.018080,0,0,0,0,0,0,0
1481579007,726304571,0.503386,-1.0549,0.313774,-3.07614,2.36333,0.704479,1.02144,1.018080,0,0,0,0,0,0,0
1481579007,746302057,0.503386,-1.0549,0.313774,-3.07614,2.36333,0.704479,1.02144,1.018080,0,0,0,0,0,0,0
1481579007,746302057,0.503386,-1.0549,0.313774,-3.07614,2.36333,0.704479,1.02144,1.018080,0,0,0,0,0,0,0
1481579007,798262973,0.503386,-1.0549,0.313774,-3.07614,2.36333,0.704479,1.02144,1.018080,0,0,0,0,0,0,0
1481579007,824274125,0.503386,-1.0549,0.313774,-3.07614,2.36333,0.704479,1.02144,1.018080,0,0,0,0,0,0,0
1481579007,850299621,0.503386,-1.0549,0.313774,-3.07614,2.36333,0.704479,1.02144,1.018080,0,0,0,0,0,0,0
1481579007,850299621,0.503386,-1.0549,0.313774,-3.07614,2.36333,0.704479,1.02144,1.018080,0,0,0,0,0,0,0
1481579007,902266001,0.503386,-1.0549,0.313774,-3.07614,2.36333,0.704479,1.02144,1.018080,0,0,0,0,0,0,0
1481579007,922277470,0.503386,-1.0549,0.313774,-3.07614,2.36333,0.704479,1.02144,1.018080,0,0,0,0,0,0,0
1481579007,948293044,0.503386,-1.0549,0.313774,-3.07614,2.36333,0.704479,1.02144,1.018080,0,0,0,0,0,0,0
1481579007,948293044,0.503386,-1.0549,0.313774,-3.07614,2.36333,0.704479,1.02144,1.018080,0,0,0,0,0,0,0
1481579008,277917,0.503386,-1.0549,0.313774,-3.07614,2.36333,0.704479,1.02144,1.018080,0,0,0,0,0,0,0
1481579008,26258893,0.503386,-1.0549,0.313774,-3.07614,2.36333,0.704479,1.02144,1.018080,0,0,0,0,0,0,0
1481579008,52280409,0.503386,-1.0549,0.313774,-3.07614,2.36333,0.704479,1.02144,1.018080,0,0,0,0,0,0,0
1481579008,52280409,0.503386,-1.0549,0.313774,-3.07614,2.36333,0.704479,1.02144,1.018080,0,0,0,0,0,0,0
1481579008,98263623,0.503386,-1.0549,0.313774,-3.07614,2.36333,0.704479,1.02144,1.018080,0,0,0,0,0,0,0
1481579008,124267962,0.503386,-1.0549,0.313774,-3.07614,2.36333,0.704479,1.02144,1.018080,0,0,0,0,0,0,0
1481579008,150305242,0.503386,-1.0549,0.313774,-3.07614,2.36333,0.704479,1.02144,1.018080,0,0,0,0,0,0,0
1481579008,150305242,0.503386,-1.0549,0.313774,-3.07614,2.36333,0.704479,1.02144,1.018080,0,0,0,0,0,0,0
1481579008,196272341,0.503386,-1.0549,0.313774,-3.07614,2.36333,0.704479,1.02144,1.018080,0,0,0,0,0,0,0
1481579008,222293389,0.503386,-1.0549,0.313774,-3.07614,2.36333,0.704479,1.02144,1.018080,0,0,0,0,0,0,0
1481579008,248273942,0.503386,-1.0549,0.313774,-3.07614,2.36333,0.704479,1.02144,1.018080,0,0,0,0,0,0,0
1481579008,248273942,0.503386,-1.0549,0.313774,-3.07614,2.36333,0.704479,1.02144,1.018080,0,0,0,0,0,0,0
1481579008,300268269,0.503386,-1.0549,0.313774,-3.07614,2.36333,0.704479,1.02144,1.018080,0,0,0,0,0,0,0
1481579008,326259635,0.503386,-1.0549,0.313774,-3.07614,2.36333,0.704479,1.02144,1.018080,0,0,0,0,0,0,0
1481579008,346289289,0.503386,-1.0549,0.313774,-3.07614,2.36333,0.704479,1.02144,1.018080,0,0,0,0,0,0,0
1481579008,346289289,0.503386,-1.0549,0.313774,-3.07614,2.36333,0.704479,1.02144,1.018080,0,0,0,0,0,0,0
1481579008,398249786,0.503386,-1.0549,0.313774,-3.07614,2.36333,0.704479,1.02144,1.018080,0,0,0,0,0,0,0
1481579008,424301192,0.503386,-1.0549,0.313774,-3.07614,2.36333,0.704479,1.02144,1.018080,0,0,0,0,0,0,0
1481579008,450281833,0.503386,-1.0549,0.313774,-3.07614,2.36333,0.704479,1.02144,1.018080,0,0,0,0,0,0,0
1481579008,450281833,0.503386,-1.0549,0.313774,-3.07614,2.36333,0.704479,1.02144,1.018080,0,0,0,0,0,0,0
1481579008,496287547,0.503386,-1.0549,0.313774,-3.07614,2.36333,0.704479,1.02144,1.018080,0,0,0,0,0,0,0
1481579008,522268613,0.503386,-1.0549,0.313774,-3.07614,2.36333,0.704479,1.02144,1.018080,0,0,0,0,0,0,0
1481579008,548268916,0.503386,-1.0549,0.313774,-3.07614,2.36333,0.704479,1.02144,1.018080,0,0,0,0,0,0,0
1481579008,548268916,0.503386,-1.0549,0.313774,-3.07614,2.36333,0.704479,1.02144,1.018080,0,0,0,0,0,0,0
1481579008,600276737,0.503386,-1.0549,0.313774,-3.07614,2.36333,0.704479,1.02144,1.018080,0,0,0,0,0,0,0
1481579008,626272179,0.503386,-1.0549,0.313774,-3.07614,2.36333,0.704479,1.02144,1.018080,0,0,0,0,0,0,0
1481579008,646349935,0.503386,-1.0549,0.313774,-3.07614,2.36333,0.704479,1.02144,1.018080,0,0,0,0,0,0,0
1481579008,646349935,0.503386,-1.0549,0.313774,-3.07614,2.36333,0.704479,1.02144,1.018080,0,0,0,0,0,0,0
1481579008,698292631,0.503386,-1.0549,0.313774,-3.07614,2.36333,0.704479,1.02144,1.018080,0,0,0,0,0,0,0
1481579008,724309801,0.503386,-1.0549,0.313774,-3.07614,2.36333,0.704479,1.02144,1.018080,0,0,0,0,0,0,0
1481579008,750287661,0.503386,-1.0549,0.313774,-3.07614,2.36333,0.704479,1.02144,1.018080,0,0,0,0,0,0,0
1481579008,750287661,0.503386,-1.0549,0.313774,-3.07614,2.36333,0.704479,1.02144,1.018080,0,0,0,0,0,0,0
1481579008,802256387,0.503386,-1.0549,0.313774,-3.07614,2.36333,0.704479,1.02144,1.018080,0,0,0,0,0,0,0
1481579008,822280879,0.503386,-1.0549,0.313774,-3.07614,2.36333,0.704479,1.02144,1.018080,0,0,0,0,0,0,0
1481579008,848408116,0.503386,-1.0549,0.313774,-3.07614,2.36333,0.704479,1.02144,1.018080,0,0,0,0,0,0,0
1481579008,848408116,0.503386,-1.0549,0.313774,-3.07614,2.36333,0.704479,1.02144,1.018080,0,0,0,0,0,0,0
1481579008,900264580,0.503386,-1.0549,0.313774,-3.07614,2.36333,0.704479,1.02144,1.018080,0,0,0,0,0,0,0
1481579008,926262357,0.503386,-1.0549,0.313774,-3.07614,2.36333,0.704479,1.02144,1.018080,0,0,0,0,0,0,0
1481579008,946257319,0.503386,-1.0549,0.313774,-3.07614,2.36333,0.704479,1.02144,1.018080,0,0,0,0,0,0,0
1481579008,946257319,0.503386,-1.0549,0.313774,-3.07614,2.36333,0.704479,1.02144,1.018080,0,0,0,0,0,0,0
1481579008,998267696,0.503386,-1.05682,0.311849,-3.07495,2.35738,0.704479,1.02144,1.018080,-0.0270694,0.0541396,-0.0148748,0.137589,0,0,0
1481579009,24297901,0.503386,-1.05875,0.309924,-3.07138,2.35143,0.704479,1.02144,1.018080,-0.0789521,0.0616582,-0.0632187,0.183161,0,0,0
1481579009,50284014,0.503386,-1.06067,0.307999,-3.07019,2.34667,0.704479,1.02144,1.018080,-0.0820674,0.0919264,-0.0525271,0.231154,0,0,0
1481579009,50284014,0.503386,-1.06067,0.307999,-3.07019,2.34667,0.704479,1.02144,1.018080,-0.0820674,0.0919264,-0.0525271,0.231154,0,0,0
1481579009,102288819,0.503386,-1.06645,0.302224,-3.06186,2.33001,0.704479,1.02144,1.018080,-0.0958035,0.0630302,-0.120641,0.312165,0,0,0
1481579009,122263954,0.503386,-1.06837,0.300299,-3.05948,2.32287,0.704479,1.02144,1.018080,-0.0961359,0.112004,-0.11941,0.316048,0,0,0
1481579009,148277222,0.503386,-1.07126,0.297412,-3.05591,2.31573,0.704479,1.02144,1.018080,-0.120301,0.146341,-0.178551,0.351895,0,0,0
1481579009,148277222,0.503386,-1.07126,0.297412,-3.05591,2.31573,0.704479,1.02144,1.018080,-0.120301,0.146341,-0.178551,0.351895,0,0,0
1481579009,200253968,0.503386,-1.078,0.290674,-3.04877,2.29907,0.706858,1.02144,1.018080,-0.124075,0.127893,-0.184079,0.341954,-0.0632133,0,0
1481579009,226251729,0.503386,-1.08281,0.284899,-3.0452,2.28836,0.708048,1.02144,1.018080,-0.159879,0.184422,-0.14201,0.355126,-0.0673966,0,0
1481579009,252281761,0.503386,-1.08666,0.281049,-3.04044,2.27765,0.709238,1.02144,1.018080,-0.160291,0.118294,-0.154502,0.356536,-0.0168493,0,0
1481579009,252281761,0.503386,-1.08666,0.281049,-3.04044,2.27765,0.709238,1.02144,1.018080,-0.160291,0.118294,-0.154502,0.356536,-0.0168493,0,0
1481579009,298253358,0.503386,-1.09243,0.274312,-3.03449,2.26218,0.710428,1.02144,1.018080,-0.128325,0.166117,-0.134984,0.37931,-0.0339926,0,0
1481579009,324268549,0.503386,-1.09725,0.269499,-3.02973,2.25147,0.711618,1.02144,1.018080,-0.176458,0.161844,-0.122996,0.362582,-0.0382457,0,0
1481579009,350253466,0.503386,-1.10013,0.265649,-3.02735,2.24314,0.712808,1.02144,1.018080,-0.130335,0.188665,-0.134375,0.387459,-0.0345284,0,0
1481579009,350253466,0.503386,-1.10013,0.265649,-3.02735,2.24314,0.712808,1.02144,1.018080,-0.130335,0.188665,-0.134375,0.387459,-0.0345284,0,0
1481579009,402251035,0.502424,-1.1088,0.256024,-3.01783,2.22172,0.716378,1.02144,1.018080.00300771,-0.160475,0.141247,-0.134355,0.35794,-0.0345449,0,0
1481579009,422268247,0.502424,-1.11168,0.252174,-3.01545,2.21339,0.717569,1.02144,1.018080.000751927,-0.16044,0.179688,-0.152588,0.416747,-0.0383836,0,0
1481579009,448269161,0.502424,-1.11457,0.248324,-3.01188,2.20625,0.717569,1.02144,1.018089.39909e-05,-0.128332,0.190896,-0.152949,0.364456,-0.019685,0,0
1481579009,448269161,0.502424,-1.11457,0.248324,-3.01188,2.20625,0.717569,1.02144,1.018089.39909e-05,-0.128332,0.190896,-0.152949,0.364456,-0.019685,0,0
1481579009,500247770,0.502424,-1.12227,0.239662,-3.00474,2.18721,0.721138,1.02144,1.018082.93721e-06,-0.160414,0.189438,-0.127498,0.360941,-0.0787023,0,0
1481579009,526270192,0.502424,-1.12612,0.234849,-2.99998,2.17531,0.722328,1.02144,1.018083.67152e-07,-0.128343,0.143996,-0.149812,0.372374,-0.0395852,0,0
1481579009,552266894,0.501461,-1.13093,0.229074,-2.99641,2.16341,0.723518,1.02144,1.018089.1788e-08,-0.128332,0.180376,-0.126703,0.420329,-0.0396438,0,0
1481579009,552266894,0.501461,-1.13093,0.229074,-2.99641,2.16341,0.723518,1.02144,1.018089.1788e-08,-0.128332,0.180376,-0.126703,0.420329,-0.0396438,0,0
1481579009,598261960,0.501461,-1.13671,0.221374,-2.98927,2.14794,0.727088,1.02144,1.018080.00300771,-0.172449,0.192122,-0.186178,0.388719,-0.097918,0,0
1481579009,624265223,0.501461,-1.14056,0.2156,-2.98451,2.13604,0.728278,1.02144,1.018080.000751928,-0.115297,0.192407,-0.135795,0.424416,-0.0839748,0,0
1481579009,650277191,0.501461,-1.14345,0.212712,-2.98213,2.1289,0.729468,1.02144,1.018089.3991e-05,-0.158795,0.144363,-0.135974,0.365421,-0.0402441,0,0
1481579009,650277191,0.501461,-1.14345,0.212712,-2.98213,2.1289,0.729468,1.02144,1.018089.3991e-05,-0.158795,0.144363,-0.135974,0.365421,-0.0402441,0,0
1481579009,702258588,0.501461,-1.15115,0.201162,-2.9738,2.10629,0.734228,1.02144,1.018082.93722e-06,-0.158355,0.187985,-0.130687,0.37213,-0.0793484,0,0
1481579009,722288084,0.501461,-1.15403,0.197312,-2.97023,2.09796,0.735418,1.02144,1.018087.34304e-07,-0.11178,0.19137,-0.121921,0.420268,-0.0495843,0,0
1481579009,748264404,0.501461,-1.15596,0.1925,-2.96785,2.08963,0.736608,1.02144,1.018089.1788e-08,-0.110219,0.240484,-0.13424,0.424411,-0.080567,0,0
1481579009,748264404,0.501461,-1.15596,0.1925,-2.96785,2.08963,0.736608,1.02144,1.018089.1788e-08,-0.110219,0.240484,-0.13424,0.424411,-0.080567,0,0
1481579009,800255233,0.501461,-1.1627,0.183837,-2.95952,2.07059,0.740178,1.02144,1.018082.86838e-09,-0.123754,0.175951,-0.152945,0.373973,-0.0843231,0,0
1481579009,826282786,0.500499,-1.16655,0.178062,-2.95595,2.05869,0.742557,1.02144,1.018080.0120308,-0.123747,0.190434,-0.0934929,0.418624,-0.0997828,0,0
1481579009,852237993,0.500499,-1.1704,0.171325,-2.95119,2.04798,0.743748,1.02144,1.018080.00300771,-0.151252,0.216047,-0.142373,0.37241,-0.0844941,0,0
1481579009,852237993,0.500499,-1.1704,0.171325,-2.95119,2.04798,0.743748,1.02144,1.018080.00300771,-0.151252,0.216047,-0.142373,0.37241,-0.0844941,0,0
1481579009,898273269,0.500499,-1.17521,0.163625,-2.94524,2.03133,0.747318,1.02144,1.018089.39909e-05,-0.11001,0.193233,-0.127167,0.424419,-0.0844462,0,0
1481579009,924276370,0.499536,-1.17906,0.15785,-2.94048,2.01942,0.749698,1.02144,1.018080.0240852,-0.123749,0.192682,-0.180542,0.433341,-0.0806064,0,0
1481579009,950259369,0.499536,-1.18195,0.154,-2.93691,2.01229,0.750888,1.02144,1.018080.00301064,-0.123746,0.19252,-0.186192,0.36655,-0.0844446,0,0
1481579009,950259369,0.499536,-1.18195,0.154,-2.93691,2.01229,0.750888,1.02144,1.018080.00301064,-0.123746,0.19252,-0.186192,0.36655,-0.0844446,0,0
1481579010,2288125,0.499536,-1.18868,0.140525,-2.92858,1.98848,0.755647,1.02144,1.018089.40827e-05,-0.12117,0.195506,-0.1806,0.424236,-0.0844446,0,0
1481579010,22295594,0.499536,-1.19061,0.136675,-2.92501,1.98016,0.756838,1.02144,1.018082.35207e-05,-0.102477,0.217312,-0.1344,0.3738,-0.0508584,0,0
1481579010,48270543,0.498574,-1.1935,0.132825,-2.92263,1.97302,0.758028,1.02144,1.018080.0240646,-0.121094,0.195604,-0.16555,0.373981,-0.0509921,0,0
1481579010,48270543,0.498574,-1.1935,0.132825,-2.92263,1.97302,0.758028,1.02144,1.018080.0240646,-0.121094,0.195604,-0.16555,0.373981,-0.0509921,0,0
1481579010,100253343,0.497611,-1.19927,0.122237,-2.91549,1.95279,0.762788,1.02144,1.018080.0248137,-0.145147,0.204625,-0.131611,0.42075,-0.101992,0,0
1481579010,126259601,0.497611,-1.20216,0.1155,-2.91073,1.94089,0.765168,1.02144,1.018080.00310171,-0.102362,0.21808,-0.165201,0.424471,-0.0871179,0,0
1481579010,152259993,0.497611,-1.20601,0.109725,-2.90597,1.93018,0.767548,1.02144,1.018080.000775427,-0.145899,0.198897,-0.13055,0.373872,-0.0515268,0,0
1481579010,152259993,0.497611,-1.20601,0.109725,-2.90597,1.93018,0.767548,1.02144,1.018080.000775427,-0.145899,0.198897,-0.13055,0.373872,-0.0515268,0,0
1481579010,198250075,0.496649,-1.20986,0.1001,-2.90002,1.91352,0.771118,1.02144,1.018080.0240859,-0.0978014,0.252858,-0.15283,0.394704,-0.0871477,0,0
1481579010,224246629,0.496649,-1.21275,0.0943248,-2.89526,1.90162,0.773498,1.02144,1.018080.00602147,-0.0966355,0.207591,-0.186957,0.396164,-0.0515343,0,0
1481579010,250249587,0.496649,-1.21563,0.0904748,-2.89169,1.89329,0.775878,1.02144,1.018080.000752684,-0.144418,0.194384,-0.186994,0.421398,-0.110558,0,0
1481579010,250249587,0.496649,-1.21563,0.0904748,-2.89169,1.89329,0.775878,1.02144,1.018080.000752684,-0.144418,0.194384,-0.186994,0.421398,-0.110558,0,0
1481579010,302253708,0.495686,-1.22141,0.0769998,-2.88336,1.86949,0.780637,1.02144,1.018080.00603894,-0.0977529,0.2076,-0.180624,0.373879,-0.0852606,0,0
1481579010,322254570,0.495686,-1.22333,0.0721874,-2.87979,1.86235,0.781827,1.02144,1.018080.00150973,-0.0966232,0.2444,-0.134406,0.390958,-0.110557,0,0
1481579010,348247274,0.495686,-1.22526,0.0673748,-2.87741,1.85402,0.784208,1.02144,1.018080.000188717,-0.0963004,0.223053,-0.1358,0.390986,-0.103089,0,0
1481579010,348247274,0.495686,-1.22526,0.0673748,-2.87741,1.85402,0.784208,1.02144,1.018080.000188717,-0.0963004,0.223053,-0.1358,0.390986,-0.103089,0,0
1481579010,400281425,0.495686,-1.23103,0.0558249,-2.86908,1.83379,0.788968,1.02144,1.018085.8974e-06,-0.099256,0.22353,-0.152994,0.391521,-0.111056,0,0
1481579010,426245058,0.494724,-1.23296,0.0490874,-2.86432,1.82189,0.791348,1.02144,1.018080.0120349,-0.0485063,0.220439,-0.152999,0.376183,-0.0882508,0,0
1481579010,446256516,0.494724,-1.23488,0.0442749,-2.86194,1.81356,0.793727,1.02144,1.018080.00300872,-0.0602498,0.223545,-0.1275,0.391534,-0.111305,0,0
1481579010,446256516,0.494724,-1.23488,0.0442749,-2.86194,1.81356,0.793727,1.02144,1.018080.00300872,-0.0602498,0.223545,-0.1275,0.391534,-0.111305,0,0
1481579010,498261386,0.493761,-1.2397,0.0327249,-2.85361,1.79333,0.798488,1.02144,1.018080.0121249,-0.0951217,0.223546,-0.186202,0.425,-0.111327,0,0
1481579010,524256751,0.493761,-1.24258,0.0259874,-2.84885,1.78143,0.800868,1.02144,1.018080.00303121,-0.0959718,0.248383,-0.195301,0.433513,-0.0575791,0,0
1481579010,550258114,0.492799,-1.24451,0.0211749,-2.84647,1.7731,0.803248,1.02144,1.018080.0485022,-0.0962126,0.22355,-0.128537,0.426073,-0.111314,0,0
1481579010,550258114,0.492799,-1.24451,0.0211749,-2.84647,1.7731,0.803248,1.02144,1.018080.0485022,-0.0962126,0.22355,-0.128537,0.426073,-0.111314,0,0
1481579010,596258137,0.491836,-1.24932,0.00866246,-2.83695,1.75287,0.808007,1.02144,1.018080.0255774,-0.0962589,0.256634,-0.189954,0.426105,-0.103877,0,0
1481579010,622246070,0.491836,-1.25125,0.00192493,-2.83219,1.74097,0.811578,1.02144,1.018080.00639434,-0.0721882,0.256659,-0.136738,0.433775,-0.115238,0,0
1481579010,648268401,0.491836,-1.25317,-0.00288753,-2.82981,1.73264,0.812768,1.02144,1.018080.000799292,-0.0932394,0.224584,-0.165841,0.396358,-0.0590263,0,0
1481579010,648268401,0.491836,-1.25317,-0.00288753,-2.82981,1.73264,0.812768,1.02144,1.018080.000799292,-0.0932394,0.224584,-0.165841,0.396358,-0.0590263,0,0
1481579010,700261219,0.490874,-1.25702,-0.0154,-2.82148,1.71241,0.818718,1.02144,1.018080.0240866,-0.0721046,0.232605,-0.153932,0.395422,-0.117116,0,0
1481579010,726265818,0.490874,-1.25991,-0.0231,-2.81672,1.69932,0.822288,1.02144,1.018080.00301083,-0.0932287,0.25767,-0.153115,0.436179,-0.118809,0,0
1481579010,746254573,0.490874,-1.26087,-0.0279125,-2.81315,1.69099,0.824668,1.02144,1.018080.000752707,-0.0714308,0.256917,-0.187029,0.436294,-0.118945,0,0
1481579010,746254573,0.490874,-1.26087,-0.0279125,-2.81315,1.69099,0.824668,1.02144,1.018080.000752707,-0.0714308,0.256917,-0.187029,0.436294,-0.118945,0,0
1481579010,798249061,0.489911,-1.26472,-0.0404249,-2.80482,1.67076,0.829428,1.02144,1.018080.00303123,-0.0714095,0.233612,-0.154595,0.396655,-0.104115,0,0
1481579010,824346335,0.489911,-1.26761,-0.0481249,-2.80006,1.65767,0.832997,1.02144,1.018080.000757807,-0.0900441,0.274961,-0.187398,0.396652,-0.115271,0,0
1481579010,850263208,0.488949,-1.26857,-0.0529374,-2.79649,1.64934,0.835378,1.02144,1.018080.0241564,-0.0714095,0.226868,-0.18705,0.436319,-0.118578,0,0
1481579010,850263208,0.488949,-1.26857,-0.0529374,-2.79649,1.64934,0.835378,1.02144,1.018080.0241564,-0.0714095,0.226868,-0.18705,0.436319,-0.118578,0,0
1481579010,902241339,0.487986,-1.27338,-0.0692998,-2.78578,1.62435,0.842518,1.02144,1.018080.000754887,-0.0714089,0.26275,-0.214095,0.396679,-0.118977,0,0
1481579010,922247076,0.487986,-1.27531,-0.0741123,-2.78221,1.61602,0.844897,1.02144,1.018080.0242504,-0.0900436,0.234129,-0.142774,0.396672,-0.118987,0,0
1481579010,948271909,0.487986,-1.27627,-0.0798874,-2.77864,1.60769,0.847277,1.02144,1.018080.0030313,-0.0714095,0.281924,-0.166597,0.406587,-0.11899,0,0
1481579010,948271909,0.487986,-1.27627,-0.0798874,-2.77864,1.60769,0.847277,1.02144,1.018080.0030313,-0.0714095,0.281924,-0.166597,0.406587,-0.11899,0,0
1481579011,253835,0.487024,-1.27916,-0.0914372,-2.7715,1.58865,0.852038,1.02144,1.018080.00611181,-0.0653934,0.210329,-0.127925,0.317653,-0.0892457,0,0
1481579011,26247833,0.486061,-1.28012,-0.0962498,-2.76912,1.58389,0.853228,1.02144,1.018080.0248256,-0.032236,0.170669,-0.0903658,0.158697,-0.0260297,0,0
1481579011,52243435,0.486061,-1.28108,-0.0981748,-2.76912,1.5827,0.854418,1.02144,1.018080.00620641,-0.0321204,0.114852,-0.0225916,0.069435,-0.0362547,0,0
1481579011,52243435,0.486061,-1.28108,-0.0981748,-2.76912,1.5827,0.854418,1.02144,1.018080.00620641,-0.0321204,0.114852,-0.0225916,0.069435,-0.0362547,0,0
1481579011,98249710,0.486061,-1.28108,-0.0981748,-2.76912,1.58627,0.854418,1.02144,1.018080.00019395,-0.00100401,0.00358914,-0.000705738,-0.101953,-0.00113291,0,0
1481579011,124273506,0.486061,-1.28108,-0.0981748,-2.77031,1.59222,0.853228,1.02144,1.018084.84876e-05,-0.00025087,0.000897284,-0.000176301,-0.174226,-0.00028336,0,0
1481579011,150270841,0.486061,-1.28108,-0.0962498,-2.7715,1.59698,0.853228,1.02144,1.018086.06095e-06,-3.14253e-05,-0.0720726,0.074353,-0.230044,0.0148383,0,0
1481579011,150270841,0.486061,-1.28108,-0.0962498,-2.7715,1.59698,0.853228,1.02144,1.018086.06095e-06,-3.14253e-05,-0.0720726,0.074353,-0.230044,0.0148383,0,0
1481579011,196251778,0.486061,-1.28108,-0.0895123,-2.77745,1.61245,0.849658,1.02144,1.018081.89405e-07,-1.06526e-06,-0.155649,0.154791,-0.341882,0.0785509,0,0
1481579011,222271130,0.486061,-1.28012,-0.0846998,-2.78221,1.62197,0.847277,1.02144,1.018084.73511e-08,0.0481231,-0.135166,0.127948,-0.323477,0.108934,0,0
1481579011,248251707,0.486061,-1.27916,-0.0798874,-2.78459,1.62911,0.844897,1.02144,1.018085.91889e-09,0.0541387,-0.209392,0.134993,-0.352797,0.102859,0,0
1481579011,248251707,0.486061,-1.27916,-0.0798874,-2.78459,1.62911,0.844897,1.02144,1.018085.91889e-09,0.0541387,-0.209392,0.134993,-0.352797,0.102859,0,0
1481579011,300264529,0.486061,-1.27723,-0.0692998,-2.79173,1.64815,0.840138,1.02144,1.018081.84966e-10,0.0317689,-0.199045,0.134373,-0.364295,0.111049,0,0
1481579011,326269758,0.486061,-1.27531,-0.0615998,-2.79649,1.66005,0.836568,1.02144,1.018082.31211e-11,0.0400636,-0.265507,0.135797,-0.387653,0.117997,0,0
1481579011,352280406,0.486061,-1.27242,-0.0538999,-2.80125,1.67195,0.835378,1.02144,1.018085.78027e-12,0.0822009,-0.210754,0.152949,-0.394402,0.0592469,0,0
1481579011,352280406,0.486061,-1.27242,-0.0538999,-2.80125,1.67195,0.835378,1.02144,1.018085.78027e-12,0.0822009,-0.210754,0.152949,-0.394402,0.0592469,0,0
1481579011,398282543,0.486061,-1.26953,-0.0442749,-2.80839,1.68861,0.829428,1.02144,1.018081.803e-13,0.0897931,-0.271273,0.186998,-0.402806,0.117126,0,0
1481579011,424262465,0.486061,-1.26761,-0.0375374,-2.81315,1.70051,0.825858,1.02144,1.018084.52971e-14,0.0705716,-0.212192,0.16575,-0.398203,0.118524,0,0
1481579011,450286597,0.486061,-1.26665,-0.0327249,-2.81672,1.70884,0.823478,1.02144,1.018085.32907e-15,0.0449139,-0.231056,0.154594,-0.391912,0.118932,0,0
1481579011,450286597,0.486061,-1.26665,-0.0327249,-2.81672,1.70884,0.823478,1.02144,1.018085.32907e-15,0.0449139,-0.231056,0.154594,-0.391912,0.118932,0,0
1481579011,502251987,0.486061,-1.26183,-0.0173249,-2.82624,1.73264,0.818718,1.02144,1.018080,0.0705825,-0.250854,0.209362,-0.391571,0.104121,0,0
1481579011,522271192,0.486061,-1.25991,-0.0125125,-2.82981,1.74097,0.816338,1.02144,1.018080,0.0898306,-0.231149,0.141591,-0.425142,0.115273,0,0
1481579011,548249879,0.487024,-1.25895,-0.0077,-2.83219,1.7493,0.813958,1.02144,1.01808-0.0240617,0.071383,-0.233423,0.136698,-0.395272,0.0887779,0,0
1481579011,548249879,0.487024,-1.25895,-0.0077,-2.83219,1.7493,0.813958,1.02144,1.01808-0.0240617,0.071383,-0.233423,0.136698,-0.395272,0.0887779,0,0
1481579011,600243592,0.487986,-1.25413,0.00385,-2.84052,1.77072,0.808007,1.02144,1.01808-0.0248201,0.095473,-0.211828,0.153022,-0.436289,0.118099,0,0
1481579011,626281247,0.487986,-1.25125,0.01155,-2.84528,1.78262,0.805628,1.02144,1.01808-0.00310258,0.0961499,-0.231011,0.153002,-0.426413,0.104005,0,0
1481579011,652261308,0.487986,-1.24932,0.01925,-2.85004,1.79452,0.803248,1.02144,1.01808-0.000775513,0.0962225,-0.226191,0.187001,-0.374357,0.115244,0,0
1481579011,652261308,0.487986,-1.24932,0.01925,-2.85004,1.79452,0.803248,1.02144,1.01808-0.000775513,0.0962225,-0.226191,0.187001,-0.374357,0.115244,0,0
1481579011,698293787,0.488949,-1.24547,0.0279125,-2.85599,1.81118,0.798488,1.02144,1.01808-0.0120551,0.0932398,-0.220624,0.136,-0.435622,0.111436,0,0
1481579011,724231031,0.488949,-1.24258,0.0356125,-2.86075,1.82308,0.794917,1.02144,1.01808-0.00301363,0.0954949,-0.223594,0.152999,-0.436168,0.117102,0,0
1481579011,750230227,0.489911,-1.24066,0.0404249,-2.86432,1.83022,0.793727,1.02144,1.01808-0.0484999,0.0961527,-0.232482,0.153,-0.366883,0.0890198,0,0
1481579011,750230227,0.489911,-1.24066,0.0404249,-2.86432,1.83022,0.793727,1.02144,1.01808-0.0484999,0.0961527,-0.232482,0.153,-0.366883,0.0890198,0,0
1481579011,802245664,0.489911,-1.23488,0.0538999,-2.87384,1.85521,0.788968,1.02144,1.01808-0.00151587,0.0962445,-0.211793,0.187,-0.375893,0.110617,0,0
1481579011,822272550,0.489911,-1.23296,0.0587123,-2.87622,1.86235,0.787778,1.02144,1.01808-0.000378702,0.0962461,-0.22139,0.136,-0.391488,0.0871492,0,0
1481579011,848258389,0.489911,-1.23103,0.0635248,-2.87979,1.87068,0.785398,1.02144,1.01808-4.74043e-05,0.0962532,-0.256263,0.180625,-0.391046,0.0555149,0,0
1481579011,848258389,0.489911,-1.23103,0.0635248,-2.87979,1.87068,0.785398,1.02144,1.01808-4.74043e-05,0.0962532,-0.256263,0.180625,-0.391046,0.0555149,0,0
1481579011,900257280,0.490874,-1.22526,0.0741123,-2.88693,1.89091,0.780637,1.02144,1.01808-0.00601715,0.132339,-0.218553,0.1358,-0.391519,0.0872722,0,0
1481579011,926248614,0.490874,-1.22237,0.0808498,-2.89169,1.90281,0.778258,1.02144,1.01808-0.000752077,0.100765,-0.20779,0.135975,-0.391056,0.0555303,0,0
1481579011,952249994,0.490874,-1.21948,0.0875872,-2.89645,1.91471,0.775878,1.02144,1.01808-0.000188019,0.0973762,-0.244447,0.182743,-0.425027,0.103125,0,0
1481579011,952249994,0.490874,-1.21948,0.0875872,-2.89645,1.91471,0.775878,1.02144,1.01808-0.000188019,0.0973762,-0.244447,0.182743,-0.425027,0.103125,0,0
1481579011,998259966,0.491836,-1.21563,0.0962497,-2.9024,1.93018,0.771118,1.02144,1.01808-0.00602141,0.0962953,-0.200137,0.150742,-0.373987,0.111057,0,0
1481579012,24246814,0.491836,-1.21275,0.102987,-2.90716,1.94326,0.768737,1.02144,1.01808-0.00150522,0.0962588,-0.194408,0.186435,-0.391012,0.0872594,0,0
1481579012,50258214,0.491836,-1.20986,0.1078,-2.91073,1.95041,0.767548,1.02144,1.01808-0.000188019,0.144371,-0.252892,0.186929,-0.376139,0.0852895,0,0
1481579012,50258214,0.491836,-1.20986,0.1078,-2.91073,1.95041,0.767548,1.02144,1.01808-0.000188019,0.144371,-0.252892,0.186929,-0.376139,0.0852895,0,0
1481579012,102236379,0.491836,-1.20312,0.120312,-2.91906,1.97421,0.763978,1.02144,1.01808-5.85895e-06,0.145877,-0.194389,0.180623,-0.424544,0.0435681,0,0
1481579012,122240788,0.491836,-1.2012,0.124162,-2.92263,1.98134,0.761598,1.02144,1.01808-1.5979e-06,0.108654,-0.217035,0.134405,-0.37389,0.100135,0,0
1481579012,148235374,0.492799,-1.19831,0.128975,-2.92501,1.98968,0.759218,1.02144,1.01808-0.0240617,0.145934,-0.219626,0.135801,-0.388873,0.101759,0,0
1481579012,148235374,0.492799,-1.19831,0.128975,-2.92501,1.98968,0.759218,1.02144,1.01808-0.0240617,0.145934,-0.219626,0.135801,-0.388873,0.101759,0,0
1481579012,200214502,0.493761,-1.19253,0.1386,-2.93215,2.00991,0.755647,1.02144,1.01808-0.0248137,0.121861,-0.19335,0.130681,-0.421224,0.0999126,0,0
1481579012,226260778,0.493761,-1.18965,0.144375,-2.93691,2.02061,0.753268,1.02144,1.01808-0.00310152,0.0994551,-0.192604,0.135335,-0.365015,0.101732,0,0
1481579012,252250392,0.493761,-1.1858,0.151112,-2.94167,2.03251,0.752078,1.02144,1.01808-0.000775513,0.12111,-0.216586,0.0933338,-0.388769,0.0849279,0,0
1481579012,252250392,0.493761,-1.1858,0.151112,-2.94167,2.03251,0.752078,1.02144,1.01808-0.000775513,0.12111,-0.216586,0.0933338,-0.388769,0.0849279,0,0
1481579012,298296493,0.493761,-1.18098,0.159775,-2.94762,2.04918,0.748508,1.02144,1.01808-2.39684e-05,0.109058,-0.199266,0.151666,-0.432376,0.0844596,0,0
1481579012,324249224,0.494724,-1.17713,0.16555,-2.95238,2.05988,0.746128,1.02144,1.01808-5.85895e-06,0.123511,-0.194193,0.186667,-0.375848,0.0508624,0,0
1481579012,350233730,0.494724,-1.17425,0.1694,-2.95476,2.06822,0.744938,1.02144,1.01808-0.0120316,0.12373,-0.192709,0.127458,-0.389117,0.0509791,0,0
1481579012,350233730,0.494724,-1.17425,0.1694,-2.95476,2.06822,0.744938,1.02144,1.01808-0.0120316,0.12373,-0.192709,0.127458,-0.389117,0.0509791,0,0
1481579012,402256294,0.494724,-1.16751,0.18095,-2.96309,2.09082,0.741368,1.02144,1.01808-0.000376038,0.109136,-0.168447,0.126702,-0.372865,0.0796936,0,0
1481579012,422273013,0.494724,-1.16462,0.1848,-2.96666,2.09915,0.740178,1.02144,1.01808-9.37433e-05,0.147606,-0.186488,0.180425,-0.360984,0.0496709,0,0
1481579012,448233280,0.494724,-1.16173,0.18865,-2.97023,2.10749,0.737798,1.02144,1.01808-1.17179e-05,0.126728,-0.191746,0.186178,-0.431881,0.0508301,0,0
1481579012,448233280,0.494724,-1.16173,0.18865,-2.97023,2.10749,0.737798,1.02144,1.01808-1.17179e-05,0.126728,-0.191746,0.186178,-0.431881,0.0508301,0,0
1481579012,500217304,0.495686,-1.155,0.199237,-2.97737,2.12653,0.735418,1.02144,1.01808-0.00300884,0.151341,-0.204509,0.165724,-0.389102,0.0201806,0,0
1481579012,526256943,0.495686,-1.15115,0.205012,-2.98213,2.13723,0.733038,1.02144,1.01808-0.000376038,0.127195,-0.193999,0.18434,-0.361,0.0471438,0,0
1481579012,546230523,0.495686,-1.14826,0.2079,-2.98451,2.14556,0.731848,1.02144,1.01808-9.42759e-05,0.152114,-0.168815,0.135335,-0.387738,0.0415335,0,0
1481579012,546230523,0.495686,-1.14826,0.2079,-2.98451,2.14556,0.731848,1.02144,1.01808-9.42759e-05,0.152114,-0.168815,0.135335,-0.387738,0.0415335,0,0
1481579012,598246149,0.495686,-1.14152,0.217524,-2.99165,2.1646,0.728278,1.02144,1.01808-3.19579e-06,0.152145,-0.191758,0.134385,-0.372824,0.0793985,0,0
1481579012,624223905,0.495686,-1.13767,0.2233,-2.99641,2.1765,0.727088,1.02144,1.01808-5.32632e-07,0.158344,-0.192313,0.152596,-0.360947,0.0198496,0,0
1481579012,650273770,0.495686,-1.13478,0.227149,-2.99879,2.18364,0.725898,1.02144,1.018080,0.128071,-0.192473,0.1232,-0.372361,0.07685,0,0
1481579012,650273770,0.495686,-1.13478,0.227149,-2.99879,2.18364,0.725898,1.02144,1.018080,0.128071,-0.192473,0.1232,-0.372361,0.07685,0,0
1481579012,702223003,0.495686,-1.12612,0.236774,-3.00831,2.20625,0.723518,1.02144,1.018080,0.160404,-0.186486,0.1526,-0.372347,0.039586,0,0
1481579012,722242215,0.495686,-1.12323,0.241587,-3.01188,2.21458,0.722328,1.02144,1.018080,0.112299,-0.21506,0.1869,-0.420322,0.039644,0,0
1481579012,748263300,0.496649,-1.12035,0.245437,-3.01545,2.22291,0.719948,1.02144,1.01808-0.0481233,0.158407,-0.19532,0.186987,-0.424404,0.0793243,0,0
1481579012,748263300,0.496649,-1.12035,0.245437,-3.01545,2.22291,0.719948,1.02144,1.01808-0.0481233,0.158407,-0.19532,0.186987,-0.424404,0.0793243,0,0
1481579012,800241658,0.496649,-1.11265,0.254099,-3.02259,2.24195,0.717569,1.02144,1.01808-0.00150362,0.176391,-0.18657,0.180624,-0.418607,0.0396633,0,0
1481579012,826252389,0.496649,-1.1088,0.258912,-3.02735,2.25266,0.716378,1.02144,1.01808-0.000188019,0.13034,-0.179726,0.186202,-0.379582,0.019845,0,0
1481579012,852259186,0.496649,-1.10398,0.264687,-3.03211,2.26456,0.715188,1.02144,1.01808-4.68716e-05,0.176955,-0.189304,0.135801,-0.36265,0.0347088,0,0
1481579012,852259186,0.496649,-1.10398,0.264687,-3.03211,2.26456,0.715188,1.02144,1.01808-4.68716e-05,0.176955,-0.189304,0.135801,-0.36265,0.0347088,0,0
1481579012,924248118,0.496649,-1.0934,0.276237,-3.04282,2.29074,0.711618,1.02144,1.01808-5.32632e-07,0.178086,-0.190969,0.196295,-0.37284,0.0383852,0,0
1481579012,950242796,0.496649,-1.09051,0.279124,-3.04639,2.29788,0.710428,1.02144,1.018080,0.130545,-0.156214,0.188162,-0.358987,0.0345457,0,0
1481579012,976241006,0.496649,-1.0857,0.284899,-3.04996,2.30978,0.709238,1.02144,1.018080,0.136626,-0.187966,0.14252,-0.372136,0.0340657,0,0
1481579013,2259560,0.497611,-1.08185,0.288749,-3.05353,2.31811,0.709238,1.02144,1.01808-0.0481233,0.13041,-0.1673,0.12488,-0.301266,0.00851643,0,0
1481579013,22228638,0.497611,-1.07896,0.291637,-3.05591,2.32287,0.708048,1.02144,1.01808-0.0120306,0.104787,-0.162136,0.12047,-0.253815,0.0318766,0,0
1481579013,48240414,0.497611,-1.07704,0.293562,-3.05591,2.32644,0.708048,1.02144,1.01808-0.00150362,0.109345,-0.10449,0.0299337,-0.180471,0.00398458,0,0
1481579013,74264838,0.497611,-1.07511,0.294524,-3.05829,2.3312,0.706858,1.02144,1.01808-0.000376038,0.0754729,-0.0501841,0.0669832,-0.193882,0.0604912,0,0
1481579013,100241879,0.497611,-1.07415,0.296449,-3.05948,2.33239,0.706858,1.02144,1.01808-4.68716e-05,0.0695883,-0.0784578,0.0381229,-0.0688566,0.0075614,0,0
1481579013,126274798,0.497611,-1.07318,0.296449,-3.05948,2.33358,0.706858,1.02144,1.01808-5.85895e-06,0.0327602,-0.00980736,0.00476536,-0.0234806,0.000945174,0,0
1481579013,152242543,0.497611,-1.07222,0.297412,-3.05948,2.33477,0.706858,1.02144,1.01808-1.5979e-06,0.00819005,-0.00245171,0.00119134,-0.00587014,0.000236294,0,0
1481579013,172232053,0.497611,-1.07222,0.297412,-3.05948,2.33477,0.706858,1.02144,1.01808-5.32632e-07,0.0261092,-0.0246779,0.000297835,-0.0312149,5.90734e-05,0,0
1481579013,198234893,0.497611,-1.07222,0.297412,-3.06067,2.33477,0.706858,1.02144,1.018080,0.00326365,-0.00308501,0.0595368,-0.00390206,7.38418e-06,0,0
1481579013,224265640,0.497611,-1.07222,0.297412,-3.06067,2.33477,0.706858,1.02144,1.018080,0.000815912,-0.000771251,0.0148842,-0.00097525,1.84604e-06,0,0
1481579013,250244494,0.497611,-1.07222,0.297412,-3.06067,2.33477,0.706858,1.02144,1.018080,0.000101989,-9.64064e-05,0.00186053,-0.000121973,2.30755e-07,0,0
1481579013,276232541,0.497611,-1.07222,0.297412,-3.06067,2.33477,0.706858,1.02144,1.018080,1.27486e-05,-1.22505e-05,0.000232566,-1.54463e-05,2.88444e-08,0,0
1481579013,302247768,0.497611,-1.07222,0.297412,-3.06067,2.33477,0.706858,1.02144,1.018080,3.18715e-06,-3.19579e-06,5.81414e-05,-3.72843e-06,7.21111e-09,0,0
1481579013,322255420,0.497611,-1.07222,0.297412,-3.06067,2.33477,0.706858,1.02144,1.018080,7.96789e-07,-5.32632e-07,1.45354e-05,-1.06526e-06,1.80278e-09,0,0
1481579013,348238002,0.497611,-1.07222,0.297412,-3.06067,2.33477,0.706858,1.02144,1.018080,9.95986e-08,0,1.81692e-06,0,2.25347e-10,0,0
1481579013,374230662,0.497611,-1.07222,0.297412,-3.06067,2.33477,0.706858,1.02144,1.018080,2.48996e-08,0,4.5423e-07,0,5.63372e-11,0,0
1481579013,400218157,0.497611,-1.07222,0.297412,-3.06067,2.33477,0.706858,1.02144,1.018080,3.11246e-09,0,5.67787e-08,0,7.04237e-12,0,0
1481579013,426256588,0.497611,-1.07222,0.297412,-3.06067,2.33477,0.706858,1.02144,1.018080,3.89057e-10,0,7.09734e-09,0,8.80185e-13,0,0
1481579013,452259882,0.497611,-1.07222,0.297412,-3.06067,2.33477,0.706858,1.02144,1.018080,9.72644e-11,0,1.77434e-09,0,2.20268e-13,0,0
1481579013,472247532,0.497611,-1.07222,0.297412,-3.06067,2.33477,0.706858,1.02144,1.018080,2.43157e-11,0,4.43584e-10,0,5.50671e-14,0,0
1481579013,498215180,0.497611,-1.07222,0.297412,-3.06067,2.33477,0.706858,1.02144,1.018080,3.03935e-12,0,5.54481e-11,0,7.10543e-15,0,0
1481579013,524266380,0.497611,-1.07222,0.297412,-3.06067,2.33477,0.706858,1.02144,1.018080,7.60281e-13,0,1.38618e-11,0,1.77636e-15,0,0
1481579013,550229070,0.497611,-1.07222,0.297412,-3.06067,2.33477,0.706858,1.02144,1.018080,9.50351e-14,0,1.73284e-12,0,0,0,0
1481579013,576233330,0.497611,-1.07222,0.297412,-3.06067,2.33477,0.706858,1.02144,1.018080,1.15463e-14,0,2.16716e-13,0,0,0,0
1481579013,602238849,0.497611,-1.07222,0.297412,-3.06067,2.33477,0.706858,1.02144,1.018080,2.66454e-15,0,5.41789e-14,0,0,0,0
1481579013,622227137,0.497611,-1.07222,0.297412,-3.06067,2.33477,0.706858,1.02144,1.018080,8.88178e-16,0,1.33227e-14,0,0,0,0
1481579013,648235172,0.497611,-1.07222,0.297412,-3.06067,2.33477,0.706858,1.02144,1.018080,0,0,1.77636e-15,0,0,0,0
1481579013,674225470,0.497611,-1.07222,0.297412,-3.06067,2.33477,0.706858,1.02144,1.018080,0,0,0,0,0,0,0
1481579013,700272479,0.497611,-1.07222,0.297412,-3.06067,2.33477,0.706858,1.02144,1.018080,0,0,0,0,0,0,0
1481579013,726237092,0.497611,-1.07222,0.297412,-3.06067,2.33477,0.706858,1.02144,1.018080,0,0,0,0,0,0,0
1481579013,752235808,0.497611,-1.07222,0.297412,-3.06067,2.33477,0.706858,1.02144,1.018080,0,0,0,0,0,0,0
1481579013,772224623,0.497611,-1.07222,0.297412,-3.06067,2.33477,0.706858,1.02144,1.018080,0,0,0,0,0,0,0
1481579013,798206036,0.497611,-1.07222,0.297412,-3.06067,2.33477,0.706858,1.02144,1.018080,0,0,0,0,0,0,0
1481579013,824253761,0.497611,-1.07222,0.297412,-3.06067,2.33477,0.706858,1.02144,1.018080,0,0,0,0,0,0,0
1481579013,850302560,0.497611,-1.07222,0.297412,-3.06067,2.33477,0.706858,1.02144,1.018080,0,0,0,0,0,0,0
1481579013,876229465,0.497611,-1.07222,0.297412,-3.06067,2.33477,0.706858,1.02144,1.018080,0,0,0,0,0,0,0
1481579013,896276760,0.497611,-1.07222,0.297412,-3.06067,2.33477,0.706858,1.02144,1.018080,0,0,0,0,0,0,0
1481579013,922220051,0.497611,-1.07222,0.297412,-3.06067,2.33477,0.706858,1.02144,1.018080,0,0,0,0,0,0,0
1481579013,948246601,0.497611,-1.07222,0.297412,-3.06067,2.33477,0.706858,1.02144,1.018080,0,0,0,0,0,0,0
1481579013,974245614,0.497611,-1.07222,0.297412,-3.06067,2.33477,0.706858,1.02144,1.018080,0,0,0,0,0,0,0
1481579014,285073,0.497611,-1.07222,0.297412,-3.06067,2.33477,0.706858,1.02144,1.018080,0,0,0,0,0,0,0
1481579014,26238318,0.497611,-1.07222,0.297412,-3.06067,2.33477,0.706858,1.02144,1.018080,0,0,0,0,0,0,0
1481579014,52249287,0.497611,-1.07222,0.297412,-3.06067,2.33477,0.706858,1.02144,1.018080,0,0,0,0,0,0,0
1481579014,72233079,0.497611,-1.07222,0.297412,-3.06067,2.33477,0.706858,1.02144,1.018080,0,0,0,0,0,0,0
1481579014,98205378,0.497611,-1.07222,0.297412,-3.06067,2.33477,0.706858,1.02144,1.018080,0,0,0,0,0,0,0
1481579014,124262617,0.497611,-1.07222,0.297412,-3.06067,2.33477,0.706858,1.02144,1.018080,0,0,0,0,0,0,0
1481579014,151223961,0.497611,-1.07222,0.297412,-3.06067,2.33477,0.706858,1.02144,1.018080,0,0,0,0,0,0,0
1481579014,171239428,0.497611,-1.07222,0.297412,-3.06067,2.33477,0.706858,1.02144,1.018080,0,0,0,0,0,0,0
1481579014,197257048,0.497611,-1.07222,0.297412,-3.06067,2.33477,0.706858,1.02144,1.018080,0,0,0,0,0,0,0
1481579014,223252622,0.497611,-1.07222,0.297412,-3.06067,2.33477,0.706858,1.02144,1.018080,0,0,0,0,0,0,0
1481579014,249223817,0.497611,-1.07222,0.297412,-3.06067,2.33477,0.706858,1.02144,1.018080,0,0,0,0,0,0,0
1481579014,275230565,0.497611,-1.07222,0.297412,-3.06067,2.33477,0.706858,1.02144,1.018080,0,0,0,0,0,0,0
1481579014,301230494,0.497611,-1.07222,0.297412,-3.06067,2.33477,0.706858,1.02144,1.018080,0,0,0,0,0,0,0
1481579014,327254876,0.497611,-1.07222,0.297412,-3.06067,2.33477,0.706858,1.02144,1.018080,0,0,0,0,0,0,0
1481579014,347259105,0.497611,-1.07222,0.297412,-3.06067,2.33477,0.706858,1.02144,1.018080,0,0,0,0,0,0,0
1481579014,373225589,0.497611,-1.07222,0.297412,-3.06067,2.33477,0.706858,1.02144,1.018080,0,0,0,0,0,0,0
1481579014,399214709,0.497611,-1.07222,0.297412,-3.06067,2.33477,0.706858,1.02144,1.018080,0,0,0,0,0,0,0
1481579014,425235363,0.497611,-1.07222,0.297412,-3.06067,2.33477,0.706858,1.02144,1.018080,0,0,0,0,0,0,0
1481579014,451258780,0.497611,-1.07222,0.297412,-3.06067,2.33477,0.706858,1.02144,1.018080,0,0,0,0,0,0,0
1481579014,477256010,0.497611,-1.07222,0.297412,-3.06067,2.33477,0.706858,1.02144,1.018080,0,0,0,0,0,0,0
1481579014,497222310,0.497611,-1.07222,0.297412,-3.06067,2.33477,0.706858,1.02144,1.018080,0,0,0,0,0,0,0
1481579014,523261368,0.497611,-1.07222,0.297412,-3.06067,2.33477,0.706858,1.02144,1.018080,0,0,0,0,0,0,0
1481579014,549227845,0.497611,-1.07222,0.297412,-3.06067,2.33477,0.706858,1.02144,1.018080,0,0,0,0,0,0,0
1481579014,575254661,0.497611,-1.07222,0.297412,-3.06067,2.33477,0.706858,1.02144,1.018080,0,0,0,0,0,0,0
1481579014,601235563,0.497611,-1.07222,0.297412,-3.06067,2.33477,0.706858,1.02144,1.018080,0,0,0,0,0,0,0
1481579014,621226691,0.497611,-1.07222,0.297412,-3.06067,2.33477,0.706858,1.02144,1.018080,0,0,0,0,0,0,0
1481579014,647244355,0.497611,-1.07222,0.297412,-3.06067,2.33477,0.706858,1.02144,1.018080,0,0,0,0,0,0,0
1481579014,673246658,0.497611,-1.07222,0.297412,-3.06067,2.33477,0.706858,1.02144,1.018080,0,0,0,0,0,0,0
1481579014,699199586,0.497611,-1.07222,0.297412,-3.06067,2.33477,0.706858,1.02144,1.018080,0,0,0,0,0,0,0
1481579014,725231816,0.497611,-1.07222,0.297412,-3.06067,2.33477,0.706858,1.02144,1.018080,0,0,0,0,0,0,0
1481579014,751220941,0.497611,-1.07222,0.297412,-3.06067,2.33477,0.706858,1.02144,1.018080,0,0,0,0,0,0,0
1481579014,771259691,0.497611,-1.07222,0.297412,-3.06067,2.33477,0.706858,1.02144,1.018080,0,0,0,0,0,0,0
1481579014,797229224,0.497611,-1.07222,0.297412,-3.06067,2.33477,0.706858,1.02144,1.018080,0,0,0,0,0,0,0
1481579014,823252095,0.497611,-1.07222,0.297412,-3.06067,2.33477,0.706858,1.02144,1.018080,0,0,0,0,0,0,0
1481579014,849274915,0.497611,-1.07222,0.297412,-3.06067,2.33477,0.706858,1.02144,1.018080,0,0,0,0,0,0,0
1481579014,875220856,0.497611,-1.07222,0.297412,-3.06067,2.33477,0.706858,1.02144,1.018080,0,0,0,0,0,0,0
1481579014,901231004,0.497611,-1.07222,0.297412,-3.06067,2.33477,0.706858,1.02144,1.018080,0,0,0,0,0,0,0
1481579014,927245906,0.497611,-1.07222,0.297412,-3.06067,2.33477,0.706858,1.02144,1.018080,0,0,0,0,0,0,0
1481579014,947215717,0.497611,-1.07222,0.297412,-3.06067,2.33477,0.706858,1.02144,1.018080,0,0,0,0,0,0,0
1481579014,973215012,0.497611,-1.07222,0.297412,-3.06067,2.33477,0.706858,1.02144,1.018080,0,0,0,0,0,0,0
1481579014,999202443,0.497611,-1.07222,0.297412,-3.06067,2.33477,0.706858,1.02144,1.018080,0,0,0,0,0,0,0
1481579015,25254179,0.497611,-1.07222,0.297412,-3.06067,2.33477,0.706858,1.02144,1.018080,0,0,0,0,0,0,0
1481579015,51270088,0.497611,-1.07222,0.297412,-3.06067,2.33477,0.706858,1.02144,1.018080,0,0,0,0,0,0,0
1481579015,77219785,0.497611,-1.07222,0.297412,-3.06067,2.33477,0.706858,1.02144,1.018080,0,0,0,0,0,0,0
1481579015,97219295,0.497611,-1.07222,0.297412,-3.06067,2.33477,0.706858,1.02144,1.018080,0,0,0,0,0,0,0
1481579015,123256210,0.497611,-1.07222,0.297412,-3.06067,2.33477,0.706858,1.02144,1.018080,0,0,0,0,0,0,0
1481579015,149238560,0.497611,-1.07222,0.297412,-3.06067,2.33477,0.706858,1.02144,1.018080,0,0,0,0,0,0,0
1481579015,175259324,0.497611,-1.07222,0.297412,-3.06067,2.33477,0.706858,1.02144,1.018080,0,0,0,0,0,0,0
1481579015,201239151,0.497611,-1.07222,0.297412,-3.06067,2.33477,0.706858,1.02144,1.018080,0,0,0,0,0,0,0
1481579015,221253524,0.497611,-1.07222,0.297412,-3.06067,2.33477,0.706858,1.02144,1.018080,0,0,0,0,0,0,0
1481579015,247214885,0.497611,-1.07222,0.297412,-3.06067,2.33477,0.706858,1.02144,1.018080,0,0,0,0,0,0,0
1481579015,273227921,0.497611,-1.07222,0.297412,-3.06067,2.33477,0.706858,1.02144,1.018080,0,0,0,0,0,0,0
1481579015,299195288,0.497611,-1.07222,0.297412,-3.06067,2.33477,0.706858,1.02144,1.018080,0,0,0,0,0,0,0
1481579015,325200748,0.497611,-1.07222,0.297412,-3.06067,2.33477,0.706858,1.02144,1.018080,0,0,0,0,0,0,0
1481579015,351229971,0.497611,-1.07222,0.297412,-3.06067,2.33477,0.706858,1.02144,1.018080,0,0,0,0,0,0,0
1481579015,371252097,0.497611,-1.07222,0.297412,-3.06067,2.33477,0.706858,1.02144,1.018080,0,0,0,0,0,0,0
1481579015,397221926,0.497611,-1.07222,0.297412,-3.06067,2.33477,0.706858,1.02144,1.018080,0,0,0,0,0,0,0
1481579015,423246240,0.497611,-1.07222,0.297412,-3.06067,2.33477,0.706858,1.02144,1.018080,0,0,0,0,0,0,0
1481579015,449238794,0.497611,-1.07222,0.297412,-3.06067,2.33477,0.706858,1.02144,1.018080,0,0,0,0,0,0,0
1481579015,475231523,0.497611,-1.07222,0.297412,-3.06067,2.33477,0.706858,1.02144,1.018080,0,0,0,0,0,0,0
1481579015,501191083,0.497611,-1.07222,0.297412,-3.06067,2.33477,0.706858,1.02144,1.018080,0,0,0,0,0,0,0
1481579015,527218264,0.497611,-1.07222,0.297412,-3.06067,2.33477,0.706858,1.02144,1.018080,0,0,0,0,0,0,0
1481579015,547222674,0.497611,-1.07222,0.297412,-3.06067,2.33477,0.706858,1.02144,1.018080,0,0,0,0,0,0,0
1481579015,573278115,0.497611,-1.07222,0.297412,-3.06067,2.33477,0.706858,1.02144,1.018080,0,0,0,0,0,0,0
1481579015,599203024,0.497611,-1.07222,0.297412,-3.06067,2.33477,0.706858,1.02144,1.018080,0,0,0,0,0,0,0
1481579015,625249076,0.497611,-1.07222,0.297412,-3.06067,2.33477,0.706858,1.02144,1.018080,0,0,0,0,0,0,0
1481579015,651260897,0.497611,-1.07222,0.297412,-3.06067,2.33477,0.706858,1.02144,1.018080,0,0,0,0,0,0,0
1481579015,671226361,0.497611,-1.07222,0.297412,-3.06067,2.33477,0.706858,1.02144,1.018080,0,0,0,0,0,0,0
1481579015,697242383,0.497611,-1.07222,0.297412,-3.06067,2.33477,0.706858,1.02144,1.018080,0,0,0,0,0,0,0
1481579015,723222061,0.497611,-1.07222,0.297412,-3.06067,2.33477,0.706858,1.02144,1.018080,0,0,0,0,0,0,0
1481579015,749257881,0.497611,-1.07222,0.297412,-3.06067,2.33477,0.706858,1.02144,1.018080,0,0,0,0,0,0,0
1481579015,775238869,0.497611,-1.07222,0.297412,-3.06067,2.33477,0.706858,1.02144,1.018080,0,0,0,0,0,0,0
1481579015,801193142,0.497611,-1.07222,0.297412,-3.06067,2.33477,0.706858,1.02144,1.018080,0,0,0,0,0,0,0
1481579015,827244369,0.497611,-1.07222,0.297412,-3.06067,2.33477,0.706858,1.02144,1.018080,0,0,0,0,0,0,0
1481579015,847239990,0.497611,-1.07222,0.297412,-3.06067,2.33477,0.706858,1.02144,1.018080,0,0,0,0,0,0,0
1481579015,873210156,0.497611,-1.07222,0.297412,-3.06067,2.33477,0.706858,1.02144,1.018080,0,0,0,0,0,0,0
1481579015,899190952,0.497611,-1.07222,0.297412,-3.06067,2.33477,0.706858,1.02144,1.018080,0,0,0,0,0,0,0
1481579015,925225254,0.497611,-1.07222,0.297412,-3.06067,2.33477,0.706858,1.02144,1.018080,0,0,0,0,0,0,0
1481579015,951277379,0.497611,-1.07222,0.297412,-3.06067,2.33477,0.706858,1.02144,1.018080,0,0,0,0,0,0,0
1481579015,971219852,0.497611,-1.07222,0.297412,-3.06067,2.33477,0.706858,1.02144,1.018080,0,0,0,0,0,0,0
1481579015,997216884,0.497611,-1.07222,0.297412,-3.06067,2.33477,0.706858,1.02144,1.018080,0,0,0,0,0,0,0
1481579016,23213206,0.497611,-1.07222,0.298374,-3.06067,2.33477,0.706858,1.02144,1.018080,0,0,0,0,0,0,0
1481579016,49211142,0.498574,-1.07222,0.299337,-3.06067,2.33596,0.706858,1.02144,1.01808-0.0240617,0,-0.0601544,0,-0.0595217,0,0,0
1481579016,75217630,0.499536,-1.07222,0.302224,-3.06305,2.33834,0.706858,1.02144,1.01808-0.0541389,0,-0.0872302,0.0595,-0.0446282,0,0,0
1481579016,101190110,0.500499,-1.07318,0.306074,-3.06305,2.34072,0.706858,1.02144,1.01808-0.0308288,-0.0481233,-0.167311,0.0223125,-0.109695,0,0,0
1481579016,127230403,0.502424,-1.07415,0.311849,-3.06543,2.34429,0.706858,1.02144,1.01808-0.064008,-0.0541389,-0.189349,0.047414,-0.117842,0,0,0
1481579016,147258634,0.503386,-1.07511,0.316662,-3.06662,2.34786,0.706858,1.02144,1.01808-0.0641252,-0.0375964,-0.239834,0.0713535,-0.178198,0,0,0
1481579016,173219343,0.505311,-1.078,0.323399,-3.069,2.35143,0.706858,1.02144,1.01808-0.0882231,-0.0815971,-0.252462,0.0475882,-0.133805,0,0,0
1481579016,199204261,0.507236,-1.07992,0.328212,-3.07019,2.35619,0.706858,1.02144,1.01808-0.0591509,-0.0944155,-0.248119,0.0505735,-0.210111,0,0,0
1481579016,225261532,0.510124,-1.08377,0.336874,-3.07257,2.36095,0.708048,1.02144,1.01808-0.086973,-0.143912,-0.278595,0.101893,-0.14177,-0.0297475,0,0
1481579016,251215416,0.512049,-1.0857,0.342649,-3.07495,2.36452,0.709238,1.02144,1.01808-0.0951009,-0.102218,-0.287482,0.101986,-0.19622,-0.0632133,0,0
1481579016,271238235,0.513974,-1.08858,0.347462,-3.07614,2.36809,0.710428,1.02144,1.01808-0.0959601,-0.121801,-0.240309,0.0849966,-0.197792,-0.0752982,0,0
1481579016,297213115,0.516861,-1.09243,0.357087,-3.07971,2.37285,0.711618,1.02144,1.01808-0.0721493,-0.111472,-0.306752,0.144499,-0.143721,-0.0689072,0,0
1481579016,323210990,0.519749,-1.09725,0.365749,-3.08209,2.3788,0.712808,1.02144,1.01808-0.090222,-0.124121,-0.293253,0.0956248,-0.214429,-0.0767219,0,0
1481579016,349214381,0.522636,-1.09917,0.371524,-3.08328,2.38237,0.713998,1.02144,1.01808-0.143624,-0.111762,-0.289314,0.0863279,-0.190442,-0.0393376,0,0
1481579016,375210251,0.525524,-1.10398,0.381149,-3.08566,2.38832,0.715188,1.02144,1.01808-0.108091,-0.1242,-0.28889,0.0513319,-0.1666,-0.0693295,0,0
1481579016,401210688,0.527449,-1.10687,0.386924,-3.08804,2.39189,0.716378,1.02144,1.01808-0.0977274,-0.159895,-0.300801,0.110541,-0.169569,-0.0384134,0,0
1481579016,427225999,0.531299,-1.11072,0.396549,-3.09042,2.39784,0.718758,1.02144,1.01808-0.120497,-0.128271,-0.32635,0.0881925,-0.199694,-0.0791838,0,0
1481579016,447214806,0.533224,-1.11361,0.402324,-3.0928,2.40141,0.719948,1.02144,1.01808-0.102309,-0.128314,-0.298146,0.111298,-0.16894,-0.0792908,0,0
1481579016,473220899,0.537074,-1.11842,0.411949,-3.09637,2.40736,0.721138,1.02144,1.01808-0.145886,-0.176449,-0.315163,0.0575745,-0.161225,-0.079318,0,0
1481579016,499211817,0.538999,-1.12131,0.417724,-3.09756,2.41093,0.722328,1.02144,1.01808-0.102455,-0.130337,-0.292051,0.0964467,-0.198652,-0.0396625,0,0
1481579016,525216573,0.542849,-1.12612,0.427349,-3.10113,2.41688,0.724708,1.02144,1.01808-0.145922,-0.128831,-0.313639,0.0538616,-0.168679,-0.039663,0,0
1481579016,551216330,0.544774,-1.12901,0.434086,-3.10232,2.42045,0.725898,1.02144,1.01808-0.102469,-0.160477,-0.315924,0.0959826,-0.19957,-0.0793265,0,0
1481579016,577222826,0.548624,-1.13286,0.442749,-3.1047,2.4264,0.728278,1.02144,1.01808-0.121086,-0.128337,-0.292146,0.0863726,-0.203438,-0.0842848,0,0
1481579016,597194192,0.551511,-1.13671,0.449486,-3.10708,2.42997,0.729468,1.02144,1.01808-0.15058,-0.176461,-0.313663,0.110843,-0.19961,-0.0805659,0,0
1481579016,623245129,0.554399,-1.14056,0.459111,-3.10946,2.43473,0.731848,1.02144,1.01808-0.109843,-0.1163,-0.343101,0.0574606,-0.168893,-0.0499156,0,0
1481579016,649238719,0.557286,-1.14345,0.464886,-3.11184,2.4383,0.733038,1.02144,1.01808-0.14607,-0.134852,-0.295543,0.111307,-0.154982,-0.080608,0,0
1481579016,675229303,0.561136,-1.14826,0.474511,-3.11422,2.44425,0.735418,1.02144,1.01808-0.108702,-0.12996,-0.33857,0.0575767,-0.217244,-0.0498996,0,0
1481579016,701194438,0.564024,-1.15115,0.481249,-3.1166,2.44782,0.736608,1.02144,1.01808-0.133899,-0.160628,-0.343102,0.111322,-0.161046,-0.0508589,0,0
1481579016,727219391,0.566911,-1.155,0.489911,-3.12017,2.45377,0.738988,1.02144,1.01808-0.100953,-0.128356,-0.295542,0.14779,-0.198643,-0.0509788,0,0
1481579016,747204288,0.569799,-1.15788,0.496649,-3.12136,2.45734,0.741368,1.02144,1.01808-0.121498,-0.128336,-0.338574,0.0964473,-0.168651,-0.101987,0,0
1481579016,773207171,0.573649,-1.1627,0.505311,-3.12493,2.4621,0.743748,1.02144,1.01808-0.150683,-0.176461,-0.301207,0.113362,-0.190927,-0.0849916,0,0
1481579016,799214278,0.576536,-1.16558,0.511086,-3.12731,2.46567,0.744938,1.02144,1.01808-0.127113,-0.130335,-0.290307,0.148045,-0.157729,-0.085006,0,0
1481579016,825242970,0.580386,-1.1704,0.520711,-3.12969,2.47162,0.747318,1.02144,1.01808-0.152093,-0.128837,-0.337263,0.0965111,-0.217931,-0.050999,0,0
1481579016,851262938,0.583274,-1.17328,0.527449,-3.13207,2.47519,0.749698,1.02144,1.01808-0.127289,-0.160475,-0.318878,0.116189,-0.190879,-0.110491,0,0
1481579016,871247472,0.586161,-1.17617,0.533224,-3.13326,2.47876,0.750888,1.02144,1.01808-0.152144,-0.160441,-0.296283,0.088547,-0.196457,-0.0871179,0,0
1481579016,897208970,0.590011,-1.18098,0.542849,-3.13683,2.48352,0.753268,1.02144,1.01808-0.127295,-0.176456,-0.337815,0.115193,-0.158428,-0.0852584,0,0
1481579016,923208979,0.593861,-1.18483,0.551511,-3.13921,2.48947,0.756838,1.02144,1.01808-0.12807,-0.164436,-0.301016,0.147798,-0.158624,-0.110557,0,0
1481579016,949210341,0.596749,-1.18772,0.557286,3.14159,2.49185,0.758028,1.02144,1.01808-0.148351,-0.152894,-0.290281,0.107725,-0.138818,-0.0882018,0,0
1481579016,975230765,0.600598,-1.19253,0.566911,3.13921,2.4978,0.761598,1.02144,1.01808-0.133334,-0.13447,-0.337258,0.145931,-0.153708,-0.111293,0,0
1481579017,1193489,0.604449,-1.19542,0.572686,3.13683,2.50137,0.762788,1.02144,1.01808-0.173074,-0.161182,-0.294814,0.0777412,-0.197725,-0.0585331,0,0
1481579017,27266200,0.609261,-1.19927,0.582311,3.13326,2.50613,0.766358,1.02144,1.01808-0.178035,-0.128425,-0.337633,0.113842,-0.158606,-0.111433,0,0
1481579017,47258557,0.611186,-1.20216,0.588086,3.13088,2.5097,0.768737,1.02144,1.01808-0.1167,-0.12836,-0.300968,0.11771,-0.158641,-0.117101,0,0
1481579017,73207320,0.615998,-1.20697,0.596749,3.12731,2.51565,0.771118,1.02144,1.01808-0.173545,-0.17646,-0.33993,0.0591775,-0.158677,-0.0590492,0,0
1481579017,99203706,0.618886,-1.20986,0.602524,3.12612,2.51803,0.773498,1.02144,1.01808-0.129984,-0.130341,-0.25905,0.096647,-0.138825,-0.111498,0,0
1481579017,125217634,0.623698,-1.21467,0.612149,3.12255,2.52279,0.777068,1.02144,1.01808-0.176866,-0.128832,-0.305389,0.113411,-0.15371,-0.117117,0,0
1481579017,151213213,0.626586,-1.21756,0.618886,3.12017,2.52636,0.778258,1.02144,1.01808-0.154461,-0.160487,-0.31489,0.148051,-0.153104,-0.0592607,0,0
1481579017,171224729,0.630436,-1.22045,0.624661,3.11898,2.52993,0.781827,1.02144,1.01808-0.182985,-0.16043,-0.295284,0.0965127,-0.157266,-0.133805,0,0
1481579017,197208137,0.634286,-1.22526,0.633324,3.11541,2.53469,0.785398,1.02144,1.01808-0.11912,-0.176468,-0.289568,0.145939,-0.183283,-0.120855,0,0
1481579017,223242873,0.639098,-1.22911,0.641023,3.11422,2.53826,0.790158,1.02144,1.01808-0.174156,-0.164425,-0.288952,0.0364847,-0.135063,-0.119456,0,0
1481579017,249235450,0.641986,-1.232,0.646798,3.11303,2.54064,0.792538,1.02144,1.01808-0.130047,-0.12883,-0.276743,0.0491855,-0.121012,-0.133922,0,0
1481579017,275202656,0.646798,-1.23681,0.654498,3.11065,2.54302,0.797298,1.02144,1.01808-0.176888,-0.128461,-0.261684,0.101546,-0.0600005,-0.182272,0,0
1481579017,301187432,0.650648,-1.2397,0.660273,3.10946,2.5454,0.799678,1.02144,1.01808-0.15445,-0.160428,-0.285368,0.0721931,-0.111643,-0.1269,0,0
1481579017,321204890,0.653536,-1.24258,0.665086,3.10827,2.54659,0.803248,1.02144,1.01808-0.134866,-0.160422,-0.239779,0.0477982,-0.087406,-0.150715,0,0
1481579017,347212870,0.659311,-1.2474,0.672786,3.10589,2.54897,0.806817,1.02144,1.01808-0.185303,-0.176454,-0.258567,0.0952245,-0.0555471,-0.122955,0,0
1481579017,373232592,0.664123,-1.25221,0.680486,3.1047,2.55135,0.811578,1.02144,1.01808-0.142572,-0.164435,-0.25714,0.0238061,-0.0436343,-0.17953,0,0
1481579017,399201075,0.667011,-1.2551,0.685298,3.10351,2.55254,0.813958,1.02144,1.01808-0.162191,-0.164924,-0.260735,0.0476007,-0.0798496,-0.126558,0,0
1481579017,425247447,0.672786,-1.25991,0.692036,3.10232,2.55492,0.818718,1.02144,1.01808-0.184925,-0.161553,-0.257682,0.0119002,-0.04971,-0.180377,0,0
1481579017,451239781,0.675674,-1.2628,0.696848,3.10113,2.55611,0.822288,1.02144,1.01808-0.143437,-0.164564,-0.248774,0.0461125,-0.0805825,-0.156464,0,0
1481579017,471257659,0.679523,-1.26568,0.701661,3.10113,2.55611,0.824668,1.02144,1.01808-0.180229,-0.161463,-0.254692,0.0115281,-0.0201457,-0.128359,0,0
1481579017,497187086,0.685298,-1.2705,0.709361,3.09994,2.55849,0.829428,1.02144,1.01808-0.215035,-0.164553,-0.260432,0.0311909,-0.0769137,-0.135035,0,0
1481579017,523338419,0.691073,-1.27627,0.715136,3.09875,2.55849,0.835378,1.02144,1.01808-0.174067,-0.185522,-0.233546,0.00779773,-0.0192286,-0.182496,0,0
1481579017,549232794,0.695886,-1.27916,0.718023,3.09875,2.55849,0.840138,1.02144,1.01808-0.250351,-0.16756,-0.173567,0.0158497,-0.00240377,-0.231058,0,0
1481579017,575216431,0.703586,-1.28493,0.723798,3.09875,2.5573,0.848468,1.02144,1.01808-0.255094,-0.186273,-0.187767,0.00396242,-0.000600809,-0.295745,0,0
1481579017,601203935,0.709361,-1.28975,0.726686,3.09875,2.55611,0.854418,1.02144,1.01808-0.284548,-0.239852,-0.143781,0.000495302,0.0445528,-0.304709,0,0
1481579017,621246126,0.715136,-1.2936,0.729573,3.09875,2.55254,0.860367,1.02144,1.01808-0.287692,-0.204333,-0.132197,0.000123826,0.130128,-0.28441,0,0
1481579017,647217826,0.724761,-1.30033,0.733423,3.09875,2.54897,0.869887,1.02144,1.01808-0.300657,-0.218042,-0.112772,1.54782e-05,0.120389,-0.318166,0,0
1481579017,673208488,0.734386,-1.30707,0.735348,3.09994,2.54302,0.878218,1.02144,1.01808-0.339842,-0.247004,-0.10038,-0.0594961,0.149087,-0.317575,0,0
1481579017,699202405,0.741123,-1.31092,0.737273,3.10113,2.53945,0.885357,1.02144,1.01808-0.343268,-0.19931,-0.0606727,-0.0371868,0.197128,-0.337172,0,0
1481579017,725239987,0.750748,-1.31766,0.739198,3.10351,2.53231,0.894878,1.02144,1.01808-0.350495,-0.218273,-0.0392316,-0.0985465,0.22778,-0.322299,0,0
1481579017,751259528,0.757486,-1.32247,0.740161,3.10589,2.52755,0.899637,1.02144,1.01808-0.320538,-0.219791,-0.0650616,-0.101568,0.236718,-0.263394,0,0
1481579017,771228360,0.765186,-1.32728,0.741123,3.10827,2.52279,0.905588,1.02144,1.01808-0.368874,-0.247441,-0.0403272,-0.144392,0.237678,-0.303855,0,0
1481579017,797222060,0.774811,-1.33306,0.742086,3.11065,2.51446,0.912727,1.02144,1.01808-0.322835,-0.199369,-0.0291041,-0.107299,0.267703,-0.246215,0,0
1481579017,823266666,0.784436,-1.33883,0.742086,3.11422,2.50613,0.919868,1.02144,1.01808-0.297264,-0.194212,-0.00727629,-0.116074,0.245424,-0.240065,0,0
1481579017,849238672,0.791173,-1.34268,0.742086,3.11779,2.50018,0.924627,1.02144,1.01808-0.325914,-0.192712,-0.000909736,-0.178134,0.313293,-0.238241,0,0
1481579017,875209355,0.801761,-1.34846,0.742086,3.12136,2.49066,0.932958,1.02144,1.01808-0.322095,-0.192548,-0.000227434,-0.163533,0.286569,-0.238072,0,0
1481579017,901195230,0.808498,-1.35231,0.742086,3.12374,2.48471,0.937717,1.02144,1.01808-0.329019,-0.192503,-2.82295e-05,-0.124567,0.318456,-0.252866,0,0
1481579017,921195453,0.815236,-1.35616,0.742086,3.12731,2.47876,0.942478,1.02144,1.01808-0.322884,-0.192509,-6.92422e-06,-0.179891,0.317621,-0.241728,0,0
1481579017,947208406,0.825823,-1.36097,0.741123,3.13088,2.46924,0.950807,1.02144,1.01808-0.329107,-0.144372,0.0240624,-0.141486,0.322317,-0.268196,0,0
1481579017,973235810,0.83641,-1.36675,0.740161,3.13445,2.45972,0.957948,1.02144,1.01808-0.322907,-0.180476,0.0541389,-0.124622,0.288825,-0.24556,0,0
1481579017,999254390,0.843148,-1.36963,0.738236,3.13683,2.45377,0.963897,1.02144,1.01808-0.32911,-0.142868,0.078954,-0.0899525,0.288964,-0.298423,0,0
1481579018,25197636,0.854698,-1.37445,0.736311,3.14159,2.44306,0.972227,1.02144,1.01808-0.371031,-0.180094,0.0678652,-0.141488,0.340008,-0.253117,0,0
1481579018,51198113,0.861435,-1.37733,0.734386,-3.13921,2.43592,0.976987,1.02144,1.01808-0.335125,-0.130789,0.0927006,-0.121811,0.354863,-0.254746,0,0
1481579018,71228619,0.868173,-1.38022,0.732461,-3.13683,2.43116,0.981748,1.02144,1.01808-0.324404,-0.128957,0.0953618,-0.119703,0.267214,-0.242198,0,0
1481579018,97211017,0.875873,-1.38407,0.729573,-3.13445,2.42521,0.987697,1.02144,1.01808-0.269143,-0.112366,0.0961377,-0.0595877,0.182153,-0.179012,0,0
1481579018,123241417,0.880686,-1.386,0.727648,-3.13207,2.42164,0.991267,1.02144,1.01808-0.187594,-0.0521532,0.0721611,-0.104147,0.105033,-0.133995,0,0
1481579018,149237894,0.88261,-1.38696,0.726686,-3.13207,2.42045,0.992458,1.02144,1.01808-0.119699,-0.0426116,0.0691776,-0.0130186,0.0577637,-0.0911717,0,0
1481579018,175201984,0.88261,-1.38696,0.723798,-3.13088,2.41926,0.992458,1.02144,1.01808-0.0299249,-0.0106532,0.0654177,-0.00325438,0.073936,-0.0227929,0,0
1481579018,201199030,0.88261,-1.38696,0.721873,-3.13088,2.41807,0.992458,1.02144,1.01808-0.00374068,-0.00133158,0.104426,-0.0152818,0.0389895,-0.00284905,0,0
1481579018,227241086,0.880686,-1.38503,0.718023,-3.12969,2.41569,0.991267,1.02144,1.018080.0356249,0.0599877,0.121333,-0.0167854,0.0792425,0.029418,0,0
1481579018,247211786,0.877798,-1.38407,0.715136,-3.1285,2.4145,0.990077,1.02144,1.018080.10516,0.0631202,0.126582,-0.0636964,0.0793056,0.0668495,0,0
1481579018,273208547,0.873948,-1.38118,0.709361,-3.12731,2.41331,0.987697,1.02144,1.018080.0984749,0.087965,0.17602,-0.0754239,0.0793481,0.0464599,0,0
1481579018,299217965,0.87106,-1.37926,0.705511,-3.12731,2.41093,0.985317,1.02144,1.018080.156693,0.0952248,0.19044,-0.00942812,0.099161,0.109924,0,0
1481579018,325200256,0.865286,-1.37541,0.698773,-3.12493,2.40855,0.982938,1.02144,1.018080.183543,0.144114,0.240112,-0.0916069,0.0842853,0.116723,0,0
1481579018,351230720,0.861435,-1.37348,0.694923,-3.12374,2.40736,0.980558,1.02144,1.018080.191381,0.10223,0.198451,-0.0709509,0.0849311,0.103833,0,0
1481579018,371206933,0.857586,-1.3706,0.691073,-3.12255,2.40617,0.978177,1.02144,1.018080.192215,0.121817,0.193988,-0.0772375,0.0509803,0.115254,0,0
1481579018,397182788,0.85181,-1.36578,0.683373,-3.12136,2.40379,0.974607,1.02144,1.018080.192465,0.135535,0.252841,-0.0691548,0.0509938,0.118523,0,0
1481579018,423197595,0.845073,-1.36097,0.676636,-3.12017,2.40022,0.971038,1.02144,1.018080.168425,0.130144,0.207585,-0.0767885,0.101991,0.118873,0,0
1481579018,449205384,0.841223,-1.35808,0.671823,-3.11898,2.39903,0.968658,1.02144,1.018080.201519,0.136576,0.23048,-0.0690984,0.0871243,0.118975,0,0
1481579018,475241430,0.834486,-1.35327,0.664123,-3.11779,2.39665,0.965087,1.02144,1.018080.218818,0.130391,0.250118,-0.0767747,0.111024,0.118986,0,0
1481579018,501195621,0.830635,-1.35038,0.659311,-3.1166,2.39427,0.962707,1.02144,1.018080.195797,0.160672,0.25986,-0.0690968,0.103147,0.119003,0,0
1481579018,527209878,0.823898,-1.34557,0.651611,-3.11541,2.3907,0.960327,1.02144,1.018080.204937,0.164467,0.273108,-0.023512,0.11701,0.0892441,0,0
1481579018,547207645,0.819086,-1.34268,0.646798,-3.11303,2.38951,0.957948,1.02144,1.018080.219673,0.137363,0.236714,-0.0951281,0.0589999,0.111554,0,0
1481579018,573229589,0.81331,-1.33787,0.639098,-3.11184,2.38594,0.954378,1.02144,1.018080.199288,0.178711,0.251677,-0.023782,0.104019,0.117131,0,0
1481579018,599198767,0.809461,-1.33402,0.634286,-3.11065,2.38356,0.951997,1.02144,1.018080.193346,0.178743,0.260052,-0.0475976,0.117119,0.118811,0,0
1481579018,625230712,0.802723,-1.32921,0.625624,-3.10827,2.37999,0.949617,1.02144,1.018080.19272,0.164994,0.281576,-0.130899,0.118549,0.0891977,0,0
1481579018,652208019,0.796948,-1.3244,0.617924,-3.10589,2.37761,0.947237,1.02144,1.018080.204552,0.164998,0.263792,-0.0758623,0.0891874,0.115266,0,0
1481579018,672227350,0.793098,-1.32151,0.613111,-3.10589,2.37642,0.944858,1.02144,1.018080.195515,0.137496,0.234385,-0.0487156,0.111539,0.118059,0,0
1481579018,698206993,0.789248,-1.31862,0.608299,-3.10351,2.37285,0.942478,1.02144,1.018080.168823,0.137499,0.23383,-0.095339,0.118072,0.0593786,0,0
1481579018,724224229,0.783473,-1.31285,0.600599,-3.10232,2.37047,0.938907,1.02144,1.018080.210637,0.178745,0.275021,-0.0238348,0.148508,0.104087,0,0
1481579018,750202266,0.778661,-1.30996,0.594824,-3.10113,2.36809,0.936527,1.02144,1.018080.206799,0.166716,0.275001,-0.0476045,0.0780718,0.11714,0,0
1481579018,776187527,0.772886,-1.30611,0.587124,-3.09875,2.36452,0.934147,1.02144,1.018080.19607,0.161987,0.261252,-0.0714009,0.079013,0.0887801,0,0
1481579018,796212817,0.769036,-1.30226,0.581349,-3.09756,2.36214,0.932958,1.02144,1.018080.193394,0.160818,0.281873,-0.0476003,0.108996,0.111438,0,0
1481579018,822197718,0.763261,-1.29745,0.573649,-3.09637,2.35857,0.930578,1.02144,1.018080.192619,0.164472,0.263827,-0.050575,0.177249,0.103172,0,0
1481579018,848205850,0.760373,-1.29456,0.567874,-3.09399,2.35619,0.928198,1.02144,1.018080.144386,0.164932,0.285632,-0.0955718,0.111399,0.0575178,0,0
1481579018,874215656,0.754598,-1.28975,0.560174,-3.0928,2.35262,0.925817,1.02144,1.018080.156418,0.13748,0.26391,-0.0238928,0.117106,0.103675,0,0
1481579018,900209147,0.750748,-1.28686,0.555361,-3.09161,2.35024,0.923437,1.02144,1.018080.187984,0.161562,0.261584,-0.0476115,0.118754,0.102202,0,0
1481579018,926220236,0.744973,-1.28205,0.546699,-3.09042,2.34667,0.921057,1.02144,1.018080.143249,0.136637,0.281956,-0.0714025,0.178453,0.055298,0,0
1481579018,946192949,0.742086,-1.27916,0.541886,-3.08923,2.3431,0.918678,1.02144,1.018080.156121,0.130419,0.287051,-0.0773504,0.163603,0.103067,0,0
1481579018,972193115,0.736311,-1.27435,0.533224,-3.08685,2.34072,0.917488,1.02144,1.018080.187953,0.184734,0.276505,-0.128668,0.12458,0.0872521,0,0
1481579018,998197637,0.732461,-1.2705,0.527449,-3.08566,2.33715,0.915108,1.02144,1.018080.191939,0.179499,0.287218,-0.0755832,0.119689,0.0555278,0,0
1481579019,24192182,0.727648,-1.26568,0.519749,-3.08328,2.33358,0.912727,1.02144,1.018080.168293,0.165183,0.264306,-0.0486458,0.119191,0.103178,0,0
1481579019,50215361,0.724761,-1.2628,0.513974,-3.08209,2.3312,0.910347,1.02144,1.018080.165407,0.165025,0.285695,-0.0507055,0.119015,0.10214,0,0
1481579019,76201609,0.718986,-1.25895,0.506274,-3.07971,2.32644,0.907967,1.02144,1.018080.185728,0.161564,0.287987,-0.0721765,0.178518,0.0552824,0,0
1481579019,102193687,0.714173,-1.25413,0.497611,-3.07733,2.32406,0.906778,1.02144,1.018080.143538,0.17661,0.276621,-0.0833969,0.126431,0.0515316,0,0
1481579019,122181401,0.710323,-1.25028,0.491836,-3.07733,2.32168,0.905588,1.02144,1.018080.180254,0.164461,0.285717,-0.050599,0.120877,0.0426304,0,0
1481579019,148194648,0.707436,-1.2474,0.486061,-3.07495,2.31692,0.903208,1.02144,1.018080.166915,0.164941,0.288369,-0.0658248,0.148973,0.0499501,0,0
1481579019,174221664,0.702623,-1.24258,0.478361,-3.07257,2.31335,0.900828,1.02144,1.018080.137975,0.137482,0.264594,-0.075956,0.126499,0.042235,0,0
1481579019,200219471,0.699736,-1.2397,0.472586,-3.07138,2.31097,0.899637,1.02144,1.018080.16163,0.161569,0.285729,-0.0838693,0.119929,0.0499273,0,0
1481579019,226202978,0.694923,-1.23488,0.463924,-3.07019,2.30621,0.897257,1.02144,1.018080.184778,0.136639,0.287996,-0.0507172,0.148986,0.0422293,0,0
1481579019,252221013,0.690111,-1.23007,0.456224,-3.06781,2.30383,0.896067,1.02144,1.018080.131375,0.137401,0.288654,-0.0955899,0.122739,0.0498999,0,0
1481579019,272207606,0.686261,-1.22718,0.449486,-3.06543,2.30026,0.894878,1.02144,1.018080.17722,0.130597,0.312785,-0.0833969,0.149688,0.0422225,0,0
1481579019,298231171,0.684336,-1.2243,0.444674,-3.06543,2.29669,0.892498,1.02144,1.018080.118399,0.136633,0.243627,-0.0252995,0.122827,0.0498991,0,0
1481579019,324208709,0.679523,-1.21948,0.436012,-3.06305,2.29193,0.890118,1.02144,1.018080.173976,0.178535,0.25341,-0.0955745,0.14971,0.0422223,0,0
1481579019,350173603,0.676636,-1.2166,0.430236,-3.06186,2.28955,0.888928,1.02144,1.018080.130025,0.130594,0.284334,-0.0714468,0.122857,0.0796466,0,0
1481579019,376173418,0.671823,-1.21178,0.421574,-3.06067,2.28479,0.886547,1.02144,1.018080.128759,0.128902,0.287642,-0.0476115,0.149704,0.0496591,0,0
1481579019,402213802,0.667011,-1.20697,0.412912,-3.05829,2.28122,0.885357,1.02144,1.018080.136403,0.136421,0.288608,-0.0952011,0.182351,0.0805895,0,0
1481579019,422187297,0.664123,-1.20408,0.407136,-3.05591,2.27884,0.884167,1.02144,1.018080.178477,0.130359,0.288717,-0.0833,0.13483,0.0796424,0,0
1481579019,448207742,0.661236,-1.20023,0.401362,-3.05472,2.27408,0.882977,1.02144,1.018080.154649,0.184726,0.288745,-0.0847876,0.150731,0.0397028,0,0
1481579019,474218542,0.657386,-1.19638,0.392699,-3.05234,2.26932,0.880598,1.02144,1.018080.158984,0.166497,0.288745,-0.0509468,0.126925,0.0991682,0,0
1481579019,500198172,0.654498,-1.19253,0.386924,-3.05115,2.26694,0.879408,1.02144,1.018080.12815,0.177213,0.288746,-0.0509931,0.134862,0.0718911,0,0
1481579019,526198243,0.649686,-1.18772,0.377299,-3.04877,2.26218,0.878218,1.02144,1.018080.128284,0.164625,0.288751,-0.131748,0.18248,0.0774678,0,0
1481579019,546195438,0.646798,-1.18483,0.371524,-3.04758,2.25861,0.877028,1.02144,1.018080.128324,0.137403,0.264684,-0.0329369,0.134862,0.078862,0,0
1481579019,572229291,0.642949,-1.18002,0.363824,-3.0452,2.25623,0.875838,1.02144,1.018080.112287,0.161559,0.321837,-0.0487417,0.135874,0.0396053,0,0
1481579019,598215869,0.640061,-1.17713,0.357087,-3.04401,2.25147,0.874648,1.02144,1.018080.158413,0.164565,0.304918,-0.0507178,0.135974,0.0346982,0,0
1481579019,624221513,0.636211,-1.17232,0.348424,-3.04163,2.24671,0.872267,1.02144,1.018080.111788,0.185524,0.292791,-0.101929,0.152997,0.0384487,0,0
1481579019,650171000,0.634286,-1.16943,0.342649,-3.03925,2.24314,0.872267,1.02144,1.018080.110233,0.15553,0.289251,-0.131741,0.153015,0.0196798,0,0
1481579019,676187257,0.629474,-1.16462,0.333987,-3.03806,2.23838,0.869887,1.02144,1.018080.171928,0.135142,0.288878,-0.0329353,0.186991,0.0346675,0,0
1481579019,696198140,0.627549,-1.16173,0.327249,-3.03687,2.23481,0.869887,1.02144,1.018080.115167,0.130032,0.288781,-0.0974834,0.136017,0.0384144,0,0
1481579019,722267698,0.622736,-1.15692,0.318587,-3.03449,2.23124,0.868698,1.02144,1.018080.12268,0.136562,0.300781,-0.101436,0.195487,0.0345493,0,0
1481579019,748201559,0.620811,-1.15403,0.312812,-3.0333,2.22648,0.867508,1.02144,1.018080.111582,0.137382,0.290257,-0.0721791,0.188054,0.0191924,0,0
1481579019,774202077,0.616961,-1.14922,0.304149,-3.03092,2.22172,0.866318,1.02144,1.018080.124155,0.178729,0.337249,-0.0477947,0.195778,0.0345456,0,0
1481579019,800265606,0.614074,-1.14633,0.298374,-3.02973,2.21815,0.865128,1.02144,1.018080.147859,0.130619,0.258716,-0.050599,0.188084,0.0340657,0,0
1481579019,826215532,0.611186,-1.14152,0.288749,-3.02735,2.21339,0.863938,1.02144,1.018080.10915,0.177025,0.305306,-0.0721498,0.195772,0.0382639,0,0
1481579019,852191360,0.606374,-1.13671,0.279124,-3.02497,2.20982,0.862748,1.02144,1.018080.170051,0.130409,0.266759,-0.0833932,0.158349,0.0345305,0,0
1481579019,872218830,0.604449,-1.13286,0.273349,-3.02378,2.20625,0.861558,1.02144,1.018080.114698,0.176972,0.307316,-0.0505985,0.188325,0.0681276,0,0
1481579019,898191539,0.601561,-1.12997,0.267574,-3.02259,2.20149,0.860367,1.02144,1.018080.14669,0.166495,0.291072,-0.0509495,0.157418,0.0680642,0,0
1481579019,924244443,0.598674,-1.12516,0.257949,-3.02021,2.19673,0.859177,1.02144,1.018080.108857,0.161932,0.313388,-0.101987,0.158371,0.0765111,0,0
1481579019,950237756,0.595786,-1.12227,0.252174,-3.01783,2.19316,0.857987,1.02144,1.018080.121885,0.164615,0.291826,-0.101999,0.15366,0.0690589,0,0
1481579019,976220279,0.591936,-1.11746,0.242549,-3.01545,2.18721,0.856798,1.02144,1.018080.102656,0.161462,0.313583,-0.084999,0.157418,0.0172647,0,0

