0,0,
1481577610,99466972,0.495686,-1.03372,0.319549,-3.08804,2.38713,0.702098,1.02648,1.0206-0.0272324,0.0344251,-0.0656501,0.0851319,-0.122009,0.0468415,0,0
1481577610,125457560,0.495686,-1.03276,0.322437,-3.08923,2.38951,0.700908,1.02648,1.0206-0.00340405,0.0283648,-0.0803928,0.0255165,-0.059879,0.0653502,0,0
1481577610,157460268,0.495686,-1.0318,0.323399,-3.09042,2.3907,0.700908,1.02648,1.0206-0.000425573,0.0276073,-0.0581725,0.0626894,-0.0223588,0.00816878,0,0
1481577610,157460268,0.495686,-1.0318,0.323399,-3.09042,2.3907,0.700908,1.02648,1.0206-0.000425573,0.0276073,-0.0581725,0.0626894,-0.0223588,0.00816878,0,0
1481577610,209447151,0.495686,-1.0318,0.323399,-3.09042,2.39189,0.700908,1.02648,1.0206-1.33158e-05,0.000862727,-0.00181787,0.00195904,-0.00813542,0.000255274,0,0
1481577610,235505397,0.495686,-1.0318,0.323399,-3.09042,2.39189,0.700908,1.02648,1.0206-1.5979e-06,0.000107841,-0.000227434,0.00024488,-0.00101679,3.19093e-05,0,0
1481577610,261491575,0.495686,-1.03084,0.323399,-3.09042,2.39189,0.700908,1.02648,1.0206-5.32632e-07,0.0240886,-5.69916e-05,6.12201e-05,-0.000254066,7.97732e-06,0,0
1481577610,261491575,0.495686,-1.03084,0.323399,-3.09042,2.39189,0.700908,1.02648,1.0206-5.32632e-07,0.0240886,-5.69916e-05,6.12201e-05,-0.000254066,7.97732e-06,0,0
1481577610,313455130,0.495686,-1.03084,0.323399,-3.09042,2.39189,0.700908,1.02648,1.02060,0.000752769,-1.5979e-06,1.91313e-06,-7.98948e-06,2.49291e-07,0,0
1481577610,335450678,0.495686,-1.03084,0.323399,-3.09042,2.39189,0.700908,1.02648,1.02060,9.40962e-05,0,2.39141e-07,-1.06526e-06,3.11614e-08,0,0
1481577610,355523528,0.495686,-1.03084,0.323399,-3.09042,2.39189,0.700908,1.02648,1.02060,2.3524e-05,0,5.97852e-08,0,7.79035e-09,0,0
1481577610,355523528,0.495686,-1.03084,0.323399,-3.09042,2.39189,0.700908,1.02648,1.02060,2.3524e-05,0,5.97852e-08,0,7.79035e-09,0,0
1481577610,401464499,0.495686,-1.03084,0.323399,-3.09042,2.39189,0.700908,1.02648,1.02060,1.47025e-06,0,3.73658e-09,0,4.86897e-10,0,0
1481577610,447457622,0.495686,-1.03084,0.323399,-3.09042,2.39189,0.700908,1.02648,1.02060,4.59454e-08,0,1.16768e-10,0,1.52154e-11,0,0
1481577610,447457622,0.495686,-1.03084,0.323399,-3.09042,2.39189,0.700908,1.02648,1.02060,4.59454e-08,0,1.16768e-10,0,1.52154e-11,0,0
1481577610,499497423,0.495686,-1.03084,0.323399,-3.09042,2.39189,0.700908,1.02648,1.02060,1.43579e-09,0,3.64864e-12,0,4.75175e-13,0,0
1481577610,525462035,0.495686,-1.03084,0.323399,-3.09042,2.39189,0.700908,1.02648,1.02060,1.79474e-10,0,4.56524e-13,0,5.9508e-14,0,0
1481577610,571552541,0.495686,-1.03084,0.323399,-3.09042,2.39189,0.700908,1.02648,1.02060,1.12168e-11,0,2.84217e-14,0,3.55271e-15,0,0
1481577610,597448084,0.495686,-1.03084,0.323399,-3.09042,2.39189,0.700908,1.02648,1.02060,1.40243e-12,0,3.55271e-15,0,8.88178e-16,0,0
1481577610,623454151,0.495686,-1.03084,0.323399,-3.09042,2.39189,0.700908,1.02648,1.02060,3.5083e-13,0,8.88178e-16,0,0,0,0
1481577610,649473639,0.495686,-1.03084,0.323399,-3.09042,2.39189,0.700908,1.02648,1.02060,4.35207e-14,0,0,0,0,0,0
1481577610,649473639,0.495686,-1.03084,0.323399,-3.09042,2.39189,0.700908,1.02648,1.02060,4.35207e-14,0,0,0,0,0,0
1481577610,721478207,0.495686,-1.03084,0.323399,-3.09042,2.39189,0.700908,1.02648,1.02060,0,0,0,0,0,0,0
1481577610,747455376,0.495686,-1.03084,0.323399,-3.09042,2.39189,0.700908,1.02648,1.02060,0,0,0,0,0,0,0
1481577610,747455376,0.495686,-1.03084,0.323399,-3.09042,2.39189,0.700908,1.02648,1.02060,0,0,0,0,0,0,0
1481577610,799458660,0.495686,-1.03084,0.323399,-3.09042,2.39189,0.700908,1.02648,1.02060,0,0,0,0,0,0,0
1481577610,825448588,0.495686,-1.03084,0.323399,-3.09042,2.39189,0.700908,1.02648,1.02060,0,0,0,0,0,0,0
1481577610,871449437,0.495686,-1.03084,0.323399,-3.09042,2.39189,0.700908,1.02648,1.02060,0,0,0,0,0,0,0
1481577610,897462231,0.495686,-1.03084,0.323399,-3.09042,2.39189,0.700908,1.02648,1.02060,0,0,0,0,0,0,0
1481577610,923481894,0.495686,-1.03084,0.323399,-3.09042,2.39189,0.700908,1.02648,1.02060,0,0,0,0,0,0,0
1481577610,949459267,0.495686,-1.03084,0.323399,-3.09042,2.39189,0.700908,1.02648,1.02060,0,0,0,0,0,0,0
1481577610,949459267,0.495686,-1.03084,0.323399,-3.09042,2.39189,0.700908,1.02648,1.02060,0,0,0,0,0,0,0
1481577611,21478725,0.495686,-1.03084,0.323399,-3.09042,2.39189,0.700908,1.02648,1.02060,0,0,0,0,0,0,0
1481577611,47430521,0.495686,-1.03084,0.323399,-3.09042,2.39189,0.700908,1.02648,1.02060,0,0,0,0,0,0,0
1481577611,47430521,0.495686,-1.03084,0.323399,-3.09042,2.39189,0.700908,1.02648,1.02060,0,0,0,0,0,0,0
1481577611,99449268,0.495686,-1.03084,0.323399,-3.09042,2.39189,0.700908,1.02648,1.02060,0,0,0,0,0,0,0
1481577611,125457116,0.495686,-1.03084,0.323399,-3.09042,2.39189,0.700908,1.02648,1.02060,0,0,0,0,0,0,0
1481577611,151453547,0.495686,-1.03084,0.323399,-3.09042,2.39189,0.700908,1.02648,1.02060,0,0,0,0,0,0,0
1481577611,197432258,0.495686,-1.03084,0.323399,-3.09042,2.39189,0.700908,1.02648,1.02060,0,0,0,0,0,0,0
1481577611,223456674,0.495686,-1.03084,0.323399,-3.09042,2.39189,0.700908,1.02648,1.02060,0,0,0,0,0,0,0
1481577611,249471663,0.495686,-1.03084,0.323399,-3.09042,2.39189,0.700908,1.02648,1.02060,0,0,0,0,0,0,0
1481577611,249471663,0.495686,-1.03084,0.323399,-3.09042,2.39189,0.700908,1.02648,1.02060,0,0,0,0,0,0,0
1481577611,321436899,0.495686,-1.03084,0.323399,-3.09042,2.39189,0.700908,1.02648,1.02060,0,0,0,0,0,0,0
1481577611,347450121,0.495686,-1.03084,0.323399,-3.09042,2.39189,0.700908,1.02648,1.02060,0,0,0,0,0,0,0
1481577611,347450121,0.495686,-1.03084,0.323399,-3.09042,2.39189,0.700908,1.02648,1.02060,0,0,0,0,0,0,0
1481577611,399475989,0.495686,-1.03084,0.323399,-3.09042,2.39189,0.700908,1.02648,1.02060,0,0,0,0,0,0,0
1481577611,425467289,0.495686,-1.03084,0.323399,-3.09042,2.39189,0.700908,1.02648,1.02060,0,0,0,0,0,0,0
1481577611,451459237,0.495686,-1.03084,0.323399,-3.09042,2.39189,0.700908,1.02648,1.02060,0,0,0,0,0,0,0
1481577611,497442196,0.495686,-1.03084,0.323399,-3.09042,2.39189,0.700908,1.02648,1.02060,0,0,0,0,0,0,0
1481577611,523475424,0.495686,-1.03084,0.323399,-3.09042,2.39189,0.700908,1.02648,1.02060,0,0,0,0,0,0,0
1481577611,549452470,0.495686,-1.03084,0.323399,-3.09042,2.39189,0.700908,1.02648,1.02060,0,0,0,0,0,0,0
1481577611,549452470,0.495686,-1.03084,0.323399,-3.09042,2.39189,0.700908,1.02648,1.02060,0,0,0,0,0,0,0
1481577611,601472726,0.495686,-1.03084,0.323399,-3.09042,2.39189,0.700908,1.02648,1.02060,0,0,0,0,0,0,0
1481577611,647463305,0.495686,-1.03084,0.323399,-3.09042,2.39189,0.700908,1.02648,1.02060,0,0,0,0,0,0,0
1481577611,647463305,0.495686,-1.03084,0.323399,-3.09042,2.39189,0.700908,1.02648,1.02060,0,0,0,0,0,0,0
1481577611,699417304,0.495686,-1.03084,0.323399,-3.09042,2.39189,0.700908,1.02648,1.02060,0,0,0,0,0,0,0
1481577611,725465301,0.495686,-1.03084,0.323399,-3.09042,2.39189,0.700908,1.02648,1.02060,0,0,0,0,0,0,0
1481577611,751440735,0.495686,-1.03084,0.323399,-3.09042,2.39189,0.700908,1.02648,1.02060,0,0,0,0,0,0,0
1481577611,797423035,0.495686,-1.03084,0.323399,-3.09042,2.39189,0.700908,1.02648,1.02060,0,0,0,0,0,0,0
1481577611,823496493,0.495686,-1.03084,0.323399,-3.09042,2.39189,0.700908,1.02648,1.02060,0,0,0,0,0,0,0
1481577611,849463246,0.495686,-1.03084,0.323399,-3.09042,2.39189,0.700908,1.02648,1.02060,0,0,0,0,0,0,0
1481577611,849463246,0.495686,-1.03084,0.323399,-3.09042,2.39189,0.700908,1.02648,1.02060,0,0,0,0,0,0,0
1481577611,901481971,0.495686,-1.03084,0.323399,-3.09042,2.39189,0.700908,1.02648,1.02060,0,0,0,0,0,0,0
1481577611,947445419,0.495686,-1.03084,0.323399,-3.09042,2.39189,0.700908,1.02648,1.02060,0,0,0,0,0,0,0
1481577611,947445419,0.495686,-1.03084,0.323399,-3.09042,2.39189,0.700908,1.02648,1.02060,0,0,0,0,0,0,0
1481577611,999434201,0.495686,-1.03084,0.323399,-3.09042,2.39189,0.700908,1.02648,1.02060,0,0,0,0,0,0,0
1481577612,25451955,0.495686,-1.03084,0.323399,-3.09042,2.39189,0.700908,1.02648,1.02060,0,0,0,0,0,0,0
1481577612,51445596,0.495686,-1.03084,0.323399,-3.09042,2.39189,0.700908,1.02648,1.02060,0,0,0,0,0,0,0
1481577612,97447598,0.495686,-1.03084,0.323399,-3.09042,2.39189,0.700908,1.02648,1.02060,0,0,0,0,0,0,0
1481577612,123462422,0.495686,-1.03084,0.323399,-3.09042,2.39189,0.700908,1.02648,1.02060,0,0,0,0,0,0,0
1481577612,149458310,0.495686,-1.03084,0.323399,-3.09042,2.39189,0.700908,1.02648,1.02060,0,0,0,0,0,0,0
1481577612,149458310,0.495686,-1.03084,0.323399,-3.09042,2.39189,0.700908,1.02648,1.02060,0,0,0,0,0,0,0
1481577612,221447215,0.495686,-1.03084,0.323399,-3.09042,2.39189,0.700908,1.02648,1.02060,0,0,0,0,0,0,0
1481577612,247448668,0.495686,-1.03084,0.323399,-3.09042,2.39189,0.700908,1.02648,1.02060,0,0,0,0,0,0,0
1481577612,247448668,0.495686,-1.03084,0.323399,-3.09042,2.39189,0.700908,1.02648,1.02060,0,0,0,0,0,0,0
1481577612,299435276,0.495686,-1.03084,0.323399,-3.09042,2.39189,0.700908,1.02648,1.02060,0,0,0,0,0,0,0
1481577612,325464544,0.495686,-1.03084,0.323399,-3.09042,2.39189,0.700908,1.02648,1.02060,0,0,0,0,0,0,0
1481577612,351454455,0.495686,-1.03084,0.323399,-3.09042,2.39189,0.700908,1.02648,1.02060,0,0,0,0,0,0,0
1481577612,397438737,0.495686,-1.03084,0.323399,-3.09042,2.39189,0.700908,1.02648,1.02060,0,0,0,0,0,0,0
1481577612,423482541,0.495686,-1.03084,0.323399,-3.09042,2.39189,0.700908,1.02648,1.02060,0,0,0,0,0,0,0
1481577612,449439278,0.495686,-1.03084,0.323399,-3.09042,2.39189,0.700908,1.02648,1.02060,0,0,0,0,0,0,0
1481577612,449439278,0.495686,-1.03084,0.323399,-3.09042,2.39189,0.700908,1.02648,1.02060,0,0,0,0,0,0,0
1481577612,521475840,0.495686,-1.03084,0.323399,-3.09042,2.39189,0.700908,1.02648,1.02060,0,0,0,0,0,0,0
1481577612,547452380,0.495686,-1.03084,0.323399,-3.09042,2.39189,0.700908,1.02648,1.02060,0,0,0,0,0,0,0
1481577612,547452380,0.495686,-1.03084,0.323399,-3.09042,2.39189,0.700908,1.02648,1.02060,0,0,0,0,0,0,0
1481577612,599417642,0.495686,-1.03084,0.323399,-3.09042,2.39189,0.700908,1.02648,1.02060,0,0,0,0,0,0,0
1481577612,625470569,0.495686,-1.03084,0.323399,-3.09042,2.39189,0.700908,1.02648,1.02060,0,0,0,0,0,0,0
1481577612,651463876,0.495686,-1.03084,0.323399,-3.09042,2.39189,0.700908,1.02648,1.02060,0,0,0,0,0,0,0
1481577612,697443997,0.495686,-1.03084,0.323399,-3.09042,2.39189,0.700908,1.02648,1.02060,0,0,0,0,0,0,0
1481577612,723488459,0.495686,-1.03084,0.323399,-3.09042,2.39189,0.700908,1.02648,1.02060,0,0,0,0,0,0,0
1481577612,749466500,0.495686,-1.03084,0.323399,-3.09042,2.39189,0.700908,1.02648,1.02060,0,0,0,0,0,0,0
1481577612,749466500,0.495686,-1.03084,0.323399,-3.09042,2.39189,0.700908,1.02648,1.02060,0,0,0,0,0,0,0
1481577612,821434758,0.495686,-1.03084,0.323399,-3.09042,2.39189,0.700908,1.02648,1.02060,0,0,0,0,0,0,0
1481577612,847448692,0.495686,-1.03084,0.323399,-3.09042,2.39189,0.700908,1.02648,1.02060,0,0,0,0,0,0,0
1481577612,847448692,0.495686,-1.03084,0.323399,-3.09042,2.39189,0.700908,1.02648,1.02060,0,0,0,0,0,0,0
1481577612,899478016,0.495686,-1.03084,0.323399,-3.09042,2.39189,0.700908,1.02648,1.02060,0,0,0,0,0,0,0
1481577612,925441961,0.495686,-1.03084,0.323399,-3.09042,2.39189,0.700908,1.02648,1.02060,0,0,0,0,0,0,0
1481577612,951441031,0.495686,-1.03084,0.323399,-3.09042,2.39189,0.700908,1.02648,1.02060,0,0,0,0,0,0,0
1481577612,997439223,0.495686,-1.03084,0.323399,-3.09042,2.39189,0.700908,1.02648,1.02060,0,0,0,0,0,0,0
1481577613,23444635,0.495686,-1.03084,0.323399,-3.09042,2.39189,0.700908,1.02648,1.02060,0,0,0,0,0,0,0
1481577613,49446697,0.495686,-1.03084,0.323399,-3.09042,2.39189,0.700908,1.02648,1.02060,0,0,0,0,0,0,0
1481577613,49446697,0.495686,-1.03084,0.323399,-3.09042,2.39189,0.700908,1.02648,1.02060,0,0,0,0,0,0,0
1481577613,101473653,0.495686,-1.03084,0.323399,-3.09042,2.39189,0.700908,1.02648,1.02060,0,0,0,0,0,0,0
1481577613,147440025,0.495686,-1.03084,0.323399,-3.09042,2.39189,0.700908,1.02648,1.02060,0,0,0,0,0,0,0
1481577613,147440025,0.495686,-1.03084,0.323399,-3.09042,2.39189,0.700908,1.02648,1.02060,0,0,0,0,0,0,0
1481577613,199429805,0.495686,-1.03084,0.323399,-3.09042,2.39189,0.700908,1.02648,1.02060,0,0,0,0,0,0,0
1481577613,225435949,0.495686,-1.03084,0.323399,-3.09042,2.3907,0.700908,1.02648,1.02060,0,0,0,0.059495,0,0,0
1481577613,271435296,0.495686,-1.0318,0.323399,-3.09042,2.38356,0.700908,1.02648,1.02060,0,0,0,0.137596,0,0,0
1481577613,297438130,0.495686,-1.03276,0.323399,-3.08923,2.3788,0.700908,1.02648,1.02060,-0.0601544,0,-0.0297496,0.225445,0,0,0
1481577613,323429230,0.495686,-1.03468,0.322437,-3.08447,2.37166,0.700908,1.02648,1.02060,-0.0631617,0,-0.0669375,0.234873,0,0,0
1481577613,349435109,0.495686,-1.03661,0.320512,-3.08209,2.36571,0.700908,1.02648,1.02060,-0.0921246,0.0842225,-0.157117,0.267353,0,0,0
1481577613,349435109,0.495686,-1.03661,0.320512,-3.08209,2.36571,0.700908,1.02648,1.02060,-0.0921246,0.0842225,-0.157117,0.267353,0,0,0
1481577613,401468356,0.495686,-1.04431,0.313774,-3.07495,2.34667,0.700908,1.02648,1.02060,-0.147249,0.119936,-0.123909,0.317002,0,0,0
1481577613,447460135,0.495686,-1.05008,0.307999,-3.06781,2.33239,0.700908,1.02648,1.02060,-0.15198,0.151133,-0.186091,0.355756,0,0,0
1481577613,447460135,0.495686,-1.05008,0.307999,-3.06781,2.33239,0.700908,1.02648,1.02060,-0.15198,0.151133,-0.186091,0.355756,0,0,0
1481577613,499449189,0.495686,-1.05778,0.301262,-3.06067,2.31454,0.702098,1.02648,1.02060,-0.17619,0.125033,-0.135971,0.356967,-0.00743714,0,0
1481577613,525447144,0.495686,-1.06164,0.296449,-3.05591,2.30383,0.703288,1.02648,1.02060,-0.130308,0.172038,-0.180621,0.356983,-0.030677,0,0
1481577613,571455535,0.495686,-1.06934,0.288749,-3.04877,2.28598,0.705668,1.02648,1.02060,-0.176576,0.161141,-0.152601,0.357014,-0.0168045,0,0
1481577613,597433615,0.495686,-1.07318,0.284899,-3.0452,2.27765,0.705668,1.02648,1.02060,-0.178476,0.188578,-0.15295,0.386736,-0.0169745,0,0
1481577613,623431276,0.495686,-1.07704,0.281049,-3.04044,2.26575,0.706858,1.02648,1.02060,-0.164927,0.167456,-0.186987,0.364425,-0.033991,0,0
1481577613,649461825,0.495686,-1.08088,0.277199,-3.03687,2.25861,0.708048,1.02648,1.02060,-0.17702,0.177336,-0.186998,0.402543,-0.0339963,0,0
1481577613,649461825,0.495686,-1.08088,0.277199,-3.03687,2.25861,0.708048,1.02648,1.02060,-0.17702,0.177336,-0.186998,0.402543,-0.0339963,0,0
1481577613,721453790,0.495686,-1.09243,0.263724,-3.02616,2.22886,0.711618,1.02648,1.02060,-0.176584,0.185612,-0.134406,0.387096,-0.0690568,0,0
1481577613,747431068,0.495686,-1.09532,0.260837,-3.02259,2.22053,0.712808,1.02648,1.02060,-0.130357,0.143511,-0.180425,0.420264,-0.0383793,0,0
1481577613,747431068,0.495686,-1.09532,0.260837,-3.02259,2.22053,0.712808,1.02648,1.02060,-0.130357,0.143511,-0.180425,0.420264,-0.0383793,0,0
1481577613,799425092,0.495686,-1.10302,0.252174,-3.01545,2.20149,0.715188,1.02648,1.02060,-0.160488,0.178936,-0.132076,0.418478,-0.0346653,0,0
1481577613,825444209,0.495686,-1.10783,0.247362,-3.01069,2.19078,0.717569,1.02648,1.02060,-0.176462,0.142684,-0.135509,0.364692,-0.078755,0,0
1481577613,871437902,0.495686,-1.11457,0.237737,-3.00355,2.17174,0.719948,1.02648,1.02060,-0.161417,0.183366,-0.127469,0.37236,-0.0346696,0,0
1481577613,897430781,0.495686,-1.11746,0.234849,-2.99998,2.16341,0.721138,1.02648,1.02060,-0.128455,0.143237,-0.149809,0.418422,-0.0787023,0,0
1481577613,923439684,0.495686,-1.12227,0.229074,-2.99641,2.15271,0.722328,1.02648,1.02060,-0.128367,0.180186,-0.186202,0.37236,-0.0791705,0,0
1481577613,949427834,0.495686,-1.12516,0.225224,-2.99284,2.14437,0.723518,1.02648,1.02060,-0.160416,0.190958,-0.142275,0.418429,-0.0396438,0,0
1481577613,949427834,0.495686,-1.12516,0.225224,-2.99284,2.14437,0.723518,1.02648,1.02060,-0.160416,0.190958,-0.142275,0.418429,-0.0396438,0,0
1481577614,21475742,0.495686,-1.13575,0.210787,-2.97975,2.11343,0.728278,1.02648,1.02060,-0.159923,0.174439,-0.135916,0.372361,-0.0793265,0,0
1481577614,47436958,0.495686,-1.13863,0.206937,-2.97737,2.10629,0.729468,1.02648,1.02060,-0.128268,0.190238,-0.135989,0.373801,-0.0396635,0,0
1481577614,47436958,0.495686,-1.13863,0.206937,-2.97737,2.10629,0.729468,1.02648,1.02060,-0.128268,0.190238,-0.135989,0.373801,-0.0396635,0,0
1481577614,99423750,0.495686,-1.14537,0.197312,-2.97023,2.08725,0.733038,1.02648,1.02060,-0.127328,0.192432,-0.134405,0.361258,-0.0421456,0,0
1481577614,125442239,0.495686,-1.14922,0.191537,-2.96547,2.07536,0.735418,1.02648,1.02060,-0.124193,0.192489,-0.180425,0.372393,-0.079637,0,0
1481577614,151427307,0.495686,-1.15307,0.185762,-2.96071,2.06346,0.737798,1.02648,1.02060,-0.15137,0.192496,-0.134356,0.360839,-0.0496568,0,0
1481577614,197454162,0.495686,-1.15885,0.178062,-2.95476,2.04798,0.740178,1.02648,1.02060,-0.158137,0.204535,-0.152949,0.390602,-0.0498917,0,0
1481577614,223434885,0.495686,-1.1627,0.172287,-2.95,2.03609,0.742557,1.02648,1.02060,-0.111719,0.195504,-0.186986,0.4249,-0.0422202,0,0
1481577614,249436463,0.495686,-1.16462,0.168437,-2.94762,2.02895,0.743748,1.02648,1.02060,-0.110212,0.192878,-0.127498,0.365475,-0.0499252,0,0
1481577614,249436463,0.495686,-1.16462,0.168437,-2.94762,2.02895,0.743748,1.02648,1.02060,-0.110212,0.192878,-0.127498,0.365475,-0.0499252,0,0
1481577614,321425277,0.495686,-1.17425,0.152075,-2.93572,1.99682,0.749698,1.02648,1.02060,-0.109139,0.216562,-0.186004,0.373807,-0.0422223,0,0
1481577614,347432581,0.495686,-1.17713,0.148225,-2.93215,1.98968,0.750888,1.02648,1.02060,-0.121926,0.19551,-0.186875,0.373962,-0.0498991,0,0
1481577614,347432581,0.495686,-1.17713,0.148225,-2.93215,1.98968,0.750888,1.02648,1.02060,-0.121926,0.19551,-0.186875,0.373962,-0.0498991,0,0
1481577614,399404256,0.495686,-1.18291,0.1386,-2.92501,1.96944,0.755647,1.02648,1.02060,-0.103064,0.192592,-0.165746,0.42076,-0.101957,0,0
1481577614,425449534,0.495686,-1.18676,0.131862,-2.92025,1.95874,0.756838,1.02648,1.02060,-0.109133,0.216576,-0.184343,0.364957,-0.042519,0,0
1481577614,471418517,0.495686,-1.19253,0.121275,-2.91311,1.93851,0.761598,1.02648,1.02060,-0.097052,0.218068,-0.123084,0.424444,-0.0844632,0,0
1481577614,497428830,0.495686,-1.19446,0.117425,-2.91073,1.93018,0.762788,1.02648,1.02060,-0.108382,0.195694,-0.134385,0.424939,-0.0551791,0,0
1481577614,523410902,0.494724,-1.19735,0.110687,-2.90597,1.91828,0.765168,1.02648,1.02060.0481366,-0.0992805,0.193297,-0.152596,0.373989,-0.103037,0,0
1481577614,549422714,0.494724,-1.20023,0.105875,-2.9024,1.91114,0.767548,1.02648,1.02060.00601708,-0.120701,0.252756,-0.15295,0.373985,-0.102122,0,0
1481577614,549422714,0.494724,-1.20023,0.105875,-2.9024,1.91114,0.767548,1.02648,1.02060.00601708,-0.120701,0.252756,-0.15295,0.373985,-0.102122,0,0
1481577614,621444255,0.493761,-1.2089,0.0885498,-2.8905,1.87901,0.774688,1.02648,1.02060.0481703,-0.102466,0.217035,-0.165749,0.425002,-0.102128,0,0
1481577614,647433634,0.493761,-1.21082,0.0846998,-2.88693,1.87068,0.775878,1.02648,1.02060.00602129,-0.0970243,0.207595,-0.184343,0.395262,-0.0871349,0,0
1481577614,647433634,0.493761,-1.21082,0.0846998,-2.88693,1.87068,0.775878,1.02648,1.02060.00602129,-0.0970243,0.207595,-0.184343,0.395262,-0.0871349,0,0
1481577614,699451450,0.492799,-1.21563,0.0731498,-2.87979,1.85045,0.780637,1.02648,1.02060.0483115,-0.0962711,0.247109,-0.165666,0.425142,-0.103121,0,0
1481577614,725440713,0.492799,-1.21948,0.0673748,-2.87503,1.83855,0.783018,1.02648,1.02060.00603894,-0.108284,0.199329,-0.139708,0.425027,-0.102186,0,0
1481577614,771442947,0.491836,-1.2243,0.0558249,-2.86789,1.81951,0.787778,1.02648,1.02060.0124083,-0.0969987,0.223003,-0.127732,0.391004,-0.0881922,0,0
1481577614,797424284,0.491836,-1.22622,0.0510123,-2.86313,1.81118,0.790158,1.02648,1.02060.00155103,-0.0963441,0.220379,-0.209341,0.391012,-0.11514,0,0
1481577614,823436922,0.491836,-1.22911,0.0442749,-2.85956,1.79809,0.792538,1.02648,1.02060.000387758,-0.0962711,0.223533,-0.141585,0.395255,-0.0585326,0,0
1481577614,849437118,0.491836,-1.23103,0.0394625,-2.85599,1.79095,0.794917,1.02648,1.02064.84698e-05,-0.0962498,0.220438,-0.181321,0.376663,-0.111433,0,0
1481577614,849437118,0.491836,-1.23103,0.0394625,-2.85599,1.79095,0.794917,1.02648,1.02064.84698e-05,-0.0962498,0.220438,-0.181321,0.376663,-0.111433,0,0
1481577614,921426296,0.490874,-1.23873,0.0211749,-2.8429,1.75882,0.802058,1.02648,1.02060.00150423,-0.0962472,0.223545,-0.212456,0.391542,-0.0585081,0,0
1481577614,947445373,0.489911,-1.24066,0.0154,-2.83933,1.75049,0.804438,1.02648,1.02060.0242497,-0.120322,0.268565,-0.190182,0.391072,-0.11143,0,0
1481577614,947445373,0.489911,-1.24066,0.0154,-2.83933,1.75049,0.804438,1.02648,1.02060.0242497,-0.120322,0.268565,-0.190182,0.391072,-0.11143,0,0
1481577614,999419574,0.489911,-1.24451,0.00385,-2.83219,1.72907,0.809198,1.02648,1.02060.000757803,-0.0939915,0.224952,-0.136099,0.436145,-0.103933,0,0
1481577615,25452133,0.489911,-1.2474,-0.00385,-2.82743,1.71717,0.812768,1.02648,1.02069.47254e-05,-0.0959649,0.268744,-0.136012,0.426395,-0.117108,0,0
1481577615,71418384,0.488949,-1.25125,-0.0154,-2.8191,1.69694,0.817528,1.02648,1.02060.00602134,-0.0962323,0.269448,-0.187001,0.435721,-0.103999,0,0
1481577615,97424715,0.488949,-1.25317,-0.0211749,-2.81553,1.68861,0.819907,1.02648,1.02060.000752667,-0.0842139,0.274303,-0.186999,0.396575,-0.117116,0,0
1481577615,123466999,0.487986,-1.25606,-0.0288749,-2.81077,1.67552,0.823478,1.02648,1.02060.0242498,-0.0932383,0.261072,-0.16575,0.396659,-0.118575,0,0
1481577615,149420304,0.487986,-1.25702,-0.0336874,-2.8072,1.66719,0.825858,1.02648,1.02060.00303123,-0.0718223,0.261225,-0.154594,0.43634,-0.118938,0,0
1481577615,149420304,0.487986,-1.25702,-0.0336874,-2.8072,1.66719,0.825858,1.02648,1.02060.00303123,-0.0718223,0.261225,-0.154594,0.43634,-0.118938,0,0
1481577615,221429886,0.487024,-1.2628,-0.0519749,-2.79411,1.63625,0.834187,1.02648,1.02060.00604076,-0.0449249,0.212585,-0.128575,0.366922,-0.104116,0,0
1481577615,247439540,0.486061,-1.26376,-0.0558249,-2.79292,1.63268,0.835378,1.02648,1.02060.0248168,-0.0417083,0.195013,-0.105322,0.20949,-0.0874364,0,0
1481577615,247439540,0.486061,-1.26376,-0.0558249,-2.79292,1.63268,0.835378,1.02648,1.02060.0248168,-0.0417083,0.195013,-0.105322,0.20949,-0.0874364,0,0
1481577615,299428369,0.486061,-1.26568,-0.0596749,-2.79173,1.6303,0.835378,1.02648,1.02060.000775524,-0.0283792,0.0752781,-0.00700997,0.0177019,-0.0027324,0,0
1481577615,325423660,0.486061,-1.26568,-0.0596749,-2.79173,1.63268,0.835378,1.02648,1.02069.69405e-05,-0.00354733,0.00940976,-0.00087618,-0.08703,-0.000341417,0,0
1481577615,371433981,0.486061,-1.26568,-0.0577498,-2.79411,1.6422,0.835378,1.02648,1.02066.05878e-06,-0.000221575,-0.0716002,0.0296952,-0.206249,-2.13053e-05,0,0
1481577615,397422471,0.486061,-1.26568,-0.0558249,-2.79649,1.64815,0.834187,1.02648,1.02067.57347e-07,-2.76969e-05,-0.0811348,0.107837,-0.293522,0.0297715,0,0
1481577615,423430757,0.486061,-1.26568,-0.0519749,-2.79887,1.65767,0.831807,1.02648,1.02061.89337e-07,-6.92422e-06,-0.116534,0.145959,-0.311374,0.0371904,0,0
1481577615,449439106,0.486061,-1.26472,-0.0481249,-2.80244,1.66362,0.830618,1.02648,1.02062.36671e-08,0.0481358,-0.170971,0.137245,-0.321556,0.0790176,0,0
1481577615,449439106,0.486061,-1.26472,-0.0481249,-2.80244,1.66362,0.830618,1.02648,1.02062.36671e-08,0.0481358,-0.170971,0.137245,-0.321556,0.0790176,0,0
1481577615,501421347,0.486061,-1.26183,-0.0365749,-2.81077,1.68504,0.824668,1.02648,1.02067.39597e-10,0.0315813,-0.191823,0.14932,-0.35588,0.102867,0,0
1481577615,547420790,0.486061,-1.25895,-0.0279125,-2.81672,1.70051,0.821097,1.02648,1.02062.31122e-11,0.0882104,-0.216539,0.149698,-0.371828,0.103666,0,0
1481577615,547420790,0.486061,-1.25895,-0.0279125,-2.81672,1.70051,0.821097,1.02648,1.02062.31122e-11,0.0882104,-0.216539,0.149698,-0.371828,0.103666,0,0
1481577615,599411119,0.486061,-1.2551,-0.0163625,-2.82505,1.72074,0.816338,1.02648,1.02067.22089e-13,0.0929945,-0.220323,0.186897,-0.420666,0.103637,0,0
1481577615,625445993,0.486061,-1.25317,-0.00962493,-2.82981,1.73264,0.813958,1.02648,1.02069.05942e-14,0.0838093,-0.208011,0.186987,-0.3947,0.0575759,0,0
1481577615,671476279,0.486061,-1.24836,0.00192493,-2.83695,1.75287,0.808007,1.02648,1.02065.32907e-15,0.0954693,-0.211518,0.152999,-0.389119,0.115152,0,0
1481577615,697420727,0.486061,-1.24643,0.0077,-2.84052,1.7612,0.806817,1.02648,1.02068.88178e-16,0.0961528,-0.267066,0.153,-0.435398,0.088776,0,0
1481577615,723430835,0.486061,-1.24451,0.0144374,-2.84528,1.7731,0.803248,1.02648,1.02060,0.0962232,-0.211143,0.186998,-0.436098,0.111437,0,0
1481577615,749412940,0.486061,-1.24258,0.01925,-2.84885,1.78024,0.800868,1.02648,1.02060,0.0842129,-0.230927,0.187,-0.366901,0.118046,0,0
1481577615,749412940,0.486061,-1.24258,0.01925,-2.84885,1.78024,0.800868,1.02648,1.02060,0.0842129,-0.230927,0.187,-0.366901,0.118046,0,0
1481577615,801425235,0.486061,-1.23681,0.0327249,-2.85837,1.80523,0.794917,1.02648,1.02060,0.0958739,-0.253853,0.136,-0.375909,0.115242,0,0
1481577615,847454756,0.487024,-1.23296,0.0423499,-2.86432,1.8207,0.791348,1.02648,1.0206-0.00601555,0.096235,-0.224492,0.153,-0.391071,0.111439,0,0
1481577615,847454756,0.487024,-1.23296,0.0423499,-2.86432,1.8207,0.791348,1.02648,1.0206-0.00601555,0.096235,-0.224492,0.153,-0.391071,0.111439,0,0
1481577615,899413982,0.487986,-1.22815,0.0538999,-2.87265,1.84093,0.787778,1.02648,1.0206-0.0122223,0.0962471,-0.247641,0.187,-0.391538,0.0555406,0,0
1481577615,925472757,0.487986,-1.22526,0.0606374,-2.87622,1.85283,0.784208,1.02648,1.0206-0.00152759,0.0962467,-0.247518,0.1275,-0.391079,0.111059,0,0
1481577615,971434997,0.487986,-1.22045,0.0712248,-2.88455,1.87306,0.780637,1.02648,1.0206-9.53412e-05,0.09625,-0.201956,0.134406,-0.374009,0.111084,0,0
1481577615,997424142,0.488949,-1.21852,0.0760372,-2.88693,1.88139,0.778258,1.02648,1.0206-0.048135,0.0962471,-0.217741,0.1358,-0.433502,0.103128,0,0
1481577616,23424345,0.488949,-1.21467,0.0827748,-2.89169,1.89329,0.775878,1.02648,1.0206-0.0120338,0.144383,-0.222877,0.15295,-0.435612,0.0555295,0,0
1481577616,49461257,0.488949,-1.21275,0.0875872,-2.89526,1.90043,0.773498,1.02648,1.0206-0.00150415,0.102264,-0.220356,0.152993,-0.366833,0.111057,0,0
1481577616,49461257,0.488949,-1.21275,0.0875872,-2.89526,1.90043,0.773498,1.02648,1.0206-0.00150415,0.102264,-0.220356,0.152993,-0.366833,0.111057,0,0
1481577616,121419274,0.489911,-1.20408,0.104912,-2.90716,1.93256,0.766358,1.02648,1.0206-0.00602727,0.144424,-0.198735,0.16575,-0.433297,0.103151,0,0
1481577616,147435546,0.489911,-1.20216,0.109725,-2.91073,1.94089,0.765168,1.02648,1.0206-0.000753142,0.102269,-0.253436,0.184344,-0.426039,0.0872627,0,0
1481577616,147435546,0.489911,-1.20216,0.109725,-2.91073,1.94089,0.765168,1.02648,1.0206-0.000753142,0.102269,-0.253436,0.184344,-0.426039,0.0872627,0,0
1481577616,199418465,0.489911,-1.19638,0.11935,-2.91787,1.95993,0.761598,1.02648,1.0206-2.34358e-05,0.0994442,-0.194402,0.180542,-0.374037,0.0845326,0,0
1481577616,225429696,0.490874,-1.19253,0.126087,-2.92263,1.97183,0.759218,1.02648,1.0206-0.0481265,0.14477,-0.240864,0.186192,-0.388884,0.0849353,0,0
1481577616,271452365,0.490874,-1.18676,0.136675,-2.92977,1.99206,0.755647,1.02648,1.0206-0.00300777,0.0992827,-0.207556,0.152949,-0.373858,0.0424928,0,0
1481577616,297427502,0.490874,-1.18483,0.140525,-2.93215,1.9992,0.754458,1.02648,1.0206-0.000376038,0.108657,-0.194379,0.0934937,-0.373988,0.0499462,0,0
1481577616,323397830,0.490874,-1.18098,0.1463,-2.93691,2.0111,0.752078,1.02648,1.0206-9.37433e-05,0.123418,-0.192968,0.142373,-0.390986,0.101729,0,0
1481577616,349412432,0.491836,-1.1781,0.15015,-2.94048,2.01942,0.750888,1.02648,1.0206-0.0240734,0.123705,-0.192561,0.151671,-0.42075,0.0424636,0,0
1481577616,349412432,0.491836,-1.1781,0.15015,-2.94048,2.01942,0.750888,1.02648,1.0206-0.0240734,0.123705,-0.192561,0.151671,-0.42075,0.0424636,0,0
1481577616,401450653,0.491836,-1.17136,0.1617,-2.94881,2.04204,0.746128,1.02648,1.0206-0.000752077,0.109139,-0.195507,0.149771,-0.388746,0.101725,0,0
1481577616,447420298,0.491836,-1.16655,0.170362,-2.95595,2.05869,0.742557,1.02648,1.0206-2.34358e-05,0.102678,-0.195604,0.186899,-0.432367,0.0999116,0,0
1481577616,447420298,0.491836,-1.16655,0.170362,-2.95595,2.05869,0.742557,1.02648,1.0206-2.34358e-05,0.102678,-0.195604,0.186899,-0.432367,0.0999116,0,0
1481577616,499409823,0.491836,-1.15981,0.18095,-2.96309,2.07773,0.738988,1.02648,1.0206-5.32632e-07,0.123517,-0.204626,0.18434,-0.418856,0.0998016,0,0
1481577616,525419673,0.491836,-1.15596,0.185762,-2.96785,2.08845,0.737798,1.02648,1.02060,0.11169,-0.16995,0.186667,-0.364739,0.0422227,0,0
1481577616,571400208,0.492799,-1.14922,0.19635,-2.97499,2.10867,0.734228,1.02648,1.0206-0.0481233,0.127302,-0.191089,0.130667,-0.364926,0.0398233,0,0
1481577616,597413607,0.492799,-1.14633,0.2002,-2.97737,2.11581,0.733038,1.02648,1.0206-0.00601555,0.12419,-0.204357,0.135333,-0.372872,0.0793467,0,0
1481577616,623415495,0.493761,-1.14248,0.205012,-2.98213,2.12771,0.731848,1.02648,1.0206-0.0496269,0.151356,-0.147343,0.152833,-0.390707,0.0793317,0,0
1481577616,649415602,0.493761,-1.1396,0.208862,-2.98451,2.13485,0.730658,1.02648,1.0206-0.00620357,0.127204,-0.186853,0.123229,-0.361221,0.039664,0,0
1481577616,649415602,0.493761,-1.1396,0.208862,-2.98451,2.13485,0.730658,1.02648,1.0206-0.00620357,0.127204,-0.186853,0.123229,-0.361221,0.039664,0,0
1481577616,701417800,0.493761,-1.13093,0.21945,-2.99403,2.15865,0.727088,1.02648,1.0206-0.000193878,0.115267,-0.18029,0.1526,-0.364577,0.07933,0,0
1481577616,747411509,0.493761,-1.12516,0.227149,-2.99998,2.17412,0.724708,1.02648,1.0206-5.85895e-06,0.160016,-0.192114,0.149799,-0.420458,0.0396634,0,0
1481577616,747411509,0.493761,-1.12516,0.227149,-2.99998,2.17412,0.724708,1.02648,1.0206-5.85895e-06,0.160016,-0.192114,0.149799,-0.420458,0.0396634,0,0
1481577616,799416929,0.494724,-1.11842,0.235812,-3.00831,2.19197,0.721138,1.02648,1.0206-0.0481233,0.152378,-0.168428,0.186899,-0.358997,0.0793267,0,0
1481577616,825432023,0.494724,-1.11457,0.241587,-3.01188,2.20387,0.719948,1.02648,1.0206-0.00601555,0.127328,-0.189489,0.127487,-0.372111,0.0396633,0,0
1481577616,871412721,0.494724,-1.10687,0.250249,-3.02021,2.22291,0.717569,1.02648,1.0206-0.000376038,0.164372,-0.14419,0.134405,-0.387707,0.0694109,0,0
1481577616,897412146,0.494724,-1.10398,0.254099,-3.02259,2.23124,0.716378,1.02648,1.0206-4.68716e-05,0.128824,-0.186459,0.1358,-0.390599,0.0235634,0,0
1481577616,923422229,0.494724,-1.09917,0.258912,-3.02735,2.24195,0.713998,1.02648,1.0206-1.17179e-05,0.128466,-0.16693,0.15295,-0.365404,0.0356384,0,0
1481577616,949440227,0.494724,-1.09628,0.261799,-3.02973,2.25028,0.713998,1.02648,1.0206-1.5979e-06,0.160428,-0.165243,0.123244,-0.417533,0.0193286,0,0
1481577616,949440227,0.494724,-1.09628,0.261799,-3.02973,2.25028,0.713998,1.02648,1.0206-1.5979e-06,0.160428,-0.165243,0.123244,-0.417533,0.0193286,0,0
1481577617,21412157,0.495686,-1.08377,0.275274,-3.04282,2.28003,0.710428,1.02648,1.0206-0.00601715,0.136601,-0.168223,0.1869,-0.387209,0.038265,0,0
1481577617,47403676,0.495686,-1.08088,0.279124,-3.04639,2.28836,0.709238,1.02648,1.0206-0.000752077,0.137387,-0.177432,0.186987,-0.390517,0.0345306,0,0
1481577617,47403676,0.495686,-1.08088,0.279124,-3.04639,2.28836,0.709238,1.02648,1.0206-0.000752077,0.137387,-0.177432,0.186987,-0.390517,0.0345306,0,0
1481577617,99404107,0.495686,-1.07318,0.287787,-3.05353,2.30621,0.706858,1.02648,1.0206-2.34358e-05,0.136636,-0.186011,0.135999,-0.358053,0.068011,0,0
1481577617,125407793,0.495686,-1.06837,0.292599,-3.05829,2.31811,0.706858,1.02648,1.0206-3.19579e-06,0.161463,-0.179654,0.135999,-0.372013,0.00850137,0,0
1481577617,177426070,0.495686,-1.05971,0.300299,-3.06662,2.33715,0.704479,1.02648,1.02060,0.179506,-0.162017,0.153,-0.416979,0.0337316,0,0
1481577617,197429347,0.495686,-1.05682,0.303187,-3.07019,2.34429,0.704479,1.02648,1.02060,0.141123,-0.160816,0.187,-0.371999,0.0084329,0,0
1481577617,223439297,0.495686,-1.05201,0.307999,-3.07495,2.35619,0.703288,1.02648,1.02060,0.179651,-0.136454,0.1955,-0.330993,0.0318824,0,0
1481577617,249434692,0.495686,-1.04816,0.311849,-3.07733,2.36333,0.702098,1.02648,1.02060,0.17886,-0.185492,0.128562,-0.36863,0.0634803,0,0
1481577617,275467599,0.495686,-1.04431,0.315699,-3.08209,2.37166,0.702098,1.02648,1.02060,0.154697,-0.155529,0.16482,-0.284072,0.00793504,0,0
1481577617,301409444,0.495686,-1.04142,0.317624,-3.08447,2.37761,0.700908,1.02648,1.02060,0.110866,-0.111074,0.100705,-0.190035,0.0614788,0,0
1481577617,327415126,0.495686,-1.0395,0.319549,-3.08566,2.38118,0.700908,1.02648,1.02060,0.098074,-0.0620074,0.0869631,-0.202239,0.00768485,0,0
1481577617,347410275,0.495686,-1.03757,0.320512,-3.08685,2.38356,0.700908,1.02648,1.02060,0.0967035,-0.063625,0.0812406,-0.139816,0.00192121,0,0
1481577617,373413081,0.495686,-1.03661,0.321474,-3.08685,2.38475,0.700908,1.02648,1.02060,0.0482375,-0.0399714,0.0203101,-0.0647015,0.000480303,0,0
1481577617,399405845,0.495686,-1.03565,0.322437,-3.08685,2.38594,0.700908,1.02648,1.02060,0.030098,-0.0531199,0.00253877,-0.037835,6.00379e-05,0,0
1481577617,425443744,0.495686,-1.03565,0.322437,-3.08685,2.38594,0.700908,1.02648,1.02060,0.00376225,-0.00663979,0.000317346,-0.00472924,7.50473e-06,0,0
1481577617,451410581,0.495686,-1.03468,0.322437,-3.08685,2.38594,0.700908,1.02648,1.02060,0.0250022,-0.00166021,7.93365e-05,-0.00118244,1.87618e-06,0,0
1481577617,471423820,0.495686,-1.03468,0.322437,-3.08685,2.38713,0.700908,1.02648,1.02060,0.00625056,-0.00041492,1.98341e-05,-0.000295611,4.69046e-07,0,0
1481577617,497421268,0.495686,-1.03468,0.322437,-3.08685,2.38713,0.700908,1.02648,1.02060,0.000781319,-5.16653e-05,2.47927e-06,-0.0149105,5.86307e-08,0,0
1481577617,523442991,0.495686,-1.03468,0.322437,-3.08685,2.38713,0.700908,1.02648,1.02060,0.00019533,-1.27832e-05,6.19816e-07,-0.00372789,1.46577e-08,0,0
1481577617,549435898,0.495686,-1.03468,0.322437,-3.08685,2.38713,0.700908,1.02648,1.02060,2.44162e-05,-1.5979e-06,7.7477e-08,-0.000466053,1.83221e-09,0,0
1481577617,575451911,0.495686,-1.03468,0.322437,-3.08685,2.38713,0.700908,1.02648,1.02060,3.05203e-06,0,9.68463e-09,-5.80569e-05,2.29027e-10,0,0
1481577617,601389219,0.495686,-1.03468,0.322437,-3.08685,2.38713,0.700908,1.02648,1.02060,7.63007e-07,0,2.42116e-09,-1.43811e-05,5.72564e-11,0,0
1481577617,627440038,0.495686,-1.03468,0.322437,-3.08685,2.38713,0.700908,1.02648,1.02060,9.53759e-08,0,3.02645e-10,-1.5979e-06,7.15694e-12,0,0
1481577617,647417299,0.495686,-1.03468,0.322437,-3.08685,2.38713,0.700908,1.02648,1.02060,2.3844e-08,0,7.56613e-11,-5.32632e-07,1.78968e-12,0,0
1481577617,673432886,0.495686,-1.03468,0.322437,-3.08685,2.38713,0.700908,1.02648,1.02060,5.96099e-09,0,1.89155e-11,0,4.47642e-13,0,0
1481577617,699439344,0.495686,-1.03468,0.322437,-3.08685,2.38713,0.700908,1.02648,1.02060,7.45124e-10,0,2.36433e-12,0,5.59552e-14,0,0
1481577617,725391431,0.495686,-1.03468,0.322437,-3.08685,2.38713,0.700908,1.02648,1.02060,9.31406e-11,0,2.95763e-13,0,7.10543e-15,0,0
1481577617,751407210,0.495686,-1.03468,0.322437,-3.08685,2.38713,0.700908,1.02648,1.02060,2.32854e-11,0,7.37188e-14,0,1.77636e-15,0,0
1481577617,771421942,0.495686,-1.03468,0.322437,-3.08685,2.38713,0.700908,1.02648,1.02060,5.82112e-12,0,1.86517e-14,0,0,0,0
1481577617,797397175,0.495686,-1.03468,0.322437,-3.08685,2.38713,0.700908,1.02648,1.02060,7.27418e-13,0,2.66454e-15,0,0,0,0
1481577617,823412927,0.495686,-1.03468,0.322437,-3.08685,2.38713,0.700908,1.02648,1.02060,1.82077e-13,0,8.88178e-16,0,0,0,0
1481577617,849446450,0.495686,-1.03468,0.322437,-3.08685,2.38713,0.700908,1.02648,1.02060,2.30926e-14,0,0,0,0,0,0
1481577617,875443038,0.495686,-1.03468,0.322437,-3.08685,2.38713,0.700908,1.02648,1.02060,2.66454e-15,0,0,0,0,0,0
1481577617,901440407,0.495686,-1.03468,0.322437,-3.08685,2.38713,0.700908,1.02648,1.02060,8.88178e-16,0,0,0,0,0,0
1481577617,921400691,0.495686,-1.03468,0.322437,-3.08685,2.38713,0.700908,1.02648,1.02060,0,0,0,0,0,0,0
1481577617,947408995,0.495686,-1.03468,0.322437,-3.08685,2.38713,0.700908,1.02648,1.02060,0,0,0,0,0,0,0
1481577617,973463388,0.495686,-1.03468,0.322437,-3.08685,2.38713,0.700908,1.02648,1.02060,0,0,0,0,0,0,0
1481577617,999400855,0.495686,-1.03468,0.322437,-3.08685,2.38713,0.700908,1.02648,1.02060,0,0,0,0,0,0,0
1481577618,25410051,0.495686,-1.03468,0.322437,-3.08685,2.38713,0.700908,1.02648,1.02060,0,0,0,0,0,0,0
1481577618,51403618,0.495686,-1.03468,0.322437,-3.08685,2.38713,0.700908,1.02648,1.02060,0,0,0,0,0,0,0
1481577618,71400280,0.495686,-1.03468,0.322437,-3.08685,2.38713,0.700908,1.02648,1.02060,0,0,0,0,0,0,0
1481577618,97410196,0.495686,-1.03468,0.322437,-3.08685,2.38713,0.700908,1.02648,1.02060,0,0,0,0,0,0,0
1481577618,123412024,0.495686,-1.03468,0.322437,-3.08685,2.38713,0.700908,1.02648,1.02060,0,0,0,0,0,0,0
1481577618,149419654,0.495686,-1.03468,0.322437,-3.08685,2.38713,0.700908,1.02648,1.02060,0,0,0,0,0,0,0
1481577618,175415952,0.495686,-1.03468,0.322437,-3.08685,2.38713,0.700908,1.02648,1.02060,0,0,0,0,0,0,0
1481577618,201436631,0.495686,-1.03468,0.322437,-3.08685,2.38713,0.700908,1.02648,1.02060,0,0,0,0,0,0,0
1481577618,227444052,0.495686,-1.03468,0.322437,-3.08685,2.38713,0.700908,1.02648,1.02060,0,0,0,0,0,0,0
1481577618,247393999,0.495686,-1.03468,0.322437,-3.08685,2.38713,0.700908,1.02648,1.02060,0,0,0,0,0,0,0
1481577618,273402681,0.495686,-1.03468,0.322437,-3.08685,2.38713,0.700908,1.02648,1.02060,0,0,0,0,0,0,0
1481577618,299395621,0.495686,-1.03468,0.322437,-3.08685,2.38713,0.700908,1.02648,1.02060,0,0,0,0,0,0,0
1481577618,325411664,0.495686,-1.03468,0.322437,-3.08685,2.38713,0.700908,1.02648,1.02060,0,0,0,0,0,0,0
1481577618,351404400,0.495686,-1.03468,0.322437,-3.08685,2.38713,0.700908,1.02648,1.02060,0,0,0,0,0,0,0
1481577618,371420311,0.495686,-1.03468,0.322437,-3.08685,2.38713,0.700908,1.02648,1.02060,0,0,0,0,0,0,0
1481577618,397402310,0.495686,-1.03468,0.322437,-3.08685,2.38713,0.700908,1.02648,1.02060,0,0,0,0,0,0,0
1481577618,423418775,0.495686,-1.03468,0.322437,-3.08685,2.38713,0.700908,1.02648,1.02060,0,0,0,0,0,0,0
1481577618,449434610,0.495686,-1.03468,0.322437,-3.08685,2.38713,0.700908,1.02648,1.02060,0,0,0,0,0,0,0
1481577618,475403867,0.495686,-1.03468,0.322437,-3.08685,2.38713,0.700908,1.02648,1.02060,0,0,0,0,0,0,0
1481577618,501394027,0.495686,-1.03468,0.322437,-3.08685,2.38713,0.700908,1.02648,1.02060,0,0,0,0,0,0,0
1481577618,527483906,0.495686,-1.03468,0.322437,-3.08685,2.38713,0.700908,1.02648,1.02060,0,0,0,0,0,0,0
1481577618,547410133,0.495686,-1.03468,0.322437,-3.08685,2.38713,0.700908,1.02648,1.02060,0,0,0,0,0,0,0
1481577618,573413477,0.495686,-1.03468,0.322437,-3.08685,2.38713,0.700908,1.02648,1.02060,0,0,0,0,0,0,0
1481577618,599427994,0.495686,-1.03468,0.322437,-3.08685,2.38713,0.700908,1.02648,1.02060,0,0,0,0,0,0,0
1481577618,625393252,0.495686,-1.03468,0.322437,-3.08685,2.38713,0.700908,1.02648,1.02060,0,0,0,0,0,0,0
1481577618,651420304,0.495686,-1.03468,0.322437,-3.08685,2.38713,0.700908,1.02648,1.02060,0,0,0,0,0,0,0
1481577618,677438303,0.495686,-1.03468,0.322437,-3.08685,2.38713,0.700908,1.02648,1.02060,0,0,0,0,0,0,0
1481577618,697403588,0.495686,-1.03468,0.322437,-3.08685,2.38713,0.700908,1.02648,1.02060,0,0,0,0,0,0,0
1481577618,723410313,0.495686,-1.03468,0.322437,-3.08685,2.38713,0.700908,1.02648,1.02060,0,0,0,0,0,0,0
1481577618,749397442,0.495686,-1.03468,0.322437,-3.08685,2.38713,0.700908,1.02648,1.02060,0,0,0,0,0,0,0
1481577618,775418574,0.495686,-1.03468,0.322437,-3.08685,2.38713,0.700908,1.02648,1.02060,0,0,0,0,0,0,0
1481577618,801401827,0.495686,-1.03468,0.322437,-3.08685,2.38713,0.700908,1.02648,1.02060,0,0,0,0,0,0,0
1481577618,827429208,0.495686,-1.03468,0.322437,-3.08685,2.38713,0.700908,1.02648,1.02060,0,0,0,0,0,0,0
1481577618,847381415,0.495686,-1.03468,0.322437,-3.08685,2.38713,0.700908,1.02648,1.02060,0,0,0,0,0,0,0
1481577618,873424445,0.495686,-1.03468,0.322437,-3.08685,2.38713,0.700908,1.02648,1.02060,0,0,0,0,0,0,0
1481577618,899393434,0.495686,-1.03468,0.322437,-3.08685,2.38713,0.700908,1.02648,1.02060,0,0,0,0,0,0,0
1481577618,925403625,0.495686,-1.03468,0.322437,-3.08685,2.38713,0.700908,1.02648,1.02060,0,0,0,0,0,0,0
1481577618,951412571,0.495686,-1.03468,0.322437,-3.08685,2.38713,0.700908,1.02648,1.02060,0,0,0,0,0,0,0
1481577618,971403988,0.495686,-1.03468,0.322437,-3.08685,2.38713,0.700908,1.02648,1.02060,0,0,0,0,0,0,0
1481577618,997403966,0.495686,-1.03468,0.322437,-3.08685,2.38713,0.700908,1.02648,1.02060,0,0,0,0,0,0,0
1481577619,23396490,0.495686,-1.03468,0.322437,-3.08685,2.38713,0.700908,1.02648,1.02060,0,0,0,0,0,0,0
1481577619,49394555,0.495686,-1.03468,0.322437,-3.08685,2.38713,0.700908,1.02648,1.02060,0,0,0,0,0,0,0
1481577619,75437336,0.495686,-1.03468,0.322437,-3.08685,2.38713,0.700908,1.02648,1.02060,0,0,0,0,0,0,0
1481577619,101423955,0.495686,-1.03468,0.322437,-3.08685,2.38713,0.700908,1.02648,1.02060,0,0,0,0,0,0,0
1481577619,127410612,0.495686,-1.03468,0.322437,-3.08685,2.38713,0.700908,1.02648,1.02060,0,0,0,0,0,0,0
1481577619,147432214,0.495686,-1.03468,0.322437,-3.08685,2.38713,0.700908,1.02648,1.02060,0,0,0,0,0,0,0
1481577619,173411364,0.495686,-1.03468,0.322437,-3.08685,2.38713,0.700908,1.02648,1.02060,0,0,0,0,0,0,0
1481577619,199442036,0.495686,-1.03468,0.322437,-3.08685,2.38713,0.700908,1.02648,1.02060,0,0,0,0,0,0,0
1481577619,225399240,0.495686,-1.03468,0.322437,-3.08685,2.38713,0.700908,1.02648,1.02060,0,0,0,0,0,0,0
1481577619,251444208,0.495686,-1.03468,0.322437,-3.08685,2.38713,0.700908,1.02648,1.02060,0,0,0,0,0,0,0
1481577619,271409244,0.495686,-1.03468,0.322437,-3.08685,2.38713,0.700908,1.02648,1.02060,0,0,0,0,0,0,0
1481577619,297417558,0.495686,-1.03468,0.322437,-3.08685,2.38713,0.700908,1.02648,1.02060,0,0,0,0,0,0,0
1481577619,323401641,0.495686,-1.03468,0.322437,-3.08685,2.38713,0.700908,1.02648,1.02060,0,0,0,0,0,0,0
1481577619,349370879,0.495686,-1.03468,0.322437,-3.08685,2.38713,0.700908,1.02648,1.02060,0,0,0,0,0,0,0
1481577619,375419934,0.495686,-1.03468,0.322437,-3.08685,2.38713,0.700908,1.02648,1.02060,0,0,0,0,0,0,0
1481577619,401391379,0.495686,-1.03468,0.322437,-3.08685,2.38713,0.700908,1.02648,1.02060,0,0,0,0,0,0,0
1481577619,427432119,0.495686,-1.03468,0.322437,-3.08685,2.38713,0.700908,1.02648,1.02060,0,0,0,0,0,0,0
1481577619,447414481,0.495686,-1.03468,0.322437,-3.08685,2.38713,0.700908,1.02648,1.02060,0,0,0,0,0,0,0
1481577619,473417058,0.495686,-1.03468,0.322437,-3.08685,2.38713,0.700908,1.02648,1.02060,0,0,0,0,0,0,0
1481577619,499396899,0.495686,-1.03468,0.322437,-3.08685,2.38713,0.700908,1.02648,1.02060,0,0,0,0,0,0,0
1481577619,525407437,0.495686,-1.03468,0.322437,-3.08685,2.38713,0.700908,1.02648,1.02060,0,0,0,0,0,0,0
1481577619,551402869,0.495686,-1.03468,0.322437,-3.08685,2.38713,0.700908,1.02648,1.02060,0,0,0,0,0,0,0
1481577619,577393566,0.495686,-1.03468,0.322437,-3.08685,2.38713,0.700908,1.02648,1.02060,0,0,0,0,0,0,0
1481577619,597400686,0.495686,-1.03468,0.322437,-3.08685,2.38713,0.700908,1.02648,1.02060,0,0,0,0,0,0,0
1481577619,623387296,0.495686,-1.03468,0.322437,-3.08685,2.38713,0.700908,1.02648,1.02060,0,0,0,0,0,0,0
1481577619,649409495,0.495686,-1.03468,0.322437,-3.08685,2.38713,0.700908,1.02648,1.02060,0,0,0,0,0,0,0
1481577619,675445563,0.495686,-1.03468,0.322437,-3.08685,2.38713,0.700908,1.02648,1.02060,0,0,0,0,0,0,0
1481577619,701426402,0.495686,-1.03468,0.322437,-3.08685,2.38713,0.700908,1.02648,1.02060,0,0,0,0,0,0,0
1481577619,727438765,0.495686,-1.03468,0.322437,-3.08685,2.38713,0.700908,1.02648,1.02060,0,0,0,0,0,0,0
1481577619,747428845,0.495686,-1.03468,0.322437,-3.08685,2.38713,0.700908,1.02648,1.02060,0,0,0,0,0,0,0
1481577619,773415684,0.495686,-1.03468,0.322437,-3.08685,2.38713,0.700908,1.02648,1.02060,0,0,0,0,0,0,0
1481577619,799388895,0.495686,-1.03468,0.322437,-3.08685,2.38713,0.700908,1.02648,1.02060,0,0,0,0,0,0,0
1481577619,825400458,0.495686,-1.03468,0.322437,-3.08685,2.38713,0.700908,1.02648,1.02060,0,0,0,0,0,0,0
1481577619,851407640,0.495686,-1.03468,0.322437,-3.08685,2.38713,0.700908,1.02648,1.02060,0,0,0,0,0,0,0
1481577619,877429429,0.495686,-1.03468,0.322437,-3.08685,2.38713,0.700908,1.02648,1.02060,0,0,0,0,0,0,0
1481577619,897400697,0.495686,-1.03468,0.322437,-3.08685,2.38713,0.700908,1.02648,1.02060,0,0,0,0,0,0,0
1481577619,923395113,0.495686,-1.03468,0.322437,-3.08685,2.38713,0.700908,1.02648,1.02060,0,0,0,0,0,0,0
1481577619,949371523,0.495686,-1.03468,0.322437,-3.08685,2.38713,0.700908,1.02648,1.02060,0,0,0,0,0,0,0
1481577619,975403449,0.495686,-1.03468,0.322437,-3.08685,2.38713,0.700908,1.02648,1.02060,0,0,0,0,0,0,0
1481577620,1392272,0.495686,-1.03468,0.322437,-3.08685,2.38713,0.700908,1.02648,1.02060,0,0,0,0,0,0,0
1481577620,21398129,0.495686,-1.03468,0.322437,-3.08685,2.38713,0.700908,1.02648,1.02060,0,0,0,0,0,0,0
1481577620,47395278,0.495686,-1.03468,0.322437,-3.08685,2.38713,0.700908,1.02648,1.02060,0,0,0,0,0,0,0
1481577620,73429869,0.495686,-1.03468,0.322437,-3.08685,2.38713,0.700908,1.02648,1.02060,0,0,0,0,0,0,0
1481577620,99385528,0.495686,-1.03468,0.322437,-3.08685,2.38713,0.700908,1.02648,1.02060,0,0,0,0,0,0,0
1481577620,125420820,0.495686,-1.03468,0.322437,-3.08685,2.38713,0.700908,1.02648,1.02060,0,0,0,0,0,0,0
1481577620,151426165,0.495686,-1.03468,0.322437,-3.08685,2.38713,0.700908,1.02648,1.02060,0,0,0,0,0,0,0
1481577620,171412371,0.495686,-1.03468,0.322437,-3.08685,2.38713,0.700908,1.02648,1.02060,0,0,0,0,0,0,0
1481577620,197395421,0.495686,-1.03468,0.322437,-3.08685,2.38713,0.700908,1.02648,1.02060,0,0,0,0,0,0,0
1481577620,223400694,0.495686,-1.03468,0.322437,-3.08685,2.38713,0.700908,1.02648,1.02060,0,0,0,0,0,0,0
1481577620,249398057,0.495686,-1.03468,0.322437,-3.08685,2.38713,0.700908,1.02648,1.02060,0,0,0,0,0,0,0
1481577620,275437632,0.495686,-1.03468,0.323399,-3.08685,2.38713,0.700908,1.02648,1.02060,0,-0.0481233,0,0,0,0,0
1481577620,301423224,0.496649,-1.03468,0.325324,-3.08923,2.38951,0.700908,1.02648,1.0206-0.0481233,0,-0.0601544,0.0297499,-0.0595217,0,0,0
1481577620,327415561,0.497611,-1.03468,0.328212,-3.08923,2.3907,0.700908,1.02648,1.0206-0.0541389,0,-0.139862,0.0185937,-0.0818091,0,0,0
1481577620,347390855,0.498574,-1.03468,0.331099,-3.09161,2.39308,0.700908,1.02648,1.0206-0.061658,0,-0.15528,0.0938981,-0.109695,0,0,0
1481577620,373400674,0.499536,-1.03565,0.336874,-3.09399,2.39665,0.700908,1.02648,1.0206-0.0635377,-0.0481233,-0.183197,0.0829743,-0.116693,0,0,0
1481577620,399393162,0.501461,-1.03661,0.340724,-3.09399,2.39903,0.700908,1.02648,1.0206-0.0801271,-0.0541522,-0.191334,0.0252468,-0.118703,0,0,0
1481577620,425376584,0.502424,-1.03854,0.346499,-3.09637,2.40379,0.700908,1.02648,1.0206-0.0340778,-0.0669231,-0.192357,0.0477807,-0.148715,0,0,0
1481577620,451409835,0.505311,-1.04142,0.353237,-3.09875,2.40855,0.700908,1.02648,1.0206-0.0807177,-0.088916,-0.240589,0.101195,-0.156169,0,0,0
1481577620,471418115,0.507236,-1.04431,0.359012,-3.10113,2.41212,0.700908,1.02648,1.0206-0.0923643,-0.0944139,-0.252647,0.0847986,-0.187793,0,0,0
1481577620,497406666,0.508199,-1.04624,0.363824,-3.10351,2.41569,0.702098,1.02648,1.0206-0.0716998,-0.108052,-0.236113,0.114725,-0.157351,-0.0297475,0,0
1481577620,523387236,0.511086,-1.04912,0.371524,-3.10589,2.42045,0.703288,1.02648,1.0206-0.0901097,-0.099198,-0.275587,0.0286811,-0.158328,-0.0371841,0,0
1481577620,549427619,0.513011,-1.05105,0.376337,-3.10708,2.42402,0.704479,1.02648,1.0206-0.095486,-0.0966158,-0.22695,0.0928349,-0.153668,-0.0344224,0,0
1481577620,575397537,0.515899,-1.0549,0.384999,-3.10946,2.42997,0.705668,1.02648,1.0206-0.0961518,-0.120361,-0.281024,0.0859792,-0.197707,-0.0191764,0,0
1481577620,601428344,0.518786,-1.05875,0.393662,-3.11184,2.43592,0.706858,1.02648,1.0206-0.0962227,-0.102276,-0.286814,0.0512447,-0.168417,-0.0345417,0,0
1481577620,621403335,0.520711,-1.06067,0.399437,-3.11422,2.43949,0.708048,1.02648,1.0206-0.0962408,-0.121816,-0.288269,0.102061,-0.161107,-0.0383831,0,0
1481577620,647411234,0.522636,-1.06356,0.405212,-3.11541,2.44306,0.710428,1.02648,1.0206-0.0962493,-0.123508,-0.288689,0.0573825,-0.168889,-0.0791667,0,0
1481577620,673387135,0.524561,-1.06741,0.413874,-3.11898,2.44901,0.711618,1.02648,1.0206-0.0962472,-0.103062,-0.28873,0.0738455,-0.19096,-0.0792866,0,0
1481577620,699382923,0.526486,-1.06934,0.418686,-3.12017,2.45139,0.712808,1.02648,1.0206-0.0842161,-0.109143,-0.264682,0.0538556,-0.142867,-0.0396582,0,0
1481577620,725399244,0.530336,-1.07318,0.427349,-3.12374,2.45734,0.715188,1.02648,1.0206-0.106777,-0.12192,-0.285737,0.0959818,-0.166603,-0.079326,0,0
1481577620,751370689,0.533224,-1.07607,0.436012,-3.12731,2.46329,0.716378,1.02648,1.0206-0.122941,-0.102665,-0.288,0.113245,-0.160667,-0.0793265,0,0
1481577620,777390359,0.535149,-1.07896,0.441786,-3.12969,2.46686,0.717569,1.02648,1.0206-0.0995836,-0.121117,-0.288656,0.14803,-0.168848,-0.0396902,0,0
1481577620,797408220,0.537074,-1.08185,0.448524,-3.13088,2.47043,0.718758,1.02648,1.0206-0.0970941,-0.126526,-0.336852,0.0965074,-0.161202,-0.0396699,0,0
1481577620,823414398,0.540924,-1.0857,0.456224,-3.13445,2.47638,0.721138,1.02648,1.0206-0.144582,-0.103816,-0.276713,0.0538768,-0.159317,-0.0396651,0,0
1481577620,849384591,0.541886,-1.08762,0.461999,-3.13564,2.47995,0.722328,1.02648,1.0206-0.054165,-0.109227,-0.287246,0.0959844,-0.198426,-0.079327,0,0
1481577620,875421761,0.545736,-1.09147,0.470661,-3.13921,2.48471,0.724708,1.02648,1.0206-0.103024,-0.121931,-0.300592,0.145873,-0.158667,-0.0991585,0,0
1481577620,901382378,0.548624,-1.09532,0.479324,3.14159,2.49066,0.725898,1.02648,1.0206-0.0979409,-0.150804,-0.291711,0.095968,-0.218165,-0.0842848,0,0
1481577620,927414893,0.551511,-1.09821,0.485099,3.13921,2.49423,0.728278,1.02648,1.0206-0.144582,-0.15119,-0.289119,0.116121,-0.161148,-0.099778,0,0
1481577620,947432230,0.553436,-1.10013,0.490874,3.13683,2.49899,0.729468,1.02648,1.0206-0.132405,-0.109982,-0.288843,0.14803,-0.218772,-0.0844398,0,0
1481577620,973387714,0.556324,-1.10398,0.499536,3.13445,2.50375,0.731848,1.02648,1.0206-0.105286,-0.147817,-0.288774,0.0965073,-0.143949,-0.0806581,0,0
1481577620,999391863,0.559211,-1.10591,0.504349,3.13207,2.50732,0.733038,1.02648,1.0206-0.1455,-0.102693,-0.240625,0.116188,-0.166744,-0.084451,0,0
1481577621,25387888,0.562099,-1.10976,0.513011,3.12969,2.51327,0.735418,1.02648,1.0206-0.114441,-0.109096,-0.270704,0.0740234,-0.214228,-0.084925,0,0
1481577621,51410864,0.564986,-1.11361,0.521674,3.12612,2.51803,0.736608,1.02648,1.0206-0.148919,-0.147582,-0.284239,0.0780057,-0.202295,-0.0509788,0,0
1481577621,71417402,0.567874,-1.1165,0.528411,3.12374,2.5216,0.738988,1.02648,1.0206-0.133476,-0.10908,-0.335746,0.108751,-0.199338,-0.101987,0,0
1481577621,97401250,0.570761,-1.11842,0.533224,3.12255,2.52517,0.741368,1.02648,1.0206-0.149037,-0.109895,-0.2465,0.0582188,-0.158781,-0.0871173,0,0
1481577621,123383435,0.573649,-1.12227,0.541886,3.11898,2.52993,0.743748,1.02648,1.0206-0.133506,-0.12372,-0.254123,0.0740546,-0.158699,-0.0515268,0,0
1481577621,149367301,0.575574,-1.1242,0.547661,3.11779,2.5335,0.746128,1.02648,1.0206-0.100904,-0.0996811,-0.284423,0.0538817,-0.153714,-0.11057,0,0
1481577621,175391870,0.579424,-1.12805,0.554399,3.11541,2.53826,0.748508,1.02648,1.0206-0.144959,-0.10871,-0.216021,0.0364851,-0.153078,-0.0584425,0,0
1481577621,201439479,0.583274,-1.1319,0.563061,3.11303,2.54183,0.750888,1.02648,1.0206-0.156548,-0.147486,-0.270569,0.0983711,-0.127525,-0.103853,0,0
1481577621,223391693,0.586161,-1.13478,0.567874,3.11065,2.54421,0.754458,1.02648,1.0206-0.111322,-0.15718,-0.284206,0.0840926,-0.121124,-0.115206,0,0
1481577621,249411223,0.588086,-1.13767,0.573649,3.11065,2.54659,0.756838,1.02648,1.0206-0.110165,-0.15199,-0.276148,0.0253865,-0.11927,-0.11857,0,0
1481577621,275409780,0.591936,-1.14056,0.579424,3.10827,2.54897,0.759218,1.02648,1.0206-0.14611,-0.103215,-0.202956,0.0477982,-0.104151,-0.104064,0,0
1481577621,301410784,0.594824,-1.14441,0.587124,3.10589,2.55135,0.761598,1.02648,1.0206-0.132787,-0.122057,-0.219177,0.0714494,-0.11528,-0.115258,0,0
1481577621,327402349,0.597711,-1.1473,0.590974,3.10589,2.55373,0.763978,1.02648,1.0206-0.148938,-0.123534,-0.207866,0.0238061,-0.103666,-0.0887759,0,0
1481577621,347423534,0.599636,-1.14922,0.595786,3.1047,2.55492,0.766358,1.02648,1.0206-0.109419,-0.103069,-0.220403,0.0654515,-0.0854113,-0.111437,0,0
1481577621,373410558,0.603486,-1.15307,0.601561,3.10351,2.55611,0.768737,1.02648,1.0206-0.0995399,-0.122021,-0.199476,0.0461128,-0.0511002,-0.117102,0,0
1481577621,399390317,0.605411,-1.15596,0.605411,3.10351,2.55849,0.771118,1.02648,1.0206-0.108693,-0.12353,-0.193372,0.0057641,-0.0956565,-0.103907,0,0
1481577621,425394635,0.609261,-1.15981,0.612149,3.10113,2.55968,0.773498,1.02648,1.0206-0.145926,-0.123725,-0.216671,0.0750955,-0.0714521,-0.087357,0,0
1481577621,451403058,0.612149,-1.16366,0.617924,3.10113,2.56206,0.775878,1.02648,1.0206-0.108673,-0.15124,-0.198542,0.0187739,-0.0476104,-0.111082,0,0
1481577621,477395164,0.615036,-1.16655,0.621774,3.10113,2.56325,0.779448,1.02648,1.0206-0.121861,-0.127182,-0.193255,0.00234673,-0.0803199,-0.118001,0,0
1481577621,497390575,0.617923,-1.16943,0.625624,3.09994,2.56325,0.780637,1.02648,1.0206-0.126712,-0.152111,-0.192689,0.0303366,-0.0200802,-0.0592479,0,0
1481577621,523389628,0.621774,-1.17328,0.631399,3.09875,2.56444,0.784208,1.02648,1.0206-0.151993,-0.158336,-0.192547,0.067084,-0.0347676,-0.104108,0,0
1481577621,549421040,0.623698,-1.17617,0.636211,3.09875,2.56563,0.785398,1.02648,1.0206-0.103215,-0.152144,-0.216568,0.00838549,-0.0341066,-0.0576345,0,0
1481577621,575381341,0.628511,-1.18002,0.641986,3.09875,2.56682,0.788968,1.02648,1.0206-0.169309,-0.127295,-0.195509,0.00104819,-0.0340107,-0.111321,0,0
1481577621,601403587,0.632361,-1.18387,0.646798,3.09756,2.56801,0.791348,1.02648,1.0206-0.114512,-0.152132,-0.193252,0.0597619,-0.00850294,-0.117073,0,0
1481577621,621394908,0.634286,-1.18676,0.651611,3.09756,2.56801,0.793727,1.02648,1.0206-0.124875,-0.158348,-0.168624,0.0149405,-0.0318732,-0.118511,0,0
1481577621,647397997,0.637174,-1.18965,0.655461,3.09637,2.5692,0.797298,1.02648,1.0206-0.123893,-0.128071,-0.225608,0.0613676,-0.0337316,-0.118957,0,0
1481577621,673392656,0.641023,-1.1935,0.661236,3.09637,2.57039,0.799678,1.02648,1.0206-0.12722,-0.152339,-0.200777,0.0153419,-0.00843317,-0.0594865,0,0
1481577621,699383117,0.643911,-1.19638,0.664123,3.09637,2.57039,0.802058,1.02648,1.0206-0.148255,-0.12732,-0.145411,0.00191774,-0.0159278,-0.111552,0,0
1481577621,725417872,0.647761,-1.20023,0.669898,3.09637,2.57039,0.805628,1.02648,1.0206-0.126809,-0.124206,-0.186612,0.000239717,-0.00199098,-0.11806,0,0
1481577621,751389452,0.652574,-1.20505,0.675673,3.09637,2.57158,0.806817,1.02648,1.0206-0.127949,-0.127298,-0.191028,5.99293e-05,-0.0600191,-0.0890103,0,0
1481577621,777390431,0.655461,-1.20793,0.679523,3.09637,2.57158,0.810388,1.02648,1.0206-0.160367,-0.136234,-0.192316,7.49116e-06,-0.00750266,-0.115269,0,0
1481577621,797406638,0.658348,-1.21082,0.683373,3.09637,2.57277,0.812768,1.02648,1.0206-0.1604,-0.130305,-0.192454,1.87279e-06,-0.0613704,-0.11806,0,0
1481577621,823411805,0.662198,-1.21467,0.688186,3.09637,2.57277,0.815148,1.02648,1.0206-0.160415,-0.152885,-0.192488,4.68197e-07,-0.0153425,-0.118757,0,0
1481577621,849423405,0.665086,-1.21756,0.692036,3.09637,2.57277,0.817528,1.02648,1.0206-0.152391,-0.151463,-0.180467,5.85247e-08,-0.00191801,-0.104087,0,0
1481577621,875381490,0.668936,-1.22141,0.696848,3.09637,2.57277,0.821097,1.02648,1.0206-0.115302,-0.12721,-0.178965,7.31558e-09,-0.000239684,-0.117127,0,0
1481577621,901418438,0.674711,-1.22622,0.702623,3.09637,2.57277,0.823478,1.02648,1.0206-0.173195,-0.176186,-0.189113,1.8289e-09,-6.01874e-05,-0.118551,0,0
1481577621,921401814,0.677598,-1.22911,0.706473,3.09637,2.57277,0.825858,1.02648,1.0206-0.139559,-0.164355,-0.191653,4.57224e-10,-1.49137e-05,-0.11888,0,0
1481577621,947420433,0.680486,-1.232,0.710323,3.09637,2.57277,0.829428,1.02648,1.0206-0.161815,-0.128822,-0.192394,5.71534e-11,-2.13053e-06,-0.118976,0,0
1481577621,973399088,0.686261,-1.23681,0.715136,3.09637,2.57277,0.835378,1.02648,1.0206-0.184837,-0.176582,-0.14435,1.42881e-11,-5.32632e-07,-0.208229,0,0
1481577621,999379198,0.691073,-1.2397,0.717061,3.09637,2.57277,0.840138,1.02648,1.0206-0.239659,-0.13035,-0.114291,1.78613e-12,0,-0.219401,0,0
1481577622,25386306,0.697811,-1.24547,0.721873,3.09637,2.57158,0.847277,1.02648,1.0206-0.222454,-0.184729,-0.158662,2.22933e-13,0.059495,-0.235658,0,0
1481577622,51355999,0.706473,-1.25125,0.725723,3.09637,2.56801,0.853228,1.02648,1.0206-0.248113,-0.190566,-0.111854,5.59552e-14,0.10413,-0.296921,0,0
1481577622,71376510,0.713211,-1.2551,0.727648,3.09637,2.56563,0.857987,1.02648,1.0206-0.278596,-0.192011,-0.124212,1.42109e-14,0.115275,-0.252715,0,0
1481577622,97395421,0.718986,-1.25895,0.729573,3.09756,2.56325,0.867508,1.02648,1.0206-0.323578,-0.192439,-0.0997466,-0.0297502,0.118539,-0.314204,0,0
1481577622,123386234,0.727648,-1.26472,0.732461,3.09875,2.55849,0.875838,1.02648,1.0206-0.297463,-0.19248,-0.0730617,-0.0371873,0.178372,-0.257036,0,0
1481577622,149391294,0.734386,-1.26857,0.733423,3.09994,2.55492,0.881788,1.02648,1.0206-0.337967,-0.192498,-0.0452253,-0.0343985,0.185921,-0.314744,0,0
1481577622,175401196,0.744011,-1.27435,0.735348,3.10232,2.55016,0.891308,1.02648,1.0206-0.34303,-0.192507,-0.0417466,-0.0786746,0.157117,-0.321971,0,0
1481577622,201372738,0.753636,-1.28108,0.737273,3.10589,2.54421,0.896067,1.02648,1.0206-0.326387,-0.192497,-0.0826235,-0.0494187,0.158269,-0.258978,0,0
1481577622,227374437,0.760373,-1.28397,0.737273,3.10708,2.53945,0.904398,1.02648,1.0206-0.341582,-0.156408,-0.0103277,-0.0954269,0.228023,-0.255505,0,0
1481577622,247398516,0.766148,-1.28782,0.737273,3.10946,2.53469,0.910347,1.02648,1.0206-0.301964,-0.183472,-0.0025822,-0.113107,0.235504,-0.272109,0,0
1481577622,273409534,0.775773,-1.2936,0.737273,3.11303,2.52636,0.917488,1.02648,1.0206-0.340169,-0.190245,-0.00064555,-0.117526,0.267122,-0.246566,0,0
1481577622,299400627,0.782511,-1.29648,0.737273,3.11541,2.52041,0.922247,1.02648,1.0206-0.343309,-0.144089,-8.04275e-05,-0.118816,0.301131,-0.239053,0,0
1481577622,325423216,0.790211,-1.3013,0.737273,3.11898,2.51327,0.928198,1.02648,1.0206-0.247451,-0.138323,-1.012e-05,-0.104102,0.245881,-0.178646,0,0
1481577622,351387408,0.795986,-1.30418,0.737273,3.12136,2.50851,0.930578,1.02648,1.0206-0.206233,-0.106766,-2.66316e-06,-0.0557751,0.150726,-0.133904,0,0
1481577622,371396028,0.79791,-1.30515,0.737273,3.12255,2.50851,0.932958,1.02648,1.0206-0.147805,-0.0988762,-5.32632e-07,-0.103194,0.0971765,-0.092971,0,0
1481577622,397381285,0.798873,-1.30611,0.737273,3.12255,2.50732,0.934147,1.02648,1.0206-0.0545746,-0.0364278,0,-0.0128993,0.0418946,-0.0264953,0,0
1481577622,423382726,0.799836,-1.30611,0.736311,3.12374,2.50494,0.934147,1.02648,1.0206-0.0377056,-0.00910695,0,-0.00322456,0.0402212,-0.00662381,0,0
1481577622,449412322,0.799836,-1.30611,0.734386,3.12493,2.50375,0.934147,1.02648,1.0206-0.00471326,-0.00113824,0.0842175,-0.0450282,0.0496556,-0.00082771,0,0
1481577622,475388540,0.796948,-1.30515,0.729573,3.12731,2.50018,0.932958,1.02648,1.02060.0836333,0.023926,0.166932,-0.0948783,0.110323,0.029644,0,0
1481577622,501379879,0.794061,-1.30322,0.724761,3.12731,2.4978,0.931768,1.02648,1.02060.04497,0.0541048,0.137985,-0.0237197,0.0573416,0.0371585,0,0
1481577622,521384686,0.791173,-1.3013,0.720911,3.12969,2.49542,0.929388,1.02648,1.02060.155612,0.0857112,0.178871,-0.124929,0.103578,0.0985322,0,0
1481577622,547380038,0.788286,-1.30033,0.716098,3.13088,2.49304,0.927008,1.02648,1.02060.151804,0.070868,0.214858,-0.0751161,0.117064,0.101559,0,0
1481577622,573382275,0.783473,-1.29648,0.710323,3.13207,2.48947,0.924627,1.02648,1.02060.134198,0.113977,0.198089,-0.0485292,0.118522,0.114659,0,0
1481577622,599358159,0.780586,-1.2936,0.705511,3.13445,2.48709,0.922247,1.02648,1.02060.161158,0.122525,0.241322,-0.0953161,0.118931,0.103575,0,0
1481577622,625378042,0.774811,-1.28975,0.697811,3.13564,2.48352,0.918678,1.02648,1.02060.184659,0.150939,0.228769,-0.0833287,0.118989,0.115136,0,0
1481577622,651363139,0.769036,-1.28493,0.690111,3.13802,2.47995,0.916298,1.02648,1.02060.191521,0.127152,0.233126,-0.0401658,0.11899,0.118508,0,0
1481577622,671407920,0.765186,-1.28301,0.685298,3.13921,2.47638,0.913918,1.02648,1.02060.19225,0.128035,0.274843,-0.0992912,0.119017,0.11887,0,0
1481577622,697391326,0.761336,-1.28012,0.679523,3.14159,2.474,0.911537,1.02648,1.02060.192466,0.124288,0.274981,-0.101661,0.133867,0.0594933,0,0
1481577622,723364750,0.755561,-1.27531,0.671823,-3.13921,2.47043,0.907967,1.02648,1.02060.192487,0.127319,0.261244,-0.0254151,0.122723,0.104116,0,0
1481577622,749399314,0.751711,-1.27242,0.666048,-3.13921,2.46805,0.905588,1.02648,1.02060.216557,0.160298,0.28531,-0.0329268,0.119457,0.117131,0,0
1481577622,775397980,0.745936,-1.26761,0.658348,-3.13564,2.46329,0.903208,1.02648,1.02060.150399,0.160383,0.263829,-0.0677316,0.148868,0.118525,0,0
1481577622,801379710,0.740161,-1.26376,0.649686,-3.13326,2.45853,0.900828,1.02648,1.02060.151139,0.164431,0.285634,-0.0530912,0.122725,0.104058,0,0
1481577622,821393231,0.737273,-1.26087,0.644873,-3.13207,2.45615,0.898447,1.02648,1.02060.206223,0.161416,0.287972,-0.102523,0.149685,0.115284,0,0
1481577622,847400722,0.733423,-1.25798,0.639098,-3.12969,2.45377,0.896067,1.02648,1.02060.158117,0.152516,0.276622,-0.102065,0.122827,0.0590317,0,0
1481577622,873405842,0.727648,-1.25413,0.630436,-3.12731,2.44901,0.892498,1.02648,1.02060.183906,0.158451,0.285716,-0.0850161,0.14971,0.104,0,0
1481577622,899408063,0.724761,-1.25028,0.625624,-3.12612,2.44544,0.890118,1.02648,1.02060.167358,0.176207,0.240245,-0.0850017,0.182352,0.117116,0,0
1481577622,925379770,0.718986,-1.24643,0.616961,-3.12374,2.44187,0.887738,1.02648,1.02060.162155,0.164373,0.276623,-0.0510006,0.13483,0.0887741,0,0
1481577622,951356229,0.713211,-1.24162,0.608299,-3.12255,2.43711,0.885357,1.02648,1.02060.188714,0.176947,0.287233,-0.0510001,0.150731,0.11524,0,0
1481577622,977358434,0.709361,-1.23873,0.602524,-3.12017,2.43354,0.882977,1.02648,1.02060.192021,0.130403,0.288562,-0.0658749,0.182479,0.0887737,0,0
1481577622,997357657,0.705511,-1.23585,0.596749,-3.11898,2.43116,0.880598,1.02648,1.02060.192382,0.128847,0.2887,-0.0759688,0.134862,0.111436,0,0
1481577623,23394410,0.700698,-1.23103,0.588086,-3.1166,2.4264,0.878218,1.02648,1.02060.168404,0.128458,0.288737,-0.0487422,0.182453,0.0576065,0,0
1481577623,49404229,0.697811,-1.22815,0.582311,-3.11541,2.42283,0.877028,1.02648,1.02060.141365,0.160431,0.288746,-0.0507178,0.186425,0.0518221,0,0
1481577623,75414844,0.692036,-1.22333,0.573649,-3.11303,2.41807,0.873457,1.02648,1.02060.179711,0.136354,0.288748,-0.101929,0.135875,0.102198,0,0
1481577623,101457626,0.687223,-1.21948,0.564986,-3.11065,2.41331,0.872267,1.02648,1.02060.166841,0.161418,0.288748,-0.101991,0.135974,0.0871568,0,0
1481577623,127437499,0.684336,-1.2166,0.559211,-3.10827,2.41093,0.869887,1.02648,1.02060.165225,0.128455,0.288751,-0.101999,0.135994,0.0852634,0,0
1481577623,147398782,0.680486,-1.21371,0.553436,-3.10589,2.40736,0.868698,1.02648,1.02060.185683,0.128367,0.288751,-0.144499,0.153015,0.0510634,0,0
1481577623,173396847,0.675674,-1.2089,0.544774,-3.10351,2.4026,0.866318,1.02648,1.02060.166729,0.128338,0.288748,-0.0361247,0.186991,0.102008,0,0
1481577623,199371402,0.672786,-1.20601,0.538999,-3.10351,2.39903,0.863938,1.02648,1.02060.165218,0.160426,0.288751,-0.0342653,0.187012,0.101994,0,0
1481577623,225378658,0.667974,-1.2012,0.530336,-3.09994,2.39427,0.861558,1.02648,1.02060.185674,0.136353,0.312813,-0.0680661,0.135995,0.0849934,0,0
1481577623,251473292,0.663161,-1.19735,0.520711,-3.09875,2.38951,0.860367,1.02648,1.02060.131493,0.161427,0.327851,-0.0531333,0.135996,0.0850462,0,0
1481577623,277378093,0.660274,-1.19446,0.514936,-3.09637,2.38713,0.857987,1.02648,1.02060.136745,0.128456,0.293635,-0.0661417,0.136016,0.0849995,0,0
1481577623,297390032,0.657386,-1.19061,0.509161,-3.09399,2.38356,0.856798,1.02648,1.02060.13044,0.176497,0.28997,-0.105785,0.152994,0.0509974,0,0
1481577623,323393308,0.652574,-1.18676,0.500499,-3.09161,2.3788,0.854418,1.02648,1.02060.17698,0.164433,0.289054,-0.0859461,0.157252,0.101992,0,0
1481577623,349364497,0.649686,-1.18387,0.494724,-3.09161,2.37523,0.852038,1.02648,1.02060.154475,0.128832,0.288787,-0.025618,0.15352,0.101992,0,0
1481577623,375415121,0.644874,-1.17906,0.485099,-3.08923,2.37047,0.850848,1.02648,1.02060.182989,0.128461,0.288758,-0.0956544,0.157383,0.0849929,0,0
1481577623,401395109,0.640061,-1.17425,0.477399,-3.08685,2.36571,0.849658,1.02648,1.02060.155226,0.160428,0.324845,-0.101207,0.15355,0.0403716,0,0
1481577623,421397180,0.638136,-1.17136,0.470661,-3.08447,2.36095,0.848468,1.02648,1.02060.135053,0.13636,0.321836,-0.0848014,0.187125,0.0398404,0,0
1481577623,447387712,0.635249,-1.16847,0.464886,-3.08328,2.35857,0.846087,1.02648,1.02060.125159,0.161415,0.292886,-0.0849751,0.142387,0.0793621,0,0
1481577623,473414685,0.630436,-1.16462,0.456224,-3.0809,2.35381,0.844897,1.02648,1.02060.127543,0.112552,0.289785,-0.0509937,0.154613,0.0793356,0,0
1481577623,499396560,0.628511,-1.16173,0.450449,-3.07971,2.35024,0.843708,1.02648,1.02060.11219,0.158439,0.28888,-0.050999,0.15319,0.0396645,0,0
1481577623,525389933,0.623698,-1.15692,0.440824,-3.07733,2.34429,0.841328,1.02648,1.02060.172431,0.159918,0.288778,-0.102,0.157301,0.0396636,0,0
1481577623,551404262,0.618886,-1.15307,0.432162,-3.07495,2.33953,0.840138,1.02648,1.02060.153893,0.164363,0.324849,-0.07225,0.198174,0.0793267,0,0
1481577623,571392448,0.616961,-1.15018,0.426386,-3.07257,2.33596,0.838948,1.02648,1.02060.134733,0.161399,0.297774,-0.137062,0.198281,0.0495792,0,0
1481577623,597378464,0.614074,-1.1473,0.420612,-3.07019,2.33239,0.837758,1.02648,1.02060.149181,0.128456,0.289874,-0.106382,0.18841,0.0210712,0,0
1481577623,623371541,0.610224,-1.14248,0.410986,-3.06781,2.32763,0.835378,1.02648,1.02060.157603,0.128361,0.289033,-0.0860957,0.166119,0.0350153,0,0
1481577623,649403679,0.607336,-1.1396,0.405212,-3.06662,2.32287,0.834187,1.02648,1.02060.152046,0.160422,0.300816,-0.0851365,0.214124,0.078799,0,0
1481577623,675400185,0.603486,-1.13478,0.395587,-3.06424,2.31811,0.832997,1.02648,1.02060.110197,0.160414,0.339892,-0.0510342,0.142787,0.0791948,0,0
1481577623,701384498,0.599636,-1.13093,0.386924,-3.06305,2.31335,0.831807,1.02648,1.02060.158158,0.164428,0.295144,-0.0510043,0.166599,0.0396469,0,0
1481577623,721396791,0.596749,-1.12805,0.380187,-3.06067,2.30859,0.830618,1.02648,1.02060.111724,0.161415,0.338471,-0.072251,0.190387,0.0396592,0,0
1481577623,747384896,0.594824,-1.12516,0.374412,-3.05948,2.30621,0.828238,1.02648,1.02060.110212,0.128468,0.294968,-0.0834059,0.142795,0.0793262,0,0
1481577623,773385112,0.590974,-1.12035,0.365749,-3.0571,2.30026,0.827048,1.02648,1.02060.147875,0.128364,0.290304,-0.0506017,0.21421,0.0198315,0,0
1481577623,799409940,0.588086,-1.11746,0.359012,-3.05591,2.29669,0.825858,1.02648,1.02060.150823,0.160429,0.313002,-0.05095,0.16064,0.0768477,0,0
1481577623,825387847,0.584236,-1.11265,0.349387,-3.05234,2.29074,0.824668,1.02648,1.02060.109891,0.160415,0.342939,-0.101987,0.159163,0.0192119,0,0
1481577623,851384503,0.581349,-1.10783,0.340724,-3.04996,2.28598,0.823478,1.02648,1.02060.109986,0.164422,0.295523,-0.0573735,0.198394,0.0767703,0,0
1481577623,871428853,0.578461,-1.10495,0.333987,-3.04877,2.28122,0.823478,1.02648,1.02060.147805,0.137359,0.338569,-0.103593,0.198336,0.0191926,0,0
1481577623,897389121,0.576536,-1.10206,0.328212,-3.04639,2.27765,0.822288,1.02648,1.02060.102705,0.16154,0.294979,-0.102199,0.203284,0.0172728,0,0
1481577623,923378419,0.572686,-1.09821,0.318587,-3.04401,2.27289,0.821097,1.02648,1.02060.121923,0.1607,0.338426,-0.0850496,0.199572,0.0340923,0,0
1481577623,949371244,0.570761,-1.09532,0.311849,-3.04282,2.26813,0.819907,1.02648,1.02060.0994562,0.128365,0.343086,-0.085006,0.218332,0.0340091,0,0
1481577623,975373393,0.566911,-1.09051,0.303187,-3.03925,2.26337,0.818718,1.02648,1.02060.121117,0.128351,0.30233,-0.0510017,0.203321,0.0679973,0,0
1481577624,1419107,0.563061,-1.0857,0.293562,-3.03687,2.25742,0.817528,1.02648,1.02060.0993555,0.136352,0.338574,-0.0956251,0.218781,0.0679947,0,0
1481577624,21344054,0.561136,-1.08281,0.286824,-3.03568,2.25266,0.817528,1.02648,1.02060.121086,0.178471,0.301205,-0.0536563,0.203459,0.0169987,0,0
1481577624,47404130,0.559211,-1.07992,0.281049,-3.03449,2.24909,0.816338,1.02648,1.02060.0752965,0.130586,0.302334,-0.0513319,0.203944,0.0169986,0,0
1481577624,73417961,0.555361,-1.07511,0.271424,-3.03211,2.24314,0.815148,1.02648,1.02060.115071,0.128893,0.31621,-0.0723325,0.199724,0.0339972,0,0
1481577624,99371490,0.553436,-1.07222,0.264687,-3.03092,2.23957,0.813958,1.02648,1.02060.0985997,0.160485,0.31624,-0.0834166,0.203457,0.0637447,0,0
1481577624,125411869,0.549586,-1.06741,0.255062,-3.02854,2.23362,0.813958,1.02648,1.02060.120903,0.16043,0.343748,-0.0506038,0.169868,0.0159362,0,0
1481577624,151403456,0.546699,-1.06356,0.245437,-3.02497,2.22767,0.812768,1.02648,1.02060.0993287,0.164427,0.343748,-0.0509505,0.199745,0.0317395,0,0
1481577624,177400542,0.543811,-1.05971,0.238699,-3.02378,2.2241,0.811578,1.02648,1.02060.144769,0.176967,0.343751,-0.0956181,0.173732,0.033715,0,0
1481577624,197371656,0.541886,-1.05682,0.232924,-3.02259,2.22053,0.811578,1.02648,1.02060.108377,0.16455,0.302499,-0.0536547,0.162423,0.00842874,0,0
1481577624,223394897,0.538999,-1.05297,0.2233,-3.02021,2.21339,0.810388,1.02648,1.02060.0992793,0.161446,0.316251,-0.102663,0.219117,0.0318547,0,0

