1481576954,825305021,0.502424,-1.03468,0.300299,-3.07495,2.37047,0.709238,1.029,1.0290.0121374,0.057051,-0.0781494,0.0941004,-0.078062,0.0779632,0,0
1481576954,871350539,0.501461,-1.03276,0.304149,-3.07852,2.37285,0.706858,1.029,1.0290.024441,0.061937,-0.0926743,0.0847529,-0.0247498,0.0396207,0,0
1481576954,871350539,0.501461,-1.03276,0.304149,-3.07852,2.37285,0.706858,1.029,1.0290.024441,0.061937,-0.0926743,0.0847529,-0.0247498,0.0396207,0,0
1481576954,903318357,0.501461,-1.03276,0.305112,-3.07852,2.37404,0.706858,1.029,1.0290.00305512,0.00774212,-0.0597145,0.0105941,-0.0179673,0.00495259,0,0
1481576954,929297004,0.501461,-1.03276,0.306074,-3.07852,2.37404,0.706858,1.029,1.0290.00076378,0.00193553,-0.0149286,0.00264853,-0.00449169,0.00123815,0,0
1481576954,955280321,0.501461,-1.0318,0.306074,-3.07852,2.37404,0.706858,1.029,1.0299.54725e-05,0.0243036,-0.0138969,0.000331066,-0.000561394,0.000154769,0,0
1481576954,955280321,0.501461,-1.0318,0.306074,-3.07852,2.37404,0.706858,1.029,1.0299.54725e-05,0.0243036,-0.0138969,0.000331066,-0.000561394,0.000154769,0,0
1481576955,7295771,0.501461,-1.0318,0.306074,-3.07852,2.37404,0.706858,1.029,1.0292.98351e-06,0.000759488,-0.000434095,1.03458e-05,-1.75769e-05,4.83652e-06,0,0
1481576955,33328257,0.501461,-1.0318,0.306074,-3.07852,2.37404,0.706858,1.029,1.0293.72939e-07,9.49359e-05,-5.43285e-05,1.29323e-06,-2.13053e-06,6.04564e-07,0,0
1481576955,59304182,0.501461,-1.0318,0.306074,-3.07852,2.37404,0.706858,1.029,1.0299.32348e-08,2.3734e-05,-1.33158e-05,3.23307e-07,-5.32632e-07,1.51141e-07,0,0
1481576955,59304182,0.501461,-1.0318,0.306074,-3.07852,2.37404,0.706858,1.029,1.0299.32348e-08,2.3734e-05,-1.33158e-05,3.23307e-07,-5.32632e-07,1.51141e-07,0,0
1481576955,121314206,0.501461,-1.0318,0.306074,-3.07852,2.37404,0.706858,1.029,1.0297.28397e-10,1.85422e-07,0,2.52583e-09,0,1.18079e-09,0,0
1481576955,147297009,0.501461,-1.0318,0.306074,-3.07852,2.37404,0.706858,1.029,1.0291.821e-10,4.63554e-08,0,6.31458e-10,0,2.95198e-10,0,0
1481576955,147297009,0.501461,-1.0318,0.306074,-3.07852,2.37404,0.706858,1.029,1.0291.821e-10,4.63554e-08,0,6.31458e-10,0,2.95198e-10,0,0
1481576955,199287850,0.501461,-1.0318,0.306074,-3.07852,2.37166,0.706858,1.029,1.0295.69056e-12,1.44861e-09,0,1.97327e-11,0.0297475,9.22462e-12,0,0
1481576955,225329802,0.501461,-1.0318,0.306074,-3.07852,2.37047,0.706858,1.029,1.0297.11431e-13,1.81076e-10,0,2.46647e-12,0.0483397,1.15286e-12,0,0
1481576955,251268146,0.501461,-1.0318,0.306074,-3.07852,2.36928,0.706858,1.029,1.0298.88178e-14,2.26343e-11,0,3.08198e-13,0.03579,1.43885e-13,0,0
1481576955,297290424,0.501461,-1.0318,0.306074,-3.07852,2.36928,0.706858,1.029,1.0295.32907e-15,1.41487e-12,0,1.95399e-14,0.00223687,8.88178e-15,0,0
1481576955,323303054,0.501461,-1.0318,0.306074,-3.07852,2.36928,0.706858,1.029,1.0298.88178e-16,1.76748e-13,0,2.66454e-15,0.000279609,8.88178e-16,0,0
1481576955,349290525,0.501461,-1.0318,0.306074,-3.07852,2.36928,0.706858,1.029,1.0290,4.44089e-14,0,8.88178e-16,6.99023e-05,0,0,0
1481576955,349290525,0.501461,-1.0318,0.306074,-3.07852,2.36928,0.706858,1.029,1.0290,4.44089e-14,0,8.88178e-16,6.99023e-05,0,0,0
1481576955,401288784,0.501461,-1.0318,0.306074,-3.07852,2.36928,0.706858,1.029,1.0290,8.88178e-16,0,0,1.09222e-06,0,0,0
1481576955,447310812,0.501461,-1.0318,0.306074,-3.07852,2.36928,0.706858,1.029,1.0290,0,0,0,6.8264e-08,0,0,0
1481576955,447310812,0.501461,-1.0318,0.306074,-3.07852,2.36928,0.706858,1.029,1.0290,0,0,0,6.8264e-08,0,0,0
1481576955,499323662,0.501461,-1.0318,0.306074,-3.07852,2.36928,0.706858,1.029,1.0290,0,0,0,2.13325e-09,0,0,0
1481576955,525323783,0.501461,-1.0318,0.306074,-3.07852,2.36928,0.706858,1.029,1.0290,0,0,0,2.66656e-10,0,0,0
1481576955,572296183,0.501461,-1.0318,0.306074,-3.07852,2.36928,0.706858,1.029,1.0290,0,0,0,8.33289e-12,0,0,0
1481576955,572296183,0.501461,-1.0318,0.306074,-3.07852,2.36928,0.706858,1.029,1.0290,0,0,0,8.33289e-12,0,0,0
1481576955,598282495,0.501461,-1.0318,0.306074,-3.07852,2.36928,0.706858,1.029,1.0290,0,0,0,2.08367e-12,0,0,0
1481576955,624315469,0.501461,-1.0318,0.306074,-3.07852,2.36928,0.706858,1.029,1.0290,0,0,0,2.60236e-13,0,0,0
1481576955,650293571,0.501461,-1.0318,0.306074,-3.07852,2.36928,0.706858,1.029,1.0290,0,0,0,6.4837e-14,0,0,0
1481576955,650293571,0.501461,-1.0318,0.306074,-3.07852,2.36928,0.706858,1.029,1.0290,0,0,0,6.4837e-14,0,0,0
1481576955,722310879,0.501461,-1.0318,0.306074,-3.07852,2.36928,0.706858,1.029,1.0290,0,0,0,0,0,0,0
1481576955,748292421,0.501461,-1.0318,0.306074,-3.07852,2.36928,0.706858,1.029,1.0290,0,0,0,0,0,0,0
1481576955,748292421,0.501461,-1.0318,0.306074,-3.07852,2.36928,0.706858,1.029,1.0290,0,0,0,0,0,0,0
1481576955,800290694,0.501461,-1.0318,0.306074,-3.07852,2.36928,0.706858,1.029,1.0290,0,0,0,0,0,0,0
1481576955,846294113,0.501461,-1.0318,0.306074,-3.07852,2.36928,0.706858,1.029,1.0290,0,0,0,0,0,0,0
1481576955,872321569,0.501461,-1.0318,0.306074,-3.07852,2.36928,0.706858,1.029,1.0290,0,0,0,0,0,0,0
1481576955,872321569,0.501461,-1.0318,0.306074,-3.07852,2.36928,0.706858,1.029,1.0290,0,0,0,0,0,0,0
1481576955,898333774,0.501461,-1.0318,0.306074,-3.07852,2.36928,0.706858,1.029,1.0290,0,0,0,0,0,0,0
1481576955,924320123,0.501461,-1.0318,0.306074,-3.07852,2.36928,0.706858,1.029,1.0290,0,0,0,0,0,0,0
1481576955,950310452,0.501461,-1.0318,0.306074,-3.07852,2.36928,0.706858,1.029,1.0290,0,0,0,0,0,0,0
1481576955,996430994,0.501461,-1.0318,0.306074,-3.07852,2.36928,0.706858,1.029,1.0290,0,0,0,0,0,0,0
1481576956,22342586,0.501461,-1.0318,0.306074,-3.07852,2.36928,0.706858,1.029,1.0290,0,0,0,0,0,0,0
1481576956,48323223,0.501461,-1.0318,0.306074,-3.07852,2.36928,0.706858,1.029,1.0290,0,0,0,0,0,0,0
1481576956,48323223,0.501461,-1.0318,0.306074,-3.07852,2.36928,0.706858,1.029,1.0290,0,0,0,0,0,0,0
1481576956,100310233,0.501461,-1.0318,0.306074,-3.07852,2.36928,0.706858,1.029,1.0290,0,0,0,0,0,0,0
1481576956,126395562,0.501461,-1.0318,0.306074,-3.07852,2.36928,0.706858,1.029,1.0290,0,0,0,0,0,0,0
1481576956,172284599,0.501461,-1.0318,0.306074,-3.07852,2.36928,0.706858,1.029,1.0290,0,0,0,0,0,0,0
1481576956,172284599,0.501461,-1.0318,0.306074,-3.07852,2.36928,0.706858,1.029,1.0290,0,0,0,0,0,0,0
1481576956,199296220,0.501461,-1.0318,0.306074,-3.07852,2.36928,0.706858,1.029,1.0290,0,0,0,0,0,0,0
1481576956,225316591,0.501461,-1.0318,0.306074,-3.07852,2.36928,0.706858,1.029,1.0290,0,0,0,0,0,0,0
1481576956,251306942,0.501461,-1.0318,0.306074,-3.07852,2.36928,0.706858,1.029,1.0290,0,0,0,0,0,0,0
1481576956,251306942,0.501461,-1.0318,0.306074,-3.07852,2.36928,0.706858,1.029,1.0290,0,0,0,0,0,0,0
1481576956,297360870,0.501461,-1.0318,0.306074,-3.07852,2.36928,0.706858,1.029,1.0290,0,0,0,0,0,0,0
1481576956,323293652,0.501461,-1.0318,0.306074,-3.07852,2.36928,0.706858,1.029,1.0290,0,0,0,0,0,0,0
1481576956,349325366,0.501461,-1.0318,0.306074,-3.07852,2.36928,0.706858,1.029,1.0290,0,0,0,0,0,0,0
1481576956,349325366,0.501461,-1.0318,0.306074,-3.07852,2.36928,0.706858,1.029,1.0290,0,0,0,0,0,0,0
1481576956,421304453,0.501461,-1.0318,0.306074,-3.07852,2.36928,0.706858,1.029,1.0290,0,0,0,0,0,0,0
1481576956,447324390,0.501461,-1.0318,0.306074,-3.07852,2.36928,0.706858,1.029,1.0290,0,0,0,0,0,0,0
1481576956,447324390,0.501461,-1.0318,0.306074,-3.07852,2.36928,0.706858,1.029,1.0290,0,0,0,0,0,0,0
1481576956,499301568,0.501461,-1.0318,0.306074,-3.07852,2.36928,0.706858,1.029,1.0290,0,0,0,0,0,0,0
1481576956,525283482,0.501461,-1.0318,0.306074,-3.07852,2.36928,0.706858,1.029,1.0290,0,0,0,0,0,0,0
1481576956,551290318,0.501461,-1.0318,0.306074,-3.07852,2.36928,0.706858,1.029,1.0290,0,0,0,0,0,0,0
1481576956,551290318,0.501461,-1.0318,0.306074,-3.07852,2.36928,0.706858,1.029,1.0290,0,0,0,0,0,0,0
1481576956,597292064,0.501461,-1.0318,0.306074,-3.07852,2.36928,0.706858,1.029,1.0290,0,0,0,0,0,0,0
1481576956,623299704,0.501461,-1.0318,0.306074,-3.07852,2.36928,0.706858,1.029,1.0290,0,0,0,0,0,0,0
1481576956,649295067,0.501461,-1.0318,0.306074,-3.07852,2.36928,0.706858,1.029,1.0290,0,0,0,0,0,0,0
1481576956,649295067,0.501461,-1.0318,0.306074,-3.07852,2.36928,0.706858,1.029,1.0290,0,0,0,0,0,0,0
1481576956,701280918,0.501461,-1.0318,0.306074,-3.07852,2.36928,0.706858,1.029,1.0290,0,0,0,0,0,0,0
1481576956,747284421,0.501461,-1.0318,0.306074,-3.07852,2.36928,0.706858,1.029,1.0290,0,0,0,0,0,0,0
1481576956,747284421,0.501461,-1.0318,0.306074,-3.07852,2.36928,0.706858,1.029,1.0290,0,0,0,0,0,0,0
1481576956,799274648,0.501461,-1.0318,0.306074,-3.07852,2.36928,0.706858,1.029,1.0290,0,0,0,0,0,0,0
1481576956,825280811,0.501461,-1.0318,0.306074,-3.07852,2.36928,0.706858,1.029,1.0290,0,0,0,0,0,0,0
1481576956,871328033,0.501461,-1.0318,0.306074,-3.07852,2.36928,0.706858,1.029,1.0290,0,0,0,0,0,0,0
1481576956,897277150,0.501461,-1.0318,0.306074,-3.07852,2.36928,0.706858,1.029,1.0290,0,0,0,0,0,0,0
1481576956,923322650,0.501461,-1.0318,0.306074,-3.07852,2.36928,0.706858,1.029,1.0290,0,0,0,0,0,0,0
1481576956,949286194,0.501461,-1.0318,0.306074,-3.07852,2.36928,0.706858,1.029,1.0290,0,0,0,0,0,0,0
1481576956,949286194,0.501461,-1.0318,0.306074,-3.07852,2.36928,0.706858,1.029,1.0290,0,0,0,0,0,0,0
1481576957,21277788,0.501461,-1.0318,0.306074,-3.07852,2.36928,0.706858,1.029,1.0290,0,0,0,0,0,0,0
1481576957,47297131,0.501461,-1.0318,0.306074,-3.07852,2.36928,0.706858,1.029,1.0290,0,0,0,0,0,0,0
1481576957,47297131,0.501461,-1.0318,0.306074,-3.07852,2.36928,0.706858,1.029,1.0290,0,0,0,0,0,0,0
1481576957,99274741,0.501461,-1.0318,0.306074,-3.07852,2.36928,0.706858,1.029,1.0290,0,0,0,0,0,0,0
1481576957,125296783,0.501461,-1.0318,0.306074,-3.07852,2.36928,0.706858,1.029,1.0290,0,0,0,0,0,0,0
1481576957,151296263,0.501461,-1.0318,0.306074,-3.07852,2.36928,0.706858,1.029,1.0290,0,0,0,0,0,0,0
1481576957,197276872,0.501461,-1.0318,0.306074,-3.07852,2.36928,0.706858,1.029,1.0290,0,0,0,0,0,0,0
1481576957,223317640,0.501461,-1.0318,0.306074,-3.07852,2.36928,0.706858,1.029,1.0290,0,0,0,0,0,0,0
1481576957,249305703,0.501461,-1.0318,0.306074,-3.07852,2.36928,0.706858,1.029,1.0290,0,0,0,0,0,0,0
1481576957,249305703,0.501461,-1.0318,0.306074,-3.07852,2.36928,0.706858,1.029,1.0290,0,0,0,0,0,0,0
1481576957,301281140,0.501461,-1.0318,0.306074,-3.07852,2.36928,0.706858,1.029,1.0290,0,0,0,0,0,0,0
1481576957,327328059,0.501461,-1.0318,0.306074,-3.07852,2.36928,0.706858,1.029,1.0290,0,0,0,0,0,0,0
1481576957,347317656,0.501461,-1.0318,0.306074,-3.07852,2.36928,0.706858,1.029,1.0290,0,0,0,0,0,0,0
1481576957,347317656,0.501461,-1.0318,0.306074,-3.07852,2.36928,0.706858,1.029,1.0290,0,0,0,0,0,0,0
1481576957,399272210,0.501461,-1.0318,0.306074,-3.07852,2.36928,0.706858,1.029,1.0290,0,0,0,0,0,0,0
1481576957,425315768,0.501461,-1.0318,0.306074,-3.07852,2.36928,0.706858,1.029,1.0290,0,0,0,0,0,0,0
1481576957,451302522,0.501461,-1.0318,0.306074,-3.07852,2.36928,0.706858,1.029,1.0290,0,0,0,0,0,0,0
1481576957,497274862,0.501461,-1.0318,0.306074,-3.07852,2.36928,0.706858,1.029,1.0290,0,0,0,0,0,0,0
1481576957,523280921,0.501461,-1.0318,0.306074,-3.07852,2.36928,0.706858,1.029,1.0290,0,0,0,0,0,0,0
1481576957,549293253,0.501461,-1.0318,0.306074,-3.07852,2.36928,0.706858,1.029,1.0290,0,0,0,0,0,0,0
1481576957,549293253,0.501461,-1.0318,0.306074,-3.07852,2.36928,0.706858,1.029,1.0290,0,0,0,0,0,0,0
1481576957,601278281,0.501461,-1.0318,0.306074,-3.07852,2.36928,0.706858,1.029,1.0290,0,0,0,0,0,0,0
1481576957,647315721,0.501461,-1.0318,0.306074,-3.07852,2.36928,0.706858,1.029,1.0290,0,0,0,0,0,0,0
1481576957,647315721,0.501461,-1.0318,0.306074,-3.07852,2.36928,0.706858,1.029,1.0290,0,0,0,0,0,0,0
1481576957,699279828,0.501461,-1.0318,0.306074,-3.07852,2.36928,0.706858,1.029,1.0290,0,0,0,0,0,0,0
1481576957,725310844,0.501461,-1.0318,0.306074,-3.07852,2.36928,0.706858,1.029,1.0290,0,0,0,0,0,0,0
1481576957,751283842,0.501461,-1.0318,0.306074,-3.07852,2.36928,0.706858,1.029,1.0290,0,0,0,0,0,0,0
1481576957,797276095,0.501461,-1.0318,0.306074,-3.07852,2.36928,0.706858,1.029,1.0290,0,0,0,0,0,0,0
1481576957,823273825,0.501461,-1.0318,0.306074,-3.07852,2.36928,0.706858,1.029,1.0290,0,0,0,0,0,0,0
1481576957,849272038,0.501461,-1.0318,0.306074,-3.07852,2.36928,0.706858,1.029,1.0290,0,0,0,0,0,0,0
1481576957,849272038,0.501461,-1.0318,0.306074,-3.07852,2.36928,0.706858,1.029,1.0290,0,0,0,0,0,0,0
1481576957,921278757,0.501461,-1.0318,0.306074,-3.07852,2.36928,0.706858,1.029,1.0290,0,0,0,0,0,0,0
1481576957,947319120,0.501461,-1.03276,0.306074,-3.07852,2.3669,0.706858,1.029,1.0290,0,0,0,0.0595217,0,0,0
1481576957,947319120,0.501461,-1.03276,0.306074,-3.07852,2.3669,0.706858,1.029,1.0290,0,0,0,0.0595217,0,0,0
1481576957,999309851,0.501461,-1.03468,0.304149,-3.07495,2.35857,0.706858,1.029,1.0290,-0.0270694,0.0481233,-0.0966877,0.206401,0,0,0
1481576958,25293818,0.501461,-1.03565,0.303187,-3.07257,2.35381,0.706858,1.029,1.0290,-0.039476,0.0661712,-0.0715858,0.219186,0,0,0
1481576958,71321500,0.501461,-1.04046,0.299337,-3.06543,2.33953,0.706858,1.029,1.0290,-0.0944735,0.0772622,-0.158424,0.311795,0,0,0
1481576958,97273748,0.501461,-1.04431,0.295487,-3.06305,2.33001,0.706858,1.029,1.0290,-0.0958035,0.139631,-0.158606,0.315955,0,0,0
1481576958,123277244,0.501461,-1.04624,0.292599,-3.05948,2.32406,0.706858,1.029,1.0290,-0.108226,0.1498,-0.138825,0.322109,0,0,0
1481576958,149278180,0.501461,-1.05008,0.288749,-3.05591,2.31454,0.706858,1.029,1.0290,-0.123303,0.109635,-0.123956,0.348268,0,0,0
1481576958,149278180,0.501461,-1.05008,0.288749,-3.05591,2.31454,0.706858,1.029,1.0290,-0.123303,0.109635,-0.123956,0.348268,0,0,0
1481576958,221279102,0.501461,-1.06067,0.279124,-3.0452,2.28955,0.709238,1.029,1.0290,-0.16028,0.12826,-0.142261,0.356516,-0.0167332,0,0
1481576958,247296589,0.501461,-1.06452,0.274312,-3.04044,2.27884,0.710428,1.029,1.0290,-0.160378,0.128318,-0.184315,0.356883,-0.0339308,0,0
1481576958,247296589,0.501461,-1.06452,0.274312,-3.04044,2.27884,0.710428,1.029,1.0290,-0.160378,0.128318,-0.184315,0.356883,-0.0339308,0,0
1481576958,299315340,0.501461,-1.07222,0.266612,-3.0333,2.2598,0.712808,1.029,1.0290,-0.164427,0.184481,-0.135916,0.364448,-0.0679921,0,0
1481576958,325299469,0.501461,-1.07511,0.263724,-3.03092,2.25266,0.713998,1.029,1.0290,-0.128831,0.131344,-0.121114,0.357918,-0.0382467,0,0
1481576958,351295486,0.501461,-1.07992,0.257949,-3.02616,2.24076,0.715188,1.029,1.0290,-0.160477,0.184853,-0.149014,0.386869,-0.0345284,0,0
1481576958,397270663,0.501461,-1.08762,0.250249,-3.01783,2.22172,0.717569,1.029,1.0290,-0.130352,0.16194,-0.13575,0.358855,-0.0765803,0,0
1481576958,423274545,0.501461,-1.09051,0.246399,-3.01545,2.21458,0.718758,1.029,1.0290,-0.160664,0.188682,-0.135969,0.372113,-0.03932,0,0
1481576958,449306418,0.501461,-1.09532,0.241587,-3.01069,2.20268,0.719948,1.029,1.0290,-0.136426,0.143424,-0.152992,0.420264,-0.0395778,0,0
1481576958,449306418,0.501461,-1.09532,0.241587,-3.01069,2.20268,0.719948,1.029,1.0290,-0.136426,0.143424,-0.152992,0.420264,-0.0395778,0,0
1481576958,521274120,0.500499,-1.10495,0.230037,-3.00117,2.1765,0.724708,1.029,1.0290.000751927,-0.158441,0.142679,-0.121922,0.387003,-0.0791715,0,0
1481576958,547292771,0.500499,-1.1088,0.224262,-2.99641,2.16579,0.725898,1.029,1.0290.000187982,-0.159919,0.180046,-0.14948,0.364505,-0.0197926,0,0
1481576958,547292771,0.500499,-1.1088,0.224262,-2.99641,2.16579,0.725898,1.029,1.0290.000187982,-0.159919,0.180046,-0.14948,0.364505,-0.0197926,0,0
1481576958,599272403,0.500499,-1.1165,0.2156,-2.98927,2.14675,0.728278,1.029,1.0295.87443e-06,-0.128315,0.186097,-0.12739,0.364679,-0.078706,0,0
1481576958,625304103,0.499536,-1.11938,0.21175,-2.9857,2.13842,0.729468,1.029,1.0290.0240624,-0.160422,0.191697,-0.149798,0.387721,-0.0395858,0,0
1481576958,671315980,0.499536,-1.12612,0.203087,-2.97856,2.11938,0.733038,1.029,1.0290.00075195,-0.152404,0.180441,-0.142274,0.387722,-0.0421435,0,0
1481576958,697295118,0.499536,-1.12997,0.197312,-2.97499,2.10749,0.735418,1.029,1.0290.000187987,-0.158409,0.189484,-0.184318,0.364685,-0.0402835,0,0
1481576958,723245489,0.499536,-1.13286,0.193462,-2.97142,2.10034,0.736608,1.029,1.0292.34984e-05,-0.152141,0.192125,-0.142039,0.372848,-0.0794043,0,0
1481576958,749302147,0.499536,-1.13671,0.18865,-2.96666,2.08845,0.738988,1.029,1.0295.87461e-06,-0.158357,0.192408,-0.18426,0.360966,-0.0495987,0,0
1481576958,749302147,0.499536,-1.13671,0.18865,-2.96666,2.08845,0.738988,1.029,1.0295.87461e-06,-0.158357,0.192408,-0.18426,0.360966,-0.0495987,0,0
1481576958,821268650,0.498574,-1.14633,0.175175,-2.95595,2.06227,0.743748,1.029,1.0290.00601544,-0.151382,0.192121,-0.184333,0.364906,-0.0806581,0,0
1481576958,847288456,0.497611,-1.15018,0.1694,-2.95119,2.05037,0.744938,1.029,1.0290.0496272,-0.110031,0.192404,-0.135333,0.418489,-0.0796594,0,0
1481576958,847288456,0.497611,-1.15018,0.1694,-2.95119,2.05037,0.744938,1.029,1.0290.0496272,-0.110031,0.192404,-0.135333,0.418489,-0.0796594,0,0
1481576958,899298970,0.497611,-1.15596,0.159775,-2.94405,2.03133,0.749698,1.029,1.0290.00155085,-0.123749,0.192499,-0.123229,0.388683,-0.0842949,0,0
1481576958,925270323,0.497611,-1.15885,0.155925,-2.94167,2.023,0.750888,1.029,1.0290.000193856,-0.123759,0.192501,-0.164154,0.420443,-0.0849058,0,0
1481576958,951274630,0.496649,-1.1627,0.149187,-2.93691,2.0111,0.753268,1.029,1.0290.0120551,-0.147809,0.216566,-0.184144,0.424432,-0.0998558,0,0
1481576958,997275894,0.496649,-1.16847,0.139562,-2.92977,1.99206,0.756838,1.029,1.0290.000753441,-0.123544,0.193999,-0.0933209,0.420725,-0.0806096,0,0
1481576959,23285255,0.495686,-1.17136,0.13475,-2.92739,1.98373,0.758028,1.029,1.0290.0241558,-0.147782,0.240813,-0.130665,0.424448,-0.0844584,0,0
1481576959,49274220,0.495686,-1.17425,0.128975,-2.92263,1.97183,0.760408,1.029,1.0290.00603896,-0.10913,0.204577,-0.151666,0.373853,-0.0508621,0,0
1481576959,49274220,0.495686,-1.17425,0.128975,-2.92263,1.97183,0.760408,1.029,1.0290.00603896,-0.10913,0.204577,-0.151666,0.373853,-0.0508621,0,0
1481576959,101310666,0.495686,-1.18098,0.11935,-2.91549,1.95279,0.765168,1.029,1.0299.43588e-05,-0.14758,0.192691,-0.123229,0.388863,-0.103052,0,0
1481576959,147281262,0.495686,-1.1858,0.108762,-2.90716,1.93375,0.768737,1.029,1.0295.89742e-06,-0.0994616,0.198525,-0.201077,0.373854,-0.0510619,0,0
1481576959,147281262,0.495686,-1.1858,0.108762,-2.90716,1.93375,0.768737,1.029,1.0295.89742e-06,-0.0994616,0.198525,-0.201077,0.373854,-0.0510619,0,0
1481576959,199264352,0.494724,-1.19157,0.0981748,-2.90002,1.91352,0.773498,1.029,1.0290.0240685,-0.102362,0.198706,-0.16619,0.394727,-0.0871264,0,0
1481576959,225301082,0.494724,-1.1935,0.0933623,-2.89645,1.90519,0.774688,1.029,1.0290.00300856,-0.0970147,0.241397,-0.184398,0.391451,-0.0852595,0,0
1481576959,271301144,0.493761,-1.19927,0.0827748,-2.88931,1.88615,0.778258,1.029,1.0290.0241557,-0.102286,0.206061,-0.135919,0.387817,-0.0435672,0,0
1481576959,297306667,0.493761,-1.20216,0.0760372,-2.88455,1.87306,0.781827,1.029,1.0290.00603892,-0.097763,0.195892,-0.12323,0.424217,-0.100134,0,0
1481576959,323271975,0.493761,-1.20505,0.0721874,-2.88217,1.86592,0.783018,1.029,1.0290.000754865,-0.14456,0.204951,-0.134403,0.410011,-0.0869389,0,0
1481576959,349298983,0.492799,-1.20793,0.0654498,-2.87741,1.85402,0.785398,1.029,1.0290.048312,-0.108325,0.219679,-0.152601,0.370244,-0.110977,0,0
1481576959,349298983,0.492799,-1.20793,0.0654498,-2.87741,1.85402,0.785398,1.029,1.0290.048312,-0.108325,0.219679,-0.152601,0.370244,-0.110977,0,0
1481576959,421273392,0.491836,-1.21467,0.0500499,-2.8667,1.82665,0.792538,1.029,1.0290.00620413,-0.096294,0.207647,-0.129357,0.376098,-0.0887466,0,0
1481576959,447260333,0.491836,-1.21756,0.0423499,-2.86194,1.81356,0.794917,1.029,1.0290.00155103,-0.0962717,0.244412,-0.181089,0.421287,-0.111429,0,0
1481576959,447260333,0.491836,-1.21756,0.0423499,-2.86194,1.81356,0.794917,1.029,1.0290.00155103,-0.0962717,0.244412,-0.181089,0.421287,-0.111429,0,0
1481576959,499261575,0.491836,-1.22237,0.0317625,-2.85361,1.79452,0.799678,1.029,1.0294.84698e-05,-0.0962472,0.245255,-0.150689,0.392489,-0.115042,0,0
1481576959,525266364,0.490874,-1.2243,0.0269499,-2.85123,1.78619,0.802058,1.029,1.0290.0240677,-0.09626,0.22316,-0.137836,0.391197,-0.103623,0,0
1481576959,571301656,0.490874,-1.22911,0.0154,-2.8429,1.76596,0.806817,1.029,1.0290.000752116,-0.0962472,0.223533,-0.153056,0.395267,-0.0887621,0,0
1481576959,597263264,0.489911,-1.232,0.0077,-2.83814,1.75406,0.810388,1.029,1.0290.0242497,-0.0962466,0.224325,-0.187014,0.426066,-0.111486,0,0
1481576959,623274176,0.489911,-1.23392,0.00385,-2.83457,1.74573,0.811578,1.029,1.0290.00303121,-0.0962536,0.208506,-0.187002,0.395395,-0.0585571,0,0
1481576959,649287264,0.489911,-1.23585,-0.00385,-2.82981,1.73383,0.815148,1.029,1.0290.000757803,-0.0481249,0.220562,-0.136001,0.426098,-0.103882,0,0
1481576959,649287264,0.489911,-1.23585,-0.00385,-2.82981,1.73383,0.815148,1.029,1.0290.000757803,-0.0481249,0.220562,-0.136001,0.426098,-0.103882,0,0
1481576959,721260519,0.488949,-1.24162,-0.0211749,-2.81791,1.70527,0.822288,1.029,1.0290.00301067,-0.0720002,0.269681,-0.197625,0.395392,-0.0892367,0,0
1481576959,747243847,0.488949,-1.24451,-0.0279125,-2.81315,1.69218,0.825858,1.029,1.0290.000752667,-0.0901853,0.211794,-0.138655,0.396336,-0.111552,0,0
1481576959,747243847,0.488949,-1.24451,-0.0279125,-2.81315,1.69218,0.825858,1.029,1.0290.000752667,-0.0901853,0.211794,-0.138655,0.396336,-0.111552,0,0
1481576959,799260407,0.487986,-1.24836,-0.0404249,-2.80601,1.67195,0.831807,1.029,1.0290.00603894,-0.096057,0.274316,-0.153083,0.376814,-0.118758,0,0
1481576959,825247993,0.487986,-1.25028,-0.0452374,-2.80244,1.66362,0.834187,1.029,1.0290.000754867,-0.084199,0.250851,-0.15301,0.433839,-0.118961,0,0
1481576959,871309511,0.487024,-1.25413,-0.0577498,-2.79411,1.64339,0.838948,1.029,1.0290.00303213,-0.0838395,0.233423,-0.138656,0.396575,-0.111556,0,0
1481576959,897252225,0.486061,-1.25606,-0.0654498,-2.78816,1.6303,0.842518,1.029,1.0290.0248197,-0.0931446,0.274921,-0.153662,0.396659,-0.117132,0,0
1481576959,923279884,0.486061,-1.25798,-0.0712249,-2.78459,1.62197,0.844897,1.029,1.0290.00310246,-0.0838347,0.274992,-0.197708,0.43634,-0.118758,0,0
1481576959,949263576,0.485099,-1.25991,-0.0789248,-2.77983,1.60888,0.848468,1.029,1.0290.000775615,-0.0450202,0.261248,-0.138677,0.436334,-0.118932,0,0
1481576959,949263576,0.485099,-1.25991,-0.0789248,-2.77983,1.60888,0.848468,1.029,1.0290.000775615,-0.0450202,0.261248,-0.138677,0.436334,-0.118932,0,0
1481576960,21270750,0.484136,-1.26376,-0.0914372,-2.77269,1.59103,0.853228,1.029,1.0290.0244407,-0.0644655,0.122458,-0.038659,0.149517,-0.0223109,0,0
1481576960,47251280,0.484136,-1.26472,-0.0933623,-2.77269,1.58984,0.854418,1.029,1.0290.00611016,-0.0161164,0.102803,-0.00966461,0.06714,-0.0353252,0,0
1481576960,47251280,0.484136,-1.26472,-0.0933623,-2.77269,1.58984,0.854418,1.029,1.0290.00611016,-0.0161164,0.102803,-0.00966461,0.06714,-0.0353252,0,0
1481576960,99318751,0.484136,-1.26472,-0.0933623,-2.77269,1.5946,0.854418,1.029,1.0290.000190943,-0.00351111,0.00321259,-0.000302002,-0.116905,-0.00110415,0,0
1481576960,125264176,0.484136,-1.26472,-0.0933623,-2.77269,1.59936,0.854418,1.029,1.0292.38678e-05,-0.000438889,0.000401573,-3.78169e-05,-0.207985,-0.000137952,0,0
1481576960,171298860,0.484136,-1.26472,-0.0885498,-2.77745,1.61245,0.850848,1.029,1.0297.4587e-07,-1.38484e-05,-0.102251,0.074373,-0.300286,0.0780829,0,0
1481576960,197269085,0.484136,-1.26376,-0.0827748,-2.78221,1.62197,0.848468,1.029,1.0291.86467e-07,-3.19579e-06,-0.169936,0.137593,-0.342826,0.0790157,0,0
1481576960,223273352,0.484136,-1.26376,-0.0789248,-2.78459,1.62911,0.847277,1.029,1.0292.33084e-08,0.0120304,-0.213744,0.121324,-0.340342,0.084299,0,0
1481576960,249263084,0.484136,-1.26183,-0.0731498,-2.78935,1.64101,0.843708,1.029,1.0295.82711e-09,0.0511309,-0.197813,0.149331,-0.412348,0.110317,0,0
1481576960,297262086,0.484136,-1.25991,-0.0625623,-2.79768,1.66005,0.838948,1.029,1.0291.82097e-10,0.0647597,-0.192668,0.209197,-0.418239,0.111282,0,0
1481576960,323318043,0.484136,-1.25798,-0.0577498,-2.80006,1.66719,0.836568,1.029,1.0292.27622e-11,0.0802799,-0.252678,0.130275,-0.364642,0.118027,0,0
1481576960,349254016,0.484136,-1.25606,-0.0510125,-2.80363,1.6779,0.834187,1.029,1.0295.69056e-12,0.0441316,-0.255669,0.181319,-0.358901,0.0890017,0,0
1481576960,349254016,0.484136,-1.25606,-0.0510125,-2.80363,1.6779,0.834187,1.029,1.0295.69056e-12,0.0441316,-0.255669,0.181319,-0.358901,0.0890017,0,0
1481576960,421281876,0.484136,-1.25125,-0.0365749,-2.81434,1.70408,0.827048,1.029,1.0292.22045e-14,0.0689738,-0.198763,0.127146,-0.416509,0.111436,0,0
1481576960,447240089,0.484136,-1.24836,-0.0288749,-2.8191,1.71479,0.823478,1.029,1.0295.32907e-15,0.0894284,-0.266249,0.180535,-0.371881,0.117102,0,0
1481576960,447240089,0.484136,-1.24836,-0.0288749,-2.8191,1.71479,0.823478,1.029,1.0295.32907e-15,0.0894284,-0.266249,0.180535,-0.371881,0.117102,0,0
1481576960,499263348,0.484136,-1.24451,-0.0182875,-2.82743,1.73383,0.818718,1.029,1.0290,0.0719727,-0.24293,0.135798,-0.372345,0.111521,0,0
1481576960,525283314,0.484136,-1.24258,-0.0134749,-2.82981,1.74216,0.817528,1.029,1.0290,0.0932124,-0.222869,0.135975,-0.388679,0.0883089,0,0
1481576960,571302734,0.485099,-1.23873,-0.00192507,-2.83814,1.76239,0.812768,1.029,1.029-0.0481233,0.0931508,-0.211493,0.152999,-0.42493,0.103157,0,0
1481576960,597283628,0.485099,-1.23681,0.00481247,-2.8429,1.77429,0.809198,1.029,1.029-0.0120306,0.0954727,-0.245377,0.187,-0.433482,0.115032,0,0
1481576960,623255079,0.485099,-1.23488,0.00962493,-2.84647,1.78143,0.808007,1.029,1.029-0.00150362,0.0841191,-0.223169,0.186999,-0.366567,0.088801,0,0
1481576960,649249208,0.485099,-1.232,0.0173249,-2.85004,1.79452,0.804438,1.029,1.029-0.000376038,0.0932147,-0.272357,0.136,-0.389144,0.111443,0,0
1481576960,649249208,0.485099,-1.232,0.0173249,-2.85004,1.79452,0.804438,1.029,1.029-0.000376038,0.0932147,-0.272357,0.136,-0.389144,0.111443,0,0
1481576960,721282194,0.486061,-1.22526,0.0327249,-2.86075,1.82189,0.798488,1.029,1.029-0.00300937,0.0661578,-0.207853,0.1358,-0.391062,0.0557471,0,0
1481576960,747252304,0.487024,-1.22237,0.0404249,-2.86551,1.83379,0.794917,1.029,1.029-0.0488754,0.0887378,-0.268521,0.15295,-0.425015,0.103179,0,0
1481576960,747252304,0.487024,-1.22237,0.0404249,-2.86551,1.83379,0.794917,1.029,1.029-0.0488754,0.0887378,-0.268521,0.15295,-0.425015,0.103179,0,0
1481576960,799290793,0.487986,-1.21756,0.0510123,-2.87384,1.85402,0.790158,1.029,1.029-0.0496642,0.096012,-0.194878,0.186998,-0.433487,0.103626,0,0
1481576960,825254710,0.487986,-1.21563,0.0558249,-2.87622,1.86235,0.788968,1.029,1.029-0.00620783,0.0962306,-0.252956,0.1275,-0.426063,0.087322,0,0
1481576960,851295692,0.487986,-1.21275,0.0625623,-2.88098,1.87425,0.786588,1.029,1.029-0.000776045,0.0962446,-0.248181,0.149812,-0.425135,0.0555365,0,0
1481576960,897267075,0.488949,-1.20697,0.0731498,-2.88931,1.89329,0.781827,1.029,1.029-4.84695e-05,0.108277,-0.208009,0.1358,-0.390998,0.0852767,0,0
1481576960,923256267,0.488949,-1.20505,0.0779623,-2.89169,1.90162,0.780637,1.029,1.029-0.012037,0.0977538,-0.242564,0.135975,-0.390991,0.0552942,0,0
1481576960,949258507,0.488949,-1.2012,0.0846998,-2.89645,1.91352,0.777068,1.029,1.029-0.00300937,0.0966234,-0.253141,0.152993,-0.395236,0.103066,0,0
1481576960,949258507,0.488949,-1.2012,0.0846998,-2.89645,1.91352,0.777068,1.029,1.029-0.00300937,0.0966234,-0.253141,0.152993,-0.395236,0.103066,0,0
1481576961,1308027,0.489911,-1.19638,0.0943248,-2.90359,1.93375,0.773498,1.029,1.029-0.0241085,0.0977581,-0.193449,0.134406,-0.424537,0.0555278,0,0
1481576961,47267503,0.489911,-1.19061,0.105875,-2.91073,1.95279,0.768737,1.029,1.029-0.00150682,0.120403,-0.246696,0.1869,-0.420705,0.0555286,0,0
1481576961,47267503,0.489911,-1.19061,0.105875,-2.91073,1.95279,0.768737,1.029,1.029-0.00150682,0.120403,-0.246696,0.1869,-0.420705,0.0555286,0,0
1481576961,99259727,0.489911,-1.18483,0.1155,-2.91906,1.97302,0.765168,1.029,1.029-4.68716e-05,0.121064,-0.242319,0.184341,-0.373857,0.102136,0,0
1481576961,125339960,0.490874,-1.18291,0.120312,-2.92263,1.98016,0.762788,1.029,1.029-0.0240675,0.0993621,-0.210756,0.186667,-0.373975,0.10201,0,0
1481576961,151283781,0.490874,-1.17906,0.12705,-2.9262,1.99206,0.761598,1.029,1.029-0.00300831,0.108667,-0.242908,0.127458,-0.374003,0.0424987,0,0
1481576961,197260511,0.490874,-1.17328,0.136675,-2.93334,2.0111,0.758028,1.029,1.029-0.000188019,0.109067,-0.195652,0.134404,-0.387802,0.0844618,0,0
1481576961,223283381,0.490874,-1.1704,0.140525,-2.93691,2.01942,0.755647,1.029,1.029-2.34358e-05,0.121911,-0.192892,0.180425,-0.390591,0.0998535,0,0
1481576961,249260097,0.491836,-1.16655,0.1463,-2.94167,2.03133,0.753268,1.029,1.029-5.85895e-06,0.102663,-0.192596,0.134356,-0.424884,0.0844584,0,0
1481576961,249260097,0.491836,-1.16655,0.1463,-2.94167,2.03133,0.753268,1.029,1.029-5.85895e-06,0.102663,-0.192596,0.134356,-0.424884,0.0844584,0,0
1481576961,321258649,0.491836,-1.15788,0.160737,-2.95119,2.0575,0.748508,1.029,1.029-0.000376038,0.147792,-0.195506,0.135329,-0.364708,0.0844596,0,0
1481576961,347264562,0.491836,-1.15403,0.16555,-2.95595,2.06941,0.746128,1.029,1.029-9.37433e-05,0.109133,-0.169192,0.152832,-0.418426,0.0806099,0,0
1481576961,347264562,0.491836,-1.15403,0.16555,-2.95595,2.06941,0.746128,1.029,1.029-9.37433e-05,0.109133,-0.169192,0.152832,-0.418426,0.0806099,0,0
1481576961,399248021,0.491836,-1.14826,0.176137,-2.96309,2.08845,0.742557,1.029,1.029-3.19579e-06,0.111695,-0.215837,0.149807,-0.38866,0.0508588,0,0
1481576961,425252874,0.491836,-1.14537,0.179987,-2.96547,2.09559,0.741368,1.029,1.029-5.32632e-07,0.122239,-0.195418,0.122851,-0.360965,0.0807394,0,0
1481576961,471262362,0.492799,-1.13863,0.18865,-2.97261,2.11581,0.737798,1.029,1.029-0.00601555,0.127139,-0.189581,0.122839,-0.420345,0.0992025,0,0
1481576961,497257857,0.493761,-1.13478,0.194424,-2.97737,2.12653,0.736608,1.029,1.029-0.00150362,0.152093,-0.191768,0.149709,-0.37284,0.0842956,0,0
1481576961,523251755,0.493761,-1.1319,0.198274,-2.98094,2.13485,0.735418,1.029,1.029-0.0122186,0.127296,-0.192406,0.152588,-0.418482,0.0402845,0,0
1481576961,549239391,0.493761,-1.12805,0.20405,-2.98451,2.14556,0.734228,1.029,1.029-0.00305465,0.152132,-0.192475,0.127397,-0.372375,0.0695661,0,0
1481576961,549239391,0.493761,-1.12805,0.20405,-2.98451,2.14556,0.734228,1.029,1.029-0.00305465,0.152132,-0.192475,0.127397,-0.372375,0.0695661,0,0
1481576961,621259812,0.493761,-1.11842,0.2156,-2.99641,2.17293,0.729468,1.029,1.029-1.17179e-05,0.127294,-0.166937,0.1869,-0.418429,0.0719049,0,0
1481576961,647248324,0.493761,-1.11457,0.221374,-2.99998,2.18364,0.728278,1.029,1.029-3.19579e-06,0.128077,-0.186111,0.165725,-0.372362,0.0774713,0,0
1481576961,647248324,0.493761,-1.11457,0.221374,-2.99998,2.18364,0.728278,1.029,1.029-3.19579e-06,0.128077,-0.186111,0.165725,-0.372362,0.0774713,0,0
1481576961,699246892,0.493761,-1.10687,0.230037,-3.00831,2.20268,0.724708,1.029,1.0290,0.175455,-0.192302,0.135335,-0.372362,0.0396054,0,0
1481576961,725250231,0.494724,-1.10398,0.232924,-3.01069,2.20982,0.723518,1.029,1.029-0.0240617,0.130209,-0.132319,0.135917,-0.358907,0.0793194,0,0
1481576961,751267087,0.494724,-1.09917,0.238699,-3.01545,2.22172,0.722328,1.029,1.029-0.00300777,0.160653,-0.184975,0.180614,-0.372106,0.0396624,0,0
1481576961,797255908,0.494724,-1.09243,0.247362,-3.02259,2.24076,0.719948,1.029,1.029-0.000188019,0.160426,-0.192028,0.1526,-0.38768,0.0768477,0,0
1481576961,823261326,0.494724,-1.08858,0.251212,-3.02616,2.24909,0.718758,1.029,1.029-2.34358e-05,0.176457,-0.180407,0.15295,-0.420324,0.0393535,0,0
1481576961,849251693,0.494724,-1.08473,0.256024,-3.02973,2.2598,0.716378,1.029,1.029-5.85895e-06,0.164423,-0.165414,0.127487,-0.372822,0.0395859,0,0
1481576961,849251693,0.494724,-1.08473,0.256024,-3.02973,2.2598,0.716378,1.029,1.029-5.85895e-06,0.164423,-0.165414,0.127487,-0.372822,0.0395859,0,0
1481576961,921261616,0.494724,-1.07415,0.267574,-3.04163,2.28598,0.713998,1.029,1.0290,0.136372,-0.188632,0.1869,-0.360786,0.0340858,0,0
1481576961,947270050,0.495686,-1.06934,0.272387,-3.04639,2.29669,0.712808,1.029,1.029-0.0481366,0.13034,-0.143408,0.135975,-0.417446,0.0680165,0,0
1481576961,973271586,0.495686,-1.06645,0.275274,-3.04877,2.30502,0.711618,1.029,1.029-0.00601715,0.136607,-0.162298,0.135997,-0.379437,0.0382496,0,0
1481576961,999226837,0.495686,-1.06164,0.279124,-3.05353,2.31454,0.710428,1.029,1.029-0.00150415,0.130398,-0.16089,0.123249,-0.362613,0.00956239,0,0
1481576962,25254501,0.495686,-1.05875,0.282012,-3.05472,2.32049,0.710428,1.029,1.029-0.000188019,0.160683,-0.128392,0.104656,-0.313067,0.0160691,0,0
1481576962,51261883,0.495686,-1.05586,0.284899,-3.0571,2.32525,0.709238,1.029,1.029-2.34358e-05,0.104301,-0.100271,0.087457,-0.173011,0.0168824,0,0
1481576962,77306326,0.495686,-1.05394,0.287787,-3.05948,2.33001,0.709238,1.029,1.029-5.85895e-06,0.0741986,-0.0731911,0.051614,-0.162242,0.0042206,0,0
1481576962,97250708,0.495686,-1.05297,0.288749,-3.06067,2.33239,0.709238,1.029,1.029-1.5979e-06,0.0426113,-0.0904894,0.102153,-0.129816,0.00105515,0,0
1481576962,123282229,0.495686,-1.05297,0.289712,-3.06067,2.33239,0.709238,1.029,1.0290,0.0173572,-0.0594343,0.0127691,-0.0311009,0.000131894,0,0
1481576962,149263496,0.495686,-1.05201,0.289712,-3.06067,2.33358,0.709238,1.029,1.0290,0.0284076,-0.0148588,0.00319228,-0.0672704,3.29734e-05,0,0
1481576962,175267078,0.495686,-1.05201,0.289712,-3.06067,2.33358,0.709238,1.029,1.0290,0.00355095,-0.00185729,0.000399036,-0.00840866,4.12168e-06,0,0
1481576962,201260109,0.495686,-1.05105,0.290674,-3.06067,2.33358,0.709238,1.029,1.0290,0.0485672,-0.0242939,4.98795e-05,-0.00105088,5.1521e-07,0,0
1481576962,227244509,0.495686,-1.05105,0.290674,-3.06067,2.33358,0.709238,1.029,1.0290,0.0121418,-0.00607361,1.24699e-05,-0.000262588,1.28802e-07,0,0
1481576962,247262555,0.495686,-1.05105,0.290674,-3.06067,2.33358,0.709238,1.029,1.0290,0.00303545,-0.00151853,3.11747e-06,-6.55138e-05,3.22006e-08,0,0
1481576962,273236783,0.495686,-1.05105,0.290674,-3.06067,2.33358,0.709238,1.029,1.0290,0.000379431,-0.000189617,3.89683e-07,-7.98948e-06,4.02507e-09,0,0
1481576962,299247477,0.495686,-1.05105,0.290674,-3.06067,2.33358,0.709238,1.029,1.0290,9.48578e-05,-4.74043e-05,9.74208e-08,-2.13053e-06,1.00627e-09,0,0
1481576962,325279566,0.495686,-1.05105,0.290674,-3.06067,2.33358,0.709238,1.029,1.0290,1.18572e-05,-5.85895e-06,1.21776e-08,0,1.25784e-10,0,0
1481576962,351234055,0.495686,-1.05105,0.290674,-3.06067,2.33358,0.709238,1.029,1.0290,1.48215e-06,-5.32632e-07,1.5222e-09,0,1.57225e-11,0,0
1481576962,371255754,0.495686,-1.05105,0.290674,-3.06186,2.33358,0.709238,1.029,1.0290,3.70538e-07,0,0.02975,0,3.93108e-12,0,0
1481576962,397255164,0.495686,-1.05105,0.290674,-3.06186,2.33358,0.709238,1.029,1.0290,9.26346e-08,0,0.0074375,0,9.82325e-13,0,0
1481576962,423243591,0.495686,-1.05105,0.290674,-3.06186,2.33358,0.709238,1.029,1.0290,1.15793e-08,0,0.000929688,0,1.22569e-13,0,0
1481576962,449268205,0.495686,-1.05105,0.290674,-3.06186,2.33358,0.709238,1.029,1.0290,2.89483e-09,0,0.000232422,0,3.10862e-14,0,0
1481576962,475305256,0.495686,-1.05105,0.290674,-3.06186,2.33358,0.709238,1.029,1.0290,3.61854e-10,0,2.90527e-05,0,3.55271e-15,0,0
1481576962,501291190,0.495686,-1.05105,0.290674,-3.06186,2.33358,0.709238,1.029,1.0290,4.52314e-11,0,3.63159e-06,0,8.88178e-16,0,0
1481576962,521249252,0.495686,-1.05105,0.290674,-3.06186,2.33358,0.709238,1.029,1.0290,1.13083e-11,0,9.07898e-07,0,0,0,0
1481576962,547233523,0.495686,-1.05105,0.290674,-3.06186,2.33358,0.709238,1.029,1.0290,2.82707e-12,0,2.26975e-07,0,0,0,0
1481576962,573303978,0.495686,-1.05105,0.290674,-3.06186,2.33358,0.709238,1.029,1.0290,3.53495e-13,0,2.83718e-08,0,0,0,0
1481576962,599246145,0.495686,-1.05105,0.290674,-3.06186,2.33358,0.709238,1.029,1.0290,8.79297e-14,0,7.09295e-09,0,0,0,0
1481576962,625242628,0.495686,-1.05105,0.290674,-3.06186,2.33358,0.709238,1.029,1.0290,1.06581e-14,0,8.8662e-10,0,0,0,0
1481576962,651222036,0.495686,-1.05105,0.290674,-3.06186,2.33358,0.709238,1.029,1.0290,1.77636e-15,0,1.10828e-10,0,0,0,0
1481576962,671242724,0.495686,-1.05008,0.290674,-3.06186,2.33358,0.709238,1.029,1.0290,0.0481233,0,2.77067e-11,0,0,0,0
1481576962,697254125,0.495686,-1.05008,0.290674,-3.06186,2.33358,0.709238,1.029,1.0290,0.0120308,0,6.9269e-12,0,0,0,0
1481576962,723282209,0.495686,-1.05008,0.290674,-3.06186,2.33358,0.709238,1.029,1.0290,0.00150385,0,8.65974e-13,0,0,0,0
1481576962,749264066,0.495686,-1.05008,0.290674,-3.06186,2.33358,0.709238,1.029,1.0290,0.000375963,0,2.16716e-13,0,0,0,0
1481576962,775277000,0.495686,-1.05008,0.290674,-3.06186,2.33358,0.709238,1.029,1.0290,4.69954e-05,0,2.66454e-14,0,0,0,0
1481576962,801270158,0.495686,-1.05008,0.290674,-3.06186,2.33358,0.709238,1.029,1.0290,5.87443e-06,0,3.55271e-15,0,0,0,0
1481576962,827245004,0.495686,-1.05008,0.290674,-3.06186,2.33358,0.709238,1.029,1.0290,1.46861e-06,0,8.88178e-16,0,0,0,0
1481576962,847259523,0.495686,-1.05008,0.290674,-3.06186,2.33358,0.709238,1.029,1.0290,3.67152e-07,0,0,0,0,0,0
1481576962,873236257,0.495686,-1.05008,0.290674,-3.06186,2.33358,0.709238,1.029,1.0290,4.5894e-08,0,0,0,0,0,0
1481576962,899259657,0.495686,-1.05008,0.290674,-3.06186,2.33358,0.709238,1.029,1.0290,1.14735e-08,0,0,0,0,0,0
1481576962,925248000,0.495686,-1.05008,0.290674,-3.06186,2.33358,0.709238,1.029,1.0290,1.43419e-09,0,0,0,0,0,0
1481576962,951235478,0.495686,-1.05008,0.290674,-3.06186,2.33358,0.709238,1.029,1.0290,1.79273e-10,0,0,0,0,0,0
1481576962,977280358,0.495686,-1.05008,0.290674,-3.06186,2.33358,0.709238,1.029,1.0290,4.48184e-11,0,0,0,0,0,0
1481576962,997260256,0.495686,-1.05008,0.290674,-3.06186,2.33358,0.709238,1.029,1.0290,1.12044e-11,0,0,0,0,0,0
1481576963,23236022,0.495686,-1.05008,0.290674,-3.06186,2.33358,0.709238,1.029,1.0290,1.40066e-12,0,0,0,0,0,0
1481576963,49274728,0.495686,-1.05008,0.290674,-3.06186,2.33358,0.709238,1.029,1.0290,3.49942e-13,0,0,0,0,0,0
1481576963,75273117,0.495686,-1.05008,0.290674,-3.06186,2.33358,0.709238,1.029,1.0290,4.35207e-14,0,0,0,0,0,0
1481576963,101270780,0.495686,-1.05008,0.290674,-3.06186,2.33358,0.709238,1.029,1.0290,5.32907e-15,0,0,0,0,0,0
1481576963,121243790,0.495686,-1.05008,0.290674,-3.06186,2.33358,0.709238,1.029,1.0290,1.77636e-15,0,0,0,0,0,0
1481576963,147282516,0.495686,-1.05008,0.290674,-3.06186,2.33358,0.709238,1.029,1.0290,0,0,0,0,0,0,0
1481576963,173269995,0.495686,-1.05008,0.290674,-3.06186,2.33358,0.709238,1.029,1.0290,0,0,0,0,0,0,0
1481576963,199239298,0.495686,-1.05008,0.290674,-3.06186,2.33358,0.709238,1.029,1.0290,0,0,0,0,0,0,0
1481576963,225257202,0.495686,-1.05008,0.290674,-3.06186,2.33358,0.709238,1.029,1.0290,0,0,0,0,0,0,0
1481576963,251223603,0.495686,-1.05008,0.290674,-3.06186,2.33358,0.709238,1.029,1.0290,0,0,0,0,0,0,0
1481576963,277289692,0.495686,-1.05008,0.290674,-3.06186,2.33358,0.709238,1.029,1.0290,0,0,0,0,0,0,0
1481576963,297242280,0.495686,-1.05008,0.290674,-3.06186,2.33358,0.709238,1.029,1.0290,0,0,0,0,0,0,0
1481576963,323252871,0.495686,-1.05008,0.290674,-3.06186,2.33358,0.709238,1.029,1.0290,0,0,0,0,0,0,0
1481576963,349246138,0.495686,-1.05008,0.290674,-3.06186,2.33358,0.709238,1.029,1.0290,0,0,0,0,0,0,0
1481576963,375254480,0.495686,-1.05008,0.290674,-3.06186,2.33358,0.709238,1.029,1.0290,0,0,0,0,0,0,0
1481576963,401244082,0.495686,-1.05008,0.290674,-3.06186,2.33358,0.709238,1.029,1.0290,0,0,0,0,0,0,0
1481576963,421265553,0.495686,-1.05008,0.290674,-3.06186,2.33358,0.709238,1.029,1.0290,0,0,0,0,0,0,0
1481576963,447247974,0.495686,-1.05008,0.290674,-3.06186,2.33358,0.709238,1.029,1.0290,0,0,0,0,0,0,0
1481576963,473288607,0.495686,-1.05008,0.290674,-3.06186,2.33358,0.709238,1.029,1.0290,0,0,0,0,0,0,0
1481576963,499276548,0.495686,-1.05008,0.290674,-3.06186,2.33358,0.709238,1.029,1.0290,0,0,0,0,0,0,0
1481576963,525283310,0.495686,-1.05008,0.290674,-3.06186,2.33358,0.709238,1.029,1.0290,0,0,0,0,0,0,0
1481576963,551226956,0.495686,-1.05008,0.290674,-3.06186,2.33358,0.709238,1.029,1.0290,0,0,0,0,0,0,0
1481576963,577271006,0.495686,-1.05008,0.290674,-3.06186,2.33358,0.709238,1.029,1.0290,0,0,0,0,0,0,0
1481576963,597263103,0.495686,-1.05008,0.290674,-3.06186,2.33358,0.709238,1.029,1.0290,0,0,0,0,0,0,0
1481576963,623248167,0.495686,-1.05008,0.290674,-3.06186,2.33358,0.709238,1.029,1.0290,0,0,0,0,0,0,0
1481576963,649275117,0.495686,-1.05008,0.290674,-3.06186,2.33358,0.709238,1.029,1.0290,0,0,0,0,0,0,0
1481576963,675276492,0.495686,-1.05008,0.290674,-3.06186,2.33358,0.709238,1.029,1.0290,0,0,0,0,0,0,0
1481576963,701236602,0.495686,-1.05008,0.290674,-3.06186,2.33358,0.709238,1.029,1.0290,0,0,0,0,0,0,0
1481576963,721263291,0.495686,-1.05008,0.290674,-3.06186,2.33358,0.709238,1.029,1.0290,0,0,0,0,0,0,0
1481576963,747283239,0.495686,-1.05008,0.290674,-3.06186,2.33358,0.709238,1.029,1.0290,0,0,0,0,0,0,0
1481576963,773275707,0.495686,-1.05008,0.290674,-3.06186,2.33358,0.709238,1.029,1.0290,0,0,0,0,0,0,0
1481576963,799233352,0.495686,-1.05008,0.290674,-3.06186,2.33358,0.709238,1.029,1.0290,0,0,0,0,0,0,0
1481576963,825240645,0.495686,-1.05008,0.290674,-3.06186,2.33358,0.709238,1.029,1.0290,0,0,0,0,0,0,0
1481576963,851217510,0.495686,-1.05008,0.290674,-3.06186,2.33358,0.709238,1.029,1.0290,0,0,0,0,0,0,0
1481576963,877270977,0.495686,-1.05008,0.290674,-3.06186,2.33358,0.709238,1.029,1.0290,0,0,0,0,0,0,0
1481576963,897245280,0.495686,-1.05008,0.290674,-3.06186,2.33358,0.709238,1.029,1.0290,0,0,0,0,0,0,0
1481576963,923241701,0.495686,-1.05008,0.290674,-3.06186,2.33358,0.709238,1.029,1.0290,0,0,0,0,0,0,0
1481576963,949265878,0.495686,-1.05008,0.290674,-3.06186,2.33358,0.709238,1.029,1.0290,0,0,0,0,0,0,0
1481576963,975232508,0.495686,-1.05008,0.290674,-3.06186,2.33358,0.709238,1.029,1.0290,0,0,0,0,0,0,0
1481576964,1238574,0.495686,-1.05008,0.290674,-3.06186,2.33358,0.709238,1.029,1.0290,0,0,0,0,0,0,0
1481576964,21253514,0.495686,-1.05008,0.290674,-3.06186,2.33358,0.709238,1.029,1.0290,0,0,0,0,0,0,0
1481576964,47231705,0.495686,-1.05008,0.290674,-3.06186,2.33358,0.709238,1.029,1.0290,0,0,0,0,0,0,0
1481576964,73438894,0.495686,-1.05008,0.290674,-3.06186,2.33358,0.709238,1.029,1.0290,0,0,0,0,0,0,0
1481576964,99246622,0.495686,-1.05008,0.290674,-3.06186,2.33358,0.709238,1.029,1.0290,0,0,0,0,0,0,0
1481576964,125232674,0.495686,-1.05008,0.290674,-3.06186,2.33358,0.709238,1.029,1.0290,0,0,0,0,0,0,0
1481576964,151258774,0.495686,-1.05008,0.290674,-3.06186,2.33358,0.709238,1.029,1.0290,0,0,0,0,0,0,0
1481576964,177239262,0.495686,-1.05008,0.290674,-3.06186,2.33358,0.709238,1.029,1.0290,0,0,0,0,0,0,0
1481576964,197262377,0.495686,-1.05008,0.290674,-3.06186,2.33358,0.709238,1.029,1.0290,0,0,0,0,0,0,0
1481576964,223241960,0.495686,-1.05008,0.290674,-3.06186,2.33358,0.709238,1.029,1.0290,0,0,0,0,0,0,0
1481576964,249239634,0.495686,-1.05008,0.290674,-3.06186,2.33358,0.709238,1.029,1.0290,0,0,0,0,0,0,0
1481576964,275266552,0.495686,-1.05008,0.290674,-3.06186,2.33358,0.709238,1.029,1.0290,0,0,0,0,0,0,0
1481576964,301275042,0.495686,-1.05008,0.290674,-3.06186,2.33358,0.709238,1.029,1.0290,0,0,0,0,0,0,0
1481576964,327245917,0.495686,-1.05008,0.290674,-3.06186,2.33358,0.709238,1.029,1.0290,0,0,0,0,0,0,0
1481576964,347265507,0.495686,-1.05008,0.290674,-3.06186,2.33358,0.709238,1.029,1.0290,0,0,0,0,0,0,0
1481576964,373265897,0.495686,-1.05008,0.290674,-3.06186,2.33358,0.709238,1.029,1.0290,0,0,0,0,0,0,0
1481576964,399253963,0.495686,-1.05008,0.290674,-3.06186,2.33358,0.709238,1.029,1.0290,0,0,0,0,0,0,0
1481576964,425238285,0.495686,-1.05008,0.290674,-3.06186,2.33358,0.709238,1.029,1.0290,0,0,0,0,0,0,0
1481576964,451218206,0.495686,-1.05008,0.290674,-3.06186,2.33358,0.709238,1.029,1.0290,0,0,0,0,0,0,0
1481576964,477218194,0.495686,-1.05008,0.290674,-3.06186,2.33358,0.709238,1.029,1.0290,0,0,0,0,0,0,0
1481576964,497245076,0.495686,-1.05008,0.290674,-3.06186,2.33358,0.709238,1.029,1.0290,0,0,0,0,0,0,0
1481576964,523258425,0.495686,-1.05008,0.290674,-3.06186,2.33358,0.709238,1.029,1.0290,0,0,0,0,0,0,0
1481576964,549268550,0.495686,-1.05008,0.290674,-3.06186,2.33358,0.709238,1.029,1.0290,0,0,0,0,0,0,0
1481576964,575270366,0.495686,-1.05008,0.290674,-3.06186,2.33358,0.709238,1.029,1.0290,0,0,0,0,0,0,0
1481576964,601250571,0.495686,-1.05008,0.290674,-3.06186,2.33358,0.709238,1.029,1.0290,0,0,0,0,0,0,0
1481576964,621252285,0.495686,-1.05008,0.290674,-3.06186,2.33358,0.709238,1.029,1.0290,0,0,0,0,0,0,0
1481576964,647251963,0.495686,-1.05008,0.290674,-3.06186,2.33358,0.709238,1.029,1.0290,0,0,0,0,0,0,0
1481576964,673259964,0.495686,-1.05008,0.290674,-3.06186,2.33358,0.709238,1.029,1.0290,0,0,0,0,0,0,0
1481576964,699250798,0.495686,-1.05008,0.290674,-3.06186,2.33358,0.709238,1.029,1.0290,0,0,0,0,0,0,0
1481576964,725248690,0.495686,-1.05008,0.290674,-3.06186,2.33358,0.709238,1.029,1.0290,0,0,0,0,0,0,0
1481576964,746267325,0.495686,-1.05008,0.290674,-3.06186,2.33358,0.709238,1.029,1.0290,0,0,0,0,0,0,0
1481576964,772274863,0.495686,-1.05008,0.290674,-3.06186,2.33358,0.709238,1.029,1.0290,0,0,0,0,0,0,0
1481576964,798261644,0.495686,-1.05008,0.290674,-3.06186,2.33358,0.709238,1.029,1.0290,0,0,0,0,0,0,0
1481576964,824212787,0.495686,-1.05008,0.290674,-3.06186,2.33358,0.709238,1.029,1.0290,0,0,0,0,0,0,0
1481576964,850266219,0.495686,-1.05008,0.290674,-3.06186,2.33358,0.709238,1.029,1.0290,0,0,0,0,0,0,0
1481576964,876260515,0.495686,-1.05008,0.290674,-3.06186,2.33358,0.709238,1.029,1.0290,0,0,0,0,0,0,0
1481576964,902251822,0.495686,-1.05008,0.290674,-3.06186,2.33358,0.709238,1.029,1.0290,0,0,0,0,0,0,0
1481576964,922247060,0.495686,-1.05008,0.290674,-3.06186,2.33358,0.709238,1.029,1.0290,0,0,0,0,0,0,0
1481576964,948251921,0.495686,-1.05008,0.290674,-3.06186,2.33358,0.709238,1.029,1.0290,0,0,0,0,0,0,0
1481576964,974281968,0.495686,-1.05008,0.290674,-3.06186,2.33358,0.709238,1.029,1.0290,0,0,0,0,0,0,0
1481576965,238966,0.495686,-1.05008,0.290674,-3.06186,2.33358,0.709238,1.029,1.0290,0,0,0,0,0,0,0
1481576965,26218867,0.495686,-1.05008,0.290674,-3.06186,2.33358,0.709238,1.029,1.0290,0,0,0,0,0,0,0
1481576965,52213721,0.495686,-1.05008,0.292599,-3.06186,2.33477,0.709238,1.029,1.0290,0,-0.072185,0,-0.0148738,0,0,0
1481576965,72216395,0.496649,-1.05008,0.293562,-3.06305,2.33715,0.709238,1.029,1.029-0.0481233,0,-0.0661764,0.02975,-0.0929741,0,0,0
1481576965,98234428,0.497611,-1.05105,0.297412,-3.06424,2.33953,0.709238,1.029,1.029-0.0601544,-0.0240617,-0.136852,0.0669371,-0.0827386,0,0,0
1481576965,124263089,0.499536,-1.05297,0.300299,-3.06543,2.34191,0.709238,1.029,1.029-0.0797042,-0.0752061,-0.125386,0.0381171,-0.114458,0,0,0
1481576965,150242005,0.501461,-1.0549,0.306074,-3.06662,2.34429,0.709238,1.029,1.029-0.0680496,-0.0669247,-0.17572,0.00952929,-0.147631,0,0,0
1481576965,176252234,0.503386,-1.05682,0.311849,-3.06781,2.34786,0.709238,1.029,1.029-0.0686606,-0.0925816,-0.26259,0.045816,-0.137444,0,0,0
1481576965,202272828,0.505311,-1.06067,0.318587,-3.07019,2.35143,0.709238,1.029,1.029-0.116873,-0.119864,-0.225325,0.094977,-0.121303,0,0,0
1481576965,222269216,0.506274,-1.0626,0.323399,-3.07138,2.355,0.710428,1.029,1.029-0.0773414,-0.102151,-0.224767,0.0832438,-0.179063,-0.059495,0,0
1481576965,248242860,0.509161,-1.06645,0.332062,-3.07376,2.35976,0.710428,1.029,1.029-0.0915206,-0.0977226,-0.27275,0.050561,-0.193516,-0.0148738,0,0
1481576965,274247702,0.511086,-1.06837,0.337837,-3.07495,2.36333,0.711618,1.029,1.029-0.095656,-0.108462,-0.286753,0.050945,-0.158067,-0.0316069,0,0
1481576965,300260349,0.513974,-1.07222,0.346499,-3.07733,2.36928,0.712808,1.029,1.029-0.0961055,-0.123369,-0.28825,0.101986,-0.218002,-0.0376491,0,0
1481576965,326265220,0.516861,-1.07511,0.352274,-3.07971,2.37285,0.713998,1.029,1.029-0.0962291,-0.123699,-0.288687,0.101998,-0.161121,-0.0344538,0,0
1481576965,346255992,0.518786,-1.078,0.359012,-3.08209,2.37761,0.715188,1.029,1.029-0.144366,-0.151246,-0.312798,0.144499,-0.218779,-0.0681082,0,0
1481576965,372240991,0.520711,-1.08185,0.367674,-3.08447,2.38237,0.716378,1.029,1.029-0.0902439,-0.151245,-0.291757,0.137062,-0.161238,-0.0382611,0,0
1481576965,398240408,0.524561,-1.0857,0.377299,-3.08685,2.38832,0.717569,1.029,1.029-0.118808,-0.109996,-0.289497,0.0937655,-0.218795,-0.0691133,0,0
1481576965,424211139,0.526486,-1.08858,0.383074,-3.08804,2.39308,0.718758,1.029,1.029-0.0990669,-0.134061,-0.300877,0.0860954,-0.220715,-0.0383868,0,0
1481576965,450227940,0.530336,-1.09243,0.392699,-3.09161,2.39903,0.721138,1.029,1.029-0.0969652,-0.129762,-0.315839,0.0512739,-0.203943,-0.0393439,0,0
1481576965,476238197,0.533224,-1.09532,0.398474,-3.0928,2.4026,0.722328,1.029,1.029-0.132429,-0.124504,-0.292132,0.0956589,-0.204005,-0.0792866,0,0
1481576965,502235569,0.536111,-1.10013,0.409062,-3.09637,2.40855,0.723518,1.029,1.029-0.148893,-0.159933,-0.34933,0.116082,-0.218886,-0.0396582,0,0
1481576965,522567163,0.538036,-1.10302,0.414836,-3.09875,2.41212,0.724708,1.029,1.029-0.109415,-0.160305,-0.303891,0.14802,-0.203459,-0.0396619,0,0
1481576965,548256246,0.541886,-1.10687,0.424462,-3.10113,2.41807,0.727088,1.029,1.029-0.0995388,-0.160385,-0.340661,0.0965049,-0.169868,-0.039663,0,0
1481576965,574260150,0.543811,-1.10976,0.431199,-3.10351,2.42164,0.728278,1.029,1.029-0.108689,-0.128339,-0.343362,0.116188,-0.169998,-0.0793265,0,0
1481576965,600237980,0.547661,-1.11457,0.439861,-3.10589,2.42759,0.729468,1.029,1.029-0.0753025,-0.176455,-0.302405,0.0885468,-0.220984,-0.0793265,0,0
1481576965,626228443,0.551511,-1.11746,0.446599,-3.10827,2.43116,0.731848,1.029,1.029-0.105659,-0.154396,-0.338582,0.115193,-0.161494,-0.0991852,0,0
1481576965,652247688,0.553436,-1.12227,0.456224,-3.11065,2.43711,0.734228,1.029,1.029-0.109468,-0.163673,-0.343102,0.073899,-0.168938,-0.101641,0,0
1481576965,672226365,0.555361,-1.1242,0.461999,-3.11303,2.44187,0.735418,1.029,1.029-0.0995516,-0.113103,-0.302339,0.107725,-0.220746,-0.0849053,0,0
1481576965,698235051,0.559211,-1.12901,0.471624,-3.11541,2.44663,0.737798,1.029,1.029-0.121134,-0.124529,-0.292148,0.086431,-0.203924,-0.0807215,0,0
1481576965,724241023,0.563061,-1.1319,0.478361,-3.11779,2.45139,0.738988,1.029,1.029-0.171549,-0.135874,-0.349331,0.114929,-0.218863,-0.084459,0,0
1481576965,750214226,0.565949,-1.13671,0.487024,-3.12017,2.45615,0.741368,1.029,1.029-0.115073,-0.130229,-0.303896,0.117982,-0.20348,-0.0806096,0,0
1481576965,776255287,0.569799,-1.1396,0.492799,-3.12255,2.45972,0.742557,1.029,1.029-0.146723,-0.160649,-0.290644,0.0742476,-0.159299,-0.0844451,0,0
1481576965,796233600,0.572686,-1.14248,0.499536,-3.12493,2.46329,0.743748,1.029,1.029-0.108873,-0.160484,-0.313284,0.107812,-0.158828,-0.0508856,0,0
1481576965,822233637,0.575574,-1.14633,0.508199,-3.12731,2.46924,0.746128,1.029,1.029-0.157979,-0.128338,-0.267753,0.0581014,-0.168604,-0.050982,0,0
1481576965,848218544,0.578461,-1.15018,0.517824,-3.13088,2.47519,0.748508,1.029,1.029-0.111693,-0.152393,-0.307565,0.0740252,-0.161141,-0.101988,0,0
1481576965,874299968,0.582311,-1.15403,0.524561,-3.13326,2.47876,0.750888,1.029,1.029-0.170362,-0.175457,-0.339225,0.113378,-0.198635,-0.101991,0,0
1481576965,900243382,0.586161,-1.15788,0.533224,-3.13564,2.48471,0.753268,1.029,1.029-0.114776,-0.116049,-0.301368,0.0580944,-0.198409,-0.0849927,0,0
1481576965,926238399,0.590011,-1.16077,0.538999,-3.13802,2.48828,0.754458,1.029,1.029-0.15872,-0.134821,-0.266263,0.111387,-0.203313,-0.0552451,0,0
1481576965,946273950,0.592898,-1.16366,0.545736,-3.13921,2.49185,0.756838,1.029,1.029-0.159988,-0.129952,-0.307192,0.0575966,-0.199566,-0.103107,0,0
1481576965,972263744,0.595786,-1.16751,0.554399,3.1404,2.49661,0.759218,1.029,1.029-0.152345,-0.112504,-0.266993,0.0964494,-0.158816,-0.0872574,0,0
1481576965,998240581,0.599636,-1.17232,0.564024,3.13683,2.50256,0.762788,1.029,1.029-0.158394,-0.124373,-0.307371,0.113362,-0.158721,-0.111057,0,0
1481576966,24251515,0.602524,-1.17521,0.570761,3.13445,2.50613,0.763978,1.029,1.029-0.152152,-0.15993,-0.339202,0.148045,-0.168604,-0.0882508,0,0
1481576966,50215019,0.607336,-1.17906,0.579424,3.13207,2.51208,0.767548,1.029,1.029-0.134285,-0.160291,-0.301364,0.156011,-0.161141,-0.111305,0,0
1481576966,76226363,0.611186,-1.18291,0.585199,3.12969,2.51565,0.768737,1.029,1.029-0.137107,-0.176437,-0.290326,0.0790012,-0.198641,-0.0585347,0,0
1481576966,96275061,0.615036,-1.1858,0.591936,3.12731,2.51922,0.771118,1.029,1.029-0.154585,-0.164424,-0.313205,0.109,-0.198425,-0.103903,0,0
1481576966,122222861,0.616961,-1.18965,0.600599,3.12493,2.52398,0.773498,1.029,1.029-0.11557,-0.12883,-0.267745,0.0582499,-0.158667,-0.057609,0,0
1481576966,148287291,0.621774,-1.1935,0.610224,3.12136,2.52993,0.777068,1.029,1.029-0.173269,-0.152529,-0.259435,0.0740623,-0.15867,-0.103645,0,0
1481576966,174221914,0.624661,-1.19638,0.615999,3.11898,2.53231,0.779448,1.029,1.029-0.129936,-0.127344,-0.297116,0.113383,-0.13885,-0.117072,0,0
1481576966,200224168,0.629474,-1.2012,0.624661,3.1166,2.53707,0.784208,1.029,1.029-0.176861,-0.128083,-0.290842,0.0580955,-0.153703,-0.148311,0,0
1481576966,226219900,0.634286,-1.20408,0.630436,3.11541,2.53945,0.786588,1.029,1.029-0.178508,-0.160384,-0.28901,0.0518868,-0.123355,-0.122655,0,0
1481576966,246224227,0.638136,-1.20697,0.636211,3.11303,2.54183,0.788968,1.029,1.029-0.164949,-0.136343,-0.288814,0.102222,-0.120081,-0.119906,0,0
1481576966,272200483,0.641023,-1.21082,0.643911,3.11184,2.5454,0.793727,1.029,1.029-0.164989,-0.113293,-0.264697,0.0722775,-0.119153,-0.133978,0,0
1481576966,298238688,0.645836,-1.21563,0.651611,3.11065,2.54778,0.797298,1.029,1.029-0.161569,-0.12457,-0.234611,0.0478193,-0.0892835,-0.12279,0,0
1481576966,324254350,0.648723,-1.21852,0.656423,3.10827,2.54897,0.800868,1.029,1.029-0.164566,-0.159948,-0.233858,0.0952272,-0.0557815,-0.17896,0,0
1481576966,350253821,0.653536,-1.22333,0.664123,3.10827,2.55135,0.804438,1.029,1.029-0.137402,-0.160295,-0.275028,0.0238068,-0.103188,-0.133983,0,0
1481576966,376232540,0.658348,-1.22622,0.668936,3.10589,2.55373,0.806817,1.029,1.029-0.185607,-0.164413,-0.226877,0.0922256,-0.102155,-0.120864,0,0
1481576966,396225790,0.662198,-1.22911,0.673748,3.10589,2.55492,0.810388,1.029,1.029-0.166723,-0.161412,-0.225156,0.0230564,-0.0850337,-0.179007,0,0
1481576966,422224621,0.665086,-1.23392,0.681448,3.1047,2.5573,0.813958,1.029,1.029-0.16521,-0.16456,-0.256737,0.0326321,-0.084998,-0.126492,0,0
1481576966,448253564,0.669898,-1.23777,0.688186,3.10351,2.55849,0.817528,1.029,1.029-0.185686,-0.161448,-0.256682,0.0379079,-0.080771,-0.120865,0,0
1481576966,474253187,0.673748,-1.24066,0.692998,3.10351,2.55968,0.821097,1.029,1.029-0.179612,-0.128472,-0.248649,0.00473849,-0.0695916,-0.148972,0,0
1481576966,500232675,0.678561,-1.24643,0.699736,3.10232,2.56087,0.825858,1.029,1.029-0.141156,-0.176488,-0.206537,0.0309345,-0.0471454,-0.126512,0,0
1481576966,526230572,0.684336,-1.24932,0.704548,3.10113,2.56206,0.828238,1.029,1.029-0.186076,-0.166444,-0.254409,0.0336168,-0.0356406,-0.134804,0,0
1481576966,546247317,0.688186,-1.25221,0.708398,3.10113,2.56325,0.830618,1.029,1.029-0.190895,-0.161919,-0.207977,0.00840421,-0.0684054,-0.122944,0,0
1481576966,572248794,0.692036,-1.25798,0.714173,3.10113,2.56325,0.837758,1.029,1.029-0.192307,-0.188685,-0.15834,0.00105053,-0.00855088,-0.223627,0,0
1481576966,598225938,0.700698,-1.26376,0.719948,3.10113,2.56325,0.846087,1.029,1.029-0.264631,-0.191541,-0.18396,0.000262631,-0.00213745,-0.234392,0,0
1481576966,624231060,0.705511,-1.26761,0.722836,3.10113,2.56206,0.852038,1.029,1.029-0.237606,-0.192381,-0.167369,3.28289e-05,0.0294803,-0.311927,0,0
1481576966,650262041,0.715136,-1.27338,0.727648,3.10113,2.55849,0.860367,1.029,1.029-0.300025,-0.192465,-0.138094,8.20723e-06,0.156108,-0.315962,0,0
1481576966,676276399,0.724761,-1.2782,0.729573,3.10113,2.55492,0.866318,1.029,1.029-0.314219,-0.240617,-0.113512,1.0259e-06,0.138517,-0.277502,0,0
1481576966,696230785,0.731498,-1.28205,0.732461,3.10232,2.55135,0.872267,1.029,1.029-0.34324,-0.204537,-0.124626,-0.0297496,0.183393,-0.277608,0,0
1481576966,722229608,0.738236,-1.28878,0.735348,3.10351,2.54659,0.881788,1.029,1.029-0.343683,-0.242122,-0.123859,-0.0334685,0.156788,-0.287568,0,0
1481576966,748254003,0.747861,-1.29456,0.736311,3.10589,2.54064,0.891308,1.029,1.029-0.302482,-0.204907,-0.0790916,-0.127367,0.1582,-0.280178,0,0
1481576966,774228411,0.754598,-1.29841,0.737273,3.10827,2.53588,0.897257,1.029,1.029-0.350618,-0.194058,-0.0339478,-0.10517,0.198273,-0.317624,0,0
1481576966,800221645,0.765186,-1.30515,0.737273,3.11184,2.52755,0.905588,1.029,1.029-0.352339,-0.192885,-0.00848696,-0.115542,0.257828,-0.257944,0,0
1481576966,826219912,0.774811,-1.30803,0.738236,3.11303,2.52279,0.910347,1.029,1.029-0.308727,-0.156456,-0.0251243,-0.0590678,0.240474,-0.255349,0,0
1481576966,852224217,0.781548,-1.31477,0.738236,3.11779,2.51446,0.917488,1.029,1.029-0.327334,-0.200033,-0.0031404,-0.156133,0.268053,-0.240178,0,0
1481576966,872235391,0.788286,-1.31766,0.738236,3.12017,2.50851,0.922247,1.029,1.029-0.346518,-0.146255,-0.0007851,-0.128283,0.305007,-0.23853,0,0
1481576966,898222574,0.79791,-1.32343,0.738236,3.12493,2.50018,0.929388,1.029,1.029-0.351315,-0.180934,-0.000196541,-0.121321,0.314258,-0.297666,0,0
1481576966,924266837,0.80561,-1.32728,0.738236,3.12731,2.49423,0.935337,1.029,1.029-0.368754,-0.191051,-2.45011e-05,-0.163915,0.277276,-0.260314,0,0
1481576966,950249185,0.815236,-1.3321,0.738236,3.13088,2.48471,0.942478,1.029,1.029-0.356873,-0.144009,-6.39159e-06,-0.159978,0.277565,-0.243617,0,0
1481576966,976247422,0.825823,-1.33595,0.738236,3.13326,2.47876,0.948427,1.02984,1.029-0.369458,-0.186436,-5.32632e-07,-0.124122,0.31733,-0.29818,0,0
1481576967,2246054,0.833523,-1.34076,0.736311,3.13683,2.46924,0.955568,1.02984,1.029-0.371028,-0.179712,0.0601549,-0.0898902,0.322281,-0.245532,0,0
1481576967,22231897,0.840261,-1.34365,0.735348,3.1404,2.46329,0.960327,1.02984,1.029-0.333387,-0.165236,0.039102,-0.141472,0.288816,-0.239868,0,0
1481576967,48228234,0.849886,-1.34846,0.733423,-3.13921,2.45496,0.968658,1.02984,1.029-0.3721,-0.137555,0.0819638,-0.124618,0.28045,-0.268253,0,0
1481576967,74247890,0.855661,-1.35038,0.731498,-3.13683,2.4502,0.972227,1.02984,1.029-0.263081,-0.113444,0.0824305,-0.119702,0.243302,-0.212017,0,0
1481576967,100219372,0.861435,-1.35231,0.729573,-3.13445,2.44544,0.976987,1.02984,1.029-0.234202,-0.100546,0.0927943,-0.0894252,0.179842,-0.142247,0,0
1481576967,126246534,0.865286,-1.35327,0.728611,-3.13445,2.44425,0.976987,1.02984,1.029-0.137566,-0.0366302,0.0597259,-0.0260532,0.0671015,-0.0475284,0,0
1481576967,146251933,0.865286,-1.35423,0.727648,-3.13445,2.44306,0.978177,1.02984,1.029-0.0584532,-0.0332192,0.0389931,-0.00651303,0.0762704,-0.0416295,0,0
1481576967,172237039,0.865286,-1.35423,0.724761,-3.13326,2.44187,0.978177,1.02984,1.029-0.00730665,-0.0041524,0.0890941,-0.030564,0.0392813,-0.00520382,0,0
1481576967,198219703,0.864323,-1.35327,0.720911,-3.13207,2.43949,0.978177,1.02984,1.029-0.0018264,-0.0010381,0.142585,-0.0373908,0.0395678,-0.00130069,0,0
1481576967,224232012,0.86336,-1.35327,0.718023,-3.13207,2.4383,0.976987,1.02984,1.0290.0358708,0.0119011,0.150166,-0.00467385,0.0793214,0.0295849,0,0
1481576967,250266970,0.85951,-1.35135,0.713211,-3.12969,2.43592,0.974607,1.02984,1.0290.105214,0.0270369,0.13379,-0.090418,0.0495779,0.0668912,0,0
1481576967,276217080,0.854698,-1.34942,0.709361,-3.12969,2.43473,0.973417,1.02984,1.0290.121429,0.0875954,0.185161,-0.0113025,0.0508185,0.0529827,0,0
1481576967,296215382,0.85181,-1.3475,0.704548,-3.12731,2.43235,0.971038,1.02984,1.0290.126611,0.0940838,0.238792,-0.0920756,0.10196,0.102488,0,0
1481576967,322203438,0.847961,-1.34365,0.698773,-3.12731,2.42997,0.968658,1.02984,1.0290.184258,0.120041,0.198283,-0.0115096,0.0573663,0.0574323,0,0
1481576967,348230107,0.842186,-1.3398,0.692036,-3.12493,2.4264,0.965087,1.02984,1.0290.190441,0.126257,0.242072,-0.0921273,0.103584,0.103601,0,0
1481576967,374251048,0.838335,-1.33691,0.687223,-3.12374,2.42521,0.962707,1.02984,1.0290.19225,0.124066,0.24682,-0.0710159,0.0873234,0.11708,0,0
1481576967,400220647,0.832561,-1.3321,0.680486,-3.12255,2.42164,0.959137,1.02984,1.0290.192432,0.127263,0.254203,-0.0475039,0.111073,0.118512,0,0
1481576967,426197207,0.825823,-1.32921,0.675673,-3.12017,2.41926,0.957948,1.02984,1.0290.192492,0.160291,0.224276,-0.0951878,0.118014,0.0891828,0,0
1481576967,446234320,0.821973,-1.32632,0.669898,-3.12017,2.41688,0.955568,1.02984,1.0290.216555,0.160381,0.272632,-0.0237969,0.118746,0.111538,0,0
1481576967,472254241,0.818123,-1.32151,0.663161,-3.11779,2.4145,0.951997,1.02984,1.0290.195504,0.176462,0.226578,-0.0773494,0.089212,0.118112,0,0
1481576967,498220458,0.811386,-1.31766,0.655461,-3.1166,2.41093,0.949617,1.029,1.0290.217321,0.164424,0.273208,-0.0193372,0.111559,0.0592755,0,0
1481576967,524237012,0.807536,-1.31381,0.650648,-3.11541,2.40855,0.947237,1.029,1.0290.195597,0.176967,0.22665,-0.0470421,0.118061,0.111526,0,0
1481576967,550223912,0.801761,-1.309,0.641986,-3.11303,2.40498,0.943668,1.029,1.0290.241399,0.140488,0.273226,-0.101011,0.118771,0.117124,0,0
1481576967,576252158,0.795023,-1.30611,0.637173,-3.11184,2.4026,0.941288,1.029,1.0290.210651,0.161931,0.262748,-0.0721259,0.118963,0.118757,0,0
1481576967,596214414,0.791173,-1.30322,0.631399,-3.11065,2.40022,0.938907,1.029,1.0290.197033,0.160798,0.282247,-0.0477814,0.11901,0.118985,0,0
1481576967,622221654,0.786361,-1.29841,0.623699,-3.10827,2.39665,0.936527,1.029,1.0290.241191,0.176501,0.275905,-0.0505974,0.118993,0.0892419,0,0
1481576967,648225239,0.780586,-1.29456,0.615999,-3.10589,2.39308,0.934147,1.029,1.0290.180606,0.16444,0.261478,-0.0721493,0.119017,0.111553,0,0
1481576967,674241839,0.777698,-1.29071,0.611186,-3.10589,2.3907,0.931768,1.029,1.0290.154918,0.176956,0.237215,-0.0238933,0.118993,0.103187,0,0
1481576967,700220078,0.770961,-1.2859,0.602524,-3.10351,2.38713,0.929388,1.029,1.0290.207174,0.164561,0.275865,-0.0952235,0.118991,0.115039,0,0
1481576967,726458492,0.765186,-1.28301,0.596749,-3.10113,2.38475,0.927008,1.029,1.0290.194328,0.16494,0.287137,-0.101153,0.118997,0.103622,0,0
1481576967,746216062,0.761336,-1.28012,0.591936,-3.10113,2.38118,0.925817,1.029,1.0290.192959,0.161557,0.264286,-0.0252883,0.148766,0.0556797,0,0
1481576967,772245603,0.757486,-1.27531,0.583274,-3.09875,2.37761,0.922247,1.029,1.0290.216613,0.176595,0.285691,-0.0477856,0.122712,0.111076,0,0
1481576967,798233374,0.752673,-1.27146,0.575574,-3.09637,2.37404,0.919868,1.029,1.0290.150407,0.16447,0.263921,-0.101196,0.119921,0.0872641,0,0
1481576967,824224173,0.748823,-1.26761,0.569799,-3.09518,2.37166,0.918678,1.029,1.0290.187246,0.17696,0.285648,-0.0721493,0.119113,0.0555293,0,0
1481576967,850242912,0.744011,-1.2628,0.562099,-3.09399,2.3669,0.915108,1.029,1.0290.191181,0.1405,0.263912,-0.0477872,0.178542,0.103125,0,0
1481576967,876206874,0.738236,-1.25991,0.556324,-3.09161,2.36452,0.913918,1.029,1.0290.180312,0.161932,0.285644,-0.0952235,0.126434,0.0872594,0,0
1481576967,902234356,0.734386,-1.25606,0.548624,-3.09042,2.36095,0.911537,1.029,1.0290.190971,0.128532,0.240236,-0.0714025,0.119947,0.055542,0,0
1481576967,922217107,0.730536,-1.25221,0.542849,-3.08923,2.35738,0.909157,1.029,1.0290.192119,0.176503,0.252559,-0.0476008,0.148977,0.103128,0,0
1481576967,948219460,0.725723,-1.24836,0.534186,-3.08685,2.35381,0.906778,1.029,1.0290.1924,0.164434,0.279703,-0.1309,0.126513,0.085277,0,0
1481576967,974216004,0.721873,-1.24451,0.528411,-3.08566,2.35024,0.905588,1.029,1.0290.180457,0.176958,0.287619,-0.0758623,0.149678,0.0850284,0,0
1481576968,218521,0.717061,-1.2397,0.519749,-3.08328,2.34667,0.903208,1.029,1.0290.165423,0.164548,0.240341,-0.0487156,0.126689,0.0510046,0,0
1481576968,26231098,0.711286,-1.23681,0.514936,-3.08209,2.3431,0.902018,1.029,1.0290.189116,0.164942,0.270666,-0.050714,0.1497,0.0509968,0,0
1481576968,46235356,0.708398,-1.23392,0.509161,-3.07971,2.34072,0.900828,1.029,1.0290.143526,0.161544,0.284228,-0.101928,0.126681,0.0424967,0,0
1481576968,72248027,0.705511,-1.22911,0.500499,-3.07733,2.33596,0.898447,1.029,1.0290.162317,0.164566,0.288183,-0.131741,0.149699,0.0499467,0,0
1481576968,98280129,0.700698,-1.22526,0.491836,-3.07614,2.33239,0.896067,1.029,1.0290.136826,0.16145,0.288607,-0.0329353,0.126681,0.0422342,0,0
1481576968,124236714,0.697811,-1.22141,0.487024,-3.07495,2.32882,0.894878,1.029,1.0290.137418,0.176589,0.264668,-0.0487417,0.149725,0.0499005,0,0
1481576968,151209580,0.692036,-1.21756,0.478361,-3.07257,2.32525,0.892498,1.029,1.0290.185609,0.130351,0.285738,-0.0507178,0.122832,0.0806063,0,0
1481576968,171260788,0.689148,-1.21467,0.472586,-3.07019,2.32168,0.891308,1.029,1.0290.166717,0.128841,0.287996,-0.101929,0.149725,0.0498991,0,0
1481576968,197213973,0.684336,-1.20986,0.463924,-3.069,2.31692,0.888928,1.029,1.0290.137926,0.17658,0.288562,-0.0254822,0.186169,0.101717,0,0
1481576968,223203866,0.681448,-1.20697,0.458149,-3.06781,2.31454,0.887738,1.029,1.0290.137556,0.130363,0.288725,-0.0478101,0.127401,0.0424622,0,0
1481576968,249193732,0.676636,-1.20216,0.449486,-3.06543,2.30978,0.885357,1.029,1.0290.154697,0.128837,0.28874,-0.101202,0.15084,0.0403897,0,0
1481576968,275252854,0.673748,-1.19927,0.443711,-3.06424,2.30621,0.884167,1.029,1.0290.16372,0.136426,0.288752,-0.0721504,0.18248,0.04967,0,0
1481576968,301218492,0.668936,-1.19446,0.435049,-3.06305,2.30145,0.881788,1.029,1.0290.176866,0.161423,0.288751,-0.0238939,0.156687,0.0805775,0,0
1481576968,327252255,0.665086,-1.18965,0.426386,-3.06067,2.29669,0.880598,1.029,1.0290.116415,0.136602,0.288749,-0.0952235,0.128414,0.0796394,0,0
1481576968,347210548,0.662198,-1.18676,0.420612,-3.05829,2.29431,0.879408,1.029,1.0290.173474,0.130404,0.288752,-0.0833053,0.15112,0.0794049,0,0
1481576968,373210113,0.659311,-1.18387,0.414836,-3.0571,2.29074,0.878218,1.029,1.0290.129962,0.136609,0.288751,-0.0847876,0.152754,0.0396731,0,0
1481576968,399209743,0.654498,-1.17906,0.405212,-3.05591,2.28598,0.875838,1.029,1.0290.128744,0.178529,0.336873,-0.0509468,0.186939,0.0396658,0,0
1481576968,425217324,0.651611,-1.17617,0.399437,-3.05353,2.28241,0.875838,1.029,1.0290.160463,0.130594,0.294762,-0.065868,0.187005,0.019832,0,0
1481576968,451253465,0.647761,-1.17136,0.390774,-3.05115,2.27765,0.873457,1.029,1.0290.128339,0.160697,0.289504,-0.0677338,0.186987,0.076901,0,0
1481576968,477211833,0.643911,-1.16751,0.382112,-3.04877,2.27289,0.872267,1.029,1.0290.128331,0.160483,0.288938,-0.0764327,0.195498,0.0787203,0,0
1481576968,497212113,0.640061,-1.16366,0.376337,-3.04758,2.26932,0.871077,1.029,1.0290.152404,0.160442,0.288793,-0.0488584,0.138117,0.0791751,0,0
1481576968,523206882,0.638136,-1.16077,0.369599,-3.04639,2.26575,0.869887,1.029,1.0290.115297,0.164425,0.336881,-0.0507322,0.195756,0.0693919,0,0
1481576968,549253992,0.634286,-1.15596,0.360937,-3.04401,2.26099,0.868698,1.029,1.0290.125071,0.161428,0.324844,-0.101933,0.138208,0.076843,0,0
1481576968,575227724,0.630436,-1.15307,0.355162,-3.04163,2.25742,0.867508,1.029,1.0290.172038,0.164548,0.293258,-0.101992,0.195761,0.0393529,0,0
1481576968,601214812,0.626586,-1.14826,0.346499,-3.03925,2.25266,0.866318,1.029,1.0290.153844,0.164945,0.28931,-0.101999,0.188088,0.0346666,0,0
1481576968,627212054,0.622736,-1.14441,0.336874,-3.03687,2.2479,0.865128,1.029,1.0290.110653,0.161545,0.264831,-0.0254998,0.195786,0.0384142,0,0
1481576968,647230866,0.620811,-1.14152,0.331099,-3.03687,2.24433,0.863938,1.029,1.0290.12391,0.160694,0.306828,-0.0658749,0.197684,0.0690986,0,0
1481576968,673217030,0.617923,-1.13767,0.325324,-3.03449,2.24076,0.862748,1.029,1.0290.12378,0.176491,0.291013,-0.0974845,0.158588,0.0681323,0,0
1481576968,699217174,0.614074,-1.13286,0.315699,-3.03211,2.236,0.861558,1.029,1.0290.151253,0.140369,0.289315,-0.0838709,0.188411,0.0765281,0,0
1481576968,725226622,0.611186,-1.12997,0.309924,-3.03211,2.23243,0.860367,1.029,1.0290.151246,0.161919,0.300848,-0.0253586,0.157415,0.0691143,0,0
1481576968,751221284,0.607336,-1.12516,0.300299,-3.02973,2.22767,0.859177,1.029,1.0290.151252,0.164623,0.338388,-0.0477947,0.138674,0.0383868,0,0
1481576968,777244765,0.604449,-1.12131,0.291637,-3.02735,2.22172,0.857987,1.029,1.0290.109998,0.161464,0.301159,-0.101199,0.153685,0.0690917,0,0
1481576968,797202272,0.601561,-1.11842,0.284899,-3.02497,2.21815,0.856798,1.029,1.0290.147808,0.160674,0.291848,-0.0847993,0.157411,0.0172729,0,0
1481576968,823229290,0.599636,-1.11457,0.279124,-3.02378,2.21458,0.856798,1.029,1.0290.102695,0.176492,0.301171,-0.0849745,0.168427,0.0170329,0,0
1481576968,849215302,0.595786,-1.10976,0.269499,-3.0214,2.20863,0.855608,1.029,1.0290.12192,0.164431,0.291851,-0.0509937,0.190871,0.0340057,0,0
1481576968,875251490,0.592898,-1.10687,0.263724,-3.02021,2.20625,0.854418,1.029,1.0290.123531,0.164931,0.301171,-0.050999,0.142849,0.0339982,0,0
1481576968,901226436,0.590011,-1.10206,0.254099,-3.01783,2.2003,0.853228,1.029,1.0290.0996572,0.164986,0.326395,-0.0510001,0.1666,0.0637448,0,0
1481576968,921226274,0.587124,-1.09917,0.248324,-3.01545,2.19673,0.853228,1.029,1.0290.121161,0.161562,0.298157,-0.102,0.160653,0.0159362,0,0
1481576968,947229418,0.583274,-1.09436,0.238699,-3.01307,2.19078,0.852038,1.029,1.0290.150612,0.160699,0.315166,-0.0850001,0.159153,0.0337316,0,0
1481576968,973243683,0.581349,-1.09147,0.232924,-3.01188,2.18721,0.850848,1.029,1.0290.103042,0.164471,0.292051,-0.0850001,0.198386,0.0637115,0,0

