0,0,0.203879,0.017527,0.564128,-0.00527432,-0.23507,-0.114132
0,0,0.173827,-0.0392652,0.619238,-0.00164835,-0.248594,-0.115598
0,0,0.118963,-0.0281779,0.637871,-0.00587611,-0.256557,-0.120823
0,0,0.119251,0.0244467,0.630545,-0.00120005,-0.255202,-0.118767
0,0,0.103523,-0.000331271,0.625398,-0.017408,-0.252378,-0.120815
0,0,0.145469,-0.00371352,0.63456,-0.00910679,-0.246962,-0.121605
0,0,0.20203,-0.00184056,0.58687,-0.0143693,-0.239812,-0.121699
0,0,0.166961,0.0204021,0.583229,-0.0232487,-0.251207,-0.117652
0,0,0.137608,-0.00646822,0.587873,-0.0122244,-0.250842,-0.118603
0,0,0.147026,-0.035686,0.597367,-0.00439331,-0.253218,-0.119032
0,0,0.161603,0.0217617,0.563691,-0.0178518,-0.250011,-0.121588
0,0,0.18306,-0.0120956,0.577866,-0.0210861,-0.248364,-0.125326
0,0,0.157253,-0.0068531,0.58572,-0.025273,-0.253748,-0.125091
0,0,0.141727,0.02613,0.601082,-0.026489,-0.251012,-0.118509
0,0,0.166414,0.0233963,0.608497,-0.0232729,-0.252016,-0.118313
0,0,0.182603,0.0383534,0.601458,-0.0206889,-0.249662,-0.125167
0,0,0.172715,0.0402922,0.574666,-0.0223281,-0.258164,-0.127415
0,0,0.150998,-0.0117877,0.590729,-0.0132114,-0.257574,-0.129996
0,0,0.15758,-0.0606359,0.554534,-0.0168257,-0.246864,-0.120559
0,0,0.18294,-0.0674987,0.555629,-0.013533,-0.249757,-0.11987
0,0,0.206503,-0.0447296,0.567549,-0.0148972,-0.247259,-0.116545
0,0,0.183479,-0.0468104,0.581473,-0.0135217,-0.253626,-0.114139
0,0,0.149094,-0.0271106,0.586462,-0.00742115,-0.262342,-0.116598
0,0,0.154934,-0.0211129,0.593731,-0.00589738,-0.255532,-0.118651
0,0,0.147112,-0.00653696,0.583365,-0.00915418,-0.256824,-0.120969
0,0,0.148082,-0.0137361,0.57921,-0.0128261,-0.250765,-0.124726
0,0,0.176672,-0.0305998,0.566164,-0.00515492,-0.24492,-0.120371
0,0,0.181684,-0.0218516,0.554187,-0.009988,-0.253094,-0.120046
0,0,0.189573,-0.0336445,0.56457,-0.00928672,-0.262024,-0.11739
0,0,0.194595,-0.0382327,0.561801,-0.0113854,-0.261932,-0.121378
0,0,0.198473,-0.0187117,0.558818,-0.0159503,-0.261464,-0.125945
0,0,0.171919,-0.00493913,0.593021,-0.0219365,-0.262241,-0.128045
0,0,0.160239,-0.0204207,0.58421,-0.0154555,-0.257025,-0.127099
0,0,0.174302,-0.0275882,0.590855,-0.0133538,-0.257199,-0.121754
0,0,0.17446,-0.0413058,0.584557,-0.00926321,-0.255259,-0.120244
0,0,0.162828,-0.0327494,0.586343,-0.0225056,-0.252032,-0.120012
0,0,0.191546,-0.0243093,0.581422,-0.0189605,-0.258712,-0.118553
0,0,0.177325,-0.04326,0.580146,-0.0160541,-0.258096,-0.118881
0,0,0.169853,-0.0129201,0.56681,-0.0189588,-0.251541,-0.118263
0,0,0.170324,-0.0191513,0.588504,-0.0139553,-0.253579,-0.119285
0,0,0.171081,-0.00944005,0.576275,-0.00978134,-0.247407,-0.114188
0,0,0.162907,-0.0257441,0.577417,-0.0146418,-0.251836,-0.112574
0,0,0.155604,-0.0213088,0.575079,-0.0178504,-0.254607,-0.112237
0,0,0.17223,-0.0219903,0.578595,-0.0173416,-0.251241,-0.113924
0,0,0.195822,-0.0135076,0.581673,-0.0147219,-0.257979,-0.115434
0,0,0.179917,0.00241586,0.577153,-0.011986,-0.253749,-0.118716
0,0,0.19335,-0.00127824,0.579961,-0.0152041,-0.255688,-0.116922
0,0,0.188539,-0.0083019,0.588653,-0.0175194,-0.249594,-0.116494
0,0,0.191276,-0.0190094,0.57948,-0.00768232,-0.250416,-0.114114
0,0,0.18095,-0.0109404,0.581691,-0.00175429,-0.252807,-0.118357
0,0,0.168806,-0.0325657,0.577037,-0.00422345,-0.259371,-0.11545
0,0,0.17403,-0.0159992,0.575977,-0.0197243,-0.246339,-0.118978
0,0,0.172162,-0.0135581,0.570583,-0.0193067,-0.241746,-0.120785
0,0,0.169068,-0.0130232,0.562683,-0.0201731,-0.252042,-0.11951
0,0,0.162122,-0.0187289,0.559156,-0.0219099,-0.256544,-0.115537
0,0,0.158636,-0.0290801,0.570022,-0.0178348,-0.252755,-0.116013
0,0,0.162123,-0.033233,0.564865,-0.0199394,-0.253963,-0.11542
0,0,0.162235,-0.013946,0.553688,-0.0168918,-0.251776,-0.118193
0,0,0.164444,-0.0125538,0.559558,-0.0115389,-0.25087,-0.118559
0,0,0.157429,0.00684412,0.584199,-0.0137485,-0.250135,-0.121659
0,0,0.170764,0.00066368,0.605321,-0.0116288,-0.254817,-0.122375
0,0,0.175011,0.00259543,0.593452,-0.0120994,-0.258004,-0.122486
0,0,0.169802,-0.0210426,0.593828,-0.0129124,-0.255439,-0.128006
0,0,0.162643,-0.0230877,0.590426,-0.0168243,-0.25917,-0.118349
0,0,0.158114,-0.0108881,0.587206,-0.0126182,-0.253382,-0.118541
0,0,0.15009,-0.0314843,0.568828,-0.00972998,-0.25287,-0.119655
0,0,0.162361,-0.0334692,0.569919,-0.0153634,-0.253657,-0.11921
0,0,0.165007,-0.0376718,0.562982,-0.0118419,-0.246251,-0.116477
0,0,0.157567,-0.035175,0.5714,-0.00383102,-0.250371,-0.1162
0,0,0.157417,-0.0346756,0.578843,-0.00430257,-0.255246,-0.117591
0,0,0.172792,-0.0128415,0.579402,0.00396468,-0.260432,-0.118326
0,0,0.172844,-0.0101487,0.585148,-0.0194322,-0.263263,-0.121717
0,0,0.173073,-0.0126716,0.578359,-0.0129288,-0.255226,-0.120412
0,0,0.157099,-0.039743,0.576765,-0.00751268,-0.255249,-0.121817
0,0,0.157568,-0.0436019,0.577118,-0.0153769,-0.255232,-0.112426
0,0,0.175259,-0.0229548,0.562212,-0.0224554,-0.243165,-0.119596
0,0,0.185172,-0.0102468,0.567844,-0.0233008,-0.24964,-0.123237
0,0,0.158297,-0.0263483,0.574464,-0.0245143,-0.246706,-0.115781
0,0,0.165776,-0.0114402,0.594913,-0.0237462,-0.243844,-0.11481
0,0,0.159707,-0.00422276,0.593304,-0.0206093,-0.245919,-0.11249
0,0,0.16854,-0.015572,0.57936,-0.0293284,-0.245927,-0.117237
0,0,0.163034,-0.0183544,0.576842,-0.01171,-0.257991,-0.118056
0,0,0.181572,-0.0149548,0.58305,-0.0106331,-0.259351,-0.116703
0,0,0.167982,-0.0201934,0.578127,-0.014695,-0.254858,-0.118216
0,0,0.170917,-0.0161225,0.586725,-0.0167547,-0.252697,-0.124779
0,0,0.171854,-0.00551383,0.585031,-0.0152987,-0.252762,-0.123312
0,0,0.179384,0.0130366,0.569573,-0.0120308,-0.25201,-0.119067
0,0,0.166503,0.0103782,0.559572,-0.0113455,-0.248283,-0.116127
0,0,0.160083,-0.00263,0.566969,-0.0135961,-0.244848,-0.114851
0,0,0.165361,-0.0244964,0.566218,-0.015734,-0.245292,-0.115816
0,0,0.184187,-0.0331202,0.588697,-0.0131365,-0.241924,-0.110909
0,0,0.160268,-0.0332354,0.594248,-0.014011,-0.242295,-0.116026
0,0,0.163991,-0.0451808,0.586803,-0.0141355,-0.243207,-0.117861
0,0,0.173835,-0.0459258,0.578974,-0.00946624,-0.246408,-0.111825
0,0,0.167915,-0.029635,0.574553,-0.00618391,-0.247942,-0.107927
0,0,0.171809,-0.0261363,0.572252,-2.76463e-05,-0.251869,-0.116429
0,0,0.168688,-0.0307011,0.571052,-0.00411053,-0.244189,-0.12125
0,0,0.173579,-0.0292131,0.574762,-0.00378465,-0.250646,-0.118452
0,0,0.163226,-0.0441066,0.584193,-0.0141153,-0.259707,-0.117236
0,0,0.158383,-0.0451057,0.590132,-0.0198386,-0.260523,-0.113501
0,0,0.149416,-0.0427789,0.585785,-0.0180769,-0.264292,-0.111488
0,0,0.152688,-0.0262068,0.58057,-0.0261246,-0.249821,-0.106796
0,0,0.156327,-0.024846,0.594139,-0.0199667,-0.248703,-0.110903
0,0,0.152808,-0.0190357,0.598953,-0.0135524,-0.246316,-0.118609
0,0,0.149033,-0.011489,0.59241,-0.0159574,-0.245624,-0.123719
0,0,0.164722,-0.0204126,0.532271,-0.0260782,-0.237119,-0.122508
0,0,0.185924,-0.0823898,0.543187,-0.026915,-0.228146,-0.128213
0,0,0.182396,-0.117286,0.5585,-0.0303935,-0.247188,-0.122831
0,0,0.140671,-0.307444,0.602711,-0.0576696,-0.254906,-0.115702
0,0,0.130563,-0.42737,0.638194,-0.0259298,-0.250887,-0.112849
0,0,0.174176,-0.297049,0.651073,-0.038027,-0.264523,-0.125058
0,0,0.171511,-0.225293,0.621217,-0.0389793,-0.219088,-0.140776
0,0,0.149342,-0.23543,0.621791,-0.0560826,-0.231687,-0.136993
0,0,0.155225,-0.168115,0.617415,-0.0554379,-0.231452,-0.123583
0,0,0.18137,-0.141195,0.59122,-0.0542376,-0.21431,-0.120221
0,0,0.169466,-0.124846,0.592571,-0.0518776,-0.20892,-0.110404
0,0,0.179612,-0.121593,0.60342,-0.0513389,-0.22494,-0.110505
0,0,0.193402,-0.132295,0.615491,-0.0494947,-0.229164,-0.119335
0,0,0.224713,-0.0739281,0.573239,-0.0705498,-0.206316,-0.124806
0,0,0.192608,-0.0858167,0.579396,-0.0540427,-0.183746,-0.120434
0,0,0.12945,-0.122383,0.643605,-0.0473808,-0.216315,-0.100907
0,0,0.142511,-0.145101,0.65976,-0.0661751,-0.22639,-0.10462
0,0,0.16295,-0.128808,0.626294,-0.0583458,-0.213471,-0.116885
0,0,0.159746,-0.0137113,0.642935,-0.0792312,-0.201105,-0.131064
0,0,0.176547,-0.0274037,0.618647,-0.0550137,-0.195166,-0.133679
0,0,0.182332,-0.0547884,0.668089,-0.0485054,-0.229649,-0.107148
0,0,0.179329,-0.143874,0.696708,-0.0603257,-0.219623,-0.120888
0,0,0.190622,-0.0866067,0.599036,-0.0537261,-0.205264,-0.133065
0,0,0.155152,-0.0224862,0.620705,-0.0840946,-0.200767,-0.12498
0,0,0.134477,-0.0828266,0.629186,-0.0627551,-0.18947,-0.113497
0,0,0.112023,-0.135782,0.691415,-0.0696748,-0.212335,-0.106852
0,0,0.167881,-0.12822,0.640276,-0.0609476,-0.197881,-0.13742
0,0,0.205633,-0.0846051,0.632225,-0.0489318,-0.207177,-0.135872
0,0,0.246224,-0.059905,0.657261,-0.0614688,-0.198605,-0.122713
0,0,0.211583,-0.0172832,0.666873,-0.0662173,-0.197611,-0.124831
0,0,0.147232,-0.115739,0.712541,-0.0757523,-0.218587,-0.148033
0,0,0.212239,-0.126466,0.667163,-0.0588059,-0.206572,-0.124081
0,0,0.219519,-0.177589,0.677711,-0.066605,-0.209698,-0.117675
0,0,0.171605,-0.137646,0.732375,-0.0443544,-0.205864,-0.141569
0,0,0.138264,-0.145035,0.75244,-0.0514393,-0.215426,-0.137434
0,0,0.214348,-0.16903,0.640518,-0.0613234,-0.18843,-0.109905
0,0,0.194738,-0.135807,0.685604,-0.0558265,-0.20103,-0.13599
0,0,0.169768,-0.184089,0.725913,-0.0586753,-0.219401,-0.141084
0,0,0.157312,-0.15947,0.687777,-0.0502614,-0.208842,-0.123472
0,0,0.175083,-0.201022,0.681759,-0.060011,-0.208288,-0.121938
0,0,0.168981,-0.214468,0.730039,-0.0565306,-0.200482,-0.141109
0,0,0.147004,-0.193575,0.683137,-0.0346567,-0.210074,-0.112809
0,0,0.138396,-0.175872,0.587449,-0.0807596,-0.196298,-0.127464
0,0,0.197371,-0.175107,0.593911,-0.0637303,-0.211214,-0.138456
0,0,0.178675,-0.231292,0.620987,-0.0591998,-0.223737,-0.122426
0,0,0.154432,-0.280147,0.62156,-0.0517439,-0.21597,-0.134916
0,0,0.195368,-0.151707,0.526748,-0.0501577,-0.19958,-0.120294
0,0,0.21276,-0.189462,0.55538,-0.0500576,-0.208353,-0.114104
0,0,0.160909,-0.120414,0.585409,-0.0424865,-0.213381,-0.139395
0,0,0.153298,-0.168718,0.560158,-0.0567461,-0.210737,-0.138275
0,0,0.145671,-0.208746,0.596612,-0.0549325,-0.194573,-0.136831
0,0,0.228673,-0.26816,0.617874,-0.0320118,-0.202242,-0.143988
0,0,0.217784,-0.259627,0.611704,-0.026568,-0.209898,-0.123419
0,0,0.1953,-0.268298,0.598776,-0.0587879,-0.212507,-0.144835
0,0,0.186026,-0.185598,0.586437,-0.0504088,-0.201589,-0.15049
0,0,0.207268,-0.255461,0.608209,-0.0591331,-0.193268,-0.119773
0,0,0.171465,-0.264445,0.529376,-0.0685956,-0.198462,-0.130454
0,0,0.164176,-0.239641,0.516295,-0.0590053,-0.193412,-0.11336
0,0,0.159658,-0.27169,0.5214,-0.0424839,-0.222787,-0.141762
0,0,0.157612,-0.320571,0.519253,-0.0636291,-0.217103,-0.131196
0,0,0.208775,-0.254579,0.520903,-0.0767397,-0.212197,-0.142924
0,0,0.176076,-0.355239,0.565893,-0.0387044,-0.218597,-0.134504
0,0,0.14265,-0.286143,0.499839,-0.0615331,-0.222926,-0.130707
0,0,0.148998,-0.211704,0.440642,-0.0754191,-0.211754,-0.150444
0,0,0.192133,-0.258473,0.430121,-0.0620393,-0.214234,-0.125464
0,0,0.230751,-0.300027,0.548668,-0.0447729,-0.198673,-0.138031
0,0,0.19943,-0.271448,0.45396,-0.0716636,-0.195906,-0.132604
0,0,0.181145,-0.24133,0.441695,-0.0614994,-0.21718,-0.145097
0,0,0.159363,-0.20734,0.415698,-0.0659848,-0.237173,-0.124847
0,0,0.160278,-0.0928641,0.300798,-0.0852344,-0.210688,-0.115926
0,0,0.197522,-0.0382367,0.274554,-0.076731,-0.219227,-0.12232
0,0,0.138552,-0.0659161,0.349567,-0.0807128,-0.252442,-0.125801
0,0,0.145926,-0.129294,0.368838,-0.0586785,-0.260632,-0.125371
0,0,0.196461,-0.117123,0.317274,-0.0360456,-0.249458,-0.124298
0,0,0.215468,-0.0670813,0.302789,-0.0370808,-0.256656,-0.124429
0,0,0.235462,-0.0255734,0.258253,-0.0516392,-0.247931,-0.105082
0,0,0.145945,-0.00031828,0.3481,-0.0430165,-0.266753,-0.107555
0,0,0.18147,-0.0196675,0.348417,-0.0139361,-0.258706,-0.100442
0,0,0.205468,-0.124765,0.339977,-0.0223464,-0.257276,-0.101319
0,0,0.21302,-0.0997918,0.336435,-0.00817938,-0.243285,-0.119789
0,0,0.20477,-0.196759,0.470074,0.00898577,-0.281137,-0.103423
0,0,0.118283,-0.00471198,0.380016,-0.0375116,-0.291145,-0.130893
0,0,0.158647,-0.119682,0.432701,-0.0340246,-0.287251,-0.105909
0,0,0.233094,-0.233735,0.553476,0.0345807,-0.280434,-0.108599
0,0,0.209018,-0.141243,0.49497,-0.0151644,-0.281848,-0.115907
0,0,0.182716,-0.183855,0.471852,-0.00813809,-0.266258,-0.0934571
0,0,0.139265,-0.226728,0.602752,0.00674601,-0.282376,-0.112394
0,0,0.147167,-0.147106,0.509634,-0.00935256,-0.265072,-0.0844761
0,0,0.13815,-0.122661,0.509843,-0.00744698,-0.275344,-0.102782
0,0,0.12491,-0.170561,0.504899,-0.0132347,-0.260403,-0.11479
0,0,0.136885,-0.157742,0.633217,0.00427159,-0.30691,-0.0914459
0,0,0.172434,-0.0508554,0.496635,-0.0162958,-0.271981,-0.113174
0,0,0.160798,-0.0210335,0.4855,-0.00309448,-0.274432,-0.0926949
0,0,0.152787,-0.271389,0.686897,0.0261545,-0.293604,-0.103318
0,0,0.116555,-0.217869,0.604498,0.0183678,-0.285816,-0.119549
0,0,0.176442,-0.0302482,0.575769,-0.00243459,-0.258222,-0.0890939
0,0,0.190922,-0.183272,0.691677,0.0227429,-0.29418,-0.118194
0,0,0.172846,-0.0993605,0.679282,0.0244962,-0.283342,-0.106417
0,0,0.154806,-0.108465,0.616207,-0.00333516,-0.289499,-0.0899862
0,0,0.181148,-0.0660744,0.584437,0.00771125,-0.277512,-0.100273
0,0,0.167223,-0.0755998,0.70829,0.0181192,-0.284179,-0.112209
0,0,0.084762,-0.0516857,0.639529,-0.00199542,-0.255954,-0.0910925
0,0,0.12301,-0.0425806,0.606774,-0.0127306,-0.26264,-0.101288
0,0,0.173512,-0.104562,0.711408,0.0088726,-0.29295,-0.0895925
0,0,0.188595,-0.0728538,0.738128,0.0258744,-0.289103,-0.0701347
0,0,0.117083,-0.0729496,0.661443,-0.0179781,-0.281213,-0.103406
0,0,0.158487,-0.0041751,0.603851,-0.00694041,-0.257199,-0.0979642
0,0,0.157723,-0.0769027,0.767811,0.0155452,-0.286455,-0.0828606
0,0,0.135329,-0.0963459,0.770196,0.0430132,-0.279781,-0.08844
0,0,0.12342,-0.0312743,0.710997,0.00751233,-0.273336,-0.0937476
0,0,0.175216,0.0719602,0.632922,-0.0114107,-0.275262,-0.0735338
0,0,0.143538,-0.0440236,0.74556,0.0303449,-0.292417,-0.0928532
0,0,0.145641,-0.0326301,0.734007,-0.00237659,-0.291984,-0.10744
0,0,0.121683,-0.0794374,0.730085,0.00814735,-0.268181,-0.0975887
0,0,0.117337,-0.0182021,0.644062,-0.0246244,-0.25127,-0.0862709
0,0,0.187627,-0.0790342,0.782668,0.0140082,-0.2971,-0.0895223
0,0,0.161035,-0.0107657,0.739735,0.0307713,-0.29263,-0.100901
0,0,0.157661,-0.0528358,0.704657,-0.000511481,-0.273023,-0.0927466
0,0,0.143181,0.0304528,0.648367,-0.00359984,-0.258624,-0.0796722
0,0,0.130378,0.0154603,0.67663,-0.00898438,-0.269536,-0.0880103
0,0,0.110862,0.0191759,0.776929,0.00938185,-0.282949,-0.107479
0,0,0.164306,0.068301,0.715352,0.00954373,-0.268442,-0.0904428
0,0,0.189336,0.0887176,0.655034,0.00637475,-0.264663,-0.078012
0,0,0.200043,0.0431942,0.703514,0.0228049,-0.263889,-0.0876405
0,0,0.166475,-0.071601,0.767023,0.0302243,-0.272589,-0.102611
0,0,0.161131,0.0621269,0.696449,0.00673133,-0.283749,-0.0992579
0,0,0.185382,0.12101,0.644729,-0.0253439,-0.275349,-0.0867687
0,0,0.186321,0.0892115,0.675994,0.000605027,-0.259466,-0.0823347
0,0,0.145835,0.0210209,0.742143,-0.00141941,-0.269185,-0.0851147
0,0,0.13636,-0.0446188,0.756201,0.032827,-0.273202,-0.0903228
0,0,0.136909,-0.00128298,0.731359,0.0022641,-0.289056,-0.0928433
0,0,0.182315,0.143062,0.557995,-0.0312763,-0.245054,-0.0734361
0,0,0.192103,0.0611336,0.611588,-0.00949662,-0.261713,-0.0741401
0,0,0.115438,-0.00341833,0.695595,0.00872982,-0.291031,-0.075382
0,0,0.113134,0.00690551,0.685089,0.0193767,-0.296743,-0.0794596
0,0,0.132803,-0.0262568,0.651447,0.0126695,-0.267275,-0.0892605
0,0,0.17497,-0.108016,0.62584,0.000239586,-0.256152,-0.0950753
0,0,0.154091,-0.144116,0.586116,-0.0126874,-0.245863,-0.100874
0,0,0.13296,-0.172428,0.628502,0.00273439,-0.279093,-0.0998838
0,0,0.155245,-0.184136,0.683102,0.0312696,-0.267631,-0.0981328
0,0,0.178283,-0.256395,0.675253,0.0301661,-0.254108,-0.102225
0,0,0.155238,-0.251895,0.624756,0.0162789,-0.266018,-0.0991798
0,0,0.167943,-0.16456,0.631053,0.0151937,-0.27914,-0.0958145
0,0,0.177563,-0.0787579,0.631109,0.00747034,-0.274974,-0.0925183
0,0,0.165883,0.00247556,0.619604,-0.00222302,-0.278661,-0.0913911
0,0,0.153472,-0.0331841,0.620232,-0.00830106,-0.281827,-0.0989948
0,0,0.143041,-0.0880097,0.627915,-0.00754574,-0.274714,-0.0986032
0,0,0.143426,0.000870628,0.589141,-0.0135453,-0.263544,-0.100606
0,0,0.145491,0.0179434,0.606985,-0.0113086,-0.264245,-0.100405
0,0,0.136425,-0.0181295,0.606492,-0.00352992,-0.259697,-0.101719
0,0,0.1375,-0.0644165,0.610286,-0.00532622,-0.265102,-0.102889
0,0,0.16705,-0.0296704,0.571453,-0.0151196,-0.266041,-0.101269
0,0,0.178189,-0.0311049,0.589551,-0.0109606,-0.266896,-0.100011
0,0,0.161304,-0.0356041,0.589952,-0.00573329,-0.267487,-0.0969287
0,0,0.149167,-0.0501343,0.58379,-0.0104858,-0.267589,-0.100538
0,0,0.167103,-0.0447323,0.607138,-0.0117183,-0.27265,-0.106193
0,0,0.144229,-0.0148056,0.600973,-0.0216405,-0.270034,-0.107502
0,0,0.143398,-0.00661249,0.599203,-0.0241667,-0.268816,-0.106707
0,0,0.156015,-0.0112253,0.599998,-0.0164822,-0.267467,-0.101952
0,0,0.128985,-0.0156774,0.593268,-0.020157,-0.265905,-0.0990151
0,0,0.127946,-0.0207306,0.608567,-0.0166738,-0.268692,-0.10249
0,0,0.143844,0.00839897,0.597787,-0.0179738,-0.259904,-0.107827
0,0,0.139643,-0.00013331,0.593569,-0.0214513,-0.26555,-0.106224
0,0,0.162197,-0.0340009,0.598507,-0.00827755,-0.268193,-0.106458
0,0,0.162856,-0.0168095,0.606498,-0.00686687,-0.265725,-0.0998052
0,0,0.139964,0.0291082,0.594243,-0.01509,-0.269261,-0.0997635
0,0,0.146223,0.00998783,0.592186,-0.0200354,-0.267433,-0.100633
0,0,0.15086,0.0166963,0.587624,-0.0222156,-0.269403,-0.093853
0,0,0.142298,0.0178831,0.568084,-0.0206255,-0.265086,-0.0953694
0,0,0.151817,0.0056787,0.576757,-0.017509,-0.272405,-0.100844
0,0,0.148675,0.00338868,0.573871,-0.0233515,-0.275865,-0.103571
0,0,0.134263,0.0121246,0.585095,-0.0201585,-0.273078,-0.0962417
0,0,0.145526,-0.0234664,0.563371,-0.022417,-0.262012,-0.0928092
0,0,0.152586,-0.0148964,0.580703,-0.0178726,-0.260616,-0.0893871
0,0,0.143326,0.0197297,0.589606,-0.0115908,-0.26024,-0.0957727
0,0,0.149626,0.0229533,0.588882,-0.00750661,-0.261069,-0.0988865
0,0,0.138772,0.0274056,0.592822,-0.00606095,-0.257803,-0.100756
0,0,0.131066,0.00491179,0.58016,-0.00703152,-0.263357,-0.102954
0,0,0.135905,0.0189091,0.591885,-0.0162455,-0.263638,-0.105283
0,0,0.141585,0.0215157,0.588452,-0.0203564,-0.258827,-0.104984
0,0,0.148415,-0.00140815,0.585838,-0.0186233,-0.260832,-0.105779
0,0,0.158571,-0.0298376,0.580688,-0.0119372,-0.260478,-0.103495
0,0,0.152003,-0.011248,0.584155,-0.0136371,-0.260682,-0.0981229
0,0,0.168031,0.0127017,0.578094,-0.00559523,-0.267548,-0.0928959
0,0,0.166668,0.0184676,0.556298,-0.0110296,-0.273125,-0.0883672
0,0,0.166531,0.0146716,0.559643,-0.0190366,-0.266659,-0.0900826
0,0,0.16229,0.000880771,0.564909,-0.020673,-0.26374,-0.0875555
0,0,0.143435,-0.00223218,0.589515,-0.018712,-0.270448,-0.0919009
0,0,0.143057,0.0210131,0.610554,-0.0210757,-0.272143,-0.0955491
0,0,0.156679,0.00593297,0.604196,-0.0222984,-0.272779,-0.0886893
0,0,0.163502,-0.0114072,0.610524,-0.0237001,-0.267877,-0.0984797
0,0,0.1468,0.00855705,0.598116,-0.0253345,-0.264029,-0.100391
0,0,0.133169,0.00449842,0.583603,-0.027622,-0.269733,-0.0984027
0,0,0.143706,-0.0193,0.608575,-0.0242045,-0.268416,-0.103233
0,0,0.147629,-0.0173533,0.612742,-0.0265821,-0.268133,-0.100793
0,0,0.165929,-0.0188625,0.607531,-0.0165869,-0.260172,-0.105215
0,0,0.150009,-0.0156331,0.604058,-0.0119576,-0.261374,-0.0985629
0,0,0.14271,-0.00537174,0.6134,-0.0103983,-0.264882,-0.0923916
0,0,0.138332,-0.000423656,0.609241,-0.0160308,-0.256492,-0.0820139
0,0,0.16029,-0.0168315,0.603908,-0.0190047,-0.261116,-0.0890365
0,0,0.161103,-0.00531323,0.579033,-0.00769482,-0.26448,-0.0878231
0,0,0.151956,0.0100413,0.563743,-0.00723213,-0.270828,-0.0955336
0,0,0.127322,0.00935299,0.568275,-0.00862395,-0.276229,-0.0920565
0,0,0.139493,0.0135164,0.56886,-0.0172175,-0.266115,-0.092153
0,0,0.167504,0.0119316,0.572742,-0.0184355,-0.265003,-0.0938278
0,0,0.162499,0.00819631,0.575888,-0.0163527,-0.264592,-0.0957321
0,0,0.16029,0.0159459,0.574187,-0.0156657,-0.265989,-0.0992386
0,0,0.155197,0.0115649,0.580347,-0.021596,-0.262468,-0.0958539
0,0,0.157738,0.0167897,0.575667,-0.0204896,-0.254429,-0.0959443
0,0,0.181525,0.00100261,0.573131,-0.0148908,-0.257292,-0.095968
0,0,0.17563,-0.016924,0.574863,-0.0169032,-0.264264,-0.0972269
0,0,0.167044,-0.00926632,0.585798,-0.0150694,-0.264811,-0.0971501
0,0,0.171803,0.00026386,0.573175,-0.0130428,-0.26459,-0.0965893
0,0,0.163242,-0.012316,0.573398,-0.0122056,-0.265126,-0.0979527
0,0,0.160279,-0.0107264,0.581992,-0.00799046,-0.260784,-0.0955148
0,0,0.147728,0.000944641,0.587077,-0.00795757,-0.260613,-0.0940404
0,0,0.140263,0.00853414,0.585384,-0.0135009,-0.261162,-0.095963
0,0,0.149834,0.00121618,0.59344,-0.0164418,-0.261112,-0.098904
0,0,0.137411,0.0096542,0.582773,-0.0203736,-0.262886,-0.101155
0,0,0.127676,0.00373022,0.587021,-0.0154575,-0.267551,-0.103786
0,0,0.154922,-0.00233783,0.595352,-0.0104186,-0.277081,-0.0990767
0,0,0.156603,0.00160514,0.609019,-0.0120131,-0.272317,-0.0977693
0,0,0.158229,-0.0030329,0.600339,-0.0108215,-0.272205,-0.098322
0,0,0.152931,-0.0244489,0.591145,-0.00766923,-0.26902,-0.102026
0,0,0.150714,-0.0161927,0.588859,-0.0112691,-0.276526,-0.106864
0,0,0.138692,-0.00126948,0.598334,-0.0100247,-0.274,-0.104663
0,0,0.149766,0.00404075,0.608232,-0.0115408,-0.27027,-0.11148
0,0,0.139013,0.000715732,0.620629,-0.0188943,-0.271955,-0.114698
0,0,0.138948,0.0187907,0.605107,-0.0216972,-0.26886,-0.109658
0,0,0.132401,0.0111362,0.58734,-0.0131225,-0.270708,-0.109686
0,0,0.14453,0.00244101,0.56506,-0.00926649,-0.26909,-0.106011
0,0,0.160732,0.00353054,0.569075,-0.013109,-0.264435,-0.0965765
0,0,0.170968,-0.000697838,0.591464,-0.0125063,-0.263984,-0.0912509
0,0,0.160311,0.00168744,0.607375,-0.0156391,-0.272337,-0.0935859
0,0,0.144486,0.00158417,0.608612,-0.0151202,-0.267526,-0.0924625
0,0,0.152218,-0.00146973,0.619404,-0.0127713,-0.268778,-0.0968309
0,0,0.147254,8.89562e-05,0.60101,-0.0147839,-0.270381,-0.0960555
0,0,0.145563,-0.00432523,0.610068,-0.0196049,-0.271393,-0.101797
0,0,0.14417,-0.0066049,0.593313,-0.0174701,-0.26081,-0.0992868
0,0,0.152127,-0.0103813,0.583822,-0.0171039,-0.264219,-0.0970927
0,0,0.154068,-0.0191007,0.577787,-0.0199785,-0.259397,-0.0957598
0,0,0.147676,-0.0129915,0.57398,-0.0160568,-0.272104,-0.0907622
0,0,0.150587,-0.0122548,0.577384,-0.0193619,-0.267974,-0.0904877
0,0,0.140529,-0.00134795,0.581098,-0.0222194,-0.26806,-0.0926717
0,0,0.136127,0.00453007,0.578675,-0.0262345,-0.269027,-0.0911929
0,0,0.134053,-0.0131172,0.578127,-0.0208224,-0.267747,-0.0957808
0,0,0.131453,-0.00428608,0.582637,-0.0184268,-0.267021,-0.0980403
0,0,0.104748,-2.90085e-05,0.595052,-0.0176258,-0.272925,-0.105664
0,0,0.11088,-0.000906589,0.59261,-0.0168714,-0.268945,-0.0999957
0,0,0.143391,0.0013193,0.602502,-0.0139291,-0.268164,-0.0940686
0,0,0.145408,0.0077867,0.601365,-0.0168736,-0.265849,-0.0991939
0,0,0.147311,0.0174173,0.596213,-0.0166822,-0.266257,-0.0998233
0,0,0.15845,0.0213115,0.603011,-0.0185176,-0.265711,-0.102088
0,0,0.156565,-0.00112803,0.597823,-0.0180462,-0.266517,-0.0969239
0,0,0.167217,-0.0174071,0.587184,-0.0141137,-0.272613,-0.0962562
0,0,0.154287,-0.00976086,0.586434,-0.0189063,-0.270061,-0.0951242
0,0,0.153327,0.00344603,0.593747,-0.0162146,-0.267096,-0.093552
0,0,0.140004,0.0290502,0.519976,-0.0341342,-0.274359,-0.0961329
0,0,0.0883845,0.0223818,0.518698,-0.0442191,-0.276057,-0.10151
0,0,0.0310584,-0.0774304,0.494695,-0.0444555,-0.256203,-0.100541
0,0,0.00162896,-0.0478337,0.453746,-0.0472059,-0.264391,-0.10045
0,0,0.111645,-0.257232,0.483566,-0.015814,-0.237781,-0.106155
0,0,0.114198,-0.248511,0.422751,-0.0364582,-0.236146,-0.107853
0,0,0.0979212,-0.312074,0.520193,-0.0177498,-0.255879,-0.103961
0,0,0.123964,-0.22344,0.593927,0.00104991,-0.28336,-0.0973884
0,0,0.100441,-0.172636,0.457404,-0.038038,-0.264919,-0.0839613
0,0,0.0821273,-0.119134,0.496105,-0.0432535,-0.260586,-0.0948824
0,0,0.17875,-0.202304,0.580406,0.0061581,-0.279772,-0.117127
0,0,0.161873,-0.109705,0.415474,-0.0328269,-0.255645,-0.131861
0,0,0.127339,-0.0900288,0.469938,-0.022547,-0.281525,-0.122711
0,0,0.0576553,-0.107534,0.552456,0.013646,-0.293393,-0.109784
0,0,0.108758,-0.0818775,0.403857,-0.0316677,-0.26652,-0.106412
0,0,0.0960073,-0.117677,0.431071,-0.0471728,-0.265555,-0.123109
0,0,0.0941763,-0.189081,0.479313,0.0146677,-0.287019,-0.145046
0,0,0.0894815,-0.140365,0.33505,-0.0242956,-0.261833,-0.125354
0,0,0.115052,-0.193765,0.408818,-0.0158536,-0.297344,-0.110353
0,0,0.101539,-0.223279,0.488901,0.0132053,-0.295192,-0.132252
0,0,0.148997,-0.0789223,0.325714,-0.0231565,-0.243082,-0.147129
0,0,0.0946511,-0.0214496,0.370597,0.00127677,-0.278525,-0.13333
0,0,0.0816048,-0.158,0.396347,0.00713788,-0.297917,-0.118736
0,0,0.0812639,-0.0871731,0.23386,-0.0202415,-0.247035,-0.139193
0,0,0.0984859,-0.0848879,0.317451,0.00549034,-0.280393,-0.148159
0,0,0.0479894,-0.165488,0.328125,-0.00171541,-0.30432,-0.130758
0,0,0.10014,-0.00693676,0.231265,-0.00365328,-0.256559,-0.11158
0,0,0.0117637,-0.0891669,0.297701,0.00943311,-0.294815,-0.12571
0,0,0.0681445,-0.138217,0.267916,-0.0206288,-0.282415,-0.135484
0,0,0.0498579,-0.0792235,0.179414,-0.0110282,-0.260039,-0.114198
0,0,0.00376417,-0.193229,0.321573,-0.0171157,-0.298521,-0.125606
0,0,0.0216094,-0.115622,0.283131,-0.00971048,-0.290855,-0.142978
0,0,0.0439959,-0.108548,0.192945,-0.0122881,-0.283775,-0.120351
0,0,0.042932,-0.0932537,0.253334,-0.00342423,-0.287597,-0.140215
0,0,0.0386683,-0.0979962,0.208541,0.000424674,-0.286157,-0.133598
0,0,0.110354,-0.0807359,0.129971,-0.00958971,-0.245922,-0.112166
0,0,-0.0085676,-0.12463,0.26522,-0.00955885,-0.31989,-0.145494
0,0,0.0160204,-0.179731,0.241521,-0.00424542,-0.292452,-0.126673
0,0,0.0503583,-0.130678,0.14902,-0.00572386,-0.261495,-0.144678
0,0,-0.0152525,-0.130791,0.211999,-0.00175825,-0.285272,-0.136031
0,0,0.0469501,-0.177439,0.276972,0.00821122,-0.263347,-0.123436
0,0,0.00608398,-0.160649,0.152721,-0.0288067,-0.265995,-0.127574
0,0,-0.022409,-0.0961696,0.12452,-0.0420375,-0.270796,-0.124046
0,0,0.0285078,-0.205774,0.287614,0.00703502,-0.296473,-0.143597
0,0,0.0145299,-0.213393,0.235152,0.0107148,-0.262833,-0.120193
0,0,0.00292579,-0.112119,0.163854,-0.0204904,-0.263453,-0.116977
0,0,0.001944,-0.0930278,0.134112,-0.0252236,-0.267473,-0.138366
0,0,-0.0497476,-0.151543,0.263032,0.000173326,-0.297164,-0.118117
0,0,-0.0192889,-0.125104,0.223858,-0.0193332,-0.287808,-0.149673
0,0,-0.0413761,-0.14162,0.175166,-0.0388621,-0.274601,-0.123595
0,0,-0.0124385,-0.164522,0.130023,-0.0430343,-0.251117,-0.132215
0,0,0.0176917,-0.216869,0.21318,-0.0224341,-0.268241,-0.133212
0,0,-0.0307808,-0.190004,0.244812,-0.02187,-0.274788,-0.122391
0,0,-0.0725002,-0.13871,0.1953,-0.0303754,-0.281736,-0.150036
0,0,-0.0242968,-0.109715,0.118643,-0.0455554,-0.260331,-0.131136
0,0,0.0159819,-0.209882,0.186175,-0.0307412,-0.284631,-0.161312
0,0,0.0238107,-0.298762,0.259101,-0.00980247,-0.288441,-0.126913
0,0,0.0151181,-0.191995,0.258936,-0.0224488,-0.292735,-0.137491
0,0,0.0221981,-0.141566,0.170279,-0.0444598,-0.272558,-0.128289
0,0,0.073447,-0.219126,0.206592,-0.0358972,-0.275094,-0.134049
0,0,0.00492068,-0.213354,0.293216,-0.00354219,-0.290854,-0.132013
0,0,-0.0414795,-0.23933,0.300832,-0.0046147,-0.291003,-0.164895
0,0,-0.136508,-0.304849,0.322499,0.0025483,-0.29776,-0.149776
0,0,-0.123219,-0.28009,0.203708,-0.0272613,-0.255622,-0.133322
0,0,-0.0258614,-0.216564,0.229352,-0.0376229,-0.246784,-0.140528
0,0,0.0112201,-0.256266,0.228772,-0.0382774,-0.270598,-0.132366
0,0,-0.0446879,-0.290941,0.289921,-0.0250106,-0.269062,-0.143265
0,0,-0.0604853,-0.225734,0.228749,-0.0311209,-0.270212,-0.138201
0,0,0.0260148,-0.2185,0.264292,-0.033898,-0.256194,-0.155558
0,0,0.0523824,-0.190715,0.280021,-0.0599478,-0.241122,-0.162459
0,0,0.0647643,-0.192351,0.277587,-0.0580705,-0.233912,-0.151188
0,0,0.0718955,-0.243233,0.282835,-0.0375142,-0.249649,-0.145939
0,0,0.0535127,-0.179281,0.271081,-0.0693696,-0.229735,-0.134237
0,0,0.0752718,-0.165208,0.250213,-0.0480292,-0.236213,-0.142169
0,0,0.107327,-0.185015,0.257093,-0.0687099,-0.219421,-0.158362
0,0,0.0933151,-0.149233,0.238937,-0.0554052,-0.21913,-0.137252
0,0,0.127748,-0.268879,0.265076,-0.0589922,-0.213684,-0.135649
0,0,0.138434,-0.272258,0.242905,-0.0553172,-0.21447,-0.134059
0,0,0.116345,-0.285662,0.346436,-0.0563573,-0.241971,-0.115802
0,0,0.16351,-0.275112,0.342073,-0.0460484,-0.25425,-0.125422
0,0,0.166699,-0.255698,0.282764,-0.0553456,-0.238211,-0.12123
0,0,0.202641,-0.283335,0.330443,-0.0605497,-0.233573,-0.143102
0,0,0.309814,-0.196763,0.304021,-0.0419677,-0.22847,-0.145629
0,0,0.32742,-0.0885145,0.260426,-0.0477408,-0.217521,-0.149249
0,0,0.412166,-0.0517569,0.269115,-0.0663423,-0.23856,-0.131747
0,0,0.387589,-0.0593292,0.358367,-0.0673279,-0.261705,-0.137271
0,0,0.328176,-0.0767347,0.414649,-0.0512662,-0.262417,-0.14154
0,0,0.322776,0.00867477,0.421672,-0.0520423,-0.233589,-0.145061
0,0,0.369629,0.0588105,0.334264,-0.0468616,-0.227993,-0.145575
0,0,0.41006,0.0516376,0.290238,-0.0423204,-0.216169,-0.126763
0,0,0.383624,0.0642166,0.318247,-0.049821,-0.198461,-0.110906
0,0,0.283768,0.00364915,0.358169,-0.0590958,-0.220855,-0.121817
0,0,0.221992,-0.0326526,0.35321,-0.0617407,-0.243826,-0.118497
0,0,0.254591,-0.0452463,0.29636,-0.0571078,-0.213528,-0.0952421
0,0,0.310582,-0.0441468,0.26471,-0.0393053,-0.208333,-0.110833
0,0,0.244167,-0.050805,0.310604,-0.0387395,-0.230243,-0.0977791
0,0,0.212302,-0.0284839,0.343898,-0.0490723,-0.230691,-0.0874176
0,0,0.197743,0.0145663,0.262609,-0.0864702,-0.2298,-0.109228
0,0,0.275634,-0.0592067,0.273849,-0.0506503,-0.223163,-0.0958733
0,0,0.308977,-0.0889238,0.307266,-0.0175479,-0.224072,-0.0937101
0,0,0.250214,-0.000377763,0.311817,-0.0396114,-0.235522,-0.113837
0,0,0.197496,0.0690655,0.230104,-0.0724479,-0.216149,-0.0924873
0,0,0.221303,0.0479633,0.283704,-0.0613236,-0.244856,-0.112494
0,0,0.209209,-0.0770331,0.345522,-0.0254207,-0.237553,-0.114338
0,0,0.198341,-0.0525885,0.206678,-0.0489048,-0.209111,-0.081915
0,0,0.142765,-0.0795637,0.268386,-0.0609898,-0.225452,-0.101491
0,0,0.0844246,-0.0743429,0.298449,-0.0669993,-0.232925,-0.11035
0,0,0.152626,-0.0439617,0.251032,-0.0494138,-0.209194,-0.0923609
0,0,0.214477,0.0725861,0.164261,-0.0631255,-0.192199,-0.107854
0,0,0.209405,-0.0242741,0.284274,-0.0615298,-0.239307,-0.117497
0,0,0.144517,-0.0656101,0.285839,-0.0744386,-0.223648,-0.0982556
0,0,0.0999332,-0.0123453,0.246086,-0.0670892,-0.237567,-0.0933434
0,0,0.105966,0.0260403,0.235994,-0.0567944,-0.214578,-0.118431
0,0,0.138504,-0.0303913,0.341757,-0.0482351,-0.234813,-0.0971871
0,0,0.189306,0.0773295,0.256339,-0.0878387,-0.196282,-0.087408
0,0,0.128062,0.0584779,0.261318,-0.0955139,-0.220391,-0.105016
0,0,0.0776912,-0.0138517,0.282751,-0.061202,-0.232096,-0.103448
0,0,0.123921,-0.0853792,0.290549,-0.0525792,-0.24794,-0.0901546
0,0,0.158357,0.0207196,0.171889,-0.0852268,-0.180144,-0.0865864
0,0,0.147942,-0.0110782,0.308817,-0.0523942,-0.233452,-0.115168
0,0,0.0803539,0.00568254,0.329772,-0.0317282,-0.221572,-0.0966433
0,0,0.0924313,-0.00612149,0.279787,-0.0501285,-0.226194,-0.0757984
0,0,0.0786454,0.055406,0.3111,-0.072903,-0.211672,-0.0829683
0,0,0.103688,-0.00657715,0.433944,-0.0303355,-0.251377,-0.100481
0,0,0.137525,0.00340262,0.294476,-0.0360831,-0.192524,-0.0949887
0,0,0.104073,0.0817871,0.310593,-0.0562212,-0.219236,-0.0832166
0,0,0.0473752,0.105608,0.377836,-0.0513431,-0.230902,-0.095411
0,0,0.0627346,0.0735898,0.35838,-0.0450888,-0.240907,-0.115481
0,0,0.0962022,0.129229,0.305469,-0.0544911,-0.20011,-0.108295
0,0,0.112324,0.0302556,0.427029,-0.0299651,-0.218859,-0.097631
0,0,0.0876627,-0.0386807,0.468739,-0.0472135,-0.22516,-0.0996205
0,0,0.0197145,0.113357,0.433759,-0.0832384,-0.201365,-0.103644
0,0,0.0193295,0.136408,0.472714,-0.0596093,-0.236045,-0.106847
0,0,0.0553413,0.0771409,0.502786,-0.0416525,-0.227636,-0.0998067
0,0,0.0685076,0.106396,0.345291,-0.0854492,-0.221954,-0.0915438
0,0,0.074108,0.0416786,0.37269,-0.0806892,-0.196689,-0.0921487
0,0,0.0947634,0.0035714,0.540208,-0.0215856,-0.219894,-0.0974125
0,0,0.0561598,0.139253,0.453116,-0.0635474,-0.198173,-0.103821
0,0,0.0387504,0.125085,0.522348,-0.0780225,-0.207931,-0.0943204
0,0,0.0869497,0.0844912,0.599509,-0.0324268,-0.23323,-0.0886005
0,0,0.061091,0.150672,0.477697,-0.0524831,-0.201378,-0.0766615
0,0,0.118233,0.123871,0.473774,-0.0520855,-0.219283,-0.0881263
0,0,0.0739745,0.00836595,0.648344,-0.0400605,-0.233808,-0.105549
0,0,0.0904965,0.109462,0.565558,-0.0451845,-0.218432,-0.113587
0,0,0.0673828,0.141994,0.532999,-0.0362599,-0.224288,-0.0986358
0,0,0.054202,0.122297,0.625021,-0.0361473,-0.218533,-0.089048
0,0,0.065816,0.10954,0.552576,-0.07224,-0.213427,-0.0801099
0,0,0.0748084,0.132001,0.484749,-0.0824764,-0.192988,-0.0802207
0,0,0.100046,0.0141837,0.640364,-0.0272381,-0.212042,-0.102153
0,0,0.0619113,0.0585796,0.605254,-0.0516981,-0.217015,-0.109523
0,0,0.0748148,0.184339,0.569325,-0.0682946,-0.191008,-0.106225
0,0,0.0455335,0.177486,0.641328,-0.0426454,-0.219028,-0.101719
0,0,0.0684119,0.077187,0.686388,-0.0337825,-0.21239,-0.0912703
0,0,0.0611919,0.144675,0.621796,-0.0669441,-0.184263,-0.0846369
0,0,0.0670488,0.116101,0.705274,-0.0620225,-0.228718,-0.0876073
0,0,0.0666044,0.0870478,0.69413,-0.0287245,-0.202587,-0.103571
0,0,0.0759646,0.129741,0.658836,-0.0548744,-0.195259,-0.103975
0,0,0.0645406,0.132043,0.758939,-0.0546397,-0.231484,-0.10257
0,0,0.0963183,0.103911,0.700014,-0.0507907,-0.205075,-0.103066
0,0,0.0627884,0.110581,0.65123,-0.0536853,-0.195539,-0.102438
0,0,0.0736439,0.0247054,0.802662,-0.0366566,-0.228023,-0.0901354
0,0,0.0961324,0.0837326,0.701422,-0.0672347,-0.179835,-0.0874845
0,0,0.0870402,0.0848369,0.651954,-0.0733873,-0.192892,-0.0865111
0,0,0.0126151,0.0278578,0.672196,-0.0623549,-0.182927,-0.084352
0,0,0.00524912,-0.0228776,0.681957,-0.0432588,-0.212951,-0.0959473
0,0,0.0123748,-0.0450626,0.624571,-0.0786579,-0.198332,-0.09888
0,0,0.0324705,-0.0540296,0.628996,-0.0782231,-0.188064,-0.0952173
0,0,0.0479893,-0.177695,0.64672,-0.0567785,-0.181179,-0.0908389
0,0,-0.01387,-0.10904,0.636879,-0.0766509,-0.193782,-0.094498
0,0,0.0294065,-0.106011,0.674817,-0.0693997,-0.198986,-0.0957805
0,0,0.118863,-0.0400659,0.684937,-0.0482838,-0.202581,-0.0969486
0,0,0.0996619,-0.0559832,0.743288,-0.049349,-0.220879,-0.0990166
0,0,0.0515478,-0.0172653,0.672799,-0.0654924,-0.203709,-0.0980114
0,0,0.0597775,-0.0127358,0.714018,-0.0544648,-0.218627,-0.102547
0,0,0.0397489,0.0286134,0.704561,-0.0601944,-0.22221,-0.106457
0,0,0.0747639,0.0141258,0.707886,-0.0451491,-0.223971,-0.103979
0,0,0.101668,-0.029724,0.693322,-0.0433701,-0.220076,-0.108583
0,0,0.0373754,-0.0154719,0.664118,-0.0420131,-0.219529,-0.103195
0,0,0.108512,-0.0698517,0.685081,-0.026864,-0.217025,-0.105415
0,0,0.145456,-0.0262399,0.670645,-0.0286684,-0.21624,-0.100713
0,0,0.148573,-0.0339917,0.684989,-0.0285608,-0.218465,-0.102084
0,0,0.11156,0.0193101,0.681498,-0.0282081,-0.221278,-0.0932953
0,0,0.0935235,0.00693297,0.691064,-0.0460396,-0.226191,-0.098354
0,0,0.107946,-0.0223815,0.691428,-0.0412731,-0.217619,-0.098207
0,0,0.0876475,-0.0267674,0.68062,-0.0448569,-0.224637,-0.0986151
0,0,0.0772403,-0.0396755,0.69044,-0.0423226,-0.231802,-0.102966
0,0,0.0556403,-0.0500613,0.685765,-0.0416161,-0.227819,-0.102621
0,0,0.0802865,-0.0711038,0.678515,-0.0437098,-0.224224,-0.101568
0,0,0.114649,-0.0490206,0.684457,-0.0385764,-0.213996,-0.0945925
0,0,0.111561,-0.0472674,0.691626,-0.0386151,-0.21815,-0.0983019
0,0,0.0967008,-0.0220378,0.687669,-0.0439647,-0.224946,-0.0968731
0,0,0.099839,-0.0257299,0.7092,-0.0384166,-0.222439,-0.105273
0,0,0.0961063,-0.0266793,0.70002,-0.0377686,-0.213717,-0.104868
0,0,0.0832056,-0.0242949,0.687041,-0.0405675,-0.215989,-0.101483
0,0,0.0844599,-0.00779148,0.679585,-0.0401301,-0.219602,-0.102291
0,0,0.0747452,-0.000917827,0.696182,-0.0441158,-0.220317,-0.108493
0,0,0.103089,-0.0229975,0.667967,-0.0454485,-0.216544,-0.0975819
0,0,0.118719,-0.0403299,0.66834,-0.0418793,-0.217376,-0.103335
0,0,0.135813,-0.0222408,0.670666,-0.0328936,-0.21696,-0.101081
0,0,0.124987,-0.0246146,0.678289,-0.0338793,-0.220335,-0.105061
0,0,0.108756,-0.0201344,0.680737,-0.0347526,-0.217926,-0.102137
0,0,0.0902135,-0.0298762,0.684735,-0.034998,-0.221981,-0.103347
0,0,0.0920662,-0.0201481,0.672124,-0.0353025,-0.224304,-0.108847
0,0,0.0778298,-0.0052805,0.66566,-0.0400368,-0.229418,-0.10336
0,0,0.0821669,0.00728584,0.660965,-0.0406618,-0.227626,-0.103278
0,0,0.0942622,-0.00543817,0.684435,-0.0406122,-0.228874,-0.103748
0,0,0.0882447,-0.00761651,0.69213,-0.032422,-0.230624,-0.10314
0,0,0.120342,-0.0112509,0.695184,-0.0376654,-0.226928,-0.103636
0,0,0.0972377,-0.0314586,0.693844,-0.0374241,-0.224142,-0.0991388
0,0,0.0897918,-0.0527201,0.689976,-0.0484534,-0.216508,-0.0961072
0,0,0.0825916,-0.0289302,0.69774,-0.0517857,-0.219037,-0.100281
0,0,0.0838,-0.00155978,0.708065,-0.0470896,-0.219864,-0.0978706
0,0,0.0946414,-0.0233292,0.698423,-0.0466528,-0.216869,-0.0999963
0,0,0.092328,-0.0392708,0.689034,-0.0555411,-0.223414,-0.0942893
0,0,0.0953616,-0.0285525,0.675347,-0.0502654,-0.226271,-0.0940178
0,0,0.103716,-0.0162525,0.687969,-0.0425611,-0.224708,-0.0999135
0,0,0.0966562,-0.00711857,0.706313,-0.0440837,-0.22641,-0.0968697
0,0,0.10846,0.000789284,0.718141,-0.0442591,-0.225094,-0.101555
0,0,0.0986564,-0.013447,0.707119,-0.0468234,-0.220903,-0.105167
0,0,0.0985649,-0.0412439,0.680745,-0.0466079,-0.222906,-0.109964
0,0,0.0965261,-0.0224464,0.67059,-0.0485587,-0.220806,-0.10791
0,0,0.0973149,-0.00995239,0.680587,-0.0468592,-0.225058,-0.10309
0,0,0.0902408,-0.0214048,0.686447,-0.0414845,-0.227205,-0.0949169
0,0,0.0900916,-0.040577,0.685497,-0.0413536,-0.226598,-0.0970622
0,0,0.110272,-0.0301397,0.672042,-0.0400124,-0.222956,-0.0915823
0,0,0.0876239,-0.0151343,0.661775,-0.0377983,-0.218993,-0.0911508
0,0,0.080639,-0.0286272,0.666525,-0.0395456,-0.222094,-0.0900867
0,0,0.0792795,-0.0475377,0.66155,-0.0361918,-0.218875,-0.0920165
0,0,0.0936888,-0.028812,0.674961,-0.0344833,-0.216629,-0.0920507
0,0,0.0871973,-0.0325749,0.684629,-0.039555,-0.215138,-0.0954195
0,0,0.0861799,-0.0352165,0.682523,-0.038963,-0.219191,-0.0979537
0,0,0.0960184,-0.033965,0.679958,-0.0411837,-0.224419,-0.0972552
0,0,0.0810578,-0.0216289,0.681675,-0.0396796,-0.226838,-0.0934622
0,0,0.0866854,-0.0282654,0.680244,-0.04402,-0.228419,-0.0951846
0,0,0.0976487,-0.0241385,0.677267,-0.0383187,-0.223393,-0.10098
0,0,0.102922,-0.0277795,0.670926,-0.0384734,-0.223385,-0.103492
0,0,0.0939864,0.00284246,0.677916,-0.0447635,-0.231454,-0.106288
0,0,0.0879828,0.00572873,0.673458,-0.0440392,-0.229144,-0.106425
0,0,0.0776846,-0.00798719,0.664438,-0.0401226,-0.228834,-0.106207
0,0,0.0854205,-0.0341049,0.675822,-0.0446898,-0.224718,-0.103792
0,0,0.10007,-0.0281574,0.690586,-0.0467488,-0.224395,-0.0998339
0,0,0.0984047,-0.0166433,0.693523,-0.0486032,-0.227646,-0.0995623
0,0,0.0832842,-0.0145709,0.689501,-0.046589,-0.220944,-0.103296
0,0,0.105268,-0.00904902,0.685231,-0.0554145,-0.218601,-0.100928
0,0,0.124169,-0.0121076,0.691025,-0.0454301,-0.220443,-0.10468
0,0,0.114577,-0.0185331,0.689738,-0.0425799,-0.225342,-0.108413
0,0,0.105351,-0.0165376,0.683105,-0.0417909,-0.222735,-0.105502
0,0,0.102278,-0.00358186,0.686418,-0.041984,-0.222858,-0.108727
0,0,0.0815448,-0.000332863,0.702928,-0.0358066,-0.22777,-0.112873
0,0,0.0886096,0.00507466,0.6899,-0.0389149,-0.226662,-0.107604
0,0,0.0786221,-0.0206088,0.701352,-0.0388192,-0.21625,-0.1027
0,0,0.0935833,-0.019441,0.695972,-0.0394979,-0.219475,-0.101214
0,0,0.0954203,-0.0242247,0.698447,-0.0399699,-0.229885,-0.0996987
0,0,0.10938,-0.0297738,0.69718,-0.0409214,-0.229246,-0.0994437
0,0,0.0940276,-0.0264507,0.697106,-0.0418771,-0.227978,-0.104704
0,0,0.109878,-0.0287975,0.688259,-0.0389937,-0.226375,-0.10829
0,0,0.103538,-0.0274522,0.686643,-0.0428923,-0.227136,-0.111443
0,0,0.10867,-0.0177431,0.677312,-0.0419125,-0.223931,-0.10749
0,0,0.09744,-0.0172776,0.670192,-0.0407611,-0.224458,-0.0976068
0,0,0.0938867,-0.0333596,0.680286,-0.0394122,-0.230251,-0.0949187
0,0,0.0739432,-0.0268858,0.685773,-0.0469689,-0.231509,-0.103259
0,0,0.0839983,-0.0103765,0.686172,-0.0413027,-0.228407,-0.101281
0,0,0.0861745,-0.0045795,0.682751,-0.038594,-0.227776,-0.0959616
0,0,0.084771,-0.0166655,0.668953,-0.0421919,-0.233437,-0.0919089
0,0,0.0745952,-0.0289544,0.666183,-0.047103,-0.235944,-0.0922219
0,0,0.0685308,-0.0192219,0.669342,-0.046148,-0.226218,-0.096771
0,0,0.0890813,-0.0218918,0.675574,-0.0474492,-0.229664,-0.0946002
0,0,0.0845979,-0.0251268,0.689579,-0.0439399,-0.225094,-0.0963792
0,0,0.0691257,-0.0235854,0.685549,-0.0425518,-0.223414,-0.0987117
0,0,0.080153,-0.0096187,0.698829,-0.0487363,-0.226375,-0.103881
0,0,0.095038,-0.0141373,0.681407,-0.045238,-0.223514,-0.100981
0,0,0.0807964,-0.00893026,0.690586,-0.0410472,-0.222682,-0.09985
0,0,0.081831,0.00404532,0.682001,-0.0510438,-0.214253,-0.0960993
0,0,0.0868527,-0.0154003,0.669371,-0.0470945,-0.219197,-0.0960178
0,0,0.0944305,-0.0231331,0.673714,-0.0506278,-0.217492,-0.0974255
0,0,0.0968307,-0.0254166,0.677907,-0.0526499,-0.220528,-0.0982957
0,0,0.107982,-0.0199152,0.691919,-0.0479855,-0.225699,-0.103645
0,0,0.109069,-0.0185902,0.701566,-0.0515683,-0.22331,-0.0998133
0,0,0.0891344,-0.0129464,0.715262,-0.0582682,-0.229942,-0.0947327
0,0,0.0724459,-0.0499545,0.76886,-0.0440602,-0.239641,-0.0930686
0,0,0.0322948,-0.0217161,0.707806,-0.0448551,-0.231445,-0.0937176
0,0,-0.050109,0.0276837,0.678659,-0.059038,-0.251049,-0.0956756
0,0,-0.101823,0.0215856,0.708941,-0.0520365,-0.248455,-0.101398
0,0,-0.0463306,0.0474126,0.692792,-0.0585318,-0.232942,-0.10592
0,0,0.02854,0.027871,0.707652,-0.0574237,-0.23491,-0.101406
0,0,0.0531586,-0.0535536,0.696562,-0.0417875,-0.227961,-0.102817
0,0,-0.0406676,-0.0259904,0.683627,-0.0554116,-0.232382,-0.103922
0,0,-0.016583,-0.0308132,0.645363,-0.0789835,-0.224606,-0.0999674
0,0,0.0128556,-0.00164533,0.709096,-0.0432005,-0.237839,-0.0979234
0,0,0.0588529,0.00976863,0.620558,-0.0589986,-0.200361,-0.0914658
0,0,0.129905,-0.0547702,0.670998,-0.0465923,-0.20986,-0.10027
0,0,0.0580433,-0.0460993,0.664285,-0.0461972,-0.205611,-0.102675
0,0,0.0347661,0.00474221,0.680313,-0.0544117,-0.233852,-0.0983209
0,0,0.0334692,0.0741444,0.657637,-0.0543706,-0.229119,-0.101047
0,0,0.00583604,-0.0710187,0.701004,-0.0420785,-0.226291,-0.0929498
0,0,0.057734,-0.0843806,0.688082,-0.0387769,-0.223256,-0.0950287
0,0,0.0374417,0.0192713,0.653245,-0.0381563,-0.222213,-0.0950925
0,0,0.0141966,0.00793824,0.671002,-0.0396189,-0.231999,-0.09447
0,0,0.0281392,-0.0251083,0.672335,-0.0407804,-0.228035,-0.0924736
0,0,0.00523823,-0.0309172,0.662381,-0.0489116,-0.22372,-0.0955822
0,0,0.0726159,-0.0600719,0.668896,-0.0350321,-0.217428,-0.103928
0,0,0.0202994,-0.0709862,0.663633,-0.0409249,-0.219366,-0.104852
0,0,0.0450695,-0.0380999,0.657929,-0.0404009,-0.220709,-0.111958
0,0,0.0593504,-0.0502957,0.65517,-0.0382243,-0.214918,-0.109579
0,0,0.0279316,-0.102195,0.662312,-0.0373083,-0.233697,-0.104777
0,0,0.0594369,-0.0760281,0.655861,-0.0293446,-0.225475,-0.104124
0,0,0.00662974,-0.0427234,0.66012,-0.0358272,-0.228431,-0.103898
0,0,0.0342343,-0.0301376,0.636935,-0.0477023,-0.228153,-0.104696
0,0,0.0105469,-0.0571962,0.632124,-0.0492497,-0.22865,-0.0927597
0,0,0.000304246,-0.0636026,0.670041,-0.040408,-0.237756,-0.0917549
0,0,0.0211533,-0.0455974,0.629569,-0.037931,-0.222895,-0.0971469
0,0,-0.000639443,-0.0435994,0.583498,-0.0556991,-0.218298,-0.0997665
0,0,0.0886318,-0.104137,0.633741,-0.0262461,-0.223511,-0.107804
0,0,0.0378908,-0.123152,0.603454,-0.0379862,-0.219148,-0.111518
0,0,0.0277309,-0.140152,0.624034,-0.0433333,-0.218188,-0.110394
0,0,0.0391999,-0.131531,0.633515,-0.0352131,-0.222159,-0.104024
0,0,0.0227152,-0.118667,0.668913,-0.0290042,-0.245263,-0.106663
0,0,0.0708176,-0.109527,0.60299,-0.0456542,-0.238471,-0.102566
0,0,0.0262138,-0.254042,0.679676,-0.0128185,-0.262727,-0.104839
0,0,0.0483064,-0.308479,0.684397,-0.00821759,-0.258669,-0.114091
0,0,-0.0135501,-0.11979,0.645685,-0.0415861,-0.23209,-0.110589
0,0,0.0440465,-0.076449,0.598077,-0.0274584,-0.225165,-0.117188
0,0,0.0768773,-0.13614,0.570521,-0.0129399,-0.218592,-0.109036
0,0,0.0146199,-0.121162,0.579688,-0.042463,-0.230094,-0.100958
0,0,0.0334282,-0.167085,0.590513,-0.0177961,-0.248153,-0.102959
0,0,0.00584955,-0.137243,0.608197,0.00581682,-0.24985,-0.103398
0,0,0.0518417,-0.0185023,0.621781,-0.0208214,-0.244624,-0.100677
0,0,0.0399806,-0.040277,0.647153,-0.00835779,-0.241811,-0.103672
0,0,0.0361276,-0.140121,0.666617,-0.0092794,-0.236703,-0.105773
0,0,1.52532e-05,-0.168332,0.672275,-0.0256812,-0.260448,-0.104583
0,0,-0.0133899,-0.130542,0.686258,-0.0165355,-0.276327,-0.104974
0,0,0.0501317,-0.135666,0.666445,-0.0299471,-0.254924,-0.103572
0,0,0.00433549,-0.158811,0.625312,-0.044104,-0.241845,-0.107139
0,0,0.027671,-0.162605,0.593766,-0.037601,-0.219225,-0.104064
0,0,0.0815652,-0.159666,0.585839,-0.0201477,-0.246995,-0.110054
0,0,0.0347274,-0.118839,0.571868,-0.0294966,-0.261774,-0.114836
0,0,0.0771769,-0.100702,0.598468,-0.0294331,-0.246771,-0.117065
0,0,0.0374676,-0.194977,0.679481,-0.000471121,-0.242424,-0.113094
0,0,0.0376536,-0.183594,0.67699,-0.0295239,-0.268127,-0.110445
0,0,0.0303373,-0.140696,0.658055,-0.0323761,-0.276837,-0.115191
0,0,0.0421544,-0.127954,0.688063,-0.0228592,-0.267502,-0.110474
0,0,0.095128,-0.110828,0.611603,-0.0282463,-0.238118,-0.11168
0,0,0.0723058,-0.0889831,0.564996,-0.0551387,-0.231394,-0.117994
0,0,0.0528928,-0.111009,0.574797,-0.0268749,-0.261563,-0.127324
0,0,0.0816167,-0.0773043,0.589252,-0.0240068,-0.252232,-0.130781
0,0,0.0358265,-0.129419,0.654087,-0.0186074,-0.254931,-0.132831
0,0,0.0737244,-0.191129,0.674831,0.00477289,-0.263029,-0.12965
0,0,0.0762478,-0.180246,0.654739,-0.0086329,-0.282984,-0.125491
0,0,-0.00683964,-0.113589,0.625998,-0.037614,-0.2822,-0.126692
0,0,0.0588518,-0.146014,0.572606,-0.0440844,-0.242845,-0.135597
0,0,0.0538649,-0.121289,0.549264,-0.0579909,-0.252048,-0.125378
0,0,0.0305787,-0.0688395,0.57554,-0.0645796,-0.260064,-0.12883
0,0,0.107712,-0.169524,0.656217,-0.0125622,-0.261775,-0.128989
0,0,0.0792166,-0.230688,0.645203,-0.0122402,-0.249762,-0.128545
0,0,0.0467599,-0.154003,0.640899,-0.0140699,-0.283952,-0.12436
0,0,0.0933524,-0.183588,0.603732,0.00170123,-0.261733,-0.124586
0,0,0.0857491,-0.209655,0.571087,-0.0176289,-0.222685,-0.121806
0,0,0.0734526,-0.120682,0.520054,-0.0384892,-0.244527,-0.120976
0,0,0.108762,-0.112581,0.624419,-0.0171308,-0.267188,-0.118196
0,0,0.0431064,-0.175301,0.69332,-0.0227934,-0.26602,-0.113329
0,0,-0.000352892,-0.166328,0.648166,-0.0307014,-0.279046,-0.120329
0,0,0.0652244,-0.124804,0.658715,-0.00819279,-0.286027,-0.131557
0,0,0.0471691,-0.141101,0.564916,-0.0179028,-0.259953,-0.142213
0,0,0.0490154,-0.0926261,0.509028,-0.0234868,-0.243155,-0.136332
0,0,0.149849,-0.0518012,0.542625,-0.00186318,-0.252579,-0.138047
0,0,0.129978,-0.156593,0.624156,0.00112348,-0.277252,-0.138109
0,0,0.051568,-0.18019,0.605315,-0.0126305,-0.250309,-0.129323
0,0,0.070322,-0.155723,0.617175,-0.0161002,-0.256381,-0.122091
0,0,0.0851074,-0.165662,0.554171,-0.0393186,-0.274173,-0.119258
0,0,0.100259,-0.144753,0.518047,-0.0139396,-0.246319,-0.121609
0,0,0.0683987,-0.0810783,0.501567,-0.0334544,-0.241922,-0.11381
0,0,0.0826542,-0.153647,0.612627,0.00371214,-0.295972,-0.109903
0,0,0.0910838,-0.192288,0.576064,0.00920509,-0.278918,-0.110965
0,0,0.0843424,-0.168094,0.609808,-0.0202434,-0.274225,-0.12206
0,0,0.114935,-0.170901,0.4992,-0.0343569,-0.264612,-0.137738
0,0,0.142919,-0.147616,0.44553,-0.0395586,-0.252365,-0.144426
0,0,0.206201,-0.1094,0.460878,-0.0316226,-0.230353,-0.140784
0,0,0.174418,-0.186163,0.526532,-0.0144172,-0.259313,-0.142907
0,0,0.0666455,-0.183988,0.57307,-0.00160045,-0.292905,-0.137765
0,0,0.0566271,-0.132359,0.568083,-0.00381595,-0.263495,-0.129086
0,0,0.149491,-0.125948,0.450511,-0.0171782,-0.251895,-0.124005
0,0,0.180805,-0.121186,0.423644,-0.0247284,-0.258829,-0.116996
0,0,0.135183,-0.0738623,0.436453,-0.0429385,-0.238729,-0.117599
0,0,0.094278,-0.13658,0.556249,-0.0135899,-0.262777,-0.124505
0,0,0.0595437,-0.168787,0.521039,-0.0055839,-0.284042,-0.13388
0,0,0.0755734,-0.142333,0.508433,-0.00733343,-0.274453,-0.134183
0,0,0.144135,-0.161804,0.419533,0.00517295,-0.236302,-0.130537
0,0,0.180882,-0.118407,0.375481,-0.00556368,-0.244033,-0.134139
0,0,0.121383,-0.163862,0.478172,-0.0259069,-0.284459,-0.129739
0,0,0.121519,-0.249095,0.519951,-0.0115882,-0.266098,-0.120459
0,0,0.12235,-0.188486,0.458617,-0.034325,-0.272584,-0.109306
0,0,0.121333,-0.203586,0.525674,-0.0196994,-0.29357,-0.108189
0,0,0.12965,-0.238324,0.377131,-0.0181994,-0.236604,-0.114875
0,0,0.0981746,-0.145348,0.323918,-0.0210208,-0.240675,-0.121327
0,0,0.127451,-0.0924104,0.375776,-0.00600611,-0.267591,-0.128473
0,0,0.101838,-0.207183,0.4537,-0.0132822,-0.269962,-0.138018
0,0,0.103843,-0.187777,0.453785,-0.00660715,-0.26877,-0.141061
0,0,0.140784,-0.143128,0.415388,-0.00942935,-0.256022,-0.135946
0,0,0.135009,-0.191538,0.303177,-0.0380272,-0.273887,-0.124858
0,0,0.152398,-0.135912,0.278673,-0.0258126,-0.253268,-0.122286
0,0,0.158414,-0.123997,0.294409,-0.0329639,-0.249871,-0.117731
0,0,0.131063,-0.208214,0.415522,-0.0112428,-0.296169,-0.127324
0,0,0.10996,-0.176831,0.38096,-0.00850151,-0.285757,-0.139476
0,0,0.105595,-0.19082,0.377053,-0.0214673,-0.266588,-0.145566
0,0,0.135429,-0.223041,0.348646,-0.0194068,-0.261074,-0.148246
0,0,0.134263,-0.128291,0.272233,-0.0398355,-0.248526,-0.143072
0,0,0.157094,-0.108468,0.327226,-0.0124234,-0.284226,-0.134612
0,0,0.156228,-0.165277,0.32633,-0.0112225,-0.249925,-0.12907
0,0,0.152847,-0.159194,0.388425,-0.00747805,-0.255015,-0.121289
0,0,0.140987,-0.161399,0.387411,0.00851569,-0.280517,-0.118429
0,0,0.156412,-0.217007,0.317385,-0.000692636,-0.269025,-0.127049
0,0,0.156324,-0.231501,0.281316,-0.0223109,-0.260004,-0.134389
0,0,0.185558,-0.155403,0.256208,-0.0278878,-0.23374,-0.142789
0,0,0.205008,-0.202147,0.264791,-0.0234559,-0.267822,-0.143722
0,0,0.191994,-0.218311,0.289189,-0.0309577,-0.275915,-0.150909
0,0,0.187881,-0.176004,0.311747,-0.00298141,-0.277995,-0.138974
0,0,0.137513,-0.210761,0.389599,0.0127062,-0.278015,-0.131244
0,0,0.124601,-0.220214,0.287516,-0.0130511,-0.266936,-0.122506
0,0,0.151637,-0.199135,0.313992,-0.00884994,-0.274318,-0.12202
0,0,0.18744,-0.20372,0.269538,0.00185933,-0.273929,-0.117816
0,0,0.189867,-0.122834,0.171509,-0.0451064,-0.239912,-0.127186
0,0,0.154331,-0.172594,0.19732,-0.0278915,-0.249207,-0.140152
0,0,0.108632,-0.192564,0.245305,-0.0314599,-0.228958,-0.146545
0,0,0.122101,-0.191976,0.319481,-0.00848382,-0.266234,-0.141793
0,0,0.118158,-0.158032,0.309873,-0.0288917,-0.276886,-0.143385
0,0,0.13456,-0.2119,0.33963,-0.0104126,-0.300945,-0.14147
0,0,0.111145,-0.200567,0.217351,-0.0173864,-0.248863,-0.127159
0,0,0.127377,-0.209095,0.283631,-0.0115876,-0.25626,-0.118584
0,0,0.15907,-0.153637,0.209127,-0.0129851,-0.243886,-0.113029
0,0,0.145279,-0.133447,0.18172,-0.0170759,-0.247646,-0.120226
0,0,0.163243,-0.191228,0.210802,-0.0212347,-0.252388,-0.129594
0,0,0.150824,-0.210255,0.213344,-0.0113724,-0.263862,-0.143514
0,0,0.102528,-0.196751,0.270144,-0.00556048,-0.266273,-0.145344
0,0,0.0976962,-0.193761,0.286807,0.00235185,-0.269006,-0.14888
0,0,0.13441,-0.166742,0.23696,-0.0125497,-0.24924,-0.145183
0,0,0.137811,-0.181515,0.272289,-0.00148195,-0.250109,-0.140302
0,0,0.130394,-0.191411,0.285758,-0.0091212,-0.266256,-0.13647
0,0,0.117201,-0.188001,0.248369,-0.0153812,-0.280969,-0.133323
0,0,0.121001,-0.192305,0.235433,-0.0139429,-0.259389,-0.129484
0,0,0.13892,-0.169855,0.279608,-0.0147685,-0.280619,-0.126242
0,0,0.0898434,-0.0873094,0.244959,-0.0264041,-0.274381,-0.126325
0,0,0.113683,-0.0582066,0.233651,-0.0236816,-0.277165,-0.126534
0,0,0.0882744,-0.14028,0.213488,-0.0375114,-0.275821,-0.117952
0,0,0.10524,-0.141242,0.169179,-0.0292091,-0.255741,-0.117146
0,0,0.127728,-0.167382,0.166303,-0.0380615,-0.232542,-0.123639
0,0,0.117058,-0.216659,0.244529,-0.0167043,-0.245868,-0.124184
0,0,0.110612,-0.0797899,0.199821,-0.0215373,-0.23327,-0.126382
0,0,0.0687078,-0.120781,0.226477,-0.0166165,-0.24859,-0.136888
0,0,0.0822911,-0.176654,0.181051,-0.0231312,-0.247822,-0.135721
0,0,0.0773076,-0.176865,0.220578,-0.0095199,-0.255421,-0.131712
0,0,0.103022,-0.148769,0.186418,-0.033932,-0.245682,-0.130796
0,0,0.0454844,-0.158686,0.244281,-0.0291009,-0.257724,-0.127611
0,0,0.0983549,-0.291982,0.298994,-0.0103617,-0.257518,-0.13359
0,0,0.0737726,-0.190916,0.279553,-0.0266059,-0.255049,-0.131157
0,0,0.13547,-0.182943,0.242802,-0.0302747,-0.253183,-0.132937
0,0,0.105548,-0.109868,0.207992,-0.0369202,-0.243758,-0.129004
0,0,0.0631411,-0.151072,0.273424,-0.0309857,-0.269128,-0.123773
0,0,0.0156675,-0.160183,0.231278,-0.0410619,-0.252675,-0.128661
0,0,0.0252009,-0.155848,0.263627,-0.0311145,-0.262219,-0.123998
0,0,0.0208235,-0.163823,0.233362,-0.0387953,-0.260123,-0.120475
0,0,0.0889241,-0.141069,0.247353,-0.0278136,-0.256779,-0.120641
0,0,0.0950237,-0.168684,0.221603,-0.0328228,-0.264631,-0.130851
0,0,0.0548002,-0.137568,0.21353,-0.0384708,-0.259609,-0.131397
0,0,0.0659524,-0.136934,0.211351,-0.0361142,-0.258869,-0.134996
0,0,0.0642392,-0.138886,0.217827,-0.0336857,-0.254454,-0.130806
0,0,0.125486,-0.117965,0.244088,-0.0230165,-0.250321,-0.122395
0,0,0.0590012,-0.15235,0.273995,-0.0213474,-0.25692,-0.12211
0,0,0.0244662,-0.156561,0.323315,-0.00307224,-0.265109,-0.126803
0,0,0.032658,-0.129108,0.252647,-0.0255835,-0.258463,-0.128809
0,0,0.055547,-0.06111,0.246669,-0.0382474,-0.260045,-0.129444
0,0,0.0669763,-0.122642,0.320405,-0.0287213,-0.265659,-0.125512
0,0,0.0317082,-0.0835139,0.288144,-0.0430374,-0.247581,-0.123893
0,0,0.0483425,0.00527665,0.242099,-0.0467816,-0.252424,-0.125208
0,0,0.0357002,0.00203425,0.257046,-0.0417402,-0.259734,-0.126288
0,0,0.100513,-0.0675175,0.258509,-0.0255499,-0.249679,-0.119191
0,0,0.0652489,-0.063376,0.283262,-0.0221637,-0.250086,-0.120083
0,0,0.0403022,0.0168316,0.262639,-0.0270262,-0.240251,-0.115972
0,0,0.0163847,-0.00390472,0.266134,-0.0353942,-0.23158,-0.123251
0,0,0.0120777,-0.0138842,0.302865,-0.0312794,-0.231586,-0.121691
0,0,0.0788193,-0.0678042,0.293363,-0.0267798,-0.224523,-0.121605
0,0,0.0553428,-0.010433,0.25921,-0.0349427,-0.238065,-0.118438
0,0,0.0752957,-0.0267714,0.286858,-0.0425848,-0.240387,-0.118332
0,0,0.0442489,-0.0630875,0.347812,-0.0322896,-0.257037,-0.115875
0,0,0.0864222,-0.104212,0.322479,-0.0376938,-0.249322,-0.108468
0,0,0.076561,-0.0508894,0.276998,-0.0588233,-0.223921,-0.112459
0,0,0.0820106,-0.0340209,0.314139,-0.0462333,-0.234827,-0.104231
0,0,0.0761355,0.0225982,0.275378,-0.045864,-0.226943,-0.0993426
0,0,0.0577,0.0214792,0.333862,-0.0506982,-0.244025,-0.0901663
0,0,0.059541,-0.018164,0.29833,-0.0571093,-0.25236,-0.0867456
0,0,0.102437,-0.0287547,0.349911,-0.0383294,-0.234972,-0.0900805
0,0,0.060102,-0.0178394,0.348697,-0.0510658,-0.230999,-0.101838
0,0,0.065865,0.0271914,0.308383,-0.0661476,-0.21345,-0.10396
0,0,0.0644431,-0.0247575,0.362464,-0.0434861,-0.239119,-0.106118
0,0,0.0844343,-0.00440043,0.335438,-0.0550516,-0.243534,-0.106972
0,0,0.0926683,-0.00513376,0.312721,-0.042134,-0.246293,-0.107089
0,0,0.106149,-0.00367362,0.285492,-0.0379582,-0.216808,-0.095914
0,0,0.080232,-0.00986315,0.353059,-0.0206358,-0.218826,-0.0884765
0,0,0.10487,-0.0150744,0.340181,-0.0375963,-0.238039,-0.093131
0,0,0.0755523,0.0462867,0.368504,-0.032688,-0.252779,-0.0946795
0,0,0.101757,-0.0260623,0.379335,-0.0256656,-0.244064,-0.0957198
0,0,0.0492205,-0.0476445,0.360246,-0.0448332,-0.229363,-0.106291
0,0,0.0715147,0.0255858,0.359853,-0.0516766,-0.239288,-0.10758
0,0,0.0998085,0.0696844,0.332607,-0.0413136,-0.252293,-0.103778
0,0,0.119302,0.0761797,0.315008,-0.0628294,-0.222016,-0.09681
0,0,0.119428,0.0267955,0.337702,-0.0377455,-0.217965,-0.0868213
0,0,0.107956,0.00547234,0.413458,-0.0181218,-0.227834,-0.0839221
0,0,0.0862333,-0.00232164,0.374084,-0.047835,-0.246822,-0.0937008
0,0,0.0939352,0.0437394,0.371381,-0.0456395,-0.241869,-0.101329
0,0,0.14214,-0.00163385,0.393551,-0.0500694,-0.210509,-0.11107
0,0,0.156964,0.00167555,0.328035,-0.0741706,-0.218376,-0.11431
0,0,0.129091,0.0722436,0.348401,-0.0667872,-0.223488,-0.118958
0,0,0.118684,0.0613684,0.359875,-0.0464518,-0.21481,-0.109991
0,0,0.135599,-0.0295958,0.408557,-0.0348382,-0.229964,-0.104906
0,0,0.115465,-0.0447053,0.43508,-0.0259177,-0.238178,-0.0955529
0,0,0.115938,-0.0117813,0.414374,-0.0249269,-0.238465,-0.0887227
0,0,0.104399,0.0581913,0.394194,-0.0437849,-0.214958,-0.097316
0,0,0.101084,0.0719703,0.425527,-0.0482851,-0.218719,-0.102883
0,0,0.0980479,0.00898615,0.383086,-0.063718,-0.232377,-0.118475
0,0,0.114566,0.0290448,0.383765,-0.0597414,-0.222907,-0.117787
0,0,0.16746,0.0537594,0.394364,-0.0439475,-0.204858,-0.113436
0,0,0.148192,0.0324914,0.456678,-0.0374872,-0.235941,-0.105319
0,0,0.0871951,0.0302224,0.48455,-0.0277497,-0.229577,-0.102443
0,0,0.129322,0.0426223,0.460451,-0.0441808,-0.195263,-0.0994274
0,0,0.165463,0.0965296,0.433198,-0.0483415,-0.204746,-0.0879699
0,0,0.159464,0.0255024,0.48605,-0.0414497,-0.224045,-0.0913161
0,0,0.106084,-0.00611425,0.489079,-0.0585458,-0.211986,-0.0970872
0,0,0.0947981,0.0683258,0.531251,-0.0350526,-0.224163,-0.106123
0,0,0.109756,0.107119,0.471733,-0.0456522,-0.215335,-0.10891
0,0,0.15007,0.0611887,0.512198,-0.0413727,-0.228077,-0.115036
0,0,0.168363,0.0778948,0.476061,-0.0339643,-0.203763,-0.112588
0,0,0.170735,0.0690423,0.513658,-0.041037,-0.231494,-0.104643
0,0,0.164219,0.0824231,0.545218,-0.0475272,-0.237862,-0.100217
0,0,0.120286,0.0495786,0.603893,-0.0405935,-0.23345,-0.0886433
0,0,0.11625,-0.00303766,0.601656,-0.0424234,-0.231597,-0.0902851
0,0,0.167735,0.0981154,0.537813,-0.0430562,-0.220387,-0.0820004
0,0,0.200952,0.122364,0.490879,-0.0281058,-0.210622,-0.0860792
0,0,0.192346,-0.033929,0.563845,-0.0178631,-0.226636,-0.0974589
0,0,0.149086,-0.00659538,0.583598,-0.0459934,-0.235794,-0.100663
0,0,0.150058,0.0889944,0.580552,-0.0446132,-0.229857,-0.109496
0,0,0.184982,0.0744322,0.532912,-0.0773734,-0.208353,-0.103033
0,0,0.188152,0.0742058,0.641351,-0.0578435,-0.238831,-0.101581
0,0,0.189507,0.032119,0.57707,-0.0465596,-0.210058,-0.101627
0,0,0.140888,0.0625266,0.630342,-0.0467003,-0.207773,-0.102478
0,0,0.144564,0.13501,0.620725,-0.0438085,-0.223095,-0.0930165
0,0,0.144386,0.0233645,0.643862,-0.0391814,-0.248848,-0.0884394
0,0,0.143721,0.0339507,0.583485,-0.06082,-0.216207,-0.0840514
0,0,0.176161,0.0864383,0.618447,-0.0504519,-0.21225,-0.0882981
0,0,0.171321,0.102492,0.586417,-0.0751448,-0.218379,-0.092594
0,0,0.125541,-0.00386708,0.635594,-0.0593001,-0.209444,-0.099891
0,0,0.154078,-0.010903,0.639736,-0.0306547,-0.198743,-0.102625
0,0,0.185035,0.0171526,0.599043,-0.0416733,-0.226454,-0.104298
0,0,0.166909,0.0392917,0.58966,-0.0408706,-0.21438,-0.108124
0,0,0.136095,0.0391064,0.609023,-0.0313639,-0.191535,-0.115657
0,0,0.126106,0.0233336,0.627729,-0.0566844,-0.217544,-0.11113
0,0,0.151822,0.0542478,0.669789,-0.0436835,-0.22149,-0.11214
0,0,0.15009,0.0911488,0.64173,-0.0521806,-0.203724,-0.111967
0,0,0.110832,0.0763791,0.733215,-0.0437688,-0.228097,-0.111152
0,0,0.136818,0.0432478,0.705883,-0.0362168,-0.228068,-0.110203
0,0,0.125083,0.0500418,0.660281,-0.0594992,-0.219623,-0.102829
0,0,0.149437,0.0931152,0.696617,-0.0478043,-0.194385,-0.0975884
0,0,0.162364,0.0353278,0.668502,-0.0454937,-0.213274,-0.0965378
0,0,0.110822,-0.0210143,0.688457,-0.0652252,-0.229837,-0.098424
0,0,0.0759498,-0.0176002,0.728125,-0.0459095,-0.198549,-0.105783
0,0,0.0482566,0.0522614,0.688747,-0.0602033,-0.203752,-0.105597
0,0,0.0873323,0.0512288,0.687307,-0.0624165,-0.230148,-0.110287
0,0,0.15363,0.083336,0.625868,-0.0388615,-0.219106,-0.10931
0,0,0.142393,0.0542826,0.685182,-0.065789,-0.220721,-0.105862
0,0,0.137571,0.0397878,0.685507,-0.0397704,-0.221368,-0.10428
0,0,0.133943,0.067498,0.702722,-0.0229847,-0.223974,-0.102125
0,0,0.0987316,0.104385,0.67798,-0.0606728,-0.221916,-0.0994299
0,0,0.14349,0.0563999,0.735958,-0.0323748,-0.204544,-0.103227
0,0,0.152656,-0.0165657,0.740055,-0.0229117,-0.198335,-0.109465
0,0,0.124286,-0.0238228,0.698502,-0.0662242,-0.224424,-0.106377
0,0,0.094837,0.0488642,0.642455,-0.0831879,-0.22791,-0.105243
0,0,0.102912,0.0958843,0.719915,-0.0630358,-0.21721,-0.103474
0,0,0.169212,0.0838485,0.683564,-0.0492359,-0.2043,-0.103892
0,0,0.159952,0.0365531,0.703089,-0.0512646,-0.220877,-0.105629
0,0,0.128078,-0.0365445,0.72365,-0.0225069,-0.236627,-0.102622
0,0,0.0514103,0.0547903,0.713229,-0.0331857,-0.225774,-0.10255
0,0,0.0438057,0.142824,0.677568,-0.0429695,-0.220854,-0.101445
0,0,0.126592,0.0638893,0.681531,-0.0441833,-0.200159,-0.098006
0,0,0.137847,0.0254694,0.678842,-0.0508409,-0.208519,-0.0939694
0,0,0.0755841,0.0693374,0.633578,-0.0649765,-0.220919,-0.0944635
0,0,0.0961789,0.0207203,0.713523,-0.0530428,-0.235283,-0.0946191
0,0,0.118525,-0.00135379,0.651423,-0.0550386,-0.203424,-0.112843
0,0,0.0838204,0.0189842,0.65492,-0.0630612,-0.20019,-0.111129
0,0,0.0753974,0.0330645,0.708965,-0.0665575,-0.219643,-0.111497
0,0,0.12558,0.0669611,0.675413,-0.0566617,-0.217509,-0.103548
0,0,0.100308,0.0624579,0.695427,-0.0592655,-0.223758,-0.103866
0,0,0.0552396,0.027698,0.719852,-0.0404657,-0.224289,-0.106426
0,0,0.119666,-0.0450953,0.69207,-0.0355213,-0.201409,-0.0982575
0,0,0.120215,0.0227993,0.700629,-0.0486935,-0.207642,-0.0993473

