0,0,0.178875,0.0962771,0.543643,-0.0155168,-0.258776,-0.0991522
0,0,0.185243,0.0549017,0.552258,-0.0226917,-0.260348,-0.101097
0,0,0.126292,0.122919,0.561875,-0.0358529,-0.265907,-0.104312
0,0,0.138436,0.037159,0.569155,-0.0353018,-0.270022,-0.104339
0,0,0.167044,0.0273942,0.575077,-0.0253755,-0.25677,-0.0966077
0,0,0.157105,0.082309,0.559966,-0.0277563,-0.261434,-0.0954091
0,0,0.155503,0.073756,0.575408,-0.026581,-0.256743,-0.0972934
0,0,0.160411,0.0640571,0.579817,-0.0248417,-0.253167,-0.101982
0,0,0.155083,0.0797665,0.570215,-0.0321141,-0.253402,-0.103292
0,0,0.221939,0.0757476,0.570401,-0.0226567,-0.267243,-0.108757
0,0,0.19261,0.0955437,0.566364,-0.0314289,-0.267567,-0.107853
0,0,0.188873,0.0906198,0.554254,-0.0357612,-0.265321,-0.103819
0,0,0.170737,0.0646122,0.562807,-0.032913,-0.26409,-0.102512
0,0,0.165666,0.0810569,0.568981,-0.0414131,-0.253981,-0.102131
0,0,0.170474,0.0917278,0.565423,-0.0403209,-0.257804,-0.094912
0,0,0.170197,0.0620012,0.569497,-0.0343467,-0.260573,-0.0922096
0,0,0.150912,0.04249,0.546591,-0.0394452,-0.259885,-0.0886954
0,0,0.141086,0.0716151,0.552992,-0.0318037,-0.266788,-0.0932661
0,0,0.149209,0.0912807,0.545399,-0.037383,-0.263179,-0.0912315
0,0,0.165175,0.0566476,0.556382,-0.0445912,-0.262686,-0.0917692
0,0,0.208489,0.071953,0.54605,-0.0434681,-0.267813,-0.0979598
0,0,0.216839,0.102779,0.552025,-0.0413035,-0.264929,-0.092861
0,0,0.189789,0.102787,0.551778,-0.0377521,-0.262993,-0.100178
0,0,0.164535,0.0686804,0.556463,-0.0421603,-0.260731,-0.104758
0,0,0.166543,0.0751394,0.563791,-0.0438462,-0.256575,-0.0990975
0,0,0.161938,0.0886689,0.567115,-0.038875,-0.250615,-0.089346
0,0,0.150868,0.082962,0.562317,-0.0324312,-0.254309,-0.0891971
0,0,0.133678,0.0958277,0.551107,-0.0326622,-0.254756,-0.0903644
0,0,0.140042,0.101345,0.548612,-0.0359511,-0.258834,-0.0968641
0,0,0.150831,0.0829436,0.542573,-0.0375381,-0.257216,-0.0929216
0,0,0.164624,0.0747648,0.535247,-0.0380585,-0.256445,-0.0932543
0,0,0.177322,0.0756958,0.549078,-0.0339612,-0.24944,-0.0986573
0,0,0.192941,0.0850234,0.565843,-0.0357548,-0.258588,-0.104743
0,0,0.182917,0.0785718,0.578813,-0.0379608,-0.255757,-0.100591
0,0,0.182501,0.0944314,0.58305,-0.041095,-0.252681,-0.0991837
0,0,0.157647,0.0850116,0.574248,-0.0398494,-0.249576,-0.0977408
0,0,0.151317,0.0829567,0.571094,-0.0377606,-0.253246,-0.0964303
0,0,0.163923,0.0872795,0.56785,-0.0441598,-0.252857,-0.0961613
0,0,0.173196,0.100516,0.564931,-0.0391117,-0.259618,-0.0963164
0,0,0.173897,0.0942736,0.549234,-0.0377432,-0.258048,-0.0968391
0,0,0.167166,0.0999414,0.556029,-0.0396647,-0.256442,-0.101575
0,0,0.17882,0.104469,0.543814,-0.0381762,-0.261535,-0.102503
0,0,0.17827,0.0930162,0.526858,-0.0337239,-0.262375,-0.105456
0,0,0.176854,0.0923275,0.531422,-0.0321408,-0.262438,-0.101469
0,0,0.180634,0.0887339,0.529725,-0.0298648,-0.264718,-0.0993456
0,0,0.183613,0.0909385,0.545458,-0.0337415,-0.2744,-0.0952566
0,0,0.182062,0.0956216,0.546797,-0.0376212,-0.273674,-0.0894386
0,0,0.179881,0.0957984,0.563479,-0.0300225,-0.268617,-0.0943609
0,0,0.177677,0.104758,0.573672,-0.0228898,-0.269427,-0.0993997
0,0,0.185348,0.101268,0.563818,-0.0256626,-0.271586,-0.101229
0,0,0.17332,0.107669,0.560408,-0.0237805,-0.271653,-0.0990503
0,0,0.182557,0.0963582,0.542548,-0.0224672,-0.26374,-0.0995122
0,0,0.1892,0.0769078,0.544152,-0.0326832,-0.266638,-0.106069
0,0,0.202381,0.0712509,0.563291,-0.0363091,-0.263931,-0.107594
0,0,0.191574,0.0872293,0.568495,-0.0368615,-0.264372,-0.100431
0,0,0.175359,0.0699883,0.572465,-0.0310515,-0.263194,-0.0984452
0,0,0.174301,0.0692284,0.582067,-0.0366788,-0.26945,-0.0957657
0,0,0.171823,0.0855091,0.576443,-0.0377007,-0.273727,-0.100336
0,0,0.158947,0.0855282,0.574938,-0.0337241,-0.274355,-0.104728
0,0,0.163435,0.095672,0.55713,-0.0320262,-0.266429,-0.100906
0,0,0.165076,0.0935384,0.546509,-0.0357033,-0.264427,-0.105501
0,0,0.171506,0.0746926,0.555536,-0.0345688,-0.259577,-0.109516
0,0,0.190521,0.0751902,0.554997,-0.034281,-0.255384,-0.107857
0,0,0.191938,0.0783293,0.566038,-0.0331619,-0.252342,-0.1034
0,0,0.192383,0.0790385,0.564074,-0.0355772,-0.253971,-0.100733
0,0,0.1814,0.0788149,0.597509,-0.0406828,-0.258435,-0.0942111
0,0,0.187723,0.0676231,0.582787,-0.0365204,-0.256727,-0.0940418
0,0,0.185686,0.0828773,0.553784,-0.0270505,-0.256379,-0.0867626
0,0,0.176225,0.0820184,0.56194,-0.0303182,-0.263343,-0.0929763
0,0,0.174837,0.0858828,0.573565,-0.0328575,-0.260681,-0.0968495
0,0,0.162768,0.0960908,0.566151,-0.0302622,-0.254766,-0.100452
0,0,0.171777,0.0960867,0.562512,-0.032774,-0.257814,-0.100839
0,0,0.174814,0.0913485,0.557562,-0.0364482,-0.257438,-0.101853
0,0,0.169771,0.0975072,0.574526,-0.0418752,-0.258699,-0.0931138
0,0,0.18281,0.0915734,0.563002,-0.0370279,-0.258098,-0.0918708
0,0,0.193008,0.0894155,0.53315,-0.039064,-0.263178,-0.088836
0,0,0.184088,0.0870198,0.540261,-0.0408317,-0.265987,-0.0900022
0,0,0.179132,0.0794563,0.558974,-0.0398657,-0.262382,-0.0928616
0,0,0.166749,0.0730798,0.562396,-0.0387461,-0.256703,-0.0899593
0,0,0.168424,0.0659522,0.549444,-0.0359758,-0.253979,-0.0901389
0,0,0.169252,0.0811278,0.550043,-0.0380268,-0.25536,-0.0931531
0,0,0.144024,0.0842834,0.550405,-0.0356932,-0.262628,-0.096057
0,0,0.14188,0.0849017,0.547917,-0.0339014,-0.263931,-0.0984488
0,0,0.1566,0.0904139,0.538945,-0.0286966,-0.263615,-0.0994595
0,0,0.166081,0.0802399,0.551922,-0.0251602,-0.263061,-0.102269
0,0,0.178885,0.0685326,0.553485,-0.0362286,-0.257168,-0.108906
0,0,0.184959,0.0692767,0.553739,-0.0381468,-0.260326,-0.103602
0,0,0.188519,0.0775039,0.560728,-0.0417223,-0.267682,-0.106585
0,0,0.18513,0.078579,0.549456,-0.0439954,-0.273462,-0.10679
0,0,0.16898,0.07551,0.528333,-0.0446411,-0.271459,-0.101166
0,0,0.172579,0.0882428,0.531771,-0.0392879,-0.271165,-0.0994567
0,0,0.187068,0.0923923,0.542934,-0.0375953,-0.269463,-0.102814
0,0,0.20887,0.101754,0.548979,-0.0420748,-0.263091,-0.104938
0,0,0.189058,0.0841736,0.552333,-0.0463843,-0.268165,-0.100513
0,0,0.171396,0.071827,0.554171,-0.0400282,-0.258922,-0.0980502
0,0,0.193115,0.0653259,0.553973,-0.0393228,-0.265042,-0.0896614
0,0,0.177348,0.0657732,0.542105,-0.039979,-0.266346,-0.100427
0,0,0.188693,0.0564114,0.531138,-0.0367259,-0.263495,-0.102908
0,0,0.180046,0.0379597,0.546623,-0.0319311,-0.266107,-0.100019
0,0,0.167336,0.0463377,0.537894,-0.0301754,-0.264392,-0.095026
0,0,0.163739,0.0588513,0.547971,-0.0313898,-0.266823,-0.0973124
0,0,0.165017,0.0801605,0.545484,-0.0335425,-0.267241,-0.0996825
0,0,0.169321,0.0803752,0.550402,-0.0298564,-0.259696,-0.0995054
0,0,0.167352,0.0858988,0.563132,-0.0350752,-0.257543,-0.102096
0,0,0.170797,0.0802505,0.567185,-0.0394783,-0.261093,-0.107851
0,0,0.178601,0.0781218,0.563394,-0.0347845,-0.260318,-0.10891
0,0,0.176218,0.0716812,0.544922,-0.0406172,-0.258484,-0.105884
0,0,0.180733,0.0722449,0.545683,-0.0390279,-0.25723,-0.105374
0,0,0.183471,0.0840178,0.54141,-0.0402709,-0.253833,-0.103033
0,0,0.173848,0.0782131,0.560041,-0.0420815,-0.255428,-0.0934305
0,0,0.168734,0.0627902,0.554825,-0.0389632,-0.258295,-0.088116
0,0,0.184045,0.0851193,0.558127,-0.0380063,-0.268354,-0.0934632
0,0,0.180737,0.0869092,0.57476,-0.0371038,-0.266256,-0.095349
0,0,0.175175,0.0868533,0.578085,-0.0354756,-0.26246,-0.0960882
0,0,0.186134,0.0834098,0.580368,-0.0347385,-0.25859,-0.101275
0,0,0.185998,0.0716718,0.572381,-0.0328588,-0.252253,-0.101573
0,0,0.168903,0.0586883,0.552027,-0.0318182,-0.257491,-0.0949263
0,0,0.158454,0.0718518,0.544399,-0.0374821,-0.261556,-0.091353
0,0,0.169306,0.0836982,0.549331,-0.0429778,-0.259613,-0.0873746
0,0,0.180004,0.09532,0.549183,-0.0388716,-0.258584,-0.0925613
0,0,0.168934,0.101488,0.56218,-0.0338709,-0.262708,-0.0961046
0,0,0.167512,0.085338,0.559355,-0.0358875,-0.264814,-0.103327
0,0,0.174153,0.0859901,0.568268,-0.03688,-0.268414,-0.10681
0,0,0.183824,0.0913301,0.564662,-0.0310054,-0.26917,-0.103048
0,0,0.193747,0.0895193,0.558431,-0.0282856,-0.26619,-0.105138
0,0,0.206526,0.068925,0.525258,-0.0417541,-0.23926,-0.108038
0,0,0.221162,0.0183884,0.527543,-0.0475925,-0.216034,-0.109253
0,0,0.203192,-0.0744702,0.563213,-0.0631863,-0.224504,-0.109753
0,0,0.159314,-0.307177,0.685349,-0.0339801,-0.237876,-0.109982
0,0,0.155602,-0.28171,0.628344,-0.0342487,-0.231551,-0.113006
0,0,0.176706,-0.275417,0.61534,-0.0561308,-0.241942,-0.112506
0,0,0.205482,-0.104991,0.601155,-0.0346392,-0.229399,-0.111643
0,0,0.211504,-0.152888,0.559036,-0.0535575,-0.221972,-0.108644
0,0,0.178694,-0.100614,0.591545,-0.0477604,-0.227494,-0.11116
0,0,0.163684,-0.0820446,0.591353,-0.0788719,-0.214822,-0.110569
0,0,0.180424,-0.100809,0.551273,-0.0461222,-0.227096,-0.109704
0,0,0.189949,-0.0296851,0.541282,-0.0746452,-0.22415,-0.107709
0,0,0.180815,-0.0898967,0.563091,-0.0493331,-0.226708,-0.114941
0,0,0.18497,-0.0180146,0.500335,-0.0818516,-0.207301,-0.13067
0,0,0.184205,0.0471046,0.546212,-0.0689526,-0.205527,-0.139665
0,0,0.179084,-0.0107809,0.573214,-0.0785057,-0.200506,-0.131595
0,0,0.189774,-0.0718748,0.591677,-0.0686112,-0.212605,-0.114123
0,0,0.178007,-0.0440978,0.574359,-0.101556,-0.20238,-0.103642
0,0,0.16771,-0.0910058,0.600197,-0.0824144,-0.179878,-0.120565
0,0,0.142907,-0.0402253,0.57145,-0.094832,-0.182718,-0.133396
0,0,0.175306,-0.0158701,0.599631,-0.0667047,-0.18858,-0.130755
0,0,0.196777,-0.0640488,0.621433,-0.0850739,-0.188194,-0.11686
0,0,0.18451,-0.060092,0.644736,-0.0663716,-0.219799,-0.100743
0,0,0.155008,-0.0290687,0.604264,-0.0778995,-0.216051,-0.112774
0,0,0.118017,-0.0581182,0.565337,-0.078025,-0.195722,-0.140966
0,0,0.146834,0.0273839,0.577895,-0.0927691,-0.183837,-0.145069
0,0,0.206707,0.0227443,0.597882,-0.0876087,-0.204499,-0.118703
0,0,0.229131,-0.0555688,0.643977,-0.0696855,-0.208239,-0.105333
0,0,0.220723,-0.0100347,0.626571,-0.0744323,-0.216328,-0.127016
0,0,0.151427,-0.0269963,0.615461,-0.0742623,-0.218241,-0.140315
0,0,0.139757,0.0329873,0.608958,-0.0884867,-0.192294,-0.139373
0,0,0.178027,-0.0627693,0.582839,-0.0847315,-0.182373,-0.130409
0,0,0.197156,-0.0543355,0.603489,-0.0775594,-0.205046,-0.122336
0,0,0.176022,-0.00761124,0.637868,-0.0588023,-0.215014,-0.134711
0,0,0.143578,-0.0441993,0.61172,-0.102776,-0.205867,-0.133457
0,0,0.0992176,0.00563316,0.630635,-0.0933273,-0.214704,-0.11869
0,0,0.11296,-0.0267455,0.62278,-0.0941202,-0.191001,-0.109701
0,0,0.155421,-0.0492716,0.633818,-0.0606648,-0.190915,-0.132088
0,0,0.197912,-0.18521,0.673838,-0.0659889,-0.196595,-0.140197
0,0,0.185195,-0.109443,0.56851,-0.0735244,-0.190221,-0.107746
0,0,0.159996,-0.0479484,0.553908,-0.0975326,-0.200088,-0.108856
0,0,0.124138,-0.0608531,0.569331,-0.0948144,-0.210702,-0.129243
0,0,0.127546,-0.0930223,0.613711,-0.111096,-0.206756,-0.142479
0,0,0.135066,-0.163372,0.648178,-0.0690496,-0.209036,-0.132359
0,0,0.177672,-0.0344646,0.571776,-0.0948996,-0.182484,-0.131495
0,0,0.174735,-0.10954,0.568559,-0.0876922,-0.198808,-0.153426
0,0,0.153851,-0.0417988,0.605036,-0.0812091,-0.204732,-0.145954
0,0,0.135225,-0.09892,0.624173,-0.0721376,-0.207306,-0.127043
0,0,0.123767,-0.0327539,0.585293,-0.0978156,-0.209435,-0.133167
0,0,0.195834,-0.0811084,0.579081,-0.0684814,-0.202697,-0.150015
0,0,0.233378,-0.0397728,0.60481,-0.0891195,-0.19694,-0.123139
0,0,0.194586,-0.154898,0.63955,-0.070791,-0.206242,-0.133138
0,0,0.178506,-0.127256,0.677752,-0.0689214,-0.214097,-0.148302
0,0,0.18258,-0.163488,0.592773,-0.0694536,-0.21217,-0.139076
0,0,0.163083,-0.0879536,0.517391,-0.0912641,-0.208254,-0.125302
0,0,0.20065,-0.134505,0.548984,-0.066073,-0.211034,-0.146486
0,0,0.219218,-0.15278,0.620075,-0.0599295,-0.22556,-0.12706
0,0,0.182091,-0.0995263,0.531368,-0.0753801,-0.208603,-0.104826
0,0,0.107654,-0.0791026,0.499421,-0.0882809,-0.21396,-0.132668
0,0,0.159674,-0.080358,0.516146,-0.0880737,-0.206167,-0.143633
0,0,0.164703,-0.20797,0.543027,-0.0759068,-0.210948,-0.12454
0,0,0.170772,-0.172131,0.536312,-0.0806873,-0.219238,-0.134083
0,0,0.191477,-0.253362,0.559415,-0.0536925,-0.212034,-0.136775
0,0,0.178511,-0.198537,0.531011,-0.0814304,-0.192684,-0.10893
0,0,0.143202,-0.166771,0.568987,-0.0649413,-0.210188,-0.147335
0,0,0.113724,-0.201433,0.549967,-0.0887702,-0.213203,-0.153401
0,0,0.129213,-0.151737,0.469607,-0.0766837,-0.216712,-0.123306
0,0,0.131466,-0.210396,0.485295,-0.0881668,-0.221287,-0.14632
0,0,0.149408,-0.16842,0.52123,-0.0797481,-0.222422,-0.135785
0,0,0.198182,-0.169884,0.463481,-0.0775849,-0.212117,-0.122353
0,0,0.172005,-0.245748,0.370092,-0.0984231,-0.208857,-0.154137
0,0,0.165482,-0.162515,0.39193,-0.0789522,-0.218398,-0.148013
0,0,0.171734,-0.249912,0.501894,-0.0711076,-0.237257,-0.14039
0,0,0.166832,-0.200504,0.415535,-0.0788099,-0.225302,-0.149016
0,0,0.181557,-0.128148,0.393849,-0.0878357,-0.217796,-0.12541
0,0,0.24211,-0.221085,0.412659,-0.0647857,-0.20608,-0.142981
0,0,0.207529,-0.210798,0.453741,-0.0661545,-0.209707,-0.13776
0,0,0.158199,-0.163346,0.38945,-0.107027,-0.197677,-0.126207
0,0,0.129463,-0.167395,0.338253,-0.0994741,-0.197539,-0.144203
0,0,0.110208,-0.173032,0.36645,-0.108598,-0.205558,-0.128028
0,0,0.147527,-0.0545849,0.297227,-0.0888138,-0.194068,-0.131471
0,0,0.196369,-0.0144858,0.221319,-0.089792,-0.216989,-0.137894
0,0,0.154867,0.0581158,0.217644,-0.100003,-0.218082,-0.144216
0,0,0.131825,0.0892169,0.246853,-0.105754,-0.238332,-0.13832
0,0,0.122296,0.0126001,0.287617,-0.0838705,-0.237921,-0.133625
0,0,0.116204,-0.0445236,0.305423,-0.0739,-0.271037,-0.136412
0,0,0.151514,-0.0661212,0.255525,-0.0723012,-0.249029,-0.122941
0,0,0.254565,0.00995424,0.224829,-0.0689611,-0.24884,-0.110847
0,0,0.245843,0.0606358,0.236084,-0.0588157,-0.255554,-0.116748
0,0,0.209152,0.0499056,0.216882,-0.073843,-0.266157,-0.118177
0,0,0.118123,-0.00702336,0.28925,-0.0498261,-0.26379,-0.098692
0,0,0.112263,-0.00189699,0.333874,-0.0574312,-0.27094,-0.117829
0,0,0.14732,-0.00982306,0.314255,-0.0489166,-0.26129,-0.118956
0,0,0.19492,-0.0464223,0.304728,-0.0499403,-0.251427,-0.107364
0,0,0.166238,-0.0759934,0.383674,-0.0390264,-0.292343,-0.119318
0,0,0.141164,-0.0509018,0.442552,-0.0377233,-0.286187,-0.115334
0,0,0.127231,0.0289927,0.361917,-0.0686401,-0.275146,-0.106104
0,0,0.139088,-0.0181013,0.362143,-0.0658157,-0.275918,-0.128553
0,0,0.17196,-0.0817413,0.475992,-0.0400076,-0.282802,-0.119772
0,0,0.203571,-0.066285,0.485438,-0.0231511,-0.275015,-0.0862578
0,0,0.180393,-0.128175,0.444342,-0.0494564,-0.252321,-0.10329
0,0,0.163033,-0.109278,0.448087,-0.0247454,-0.247552,-0.0853552
0,0,0.161996,-0.113829,0.504773,-0.0257246,-0.278527,-0.0854367
0,0,0.159445,-0.0557732,0.535582,-0.014848,-0.273635,-0.100579
0,0,0.159595,-0.0555175,0.45138,-0.0379169,-0.263035,-0.0796889
0,0,0.127242,-0.0437623,0.425011,-0.0686906,-0.252647,-0.0949562
0,0,0.0782088,-0.0647612,0.567639,-0.0218425,-0.287821,-0.112268
0,0,0.11025,-0.108267,0.618117,-0.0172116,-0.285325,-0.0906259
0,0,0.129966,0.0380894,0.474488,-0.0340853,-0.269787,-0.0909672
0,0,0.183186,-0.0353708,0.438231,-0.0316709,-0.264156,-0.105206
0,0,0.183681,-0.175231,0.603537,0.0256149,-0.279275,-0.087267
0,0,0.155488,-0.172587,0.607865,-0.00798234,-0.26655,-0.081316
0,0,0.0867109,-0.011655,0.5155,-0.042887,-0.267802,-0.109411
0,0,0.118091,0.0565101,0.498814,-0.045004,-0.255497,-0.106548
0,0,0.146857,-0.0938058,0.557646,-0.0144601,-0.237716,-0.0864452
0,0,0.175956,-0.0420777,0.59258,-0.0112993,-0.253509,-0.103478
0,0,0.145237,-0.0330307,0.594093,-0.00745618,-0.276104,-0.11475
0,0,0.147956,0.0136794,0.564094,-0.0275008,-0.244964,-0.0963218
0,0,0.0768547,0.103194,0.51762,-0.0433916,-0.256636,-0.0888767
0,0,0.12268,-0.0429712,0.68087,-0.00526527,-0.290207,-0.103397
0,0,0.159757,-0.0656321,0.663224,0.0073453,-0.273586,-0.0927425
0,0,0.16049,-0.00226456,0.589597,-0.0232081,-0.255725,-0.0805271
0,0,0.152722,0.13763,0.588036,-0.0177174,-0.257477,-0.0924077
0,0,0.127224,0.0812785,0.597708,-0.0391684,-0.257461,-0.0996218
0,0,0.149484,0.0183797,0.642236,-0.0220693,-0.279118,-0.0866156
0,0,0.179526,-0.031865,0.658726,-0.0325653,-0.275573,-0.0773321
0,0,0.197286,0.0746006,0.576746,-0.0207862,-0.251129,-0.101765
0,0,0.188771,0.0590521,0.567497,-0.0341802,-0.261229,-0.12005
0,0,0.152906,-0.00420729,0.681171,-0.00477565,-0.27563,-0.0965105
0,0,0.131613,0.0214453,0.656064,-0.0242169,-0.272684,-0.0983496
0,0,0.143136,0.0113715,0.644393,-0.0189614,-0.288087,-0.116381
0,0,0.176848,0.0907154,0.602245,-0.0449177,-0.274689,-0.109377
0,0,0.17692,0.0690631,0.614746,-0.0189507,-0.278213,-0.084018
0,0,0.147216,0.0851124,0.723915,-0.0230295,-0.299347,-0.0774883
0,0,0.126105,-0.0074392,0.747857,-0.0040406,-0.27826,-0.0951637
0,0,0.142584,0.0327687,0.669337,-0.02847,-0.264085,-0.100633
0,0,0.189045,0.107851,0.630798,-0.0192493,-0.275969,-0.0875407
0,0,0.190771,0.0620833,0.625328,-0.0354587,-0.260125,-0.0830277
0,0,0.155696,0.0443466,0.691496,0.00553808,-0.273866,-0.100906
0,0,0.0677884,0.00578273,0.712569,-0.0255757,-0.279537,-0.10868
0,0,0.0876952,0.125218,0.636578,-0.054853,-0.256397,-0.101115
0,0,0.147061,0.0774748,0.610169,-0.0501898,-0.255148,-0.0896063
0,0,0.23682,0.0302284,0.626574,-0.0079875,-0.272518,-0.0871598
0,0,0.228324,0.0721492,0.719053,-0.0100186,-0.277729,-0.0979438
0,0,0.131683,0.0233687,0.737507,-0.0170362,-0.290027,-0.11015
0,0,0.107373,0.157614,0.658643,-0.0381302,-0.286476,-0.102493
0,0,0.122222,0.193109,0.590413,-0.0417097,-0.261392,-0.0869389
0,0,0.169776,0.155378,0.60132,-0.0403912,-0.249558,-0.0883771
0,0,0.14801,0.030288,0.72095,-0.0047462,-0.288579,-0.109928
0,0,0.13232,0.0689563,0.691482,0.0025657,-0.288053,-0.114936
0,0,0.119791,0.0974872,0.644742,-0.0195428,-0.267181,-0.104668
0,0,0.169564,0.162068,0.600382,-0.0119914,-0.248059,-0.0870232
0,0,0.180694,0.139217,0.581498,-0.0379426,-0.236548,-0.081233
0,0,0.158839,0.0979746,0.630366,-0.0054092,-0.249259,-0.0847711
0,0,0.115731,0.0535407,0.663346,-0.015707,-0.288295,-0.0972688
0,0,0.115556,0.0904729,0.685001,0.000420789,-0.28508,-0.105155
0,0,0.151101,0.11651,0.590791,-0.0226464,-0.269328,-0.0958084
0,0,0.207602,0.189255,0.536673,-0.0201077,-0.263442,-0.0875587
0,0,0.188635,0.221553,0.533096,-0.0314052,-0.261127,-0.08486
0,0,0.144629,0.105667,0.624034,0.0100851,-0.286236,-0.0822831
0,0,0.0679278,0.0663762,0.646587,2.73902e-06,-0.286815,-0.0873768
0,0,0.0750539,0.0462433,0.650301,0.0003943,-0.27583,-0.0953808
0,0,0.133985,-0.0449634,0.597357,-0.0160995,-0.281952,-0.106402
0,0,0.186468,-0.0338865,0.61039,0.00563842,-0.261943,-0.102056
0,0,0.165233,-0.0785656,0.594726,-0.000556293,-0.283442,-0.105437
0,0,0.13775,-0.0565369,0.519331,-0.0257012,-0.267326,-0.103179
0,0,0.127919,-0.117775,0.645614,-0.0154558,-0.270526,-0.10317
0,0,0.148301,-0.141556,0.64567,-0.011783,-0.267779,-0.0956892
0,0,0.109141,-0.107991,0.643801,-0.0190644,-0.278089,-0.0932729
0,0,0.120666,0.0850136,0.586833,-0.0382821,-0.260314,-0.100506
0,0,0.142904,0.124609,0.560897,-0.0485888,-0.258981,-0.104227
0,0,0.125472,0.0525213,0.627877,-0.0240831,-0.275102,-0.104494
0,0,0.132343,0.0311833,0.565734,-0.0301572,-0.268781,-0.0957438
0,0,0.14515,0.119063,0.534775,-0.0420808,-0.26263,-0.0941118
0,0,0.124486,0.0769204,0.603433,-0.0282875,-0.274496,-0.0945489
0,0,0.124265,0.0655759,0.567408,-0.0361607,-0.264225,-0.0959947
0,0,0.13039,0.0673194,0.536225,-0.0456135,-0.260663,-0.0958828
0,0,0.134188,0.0597673,0.55218,-0.0317361,-0.262248,-0.0912778
0,0,0.134624,0.090642,0.540809,-0.034966,-0.264496,-0.0933268
0,0,0.12221,0.0683703,0.551813,-0.0265879,-0.270164,-0.0962377
0,0,0.101015,0.0899876,0.554704,-0.0264003,-0.262363,-0.0987401
0,0,0.118226,0.0584762,0.553543,-0.0308291,-0.260551,-0.0953491
0,0,0.124613,0.0973766,0.546807,-0.0288781,-0.260576,-0.0960966
0,0,0.134997,0.109972,0.535672,-0.0275793,-0.267422,-0.0946951
0,0,0.153238,0.0982314,0.545925,-0.0316269,-0.261785,-0.101083
0,0,0.137192,0.102842,0.559651,-0.0381342,-0.260137,-0.101278
0,0,0.122081,0.120348,0.537464,-0.0456702,-0.256654,-0.101056
0,0,0.13349,0.105132,0.547728,-0.0389771,-0.259832,-0.101063
0,0,0.156113,0.0946961,0.550111,-0.0423425,-0.253971,-0.0993614
0,0,0.142462,0.0737832,0.548032,-0.0447955,-0.247963,-0.0927828
0,0,0.137332,0.0537383,0.551479,-0.0446263,-0.25098,-0.0912139
0,0,0.137131,0.075545,0.547345,-0.0457191,-0.255281,-0.0977807
0,0,0.132286,0.0904341,0.573601,-0.0409523,-0.270397,-0.0957571
0,0,0.136878,0.125391,0.578403,-0.0341732,-0.268704,-0.102796
0,0,0.135857,0.128239,0.560139,-0.0309104,-0.263595,-0.0991049
0,0,0.131816,0.100962,0.552512,-0.0309153,-0.261766,-0.0945247
0,0,0.122039,0.1065,0.562609,-0.0434405,-0.264141,-0.0931905
0,0,0.127385,0.117102,0.561591,-0.0410326,-0.265968,-0.0970946
0,0,0.129255,0.0877716,0.559099,-0.0415311,-0.265573,-0.0976698
0,0,0.12849,0.0712143,0.565271,-0.0429026,-0.263213,-0.098345
0,0,0.136513,0.0420279,0.545505,-0.033847,-0.258818,-0.0967661
0,0,0.121802,0.0491784,0.543356,-0.0393815,-0.254321,-0.097948
0,0,0.11047,0.0670934,0.551978,-0.0397113,-0.251494,-0.0973326
0,0,0.115689,0.0699271,0.550019,-0.039333,-0.25738,-0.0985241
0,0,0.124407,0.073396,0.544015,-0.0388504,-0.262311,-0.100112
0,0,0.125548,0.083126,0.5417,-0.0361069,-0.261665,-0.103027
0,0,0.126007,0.0923089,0.537372,-0.038501,-0.257693,-0.105024
0,0,0.129144,0.102222,0.539696,-0.0296123,-0.256385,-0.10493
0,0,0.134342,0.104509,0.528141,-0.0317981,-0.261809,-0.10213
0,0,0.12704,0.103101,0.532024,-0.0335303,-0.262284,-0.0997443
0,0,0.132822,0.098066,0.546721,-0.0397882,-0.259614,-0.0947655
0,0,0.129285,0.0913983,0.542187,-0.037686,-0.254547,-0.09718
0,0,0.131214,0.0863512,0.540824,-0.0404833,-0.254797,-0.0986926
0,0,0.12707,0.0844074,0.530289,-0.0409925,-0.2588,-0.103132
0,0,0.135026,0.0906092,0.529668,-0.0426317,-0.26514,-0.100596
0,0,0.146037,0.0921559,0.538689,-0.0391083,-0.263421,-0.104514
0,0,0.139642,0.0984062,0.525804,-0.0420952,-0.262249,-0.0973876
0,0,0.14406,0.0891876,0.518661,-0.0358907,-0.261543,-0.0970376
0,0,0.156948,0.0909266,0.530551,-0.042304,-0.258363,-0.099043
0,0,0.161332,0.0977062,0.527681,-0.0381948,-0.257458,-0.098305
0,0,0.152476,0.0939341,0.53548,-0.0338439,-0.252579,-0.095365
0,0,0.167488,0.0897437,0.535823,-0.0389821,-0.252981,-0.102545
0,0,0.170769,0.0737845,0.549333,-0.0439842,-0.259433,-0.0952082
0,0,0.161029,0.0787639,0.559642,-0.0411438,-0.265801,-0.093302
0,0,0.157346,0.0766844,0.543783,-0.039931,-0.270583,-0.0932931
0,0,0.153517,0.0790955,0.542251,-0.0416521,-0.268922,-0.0922398
0,0,0.165573,0.0785526,0.541713,-0.043232,-0.269119,-0.0927281
0,0,0.157633,0.0773672,0.54052,-0.0451168,-0.263751,-0.0942757
0,0,0.148021,0.075674,0.553259,-0.0436038,-0.256888,-0.0981336
0,0,0.130152,0.0859432,0.561046,-0.0457651,-0.259041,-0.0959754
0,0,0.14033,0.0917022,0.556619,-0.0432362,-0.254229,-0.0977739
0,0,0.147979,0.0960994,0.558556,-0.0430447,-0.258002,-0.0959133
0,0,0.140846,0.100808,0.562655,-0.0418385,-0.270524,-0.0895705
0,0,0.142036,0.0959263,0.554165,-0.038554,-0.270668,-0.0898109
0,0,0.135909,0.0693855,0.545098,-0.0419353,-0.265346,-0.0857553
0,0,0.130778,0.0752194,0.551456,-0.040863,-0.268137,-0.0905173
0,0,0.122866,0.0743874,0.541267,-0.048922,-0.262517,-0.0894504
0,0,0.126672,0.0770215,0.531617,-0.048555,-0.257416,-0.089554
0,0,0.129513,0.0761577,0.532839,-0.0385853,-0.257855,-0.0947041
0,0,0.127551,0.066738,0.522932,-0.0410301,-0.25801,-0.0995596
0,0,0.119957,0.0890483,0.527451,-0.0449272,-0.255911,-0.0950612
0,0,0.124058,0.100152,0.552026,-0.0471042,-0.251368,-0.0948339
0,0,0.1309,0.0958768,0.540447,-0.0464348,-0.252091,-0.0904572
0,0,0.134405,0.0853616,0.53609,-0.0460348,-0.25373,-0.0917639
0,0,0.137147,0.0693623,0.548199,-0.03873,-0.255722,-0.0960763
0,0,0.131478,0.0669283,0.550414,-0.0422108,-0.255301,-0.101273
0,0,0.121339,0.0724183,0.541894,-0.0445137,-0.258351,-0.100602
0,0,0.133333,0.078697,0.532485,-0.0470244,-0.252911,-0.104744
0,0,0.134417,0.0820802,0.513401,-0.0417446,-0.253851,-0.10523
0,0,0.138166,0.091299,0.529706,-0.040783,-0.254177,-0.108582
0,0,0.113503,0.104333,0.513308,-0.0383241,-0.251768,-0.103963
0,0,0.130571,0.106703,0.532518,-0.0395471,-0.259768,-0.101617
0,0,0.130002,0.0999016,0.541345,-0.0450638,-0.267983,-0.0963571
0,0,0.124586,0.07775,0.540406,-0.0397646,-0.268343,-0.0929495
0,0,0.120859,0.0908668,0.550551,-0.0424405,-0.265104,-0.0882018
0,0,0.121399,0.0931862,0.559754,-0.0457213,-0.264971,-0.0845338
0,0,0.128257,0.106867,0.56755,-0.0490108,-0.260257,-0.0943222
0,0,0.128409,0.097403,0.571607,-0.0468844,-0.258872,-0.098235
0,0,0.130691,0.101647,0.56043,-0.0392928,-0.257057,-0.10065
0,0,0.14346,0.0862705,0.544192,-0.0395348,-0.259265,-0.0951448
0,0,0.137383,0.0947201,0.545078,-0.0428473,-0.264594,-0.0977412
0,0,0.124398,0.104191,0.545756,-0.0404319,-0.263118,-0.102984
0,0,0.122974,0.101697,0.558875,-0.0387836,-0.269093,-0.10226
0,0,0.136974,0.107615,0.552212,-0.0395729,-0.269847,-0.0990473
0,0,0.143814,0.123994,0.550054,-0.049602,-0.267134,-0.0947721
0,0,0.152236,0.0999509,0.558512,-0.0416377,-0.265119,-0.0944953
0,0,0.137155,0.0910794,0.549213,-0.0362038,-0.258993,-0.0915702
0,0,0.12236,0.0898514,0.552741,-0.0321319,-0.260812,-0.0969113
0,0,0.110317,0.0909693,0.545435,-0.0344143,-0.268868,-0.0993395
0,0,0.128089,0.0856127,0.550377,-0.0370775,-0.263445,-0.100215
0,0,0.133723,0.0915786,0.543043,-0.0365895,-0.264506,-0.104734
0,0,0.128697,0.0799939,0.54599,-0.0352347,-0.268059,-0.101048
0,0,0.13626,0.0800879,0.555453,-0.0396884,-0.264921,-0.100314
0,0,0.122097,0.0873021,0.55021,-0.0391463,-0.266372,-0.0981503
0,0,0.128983,0.103991,0.562494,-0.0360931,-0.264423,-0.0991874
0,0,0.126127,0.113947,0.564935,-0.0379386,-0.26229,-0.105774
0,0,0.13046,0.129439,0.562418,-0.0426462,-0.265658,-0.102648
0,0,0.144646,0.123365,0.559247,-0.0415756,-0.26514,-0.100203
0,0,0.135388,0.108967,0.549148,-0.0379748,-0.256526,-0.104919
0,0,0.141656,0.0913123,0.535374,-0.0395473,-0.259988,-0.103525
0,0,0.129483,0.0898968,0.551776,-0.0369033,-0.261583,-0.100954
0,0,0.123864,0.0900835,0.542699,-0.0379192,-0.260281,-0.0981802
0,0,0.136376,0.0755357,0.538417,-0.0320889,-0.263618,-0.0941737
0,0,0.145434,0.101415,0.455249,-0.0510779,-0.26703,-0.0953524
0,0,0.107148,0.0805069,0.455908,-0.059477,-0.283128,-0.102198
0,0,0.091318,0.00142852,0.459634,-0.0440821,-0.267005,-0.104333
0,0,0.0389418,-0.0889729,0.475158,-0.0391793,-0.293043,-0.100072
0,0,0.0658457,-0.193562,0.445734,-0.0442975,-0.259457,-0.0960215
0,0,0.103089,-0.117663,0.352349,-0.0628435,-0.260394,-0.0957504
0,0,0.114358,-0.182335,0.455941,-0.0348155,-0.27173,-0.108027
0,0,0.108909,-0.116135,0.460576,-0.0160029,-0.265803,-0.108678
0,0,0.123771,-0.125872,0.388229,-0.0453452,-0.270064,-0.10598
0,0,0.0609691,-0.0670098,0.423127,-0.0330574,-0.271533,-0.103327
0,0,0.141626,-0.200498,0.505484,0.0075148,-0.277324,-0.114558
0,0,0.117999,-0.0676849,0.386346,-0.0596476,-0.272275,-0.133942
0,0,0.116525,-0.121144,0.411928,-0.0440426,-0.269738,-0.134873
0,0,0.0918217,-0.167627,0.472268,-0.0211939,-0.278137,-0.111997
0,0,0.0719992,-0.0674428,0.399893,-0.0539487,-0.277173,-0.104228
0,0,0.118402,-0.0522431,0.449138,-0.0168462,-0.277676,-0.124348
0,0,0.0656464,-0.0839643,0.467806,-0.0151529,-0.277433,-0.136692
0,0,0.116387,-0.0877508,0.295874,-0.057498,-0.249159,-0.128291
0,0,0.0623951,-0.0609627,0.354434,-0.0338055,-0.286111,-0.117048
0,0,0.0835679,-0.105921,0.402342,-0.0173338,-0.289962,-0.119947
0,0,0.0607625,-0.0455878,0.304993,-0.0361472,-0.246253,-0.130854
0,0,0.0750717,-0.0455037,0.339802,-0.00537844,-0.273673,-0.139745
0,0,0.0482189,-0.154546,0.354292,-0.0263336,-0.294082,-0.121856
0,0,0.0993375,-0.0463437,0.236348,-0.0432808,-0.248618,-0.114272
0,0,0.0711505,-0.018438,0.268939,-0.0332404,-0.268235,-0.132004
0,0,0.0467353,-0.184241,0.340152,-0.0268654,-0.287764,-0.123926
0,0,0.0966454,-0.0461056,0.239348,-0.0282184,-0.249043,-0.107952
0,0,0.0674457,-0.0333159,0.275721,-0.0199743,-0.259124,-0.120313
0,0,0.058737,-0.0611977,0.267664,-0.0237457,-0.27374,-0.139096
0,0,0.0875394,-0.0474537,0.199731,-0.013132,-0.246251,-0.128875
0,0,0.081506,-0.0932858,0.237552,-0.035028,-0.25388,-0.101848
0,0,0.0238252,-0.0839134,0.270984,-0.00895074,-0.259027,-0.13279
0,0,0.0837547,-0.0849553,0.186885,-0.0300797,-0.24959,-0.127886
0,0,0.0444762,-0.0562695,0.26328,-0.014354,-0.279322,-0.120844
0,0,0.0211894,-0.0559584,0.222198,-0.0002793,-0.291488,-0.144965
0,0,0.0481805,-0.0371199,0.141901,-0.0261252,-0.250778,-0.122937
0,0,-0.00718185,-0.0270846,0.20623,-0.0298358,-0.299296,-0.132623
0,0,-0.02571,-0.122858,0.244582,-0.00711795,-0.272487,-0.131214
0,0,0.0214751,-0.0500242,0.154415,-0.0183212,-0.268025,-0.113801
0,0,-0.0190725,-0.0341666,0.199583,-0.026731,-0.285981,-0.138804
0,0,0.00373518,-0.124492,0.253326,-0.0141773,-0.285888,-0.115754
0,0,0.0133469,-0.0846011,0.246974,-0.0199838,-0.291555,-0.124617
0,0,0.0168579,-0.0205374,0.0514273,-0.0694612,-0.269518,-0.133199
0,0,-0.00507147,-0.146763,0.19426,-0.0253032,-0.285313,-0.123045
0,0,-0.0131323,-0.150803,0.242792,-0.00749275,-0.275999,-0.144219
0,0,-0.0082454,-0.0592163,0.129748,-0.0354996,-0.262934,-0.117831
0,0,-0.0395774,-0.0759364,0.124265,-0.0309911,-0.28218,-0.140145
0,0,0.0180541,-0.0873846,0.131167,-0.0297411,-0.291434,-0.139963
0,0,0.0132086,-0.0817626,0.186595,-0.0204516,-0.2965,-0.132405
0,0,-0.0285567,-0.0839013,0.160219,-0.0173112,-0.269188,-0.130444
0,0,-0.0043998,-0.0660343,0.0891289,-0.0354731,-0.24511,-0.110626
0,0,0.0279065,-0.144986,0.130466,-0.0408501,-0.260058,-0.1347
0,0,-0.00873421,-0.175708,0.233184,-0.0218276,-0.276323,-0.118054
0,0,0.0473908,-0.0852053,0.260682,-0.0133327,-0.28309,-0.127785
0,0,0.0277159,-0.0448681,0.0870293,-0.0579661,-0.25865,-0.123944
0,0,-0.0150421,-0.195511,0.146319,-0.0419809,-0.282477,-0.134449
0,0,-0.0441952,-0.201101,0.271536,-0.0184123,-0.297591,-0.151408
0,0,-0.0331169,-0.0802225,0.236777,-0.0315198,-0.288069,-0.133205
0,0,-0.0323602,-0.1079,0.161335,-0.0405267,-0.27475,-0.151738
0,0,-0.0382021,-0.0751014,0.0930366,-0.0478843,-0.248676,-0.136374
0,0,-0.00754408,-0.141182,0.130794,-0.0335241,-0.254076,-0.146492
0,0,-0.0473502,-0.131449,0.199538,-0.0104824,-0.27991,-0.130074
0,0,-0.0954952,-0.234181,0.268486,-0.00780391,-0.29494,-0.143463
0,0,-0.15547,-0.155374,0.18572,-0.0451754,-0.259325,-0.146189
0,0,-0.123852,-0.135384,0.202882,-0.0328004,-0.255752,-0.153201
0,0,-0.0530218,-0.140852,0.214055,-0.0452138,-0.230496,-0.141267
0,0,-0.0159391,-0.242012,0.313182,-0.0194502,-0.26521,-0.143089
0,0,-0.00363979,-0.294427,0.280267,-0.0363457,-0.250364,-0.134344
0,0,-0.0268315,-0.258667,0.267249,-0.0355794,-0.258216,-0.125326
0,0,0.00708035,-0.161615,0.283239,-0.0455419,-0.246612,-0.130922
0,0,0.0713761,-0.234547,0.295006,-0.0589867,-0.247508,-0.131178
0,0,0.119514,-0.217371,0.227571,-0.0787407,-0.219541,-0.127293
0,0,0.101087,-0.231392,0.265947,-0.0416514,-0.223236,-0.129789
0,0,0.0917305,-0.16078,0.251393,-0.0731222,-0.224422,-0.141478
0,0,0.131649,-0.130552,0.232277,-0.0570921,-0.206178,-0.137788
0,0,0.149836,-0.170266,0.229572,-0.0726665,-0.208925,-0.14099
0,0,0.164036,-0.261589,0.209556,-0.0689672,-0.205073,-0.141677
0,0,0.148729,-0.216203,0.257251,-0.0758439,-0.216802,-0.159083
0,0,0.151799,-0.13751,0.248678,-0.082983,-0.214337,-0.15549
0,0,0.121692,-0.160879,0.300232,-0.0775861,-0.24457,-0.147934
0,0,0.167172,-0.103614,0.253215,-0.0892027,-0.221933,-0.153218
0,0,0.238536,-0.104817,0.289253,-0.055434,-0.208289,-0.144207
0,0,0.330989,-0.0476024,0.254986,-0.0725705,-0.219242,-0.153513
0,0,0.345458,0.00842021,0.207464,-0.0872361,-0.206405,-0.135797
0,0,0.382708,0.0277058,0.25711,-0.0617787,-0.208856,-0.129792
0,0,0.350057,0.0101551,0.370457,-0.03624,-0.224848,-0.123753
0,0,0.345701,0.0548895,0.331354,-0.0372477,-0.235673,-0.126969
0,0,0.362994,0.134897,0.275903,-0.0469501,-0.242607,-0.13526
0,0,0.357509,0.0867056,0.294558,-0.0410136,-0.217951,-0.121593
0,0,0.367867,0.0488918,0.283361,-0.0608881,-0.216367,-0.0992922
0,0,0.375496,0.0666357,0.284205,-0.0731028,-0.230063,-0.108081
0,0,0.284918,0.0782603,0.36883,-0.0717425,-0.231734,-0.109645
0,0,0.253,0.0762972,0.314196,-0.0671077,-0.226175,-0.0903635
0,0,0.239109,0.0830816,0.226799,-0.0771856,-0.198113,-0.108701
0,0,0.244128,0.00557112,0.245108,-0.077244,-0.198043,-0.1119
0,0,0.232938,-0.0209463,0.314426,-0.0692764,-0.230497,-0.0946991
0,0,0.221357,-0.0465519,0.256719,-0.0893124,-0.209782,-0.121381
0,0,0.245043,-0.0131738,0.180571,-0.0791917,-0.201936,-0.104644
0,0,0.219495,0.0538128,0.28665,-0.0507685,-0.234754,-0.093324
0,0,0.239351,0.0945695,0.270992,-0.0736155,-0.222465,-0.115479
0,0,0.237162,0.123941,0.199131,-0.102803,-0.223663,-0.100856
0,0,0.225391,0.0949295,0.220327,-0.0882449,-0.219362,-0.0964261
0,0,0.208785,0.0105972,0.319024,-0.0337614,-0.244861,-0.116809
0,0,0.180701,0.0152534,0.229599,-0.074545,-0.206774,-0.0912149
0,0,0.186055,0.11048,0.176444,-0.0986525,-0.208847,-0.0947667
0,0,0.126368,0.0315065,0.213852,-0.0581966,-0.228025,-0.112398
0,0,0.120521,-0.00211858,0.229112,-0.0482469,-0.223677,-0.0937929
0,0,0.109875,0.0836639,0.141522,-0.0944019,-0.206443,-0.0884946
0,0,0.12412,-0.00623294,0.180073,-0.0972605,-0.202861,-0.106085
0,0,0.102774,-0.022082,0.309253,-0.0484709,-0.240645,-0.0912424
0,0,0.129003,0.0739147,0.162965,-0.0731085,-0.199374,-0.0869016
0,0,0.159684,0.105945,0.148601,-0.0838432,-0.210973,-0.110412
0,0,0.136628,0.140571,0.237469,-0.0690883,-0.21282,-0.103345
0,0,0.127463,0.100692,0.229882,-0.0867183,-0.234134,-0.0813463
0,0,0.125454,0.132583,0.178798,-0.0857863,-0.201125,-0.0886347
0,0,0.0862093,0.0791404,0.280553,-0.0485981,-0.24271,-0.105403
0,0,0.0946691,0.0834407,0.288024,-0.0631363,-0.222447,-0.0894357
0,0,0.11679,0.141756,0.197381,-0.1009,-0.215894,-0.0849716
0,0,0.139859,0.182504,0.212871,-0.0697191,-0.209782,-0.0891322
0,0,0.0854721,0.0627932,0.32655,-0.042454,-0.244294,-0.103831
0,0,0.0563579,0.109543,0.247705,-0.0902162,-0.199153,-0.0964788
0,0,0.0829315,0.11442,0.277656,-0.0699257,-0.208285,-0.0837625
0,0,0.106722,0.10771,0.316901,-0.0496121,-0.206964,-0.0974521
0,0,0.0651835,0.121811,0.33313,-0.0639599,-0.2054,-0.108327
0,0,0.0448698,0.214251,0.275717,-0.0929902,-0.203425,-0.0993172
0,0,0.0600726,0.175518,0.307895,-0.088519,-0.21867,-0.079545
0,0,0.0329047,0.194464,0.336747,-0.0548163,-0.228709,-0.0980329
0,0,0.0919258,0.179296,0.26328,-0.0782433,-0.20435,-0.119166
0,0,0.131623,0.110258,0.298744,-0.0761363,-0.234702,-0.116725
0,0,0.0792776,0.13733,0.297843,-0.0781613,-0.218922,-0.0910004
0,0,0.0380082,0.219573,0.228111,-0.085743,-0.223738,-0.0936242
0,0,0.06627,0.165174,0.327211,-0.0718548,-0.21382,-0.110786
0,0,0.0108975,0.142551,0.450745,-0.0709751,-0.235292,-0.109378
0,0,0.088687,0.152905,0.382677,-0.0829204,-0.210809,-0.100321
0,0,0.101135,0.139822,0.332115,-0.0708159,-0.195784,-0.0924115
0,0,0.0223946,0.133721,0.513213,-0.0442239,-0.239529,-0.0960572
0,0,0.0203905,0.179966,0.457679,-0.0882044,-0.198997,-0.102011
0,0,0.0287341,0.195963,0.464497,-0.0739452,-0.223861,-0.112888
0,0,0.0241179,0.178157,0.557604,-0.0463849,-0.228669,-0.107796
0,0,0.0880882,0.151537,0.473866,-0.0723752,-0.206104,-0.0948306
0,0,0.0949876,0.197457,0.42062,-0.0944021,-0.214163,-0.0943164
0,0,0.091441,0.206271,0.583463,-0.0609629,-0.229807,-0.10035
0,0,0.0403754,0.204425,0.548071,-0.0501027,-0.226954,-0.109717
0,0,0.0830164,0.232448,0.503641,-0.0812068,-0.213488,-0.120223
0,0,0.0661367,0.178003,0.599714,-0.0767316,-0.222976,-0.116366
0,0,0.0706233,0.129276,0.583999,-0.0733802,-0.232324,-0.104186
0,0,0.0791683,0.216764,0.457243,-0.0853735,-0.191435,-0.0864034
0,0,0.0521954,0.127594,0.604763,-0.0649683,-0.216319,-0.0856549
0,0,0.0779967,0.112164,0.585941,-0.0771016,-0.215214,-0.0945109
0,0,0.0754274,0.267394,0.523598,-0.080185,-0.192132,-0.102353
0,0,0.0643797,0.202219,0.634607,-0.0662805,-0.2273,-0.123344
0,0,0.0426571,0.0934737,0.70336,-0.074723,-0.219315,-0.120637
0,0,0.0819348,0.199546,0.615183,-0.0877126,-0.198058,-0.113494
0,0,0.0550918,0.202823,0.712715,-0.0455157,-0.229144,-0.0957237
0,0,0.115196,0.194466,0.661064,-0.0449419,-0.201331,-0.0987791
0,0,0.133056,0.267199,0.585712,-0.0840656,-0.185819,-0.0898442
0,0,0.129567,0.198713,0.65453,-0.0555892,-0.214586,-0.0879651
0,0,0.082286,0.211022,0.63073,-0.0766934,-0.180828,-0.101219
0,0,0.0631751,0.161204,0.735626,-0.0800224,-0.21434,-0.107939
0,0,0.113821,0.1588,0.707877,-0.0717597,-0.200138,-0.110506
0,0,0.0867269,0.258408,0.606586,-0.0867335,-0.197915,-0.105048
0,0,0.0684643,0.0905983,0.65971,-0.0849274,-0.206506,-0.0978942
0,0,0.0652242,0.0406889,0.615992,-0.0944793,-0.19373,-0.0960264
0,0,-0.00511338,0.0199506,0.610039,-0.0968015,-0.179603,-0.0968253
0,0,0.0308444,0.0363215,0.6206,-0.0886749,-0.186608,-0.0979879
0,0,0.0466513,-0.0206963,0.595438,-0.0780177,-0.19959,-0.100514
0,0,-0.014184,-0.0227414,0.546025,-0.0863974,-0.206625,-0.101373
0,0,0.0238325,-0.0519495,0.602528,-0.0649557,-0.210696,-0.104747
0,0,0.0887239,0.104906,0.562686,-0.0746341,-0.205675,-0.0948144
0,0,0.0798217,0.0552853,0.624307,-0.0635144,-0.222335,-0.0984849
0,0,0.0643217,-0.0074561,0.648789,-0.0669867,-0.22935,-0.0973566
0,0,0.0673412,0.0437725,0.630459,-0.0772096,-0.226975,-0.10088
0,0,0.0786205,0.125051,0.639167,-0.0745997,-0.230171,-0.102039
0,0,0.087492,0.111365,0.660556,-0.0694047,-0.222786,-0.104621
0,0,0.110883,0.0373065,0.664352,-0.0667597,-0.217872,-0.100107
0,0,0.0907454,0.0370297,0.654258,-0.0718574,-0.213463,-0.100269
0,0,0.0760354,0.0513592,0.647323,-0.0610859,-0.212722,-0.107183
0,0,0.0879472,0.0562598,0.673238,-0.0554473,-0.215216,-0.105786
0,0,0.12129,0.0948691,0.635627,-0.0592911,-0.213959,-0.10013
0,0,0.111139,0.0701061,0.632772,-0.0485135,-0.215859,-0.107602
0,0,0.0907955,0.0761417,0.640561,-0.0512159,-0.213661,-0.103877
0,0,0.0706086,0.118263,0.621704,-0.0589285,-0.218956,-0.102837
0,0,0.0604642,0.10308,0.661122,-0.0504836,-0.217346,-0.10235
0,0,0.0638066,0.0735709,0.664499,-0.0515284,-0.216006,-0.0993345
0,0,0.0806503,0.0799365,0.650097,-0.0586463,-0.221074,-0.104427
0,0,0.127363,0.0916642,0.623711,-0.0579611,-0.223081,-0.105325
0,0,0.111791,0.073082,0.634084,-0.0633715,-0.237274,-0.105034
0,0,0.094562,0.0568606,0.63257,-0.0596199,-0.232079,-0.102456
0,0,0.0839754,0.0873847,0.610326,-0.0540889,-0.223737,-0.102849
0,0,0.0865553,0.0881638,0.614635,-0.0547344,-0.227718,-0.101739
0,0,0.101875,0.070345,0.615859,-0.0576153,-0.228823,-0.105035
0,0,0.0813984,0.0824347,0.623876,-0.0619963,-0.222512,-0.105199
0,0,0.0878388,0.0800031,0.640043,-0.0618902,-0.217351,-0.103839
0,0,0.095955,0.0825325,0.619671,-0.0607716,-0.214043,-0.098799
0,0,0.0903148,0.0672986,0.621977,-0.0631207,-0.21481,-0.0944532
0,0,0.101422,0.0899071,0.631703,-0.0633234,-0.210671,-0.101394
0,0,0.107594,0.113023,0.632199,-0.0661195,-0.211282,-0.102005
0,0,0.112976,0.0939799,0.628294,-0.0632366,-0.214437,-0.101157
0,0,0.101468,0.0591883,0.638228,-0.0551084,-0.222684,-0.0982271
0,0,0.101161,0.055353,0.619262,-0.0558668,-0.227568,-0.106942
0,0,0.101568,0.0812062,0.613215,-0.0649169,-0.219413,-0.110174
0,0,0.108042,0.0904576,0.623774,-0.0620255,-0.225077,-0.104268
0,0,0.10519,0.0840563,0.617208,-0.0560821,-0.23069,-0.0983421
0,0,0.105561,0.0697783,0.619424,-0.0617876,-0.227729,-0.0944692
0,0,0.112731,0.078226,0.636896,-0.0584061,-0.224072,-0.0955875
0,0,0.110384,0.106503,0.636995,-0.056435,-0.223256,-0.100749
0,0,0.103493,0.10703,0.652287,-0.0646927,-0.22065,-0.10416
0,0,0.0944855,0.101334,0.642412,-0.0628782,-0.219541,-0.102587
0,0,0.085117,0.110141,0.641997,-0.0637324,-0.21628,-0.102068
0,0,0.0955502,0.108086,0.63812,-0.0665999,-0.216311,-0.100395
0,0,0.102447,0.102725,0.658595,-0.0651253,-0.212439,-0.103779
0,0,0.0964764,0.078822,0.657573,-0.0647792,-0.212838,-0.103954
0,0,0.100835,0.0752139,0.638663,-0.0697878,-0.2164,-0.100239
0,0,0.105057,0.0800673,0.630941,-0.0719257,-0.219005,-0.103158
0,0,0.10532,0.0887034,0.628284,-0.0743066,-0.220541,-0.106626
0,0,0.101705,0.066977,0.635243,-0.0687039,-0.218807,-0.102923
0,0,0.11235,0.0625577,0.641663,-0.0532746,-0.222484,-0.101392
0,0,0.103672,0.0694726,0.637948,-0.0542338,-0.223377,-0.105835
0,0,0.104764,0.0185772,0.640936,-0.052576,-0.224315,-0.108592
0,0,0.0991655,0.0285031,0.635892,-0.0535127,-0.222256,-0.103464
0,0,0.105866,0.0320912,0.644657,-0.0596534,-0.223756,-0.105041
0,0,0.0907675,0.0474846,0.649377,-0.0574185,-0.220385,-0.104772
0,0,0.0926884,0.0416536,0.652226,-0.0633102,-0.215451,-0.104405
0,0,0.101376,0.0536858,0.650084,-0.0623244,-0.212961,-0.107007
0,0,0.113504,0.0536033,0.636688,-0.0563416,-0.214295,-0.101692
0,0,0.109615,0.03322,0.654381,-0.059163,-0.217858,-0.0984903
0,0,0.100719,0.0415985,0.652771,-0.061638,-0.217864,-0.0961577
0,0,0.0819076,0.0682583,0.635284,-0.0648364,-0.215722,-0.10529
0,0,0.0880251,0.0654932,0.649364,-0.0564236,-0.218642,-0.100295
0,0,0.109758,0.0791812,0.641247,-0.0616455,-0.217555,-0.0990298
0,0,0.112499,0.0635008,0.635397,-0.0637198,-0.215694,-0.101774
0,0,0.0982763,0.0568979,0.642204,-0.0606306,-0.219762,-0.104836
0,0,0.0948514,0.0693173,0.633588,-0.0617226,-0.22381,-0.102533
0,0,0.094259,0.0689731,0.636129,-0.0591176,-0.221449,-0.100418
0,0,0.0981823,0.0463124,0.635148,-0.0625751,-0.216965,-0.0993746
0,0,0.103208,0.0592325,0.610911,-0.0648325,-0.219512,-0.100282
0,0,0.0907827,0.0765816,0.626577,-0.0635296,-0.224027,-0.0994871
0,0,0.0987111,0.0666766,0.650976,-0.06158,-0.22644,-0.0994894
0,0,0.0829015,0.0419026,0.650659,-0.0682035,-0.225312,-0.107304
0,0,0.0787452,0.0413848,0.652916,-0.0662021,-0.224831,-0.105136
0,0,0.0751529,0.0483225,0.635154,-0.0673042,-0.215638,-0.103497
0,0,0.0832155,0.0567888,0.645061,-0.0699251,-0.221802,-0.102637
0,0,0.0926624,0.0521829,0.630833,-0.0631217,-0.225819,-0.0970505
0,0,0.103523,0.050214,0.629179,-0.0605332,-0.218402,-0.102653
0,0,0.0960692,0.0651737,0.629312,-0.0645884,-0.218384,-0.102689
0,0,0.0899919,0.0731442,0.624062,-0.0638868,-0.221757,-0.104869
0,0,0.0785483,0.0519223,0.609982,-0.0613747,-0.222551,-0.105437
0,0,0.0889469,0.0474712,0.615922,-0.0665252,-0.223204,-0.108295
0,0,0.0905797,0.0495589,0.628115,-0.0634354,-0.222301,-0.108139
0,0,0.0914115,0.0651534,0.63969,-0.0627024,-0.219113,-0.110366
0,0,0.0861897,0.0510547,0.636323,-0.0599958,-0.217977,-0.108869
0,0,0.0809645,0.0382701,0.635329,-0.0581068,-0.21687,-0.105068
0,0,0.0894959,0.0347427,0.635998,-0.0625233,-0.221424,-0.10695
0,0,0.107037,0.0492606,0.62804,-0.0604855,-0.225738,-0.108514
0,0,0.0955315,0.0433207,0.626722,-0.0530269,-0.224052,-0.102556
0,0,0.0943687,0.0411063,0.627778,-0.0566189,-0.222549,-0.0967318
0,0,0.095332,0.0500825,0.627061,-0.0619366,-0.221499,-0.0930861
0,0,0.103007,0.0574753,0.649876,-0.0586439,-0.216652,-0.097348
0,0,0.0731986,0.0668456,0.636714,-0.0602835,-0.216547,-0.1034
0,0,0.0838648,0.0574694,0.640595,-0.0579454,-0.216873,-0.103869
0,0,0.0889927,0.0416162,0.646805,-0.0548904,-0.215334,-0.104637
0,0,0.106729,0.0434635,0.629435,-0.054213,-0.215857,-0.106294
0,0,0.118623,0.0651914,0.630118,-0.0507076,-0.219518,-0.100372
0,0,0.108784,0.0486763,0.633181,-0.0537302,-0.222345,-0.10411
0,0,0.116475,0.0502995,0.63717,-0.0601915,-0.223103,-0.109046
0,0,0.118096,0.0592088,0.644468,-0.0553471,-0.226909,-0.106443
0,0,0.105117,0.0645596,0.614976,-0.0598461,-0.231096,-0.111129
0,0,0.0836015,0.0719911,0.61971,-0.0558464,-0.230159,-0.108283
0,0,0.0841664,0.0687459,0.629358,-0.0556363,-0.230765,-0.100149
0,0,0.0905695,0.069446,0.621886,-0.0598379,-0.226503,-0.100021
0,0,0.102006,0.0598621,0.624246,-0.0630453,-0.224576,-0.102296
0,0,0.100646,0.0761828,0.621855,-0.0683508,-0.22979,-0.0981897
0,0,0.104934,0.0781446,0.638223,-0.0644554,-0.223227,-0.099107
0,0,0.0781484,0.0687568,0.641101,-0.0693733,-0.223792,-0.101489
0,0,0.0915616,0.0587845,0.617176,-0.0669155,-0.226982,-0.104295
0,0,0.100037,0.0467537,0.613156,-0.0649126,-0.226016,-0.101037
0,0,0.0878109,0.0596973,0.62299,-0.0630957,-0.221996,-0.102382
0,0,0.121345,0.0707829,0.620623,-0.0625533,-0.217283,-0.107178
0,0,0.0997441,0.0410166,0.627421,-0.0675858,-0.221235,-0.103966
0,0,0.0976222,0.0460703,0.634952,-0.065117,-0.217273,-0.105588
0,0,0.106518,0.0556534,0.63428,-0.063434,-0.219954,-0.103821
0,0,0.104966,0.069871,0.639264,-0.0560716,-0.221843,-0.104751
0,0,0.111782,0.061395,0.633364,-0.0538036,-0.224078,-0.110553
0,0,0.118345,0.0715462,0.627028,-0.0567148,-0.225703,-0.10831
0,0,0.107925,0.0749696,0.641095,-0.0580696,-0.220104,-0.104784
0,0,0.0900763,0.0431606,0.65639,-0.0539726,-0.223557,-0.10429
0,0,0.0440595,0.00435751,0.722382,-0.0375703,-0.241317,-0.098859
0,0,-0.0498316,0.0682654,0.638217,-0.0700601,-0.221549,-0.0974839
0,0,-0.0779679,0.134323,0.625004,-0.0758253,-0.208991,-0.103768
0,0,-0.00990813,0.067018,0.6672,-0.0644638,-0.206392,-0.105599
0,0,0.0830404,-0.023693,0.715408,-0.0390684,-0.214793,-0.101072
0,0,0.0241848,0.154763,0.623568,-0.0600143,-0.207985,-0.10304
0,0,-0.0132815,0.126863,0.65388,-0.0593059,-0.209337,-0.104712
0,0,0.0144252,0.00940084,0.721104,-0.0422329,-0.218378,-0.104269
0,0,0.0372519,0.061397,0.633123,-0.0664942,-0.211576,-0.101537
0,0,0.0612123,0.0888773,0.623886,-0.0575337,-0.211769,-0.0960887
0,0,0.0915722,0.0891049,0.616903,-0.0584098,-0.212531,-0.102958
0,0,-0.00106004,-0.0139357,0.659288,-0.0490954,-0.226696,-0.104267
0,0,0.010022,0.0787989,0.592626,-0.0647978,-0.210045,-0.100628
0,0,0.0297534,0.141474,0.617386,-0.0605787,-0.215391,-0.10062
0,0,0.0176755,0.104529,0.638542,-0.0524171,-0.211287,-0.104614
0,0,0.103321,0.105367,0.631802,-0.0476575,-0.204335,-0.10492
0,0,0.0426264,0.090002,0.647626,-0.0533488,-0.216665,-0.104946
0,0,0.0262637,0.0890422,0.633428,-0.0548162,-0.223813,-0.11115
0,0,0.0458534,0.0712984,0.639182,-0.059154,-0.226225,-0.110807
0,0,0.00916707,0.060406,0.64429,-0.0544292,-0.231842,-0.109239
0,0,0.0523716,0.0507344,0.625714,-0.0524021,-0.231788,-0.108967
0,0,0.0380497,0.020036,0.648525,-0.0470331,-0.228438,-0.10795
0,0,0.0318381,0.0590196,0.636906,-0.0436145,-0.225491,-0.11073
0,0,-0.0353247,0.0570691,0.630978,-0.0593863,-0.230524,-0.10734
0,0,-0.0144146,0.0120935,0.619484,-0.0498491,-0.229338,-0.114037
0,0,0.0640569,0.0287957,0.616042,-0.0496185,-0.23026,-0.109758
0,0,0.0184968,0.050891,0.608258,-0.059628,-0.231605,-0.109259
0,0,0.0400038,0.0213578,0.602075,-0.0478269,-0.223651,-0.104518
0,0,0.0310168,-0.022169,0.611959,-0.0519023,-0.227471,-0.103609
0,0,0.0151839,-0.0108764,0.616167,-0.0542725,-0.231205,-0.102492
0,0,0.0315971,0.0392524,0.617598,-0.063508,-0.235418,-0.103938
0,0,0.0123549,0.0182329,0.620913,-0.0609997,-0.24344,-0.106123
0,0,0.0686643,0.027707,0.522955,-0.0775217,-0.226317,-0.104462
0,0,0.014893,-0.00422189,0.563273,-0.061373,-0.259647,-0.105207
0,0,0.0398776,-0.0377256,0.544268,-0.0603827,-0.249894,-0.103411
0,0,0.0302195,-0.0620155,0.572443,-0.0615775,-0.24712,-0.101666
0,0,-0.0261658,-0.0625688,0.62873,-0.0570194,-0.248221,-0.109596
0,0,0.0400352,-0.0807121,0.591413,-0.049722,-0.236768,-0.109096
0,0,0.0123212,-0.231032,0.638605,-0.0409156,-0.230825,-0.112276
0,0,0.0386765,-0.156965,0.640003,-0.0349873,-0.231947,-0.109365
0,0,0.0109274,-0.032085,0.592435,-0.0478997,-0.248394,-0.107753
0,0,0.0559928,-0.0322004,0.598083,-0.0401737,-0.261707,-0.107314
0,0,0.0377825,-0.0552054,0.606931,-0.040437,-0.264297,-0.109396
0,0,0.00920463,-0.0324737,0.568182,-0.0605222,-0.236061,-0.110453
0,0,0.118369,-0.0584071,0.572998,-0.0409891,-0.226084,-0.111785
0,0,0.0388049,-0.0575647,0.555688,-0.0479797,-0.227376,-0.111706
0,0,0.011924,-0.0271739,0.620823,-0.0489543,-0.243063,-0.110191
0,0,0.0359989,-0.047681,0.58514,-0.049187,-0.242184,-0.106579
0,0,0.00220335,-0.0556709,0.557599,-0.0422478,-0.250097,-0.10126
0,0,0.0197057,-0.0620087,0.571848,-0.049197,-0.24374,-0.106088
0,0,0.0605028,-0.108225,0.627186,-0.0290159,-0.244873,-0.103421
0,0,-0.00799097,-0.0814236,0.624534,-0.0347452,-0.237797,-0.111274
0,0,0.0237894,-0.0445873,0.64723,-0.0254795,-0.249301,-0.109137
0,0,0.0466318,-0.00922659,0.623705,-0.00977818,-0.261498,-0.112446
0,0,0.0147174,0.0232629,0.585921,-0.036709,-0.249131,-0.1166
0,0,0.0693146,0.0213455,0.585806,-0.0440976,-0.221672,-0.124265
0,0,0.0225679,-0.000995191,0.551363,-0.0479157,-0.21241,-0.122707
0,0,0.0524627,-0.0140093,0.568068,-0.0540623,-0.248813,-0.116143
0,0,0.0620484,-0.0356121,0.570817,-0.0464699,-0.258929,-0.11547
0,0,0.0451136,-0.0709689,0.591879,-0.0452807,-0.251735,-0.111317
0,0,0.070753,-0.108983,0.638615,-0.0212764,-0.246437,-0.112388
0,0,0.0632198,-0.0743922,0.643022,-0.0257487,-0.246077,-0.108679
0,0,-0.000493274,-0.0399392,0.591062,-0.0329827,-0.270421,-0.111746
0,0,0.0526022,-0.0864329,0.647482,-0.0239485,-0.270463,-0.114017
0,0,0.00432367,-0.0631474,0.54896,-0.0439148,-0.242248,-0.109562
0,0,-0.00466912,0.00670576,0.519826,-0.0647372,-0.230515,-0.109688
0,0,0.0714158,-0.0215973,0.547708,-0.0495843,-0.255101,-0.11587
0,0,0.0154087,-0.0765362,0.564521,-0.0634805,-0.255511,-0.11638
0,0,-0.0043924,-0.0977507,0.608765,-0.0441662,-0.249384,-0.120652
0,0,0.0683168,-0.0638654,0.654896,-0.0122697,-0.263129,-0.115949
0,0,0.0368595,-0.0195375,0.582383,-0.0277898,-0.263907,-0.116495
0,0,0.0496327,-0.0200154,0.598201,-0.0325392,-0.26291,-0.116282
0,0,0.0952565,-0.0554461,0.554132,-0.02547,-0.231271,-0.118306
0,0,0.0759951,-0.0165504,0.574642,-0.0354245,-0.240306,-0.114436
0,0,0.0328199,-0.00180731,0.54569,-0.0544725,-0.25787,-0.11151
0,0,0.0694747,-0.114189,0.639406,-0.0351398,-0.267306,-0.114551
0,0,0.0318309,-0.0542089,0.617029,-0.0531046,-0.258223,-0.11539
0,0,-0.00478134,-0.0346704,0.603089,-0.0449251,-0.27434,-0.122933
0,0,0.0551056,-0.0633925,0.608615,-0.0341406,-0.270134,-0.13182
0,0,0.101272,-0.148608,0.537187,-0.037361,-0.247677,-0.135046
0,0,0.0685096,-0.0819754,0.515943,-0.0447157,-0.223103,-0.133829
0,0,0.0570595,-0.0907356,0.549691,-0.0233036,-0.256582,-0.134639
0,0,0.0893514,-0.117338,0.592376,-0.0230608,-0.274377,-0.135545
0,0,0.0732997,-0.105927,0.625099,-0.0341819,-0.253267,-0.13513
0,0,0.0185334,-0.0438135,0.597693,-0.0306313,-0.250866,-0.138009
0,0,0.0250319,-0.033095,0.643409,-0.0308907,-0.269201,-0.141048
0,0,0.0558616,-0.0198207,0.506922,-0.0675491,-0.250268,-0.13878
0,0,0.0821092,0.0543981,0.510175,-0.042788,-0.234584,-0.131222
0,0,0.0776224,0.0190593,0.51606,-0.0439788,-0.247159,-0.126723
0,0,0.05748,-0.0714156,0.570415,-0.0333574,-0.273458,-0.124792
0,0,0.0983967,-0.0968592,0.606691,-0.0131537,-0.251527,-0.115053
0,0,0.110691,-0.100785,0.582133,-0.0194627,-0.256338,-0.11541
0,0,0.0612383,-0.099719,0.534837,-0.0337384,-0.272811,-0.118526
0,0,0.0794657,-0.0788779,0.501334,-0.0439564,-0.247218,-0.115653
0,0,0.162242,-0.017688,0.445483,-0.0386402,-0.226294,-0.122579
0,0,0.152088,-0.0601323,0.496083,-0.0427001,-0.237679,-0.13136
0,0,0.128171,-0.109587,0.556662,-0.00117191,-0.277121,-0.141009
0,0,0.0513337,-0.101174,0.537741,-0.0224165,-0.268001,-0.14297
0,0,0.0117128,-0.0253918,0.530439,-0.0324792,-0.25336,-0.137783
0,0,0.0297375,-0.0331507,0.451252,-0.0386736,-0.257245,-0.139281
0,0,0.0999285,-0.0364627,0.407164,-0.0611171,-0.248146,-0.136812
0,0,0.119346,0.0131811,0.433353,-0.0555622,-0.237983,-0.131303
0,0,0.0920018,-0.0770968,0.456948,-0.0499247,-0.254466,-0.12109
0,0,0.104531,-0.0844773,0.476803,-0.0541559,-0.274861,-0.117733
0,0,0.0827687,-0.0724909,0.49893,-0.0314708,-0.27046,-0.120739
0,0,0.0895708,-0.0763122,0.47671,-0.0332883,-0.248551,-0.119653
0,0,0.10454,-0.094675,0.399646,-0.0252891,-0.253214,-0.119627
0,0,0.0976381,-0.0209114,0.414929,-0.0354113,-0.261532,-0.121504
0,0,0.115329,-0.0151169,0.404898,-0.048289,-0.236184,-0.127002
0,0,0.080197,-0.0968368,0.443883,-0.0298622,-0.247334,-0.131301
0,0,0.0521613,-0.1011,0.495096,-0.0434427,-0.28206,-0.135546
0,0,0.0762216,-0.0395634,0.446823,-0.0461813,-0.275537,-0.141888
0,0,0.138451,-0.047115,0.463462,-0.0235445,-0.226099,-0.144136
0,0,0.13866,-0.0506128,0.355702,-0.0448703,-0.222406,-0.135306
0,0,0.14474,-0.00893277,0.350132,-0.0343695,-0.259226,-0.12331
0,0,0.140923,-0.0401849,0.412925,-0.0134165,-0.255022,-0.118
0,0,0.112434,-0.117607,0.399581,-0.0296104,-0.243291,-0.107523
0,0,0.110649,-0.0743085,0.46391,-0.0243168,-0.285011,-0.111831
0,0,0.116601,-0.087417,0.430645,-0.0339665,-0.273164,-0.122819
0,0,0.123023,-0.114838,0.38787,-0.0482867,-0.253398,-0.129221
0,0,0.129402,-0.0539761,0.326618,-0.0548497,-0.232198,-0.135428
0,0,0.134467,-0.0258814,0.300955,-0.0369432,-0.244017,-0.142521
0,0,0.100451,-0.0944003,0.346976,-0.0436201,-0.273077,-0.128478
0,0,0.100642,-0.0953313,0.385534,-0.0263658,-0.258638,-0.132907
0,0,0.0883506,-0.0783747,0.448921,-0.000333712,-0.263286,-0.130757
0,0,0.100024,-0.0426742,0.345267,-0.0310411,-0.257105,-0.124387
0,0,0.106753,-0.0483687,0.350434,-0.0443962,-0.275623,-0.115036
0,0,0.124985,-0.0502363,0.273951,-0.0452419,-0.264978,-0.108913
0,0,0.130144,-0.0148551,0.268566,-0.0591771,-0.249393,-0.114794
0,0,0.104507,-0.0212094,0.267161,-0.0626498,-0.26501,-0.123832
0,0,0.112297,-0.0982767,0.321744,-0.0374127,-0.285433,-0.136286
0,0,0.123348,-0.0957929,0.37321,-0.0207465,-0.291098,-0.143386
0,0,0.143914,-0.0659743,0.352391,-0.0286788,-0.277127,-0.143856
0,0,0.170004,-0.0622899,0.277089,-0.0301992,-0.248389,-0.145192
0,0,0.206058,-0.124719,0.2925,-0.0287029,-0.255723,-0.137402
0,0,0.166072,-0.0944067,0.235663,-0.0450346,-0.270334,-0.133925
0,0,0.171865,-0.0300237,0.236513,-0.0525029,-0.26217,-0.120793
0,0,0.164358,-0.0698846,0.250984,-0.0461552,-0.266319,-0.120087
0,0,0.16002,-0.0719425,0.261991,-0.048171,-0.24837,-0.11798
0,0,0.15932,-0.0875485,0.273019,-0.0404198,-0.254399,-0.117074
0,0,0.138792,-0.0856038,0.369946,-0.026426,-0.281515,-0.123812
0,0,0.123383,-0.0390292,0.262569,-0.048113,-0.276705,-0.125364
0,0,0.109269,-0.0671929,0.280598,-0.0403615,-0.267318,-0.134085
0,0,0.11386,-0.0980547,0.301452,-0.0353732,-0.252768,-0.136152
0,0,0.111233,-0.0444861,0.255446,-0.0340277,-0.243456,-0.133319
0,0,0.125967,-0.0236385,0.221187,-0.0363272,-0.237651,-0.137203
0,0,0.106815,-0.047852,0.202926,-0.0389958,-0.244041,-0.136769
0,0,0.106984,-0.100678,0.204045,-0.0357992,-0.2651,-0.132014
0,0,0.131132,-0.0799356,0.237682,-0.0399427,-0.268641,-0.136176
0,0,0.099394,-0.103961,0.246836,-0.0302638,-0.279556,-0.138758
0,0,0.0914025,-0.129544,0.285198,-0.0228355,-0.275566,-0.127721
0,0,0.0824165,-0.104452,0.287343,-0.0314245,-0.260993,-0.127682
0,0,0.111592,-0.0885238,0.268111,-0.0378537,-0.257654,-0.129513
0,0,0.0933786,-0.0874365,0.216312,-0.0425113,-0.267025,-0.131025
0,0,0.0715764,-0.107983,0.250892,-0.0387721,-0.282014,-0.130854
0,0,0.0764867,-0.0837974,0.246848,-0.0345185,-0.285669,-0.131914
0,0,0.0794696,-0.101866,0.231446,-0.0292745,-0.276453,-0.136895
0,0,0.0969924,-0.0784928,0.169636,-0.0367562,-0.259954,-0.133081
0,0,0.156119,-0.0573274,0.176005,-0.0368368,-0.250367,-0.141199
0,0,0.149272,-0.0780719,0.190981,-0.0416275,-0.245004,-0.141161
0,0,0.075889,-0.101369,0.215476,-0.0429847,-0.253391,-0.144268
0,0,0.0744078,-0.0806816,0.189398,-0.0467886,-0.259406,-0.145604
0,0,0.0703335,-0.141994,0.237445,-0.037917,-0.260094,-0.142099
0,0,0.0833765,-0.0683477,0.253493,-0.0355867,-0.273679,-0.140558
0,0,0.103185,-0.101464,0.21931,-0.0327316,-0.261555,-0.14231
0,0,0.0900056,-0.0877845,0.235998,-0.011608,-0.280413,-0.132698
0,0,0.0780513,0.00371439,0.170409,-0.0350412,-0.269776,-0.131638
0,0,0.0489294,-0.00858463,0.202912,-0.0427238,-0.264708,-0.128662
0,0,0.0675058,0.0319467,0.233637,-0.0295732,-0.267143,-0.134362
0,0,0.0999669,-0.0125065,0.22493,-0.0351772,-0.263007,-0.137978
0,0,0.0664223,-0.0524059,0.266293,-0.0263228,-0.264619,-0.135304
0,0,0.104407,-0.119654,0.256057,-0.0250643,-0.259262,-0.135206
0,0,0.0578874,0.0191426,0.207719,-0.0333411,-0.254152,-0.126794
0,0,0.0480233,0.0768982,0.244359,-0.0340892,-0.267516,-0.129023
0,0,0.0282804,-0.0166878,0.260726,-0.0303306,-0.260732,-0.12567
0,0,0.0517157,-0.0474098,0.258941,-0.0284638,-0.256471,-0.125103
0,0,0.0419203,-0.111739,0.244218,-0.0346029,-0.263353,-0.133745
0,0,0.045994,-0.0602217,0.235526,-0.0240849,-0.259221,-0.135562
0,0,0.0624358,-0.0187308,0.238593,-0.0414163,-0.269192,-0.137832
0,0,0.00793028,-0.0323995,0.240445,-0.0383618,-0.26816,-0.1344
0,0,0.0794497,-0.0502779,0.24051,-0.033376,-0.252635,-0.134726
0,0,0.0305324,-0.0396391,0.232781,-0.0422324,-0.247476,-0.130977
0,0,0.0883837,0.00644964,0.242895,-0.0395898,-0.256007,-0.13381
0,0,0.0611811,-0.010052,0.234593,-0.0470302,-0.258209,-0.12395
0,0,0.0884769,-0.00965342,0.220517,-0.0399132,-0.252294,-0.125097
0,0,0.018738,-0.0147713,0.227384,-0.0492095,-0.256674,-0.128136
0,0,0.0537607,-0.0126825,0.233157,-0.033132,-0.257088,-0.122462
0,0,0.0363802,-0.0192869,0.229376,-0.0367393,-0.260863,-0.130464
0,0,0.0518295,0.00180964,0.217662,-0.0363604,-0.254688,-0.130024
0,0,0.0533676,0.0131869,0.238477,-0.0297083,-0.252918,-0.130063
0,0,0.038798,0.00781485,0.274888,-0.0315173,-0.259942,-0.127304
0,0,0.0300193,0.0398434,0.252038,-0.046153,-0.246349,-0.124095
0,0,0.0548848,0.0462497,0.316616,-0.0325863,-0.254968,-0.11945
0,0,0.042783,0.113053,0.273494,-0.0500161,-0.23936,-0.113665
0,0,0.0366958,0.0753196,0.306098,-0.039042,-0.241466,-0.113281
0,0,0.0733158,0.0686327,0.243701,-0.0477043,-0.231507,-0.118911
0,0,0.0502989,0.0805661,0.229105,-0.0491676,-0.232032,-0.11604
0,0,0.0264391,0.0370474,0.316796,-0.0281856,-0.2493,-0.119374
0,0,0.0174473,0.0695767,0.294871,-0.036578,-0.258369,-0.127779
0,0,0.0159309,0.116114,0.255018,-0.0398118,-0.260934,-0.127831
0,0,0.0731269,0.110396,0.228685,-0.0455845,-0.244976,-0.122011
0,0,0.0644122,0.0142236,0.317771,-0.0418397,-0.24447,-0.111097
0,0,0.0626898,0.0528852,0.288038,-0.0529969,-0.226014,-0.103031
0,0,0.0810806,0.0304645,0.259464,-0.066151,-0.218069,-0.0991788
0,0,0.0644657,0.0497862,0.292246,-0.062412,-0.222998,-0.105702
0,0,0.0479638,0.0796789,0.285554,-0.0705083,-0.249426,-0.104327
0,0,0.0619329,0.0689312,0.286971,-0.0656191,-0.244718,-0.106351
0,0,0.0589176,0.0272435,0.348725,-0.0530585,-0.250238,-0.110734
0,0,0.0618761,0.0538433,0.275576,-0.0610217,-0.22372,-0.120224
0,0,0.0568254,0.0988515,0.305345,-0.0519884,-0.22002,-0.123892
0,0,0.113864,0.118532,0.276278,-0.0396463,-0.21726,-0.119277
0,0,0.131171,0.0782012,0.306477,-0.048391,-0.235246,-0.116974
0,0,0.119273,0.100543,0.274364,-0.0631185,-0.230492,-0.109093
0,0,0.0948132,0.122737,0.305,-0.0604093,-0.22452,-0.108399
0,0,0.0537687,0.0316085,0.357244,-0.0513745,-0.22137,-0.107127
0,0,0.0880211,0.0794107,0.313958,-0.0736769,-0.227452,-0.101243
0,0,0.0889095,0.0847891,0.315652,-0.0745497,-0.244235,-0.100686
0,0,0.116852,0.115441,0.317132,-0.0682443,-0.240047,-0.107008
0,0,0.0707677,0.109869,0.318969,-0.0664544,-0.22195,-0.114025
0,0,0.0775365,0.0888905,0.292734,-0.0639994,-0.214787,-0.114407
0,0,0.087193,0.0717012,0.329244,-0.0514949,-0.239126,-0.118175
0,0,0.097748,0.136115,0.36086,-0.041804,-0.226222,-0.119731
0,0,0.102074,0.159497,0.314833,-0.0532103,-0.206016,-0.111097
0,0,0.0760639,0.120136,0.348812,-0.0520484,-0.207914,-0.109267
0,0,0.093312,0.0793527,0.389862,-0.0534646,-0.242433,-0.107983
0,0,0.0660268,0.076862,0.362914,-0.0811998,-0.225418,-0.105069
0,0,0.114778,0.12014,0.348382,-0.0729121,-0.195967,-0.104501
0,0,0.12494,0.160882,0.361526,-0.0672445,-0.212403,-0.102019
0,0,0.0994019,0.132929,0.394299,-0.0662015,-0.23661,-0.108169
0,0,0.100114,0.0754075,0.395014,-0.0461117,-0.227926,-0.118779
0,0,0.108133,0.0683213,0.456241,-0.0446331,-0.217624,-0.119937
0,0,0.0903407,0.146482,0.412484,-0.0616171,-0.219373,-0.11904
0,0,0.126752,0.0955786,0.425769,-0.0611417,-0.234949,-0.120871
0,0,0.118203,0.0643411,0.392946,-0.0943066,-0.203511,-0.119263
0,0,0.110536,0.165287,0.363398,-0.0877585,-0.188229,-0.0995842
0,0,0.144741,0.144399,0.42624,-0.0608725,-0.2126,-0.0967659
0,0,0.13424,0.131386,0.460042,-0.0549222,-0.210557,-0.0935877
0,0,0.137457,0.118431,0.497028,-0.0378212,-0.21122,-0.0944597
0,0,0.0855552,0.083331,0.465514,-0.0573825,-0.224292,-0.101699
0,0,0.100952,0.158933,0.471269,-0.0706827,-0.232819,-0.106646
0,0,0.123403,0.229126,0.454484,-0.0716104,-0.20889,-0.110835
0,0,0.0900101,0.110435,0.551979,-0.0739971,-0.216985,-0.123969
0,0,0.125568,0.0901598,0.51674,-0.0627553,-0.220017,-0.116702
0,0,0.123532,0.10696,0.514667,-0.0549959,-0.216901,-0.109956
0,0,0.162195,0.115205,0.491961,-0.0479792,-0.214075,-0.111419
0,0,0.149605,0.0381919,0.474196,-0.057317,-0.220468,-0.10645
0,0,0.101563,0.0954571,0.478183,-0.076466,-0.224808,-0.105563
0,0,0.144649,0.122032,0.537066,-0.0625605,-0.209354,-0.0988182
0,0,0.15168,0.151806,0.539422,-0.0868749,-0.228428,-0.10542
0,0,0.137615,0.123559,0.606861,-0.0605343,-0.239486,-0.110519
0,0,0.137562,0.128082,0.51931,-0.0635007,-0.19397,-0.116706
0,0,0.143041,0.24252,0.562292,-0.0684874,-0.21446,-0.117249
0,0,0.154184,0.160148,0.575577,-0.0571581,-0.212923,-0.116466
0,0,0.136902,0.131188,0.547592,-0.0721019,-0.206272,-0.117015
0,0,0.100547,0.141417,0.598188,-0.0764642,-0.239906,-0.111224
0,0,0.121397,0.163915,0.625593,-0.0729047,-0.241185,-0.107614
0,0,0.149326,0.161376,0.575197,-0.0939098,-0.207109,-0.102122
0,0,0.164612,0.109953,0.586232,-0.0712214,-0.209439,-0.0952771
0,0,0.201667,0.138703,0.535421,-0.0732892,-0.212397,-0.098478
0,0,0.195243,0.161568,0.538144,-0.0514836,-0.210525,-0.0897316
0,0,0.133643,0.162982,0.590262,-0.0536584,-0.236435,-0.0947993
0,0,0.116201,0.11011,0.626814,-0.0736395,-0.248926,-0.0989286
0,0,0.136878,0.137066,0.557152,-0.077317,-0.207878,-0.109007
0,0,0.118328,0.212838,0.552285,-0.0976795,-0.210393,-0.106545
0,0,0.196348,0.211538,0.606999,-0.0610376,-0.222264,-0.114431
0,0,0.177536,0.113638,0.601897,-0.0489001,-0.202629,-0.111927
0,0,0.155477,0.159912,0.653566,-0.0443182,-0.214457,-0.116406
0,0,0.182625,0.145262,0.657834,-0.041616,-0.218985,-0.121335
0,0,0.168534,0.10893,0.678554,-0.061855,-0.201358,-0.113555
0,0,0.176441,0.096993,0.632582,-0.0704371,-0.18605,-0.107694
0,0,0.158936,0.111956,0.636574,-0.0989233,-0.210225,-0.10016
0,0,0.16584,0.0996754,0.67261,-0.0715856,-0.213515,-0.0997534
0,0,0.155677,0.142221,0.645522,-0.0769071,-0.20266,-0.104216
0,0,0.135211,0.10564,0.694491,-0.0753563,-0.219216,-0.102161
0,0,0.160333,0.0982231,0.634631,-0.0515332,-0.208351,-0.102306
0,0,0.160905,0.169427,0.607611,-0.0828448,-0.199673,-0.0984601
0,0,0.21505,0.185872,0.680902,-0.0642644,-0.22045,-0.0898426
0,0,0.197181,0.131767,0.687247,-0.0651508,-0.234843,-0.0932983
0,0,0.116109,0.107097,0.695783,-0.102043,-0.207298,-0.0947917
0,0,0.117808,0.170464,0.702853,-0.0727314,-0.216162,-0.100331
0,0,0.105232,0.18062,0.662688,-0.0755491,-0.221405,-0.109522
0,0,0.14591,0.075429,0.663359,-0.0539483,-0.216427,-0.107567
0,0,0.163888,0.0386133,0.658526,-0.0425845,-0.189162,-0.108349
0,0,0.110397,0.115715,0.674485,-0.0686245,-0.200454,-0.108125
0,0,0.078849,0.175646,0.676234,-0.0670522,-0.224701,-0.0965234
0,0,0.090759,0.166262,0.682122,-0.0694006,-0.209157,-0.0964165
0,0,0.127084,0.114107,0.656389,-0.0812386,-0.2099,-0.104688
0,0,0.136148,0.11531,0.636783,-0.0936897,-0.224223,-0.105976
0,0,0.182822,0.163533,0.600104,-0.0784249,-0.220552,-0.107253
0,0,0.105431,0.16904,0.645086,-0.0738997,-0.203612,-0.10244
0,0,0.0813477,0.190073,0.637123,-0.0757725,-0.191883,-0.0988671
0,0,0.113577,0.106001,0.671089,-0.0552248,-0.213791,-0.103466
0,0,0.131881,0.111767,0.716165,-0.0475705,-0.209589,-0.102825
0,0,0.122237,0.0996736,0.676471,-0.0610999,-0.200671,-0.106486
0,0,0.0903401,0.168878,0.649529,-0.0731426,-0.194596,-0.103573
0,0,0.0557634,0.124298,0.692674,-0.0662099,-0.216754,-0.107044
0,0,0.0940641,0.0654019,0.702762,-0.0815642,-0.2261,-0.100202
0,0,0.120692,0.0953431,0.641833,-0.090407,-0.211192,-0.0956277
0,0,0.136985,0.149202,0.693528,-0.068794,-0.199265,-0.0973009
0,0,0.0885416,0.149371,0.71376,-0.067573,-0.216845,-0.0999081
0,0,0.0576214,0.128214,0.642562,-0.0832984,-0.216725,-0.105596
0,0,0.0619094,0.133584,0.673022,-0.0567913,-0.23127,-0.101177
0,0,0.101811,0.0859685,0.665505,-0.0653022,-0.203391,-0.0965599
0,0,0.0783422,0.100968,0.688464,-0.066304,-0.201439,-0.092817
0,0,0.0880436,0.0859336,0.643649,-0.062957,-0.226953,-0.0904281
0,0,0.110139,0.121379,0.623849,-0.0696175,-0.225847,-0.08539
0,0,0.0675784,0.0650329,0.665166,-0.0579685,-0.230404,-0.087916
0,0,0.0406288,0.118829,0.58587,-0.0715871,-0.207983,-0.0994582
0,0,0.10932,0.107892,0.657527,-0.0763101,-0.212825,-0.0986041
0,0,0.106579,0.0665968,0.647456,-0.0743569,-0.220584,-0.0964297
0,0,0.0728997,0.118706,0.607992,-0.0782961,-0.222152,-0.0860534
0,0,0.0568269,0.135363,0.65034,-0.0695696,-0.228817,-0.088488
0,0,0.0920263,0.0955782,0.689737,-0.056936,-0.239058,-0.0893222

