0,0,0.160757,0.0509199,0.54618,-0.00820727,-0.240643,-0.0696102
0,0,0.149299,0.021201,0.562287,0.00125386,-0.241594,-0.0711114
0,0,0.108817,0.0286376,0.518025,0.00722166,-0.248168,-0.0889744
0,0,0.124981,-0.0241217,0.537772,-0.0121935,-0.26141,-0.093776
0,0,0.145179,-0.0080087,0.493441,-0.0122745,-0.227158,-0.093389
0,0,0.124699,-0.000740371,0.522889,-0.0130041,-0.240468,-0.0916799
0,0,0.125503,-0.00945882,0.533642,-0.0106228,-0.250167,-0.0939903
0,0,0.173477,-0.00627175,0.528936,0.00492578,-0.241553,-0.0891434
0,0,0.187159,-0.0249024,0.525977,-0.00455225,-0.24543,-0.089461
0,0,0.183565,-0.00271509,0.531088,-0.00678091,-0.246584,-0.0956287
0,0,0.170757,0.0566394,0.540787,-0.00308161,-0.24901,-0.0977295
0,0,0.164664,0.0676229,0.55096,-0.00802234,-0.25219,-0.0971796
0,0,0.178648,0.0506581,0.541787,-0.0057379,-0.246004,-0.0982458
0,0,0.19768,-0.00261209,0.555073,0.00289692,-0.238629,-0.0940593
0,0,0.167111,0.0222473,0.566468,-0.00464538,-0.243253,-0.0952136
0,0,0.156654,0.0620418,0.556786,-0.00677737,-0.240607,-0.0976449
0,0,0.145055,0.0380885,0.553145,-0.00919177,-0.24612,-0.095253
0,0,0.180724,-0.0226855,0.550226,-0.00165164,-0.244495,-0.0883572
0,0,0.180336,0.00112221,0.541002,-0.00434305,-0.243917,-0.0909142
0,0,0.156605,0.0463651,0.557242,-0.0160866,-0.239393,-0.0944574
0,0,0.17393,0.0143432,0.549916,-0.0167719,-0.235306,-0.0965524
0,0,0.190331,0.00814996,0.542976,-0.0174716,-0.235341,-0.101945
0,0,0.1816,0.00157313,0.541055,-0.0150474,-0.241944,-0.0983952
0,0,0.158734,0.0259827,0.538143,-0.0147683,-0.249258,-0.101123
0,0,0.147618,0.0599263,0.560577,-0.0170352,-0.254089,-0.108559
0,0,0.176254,0.0132456,0.571557,-0.0170837,-0.250919,-0.0994597
0,0,0.173015,0.00372004,0.560311,-0.0186451,-0.240282,-0.0998188
0,0,0.150309,0.0332064,0.534931,-0.0189036,-0.242873,-0.0959596
0,0,0.143467,0.0346567,0.536167,-0.0140044,-0.247332,-0.101088
0,0,0.161491,0.0223878,0.53409,-0.0109422,-0.243061,-0.0973328
0,0,0.164868,0.00892771,0.534233,-0.0139508,-0.239622,-0.0961069
0,0,0.158717,0.0165288,0.5546,-0.0122992,-0.244378,-0.0962609
0,0,0.165132,0.034446,0.554931,-0.0123756,-0.251631,-0.0930204
0,0,0.18172,0.0207926,0.549495,-0.0107381,-0.240597,-0.0901355
0,0,0.17525,-0.015836,0.539409,-0.00499607,-0.237801,-0.0949163
0,0,0.167517,-0.016567,0.545178,-0.00936741,-0.2468,-0.100665
0,0,0.169714,0.0065391,0.534423,-0.00759374,-0.244121,-0.0992001
0,0,0.185367,0.0260807,0.539198,-0.00844321,-0.25352,-0.0985089
0,0,0.177159,0.0261634,0.54039,-0.00698925,-0.250801,-0.0991029
0,0,0.163693,0.0176023,0.536546,-0.00661042,-0.243658,-0.0980929
0,0,0.153597,0.0375749,0.547686,-0.00845524,-0.240104,-0.100102
0,0,0.15037,0.0553456,0.538416,-0.0144584,-0.239461,-0.0941069
0,0,0.161024,0.0200921,0.518287,-0.0130859,-0.2345,-0.0947346
0,0,0.170135,0.0118419,0.537656,-0.0109342,-0.242349,-0.089842
0,0,0.169807,0.0122757,0.54725,-0.0113393,-0.246098,-0.0935583
0,0,0.137929,0.0211372,0.543888,-0.0158799,-0.237789,-0.0915036
0,0,0.150763,0.0167778,0.548859,-0.0164533,-0.235594,-0.0892388
0,0,0.171856,-0.00399861,0.536883,-0.00942251,-0.235985,-0.0851873
0,0,0.169652,0.0183875,0.531871,-0.00593877,-0.245532,-0.0921163
0,0,0.158415,0.0423552,0.534359,-0.0156049,-0.244523,-0.0942577
0,0,0.16977,0.0296758,0.54448,-0.0120406,-0.24167,-0.0938338
0,0,0.158121,0.025996,0.542773,-0.0176399,-0.243407,-0.0987913
0,0,0.153953,0.0226689,0.553966,-0.0192455,-0.242012,-0.10007
0,0,0.159662,0.0372905,0.552045,-0.0136771,-0.235887,-0.101999
0,0,0.155142,0.035282,0.558052,-0.0110798,-0.23765,-0.102426
0,0,0.172725,0.0363648,0.5334,-0.0111025,-0.235884,-0.108708
0,0,0.158998,0.0345997,0.533875,-0.0172448,-0.238844,-0.111037
0,0,0.156166,0.0471027,0.530925,-0.0116499,-0.240401,-0.106062
0,0,0.168923,0.051311,0.524636,-0.014419,-0.237943,-0.10232
0,0,0.183437,0.019933,0.527195,-0.0159215,-0.240113,-0.0989196
0,0,0.193469,0.0162743,0.535013,-0.0185477,-0.234379,-0.095457
0,0,0.196909,0.0242279,0.522527,-0.0130998,-0.239098,-0.0961719
0,0,0.203682,0.0241976,0.523747,-0.0131432,-0.237494,-0.0946242
0,0,0.193728,0.0139732,0.504465,-0.00928318,-0.239078,-0.0966375
0,0,0.18149,0.00652506,0.528763,-0.00451714,-0.250147,-0.0910451
0,0,0.179512,0.00372502,0.535996,-0.00563521,-0.243516,-0.0837292
0,0,0.167242,0.0243381,0.536391,-0.00486863,-0.239955,-0.0835469
0,0,0.163601,0.023951,0.527461,-0.00212049,-0.241149,-0.0930871
0,0,0.176637,0.0154169,0.534287,-0.00253035,-0.241182,-0.0905002
0,0,0.177367,0.0144578,0.534422,-0.00753342,-0.238093,-0.093557
0,0,0.183146,0.0260205,0.51874,-0.00233091,-0.238459,-0.0904002
0,0,0.163099,0.0336796,0.51486,-0.00313641,-0.231999,-0.0917928
0,0,0.183318,0.0114161,0.525513,-0.00294077,-0.230536,-0.0844387
0,0,0.188765,0.00512297,0.541085,-0.00330478,-0.235721,-0.0916355
0,0,0.179626,-0.00114621,0.541787,-0.011514,-0.235283,-0.0970583
0,0,0.176664,-0.00316442,0.539268,-0.0102474,-0.232872,-0.0974516
0,0,0.189505,-0.00286626,0.544586,-0.00610515,-0.237178,-0.0990485
0,0,0.168015,0.0105154,0.557552,-0.00831184,-0.238991,-0.0950014
0,0,0.159193,0.0407074,0.546728,-0.0124058,-0.241649,-0.0983575
0,0,0.162807,0.0516544,0.532482,-0.0163673,-0.240858,-0.0999299
0,0,0.165997,0.0420623,0.533952,-0.0122193,-0.242438,-0.0920425
0,0,0.165335,0.0387491,0.522091,-0.00891569,-0.239027,-0.0963086
0,0,0.170719,0.0336171,0.52189,-0.004219,-0.237775,-0.0983415
0,0,0.170414,0.0419733,0.541134,-0.00799085,-0.240768,-0.0992434
0,0,0.16992,0.0298096,0.549558,-0.0136551,-0.23941,-0.095534
0,0,0.16381,0.0122544,0.555171,-0.00355547,-0.239954,-0.0961471
0,0,0.151946,0.0198886,0.550531,-0.0119825,-0.243733,-0.0949614
0,0,0.151803,0.0249756,0.551775,-0.0133989,-0.241731,-0.0929038
0,0,0.162537,0.0287224,0.549468,-0.013846,-0.245444,-0.0907887
0,0,0.179169,0.0239134,0.54167,-0.016292,-0.245195,-0.0914826
0,0,0.175287,0.00446024,0.542209,-0.0166566,-0.233751,-0.0955094
0,0,0.158836,0.0113664,0.540855,-0.0160123,-0.2342,-0.0959904
0,0,0.145913,0.0324331,0.533602,-0.0139228,-0.238296,-0.0920607
0,0,0.168544,0.0208827,0.535296,-0.0113865,-0.23609,-0.0944671
0,0,0.163125,0.0207537,0.529332,-0.00394833,-0.238946,-0.092897
0,0,0.167137,0.0195833,0.505786,0.000869151,-0.24446,-0.0917166
0,0,0.168917,0.0237759,0.501478,-0.00183492,-0.241703,-0.0936977
0,0,0.172493,0.0272481,0.505542,-0.00565857,-0.236223,-0.0942611
0,0,0.174889,0.0201882,0.507862,-0.0125568,-0.235355,-0.0927063
0,0,0.161177,0.0247172,0.531673,-0.0138634,-0.241817,-0.0975307
0,0,0.152738,0.0276611,0.529836,-0.0111833,-0.239886,-0.103258
0,0,0.161574,0.0230514,0.534412,-0.00197856,-0.24714,-0.0988549
0,0,0.161511,0.0273482,0.509386,-0.00707217,-0.244534,-0.100978
0,0,0.171313,0.0284703,0.519986,-0.0137702,-0.238225,-0.0980539
0,0,0.16376,0.0229313,0.536892,-0.00994801,-0.234507,-0.0969469
0,0,0.182415,0.028931,0.536517,-0.00245283,-0.228883,-0.0939003
0,0,0.179796,0.0279105,0.528886,-0.00439851,-0.236845,-0.0911415
0,0,0.160675,0.0273025,0.524629,-0.00254799,-0.244196,-0.0899858
0,0,0.165215,0.0341322,0.5382,-0.0084011,-0.239149,-0.0855718
0,0,0.165711,0.039719,0.514873,-0.0120291,-0.23665,-0.0959444
0,0,0.172883,0.0369401,0.515787,-0.00857266,-0.239244,-0.100468
0,0,0.166525,0.0415225,0.526837,-0.00550126,-0.240678,-0.090669
0,0,0.160432,0.0350338,0.519782,-0.00378998,-0.236649,-0.094598
0,0,0.161623,0.0300607,0.529442,-0.00362268,-0.24086,-0.102071
0,0,0.171641,0.010418,0.534498,-0.00104998,-0.242104,-0.107488
0,0,0.162851,0.0137267,0.556135,-0.0034477,-0.240085,-0.105511
0,0,0.138426,0.00655125,0.548801,-0.0105042,-0.245508,-0.106259
0,0,0.132604,0.0210875,0.541753,-0.0104338,-0.249076,-0.105164
0,0,0.144412,0.0175608,0.541017,-0.0144967,-0.24814,-0.102892
0,0,0.154822,0.0160649,0.532993,-0.0187885,-0.24833,-0.0954121
0,0,0.160527,0.0376036,0.547947,-0.0212212,-0.247639,-0.0926365
0,0,0.156312,0.0333267,0.548438,-0.0196957,-0.245618,-0.0949441
0,0,0.163331,0.0142826,0.544914,-0.0149594,-0.249908,-0.0979076
0,0,0.176711,0.0321738,0.528728,-0.00481215,-0.24741,-0.103314
0,0,0.174818,0.027529,0.522075,-0.00025594,-0.250436,-0.101903
0,0,0.167526,0.0117072,0.531715,-0.00313792,-0.240235,-0.0916293
0,0,0.178014,-0.00126591,0.50468,-0.0129756,-0.215128,-0.0858805
0,0,0.18766,-0.0242932,0.474841,-0.0227161,-0.192086,-0.0890751
0,0,0.193424,-0.00930408,0.466678,-0.0371706,-0.176499,-0.0952111
0,0,0.157767,-0.241553,0.629231,-0.0331249,-0.209512,-0.0990211
0,0,0.153878,-0.401954,0.635342,-0.00318674,-0.224347,-0.10124
0,0,0.189195,-0.29015,0.593725,-0.0389594,-0.209407,-0.0983385
0,0,0.163072,-0.282445,0.601969,-0.047971,-0.221096,-0.096455
0,0,0.155988,-0.220375,0.603273,-0.0334426,-0.214173,-0.10706
0,0,0.172403,-0.240496,0.594678,-0.0353445,-0.205488,-0.111235
0,0,0.170716,-0.125936,0.52603,-0.0517436,-0.183449,-0.108483
0,0,0.173085,-0.090267,0.573116,-0.0408794,-0.187462,-0.102826
0,0,0.191348,-0.0507756,0.590127,-0.0378389,-0.210207,-0.113838
0,0,0.193373,-0.00360412,0.572066,-0.0363443,-0.19272,-0.122469
0,0,0.157779,-0.0581673,0.596991,-0.0450748,-0.201734,-0.12354
0,0,0.167009,-0.0202466,0.60509,-0.0316131,-0.208474,-0.122794
0,0,0.158734,0.024363,0.566681,-0.0633335,-0.172384,-0.112484
0,0,0.187999,0.0152729,0.532099,-0.0587522,-0.162874,-0.104377
0,0,0.196858,-0.0251471,0.585157,-0.0698082,-0.184565,-0.111699
0,0,0.214778,-0.090283,0.579399,-0.0487446,-0.188332,-0.134997
0,0,0.171902,-0.11466,0.58909,-0.0642245,-0.189851,-0.133841
0,0,0.160777,-0.058685,0.568774,-0.0555856,-0.188879,-0.126694
0,0,0.173303,-0.0605919,0.554901,-0.0786218,-0.167859,-0.116328
0,0,0.176125,-0.134999,0.531191,-0.059441,-0.164405,-0.119338
0,0,0.177449,-0.0815751,0.559587,-0.0789874,-0.161071,-0.128797
0,0,0.15716,-0.0532281,0.578203,-0.0621055,-0.178673,-0.144956
0,0,0.118916,-0.142501,0.661047,-0.05723,-0.199289,-0.128022
0,0,0.113189,-0.0572163,0.595925,-0.0475497,-0.198524,-0.11869
0,0,0.162005,-0.0140975,0.543869,-0.0666153,-0.18061,-0.109903
0,0,0.168071,-0.0357523,0.599167,-0.0541708,-0.173133,-0.11568
0,0,0.159342,-0.0284798,0.62065,-0.0588997,-0.183977,-0.13161
0,0,0.13467,-0.0556164,0.671445,-0.0490466,-0.197141,-0.136353
0,0,0.152431,-0.0443513,0.6045,-0.0420715,-0.178881,-0.115074
0,0,0.17968,-0.0698493,0.601799,-0.0587627,-0.1917,-0.111548
0,0,0.162382,-0.0693383,0.603507,-0.0469823,-0.166283,-0.138135
0,0,0.106952,-0.00292559,0.625706,-0.0636957,-0.180006,-0.141853
0,0,0.0959742,-0.0694104,0.648568,-0.0563916,-0.194105,-0.126517
0,0,0.113301,-0.0565396,0.593619,-0.0579567,-0.177131,-0.0993192
0,0,0.155444,-0.0693504,0.583645,-0.0309751,-0.176841,-0.124377
0,0,0.158415,-0.105956,0.634107,-0.0487984,-0.186138,-0.136752
0,0,0.165442,-0.134814,0.640819,-0.0229822,-0.166967,-0.117433
0,0,0.145067,-0.128851,0.677305,-0.0471803,-0.186678,-0.109613
0,0,0.110322,-0.0547635,0.635056,-0.0367307,-0.184368,-0.134867
0,0,0.135494,-0.074541,0.603967,-0.0593491,-0.187428,-0.139867
0,0,0.201603,-0.102955,0.58679,-0.0367076,-0.199125,-0.112536
0,0,0.213477,-0.207651,0.634206,-0.0575033,-0.192602,-0.105971
0,0,0.11621,-0.15136,0.626599,-0.0564332,-0.185463,-0.136004
0,0,0.097511,-0.166925,0.629061,-0.085611,-0.179964,-0.145441
0,0,0.153464,-0.0860669,0.589168,-0.0580007,-0.176211,-0.129093
0,0,0.208066,-0.180207,0.650558,-0.0536905,-0.168253,-0.122942
0,0,0.147593,-0.144567,0.697245,-0.0414984,-0.183806,-0.143318
0,0,0.141458,-0.142493,0.623994,-0.0715253,-0.183741,-0.123284
0,0,0.180386,-0.0810538,0.621775,-0.0528812,-0.187298,-0.105107
0,0,0.190358,-0.228624,0.620037,-0.0386708,-0.190118,-0.127279
0,0,0.17197,-0.183381,0.701623,-0.038124,-0.203222,-0.126868
0,0,0.17379,-0.247578,0.617949,-0.0401094,-0.190128,-0.106566
0,0,0.188279,-0.170106,0.561311,-0.0600123,-0.15795,-0.131511
0,0,0.16023,-0.178401,0.606348,-0.0510312,-0.168888,-0.142853
0,0,0.13059,-0.139285,0.585255,-0.0664647,-0.18586,-0.124218
0,0,0.150136,-0.158375,0.566754,-0.0546551,-0.181418,-0.125102
0,0,0.189403,-0.153021,0.540922,-0.06732,-0.181416,-0.147116
0,0,0.173729,-0.202315,0.544057,-0.0408198,-0.178724,-0.129236
0,0,0.11541,-0.220092,0.549055,-0.0494393,-0.196901,-0.120025
0,0,0.159476,-0.209733,0.580172,-0.0294509,-0.186929,-0.1416
0,0,0.209678,-0.280391,0.554599,-0.0400462,-0.177792,-0.111391
0,0,0.140974,-0.207449,0.494619,-0.056769,-0.185427,-0.115093
0,0,0.149337,-0.256009,0.499258,-0.041213,-0.188049,-0.135986
0,0,0.180148,-0.22215,0.532116,-0.0329973,-0.192002,-0.118295
0,0,0.162531,-0.197897,0.474501,-0.0263014,-0.168598,-0.122377
0,0,0.160703,-0.240958,0.472183,-0.0535399,-0.158329,-0.140808
0,0,0.172882,-0.229066,0.508973,-0.0321949,-0.164445,-0.12381
0,0,0.126306,-0.269878,0.534587,-0.0546518,-0.181137,-0.127755
0,0,0.146417,-0.230732,0.424981,-0.0436152,-0.170091,-0.148358
0,0,0.191254,-0.234899,0.42968,-0.0506873,-0.171555,-0.119217
0,0,0.164524,-0.310725,0.466276,-0.0420087,-0.192652,-0.138498
0,0,0.168764,-0.245216,0.434202,-0.0264601,-0.186551,-0.145328
0,0,0.178984,-0.179943,0.431329,-0.0310848,-0.182529,-0.125585
0,0,0.168583,-0.233935,0.410996,-0.0222596,-0.17942,-0.147743
0,0,0.183043,-0.256386,0.496103,-0.00551997,-0.191036,-0.128984
0,0,0.215916,-0.256065,0.416058,-0.00934362,-0.191903,-0.137955
0,0,0.180682,-0.178336,0.348056,-0.0575816,-0.192022,-0.149914
0,0,0.148214,-0.159157,0.361765,-0.0500979,-0.192389,-0.130413
0,0,0.157382,-0.110176,0.378023,-0.0483147,-0.218917,-0.121821
0,0,0.16821,0.00616523,0.284755,-0.0667268,-0.182253,-0.123862
0,0,0.140205,0.0373024,0.221897,-0.0760765,-0.186714,-0.121855
0,0,0.1268,-0.00419006,0.30518,-0.0563674,-0.238955,-0.120909
0,0,0.136772,-0.111299,0.317493,-0.0371212,-0.23125,-0.117334
0,0,0.166541,-0.105548,0.296233,-0.019902,-0.225735,-0.113209
0,0,0.192667,-0.0746419,0.266919,-0.0309608,-0.239706,-0.11106
0,0,0.222688,-0.0974845,0.27693,-0.0330965,-0.234445,-0.123447
0,0,0.16283,-0.0684289,0.29435,-0.0186095,-0.237599,-0.11548
0,0,0.165518,-0.0276092,0.33279,-0.0389941,-0.262152,-0.109688
0,0,0.17303,-0.00995182,0.250188,-0.0520734,-0.241841,-0.125254
0,0,0.175472,-0.0615265,0.301763,-0.0547611,-0.249655,-0.11966
0,0,0.180408,-0.0787827,0.327826,-0.014155,-0.245612,-0.092961
0,0,0.196266,-0.161059,0.402427,-0.00812909,-0.261171,-0.113639
0,0,0.160883,-0.0255992,0.342282,-0.0110245,-0.259495,-0.110857
0,0,0.169735,-0.0608491,0.370414,-0.0140198,-0.268455,-0.0933109
0,0,0.186418,-0.112126,0.459716,0.0163092,-0.259001,-0.116935
0,0,0.176154,-0.130227,0.49788,0.0203706,-0.271185,-0.107871
0,0,0.148313,-0.105805,0.460755,0.0116178,-0.259,-0.0874553
0,0,0.141373,-0.127475,0.420926,-0.0119928,-0.224344,-0.103052
0,0,0.173137,-0.164664,0.538135,0.0268661,-0.243438,-0.084339
0,0,0.179821,-0.210721,0.567921,0.0383057,-0.241398,-0.0970992
0,0,0.165182,-0.0811261,0.474665,-0.022055,-0.261153,-0.114253
0,0,0.165143,-0.0684339,0.47223,-0.00611215,-0.266234,-0.0967501
0,0,0.127736,-0.14697,0.546476,0.00613867,-0.268913,-0.0992384
0,0,0.115647,-0.112933,0.608313,0.0198016,-0.274412,-0.113591
0,0,0.181613,-0.0764852,0.498682,0.00571459,-0.238128,-0.0846506
0,0,0.214119,-0.0420926,0.472538,-0.00114142,-0.238988,-0.0854826
0,0,0.167734,-0.164549,0.592877,0.0290617,-0.249073,-0.10388
0,0,0.129768,-0.225436,0.646503,0.0143071,-0.27067,-0.0956929
0,0,0.140905,-0.0544987,0.499527,-0.0056895,-0.248363,-0.0818249
0,0,0.176136,-0.0379445,0.451908,-0.0147869,-0.223415,-0.0998476
0,0,0.165117,-0.144516,0.650429,0.0196766,-0.263616,-0.0913131
0,0,0.130601,-0.137306,0.664145,-0.000919434,-0.256717,-0.080731
0,0,0.139113,-0.0103811,0.592389,0.000695399,-0.231904,-0.0992761
0,0,0.127294,-0.0933126,0.574513,-0.00511632,-0.2221,-0.102228
0,0,0.102979,-0.0293362,0.565753,-0.00769418,-0.217319,-0.0888559
0,0,0.0855071,-0.0977257,0.651456,-0.011702,-0.244723,-0.0812133
0,0,0.108031,-0.117962,0.646408,0.0203858,-0.249534,-0.102588
0,0,0.124433,-0.0243225,0.557872,-0.0115845,-0.225479,-0.0948156
0,0,0.140721,0.0035608,0.571379,-0.0228906,-0.258414,-0.076516
0,0,0.142544,-0.100901,0.719099,0.00533846,-0.27292,-0.0905106
0,0,0.129145,-0.00740804,0.690675,0.030407,-0.261854,-0.110018
0,0,0.15004,-0.0665687,0.635049,0.00629226,-0.262047,-0.0921043
0,0,0.163894,0.0202052,0.583145,0.0144135,-0.224328,-0.0768735
0,0,0.139274,-0.0167451,0.618547,0.0207669,-0.236027,-0.090363
0,0,0.112359,-0.0758587,0.730853,0.0333873,-0.272716,-0.10979
0,0,0.0800531,-0.0451032,0.675127,0.0204726,-0.236002,-0.0927342
0,0,0.0688642,-0.028941,0.625007,-0.0284114,-0.255719,-0.0923224
0,0,0.129615,0.0397732,0.594222,-0.016776,-0.246728,-0.112084
0,0,0.175578,-0.025356,0.746853,0.0101952,-0.25943,-0.115003
0,0,0.135762,-0.0021251,0.714793,0.0248245,-0.26472,-0.0965315
0,0,0.139821,-0.0504316,0.689944,0.0163721,-0.246659,-0.084419
0,0,0.141868,-0.000894561,0.651054,0.0165306,-0.227113,-0.0964875
0,0,0.223316,0.0915374,0.602201,0.00455107,-0.23356,-0.112534
0,0,0.200536,-0.00210398,0.751678,0.0585495,-0.259577,-0.100092
0,0,0.1404,0.0263069,0.736768,0.0167232,-0.261183,-0.0784597
0,0,0.114931,0.00501746,0.653515,0.00329679,-0.246597,-0.0820851
0,0,0.134153,0.080625,0.593469,-0.0185072,-0.220314,-0.106442
0,0,0.168111,0.0858816,0.633497,0.0162641,-0.230985,-0.108271
0,0,0.131196,-0.0263977,0.741247,0.0220678,-0.272165,-0.0874958
0,0,0.106717,0.0259105,0.731871,0.0319886,-0.28529,-0.0766353
0,0,0.0981315,0.0230732,0.649533,-0.00481881,-0.266586,-0.0885273
0,0,0.142023,0.116956,0.604936,0.00184049,-0.254671,-0.105706
0,0,0.174085,0.076817,0.611055,-0.0116731,-0.234337,-0.112313
0,0,0.16779,0.000486728,0.701314,0.0212121,-0.246033,-0.0973184
0,0,0.132829,-0.0460703,0.739274,0.0194144,-0.252953,-0.0821258
0,0,0.0810715,0.020463,0.703279,0.0160762,-0.266023,-0.0788725
0,0,0.153397,0.0874882,0.621402,0.0120278,-0.252056,-0.102714
0,0,0.187362,0.14991,0.54466,0.00430834,-0.237125,-0.107701
0,0,0.162738,0.0313344,0.62165,0.0263906,-0.247881,-0.102957
0,0,0.125625,-0.00921462,0.693277,0.0109701,-0.25911,-0.094119
0,0,0.0961872,-0.0119854,0.71761,0.0263944,-0.27018,-0.0820766
0,0,0.133667,0.0806278,0.634683,-0.0125903,-0.264053,-0.082714
0,0,0.175603,0.094271,0.581341,-0.00163119,-0.224311,-0.0941543
0,0,0.161246,0.152625,0.543617,-0.0116718,-0.221468,-0.0984758
0,0,0.0412514,0.039947,0.683698,0.0107238,-0.27298,-0.109843
0,0,0.107505,0.0249058,0.701727,0.00734719,-0.28286,-0.0993355
0,0,0.164917,0.0866621,0.5965,0.00715249,-0.265421,-0.0961639
0,0,0.166063,0.0333688,0.543655,-0.00926606,-0.231721,-0.0888588
0,0,0.133725,0.00963191,0.581408,-0.00292829,-0.246044,-0.0823253
0,0,0.147206,-0.111314,0.642537,0.0217234,-0.274613,-0.0895982
0,0,0.161457,-0.136962,0.655448,0.0210147,-0.249242,-0.0964896
0,0,0.15426,-0.188915,0.699323,0.0289054,-0.260527,-0.106734
0,0,0.105563,-0.228792,0.681938,0.0159618,-0.259475,-0.111698
0,0,0.109063,-0.21234,0.629739,0.0140085,-0.242738,-0.105628
0,0,0.112059,-0.17404,0.594298,0.00283863,-0.250652,-0.10621
0,0,0.0967543,-0.0507137,0.549146,-0.0105144,-0.248706,-0.103209
0,0,0.133195,0.0169055,0.563328,-0.000472182,-0.253105,-0.102906
0,0,0.112764,-0.0522634,0.56251,0.00282067,-0.25195,-0.105454
0,0,0.112295,-0.0527634,0.549307,0.00438152,-0.252203,-0.105302
0,0,0.128353,0.0599923,0.545614,-0.00393354,-0.25168,-0.105943
0,0,0.137637,0.0867106,0.582259,-0.00937471,-0.252516,-0.105506
0,0,0.135755,0.060322,0.555029,-0.0127623,-0.239947,-0.101158
0,0,0.124252,0.00395977,0.558962,-0.0121465,-0.239903,-0.102207
0,0,0.124448,0.00379852,0.554207,-0.0203302,-0.23649,-0.0976985
0,0,0.110295,0.0486356,0.532696,-0.0122399,-0.236738,-0.100453
0,0,0.149656,0.0612295,0.526501,-0.0092799,-0.242079,-0.100305
0,0,0.171454,0.0234847,0.514795,-0.00693476,-0.241568,-0.0961063
0,0,0.129119,-0.013298,0.522372,-0.00721275,-0.248084,-0.0993804
0,0,0.0948265,0.0267827,0.530558,-0.0154919,-0.2445,-0.10012
0,0,0.0947991,0.0628171,0.525315,-0.0105558,-0.241287,-0.103484
0,0,0.124554,0.0187794,0.534883,-0.0095772,-0.239052,-0.093034
0,0,0.145208,-0.00988335,0.524349,-0.00962899,-0.228143,-0.0939283
0,0,0.125231,0.0139078,0.525674,-0.0137216,-0.233133,-0.097567
0,0,0.127559,0.0734765,0.53802,-0.0112992,-0.241316,-0.103293
0,0,0.143107,0.0457348,0.533407,-0.00272075,-0.235996,-0.0928219
0,0,0.172883,-0.00454128,0.550785,0.00411059,-0.235127,-0.0922657
0,0,0.167903,0.00277111,0.547179,-0.00493748,-0.24528,-0.0976165
0,0,0.143365,0.0591806,0.541939,-0.00957123,-0.247181,-0.100081
0,0,0.160816,0.0573158,0.554136,-0.00489392,-0.249436,-0.0981263
0,0,0.162882,0.0137119,0.541159,-0.00176967,-0.242584,-0.0975811
0,0,0.145956,0.0126541,0.53103,-0.00396712,-0.240443,-0.0961427
0,0,0.108929,0.0460663,0.533452,-0.00949851,-0.248353,-0.0940158
0,0,0.101855,0.0275155,0.538654,-0.00958295,-0.243321,-0.0952534
0,0,0.146751,0.00828782,0.520691,-0.000361868,-0.230173,-0.0883949
0,0,0.143953,0.0126296,0.533096,-0.00467143,-0.231019,-0.0890743
0,0,0.117932,0.0423888,0.512148,-0.00557779,-0.234117,-0.0978361
0,0,0.103304,0.0436991,0.518216,-0.00547498,-0.240245,-0.0965962
0,0,0.107672,0.0305185,0.517294,-0.00911498,-0.237061,-0.0974102
0,0,0.118704,0.00327576,0.521331,-0.0147294,-0.237425,-0.101547
0,0,0.115165,0.040273,0.53977,-0.0118215,-0.242258,-0.104419
0,0,0.109775,0.0636539,0.536699,-0.00698238,-0.250021,-0.102988
0,0,0.125242,0.0434846,0.555693,-0.0108955,-0.237638,-0.0968086
0,0,0.13158,0.0227361,0.564196,-0.0120798,-0.236317,-0.0939488
0,0,0.146943,0.0156573,0.546776,-0.0102043,-0.239515,-0.0957199
0,0,0.143006,0.0441567,0.557692,-0.00564753,-0.245192,-0.0946747
0,0,0.122853,0.0434531,0.550631,-0.00407008,-0.243579,-0.0985929
0,0,0.129158,0.030844,0.532805,-0.00771074,-0.241925,-0.104089
0,0,0.13529,0.0254864,0.541692,-0.00941792,-0.237361,-0.107285
0,0,0.136106,0.053626,0.536894,-0.0136979,-0.236955,-0.100477
0,0,0.128119,0.0526547,0.531031,-0.0114579,-0.234488,-0.098806
0,0,0.149045,0.0390681,0.539691,-0.00463666,-0.237397,-0.107805
0,0,0.157752,0.0288698,0.541811,-0.00739489,-0.233316,-0.101493
0,0,0.154119,0.0370317,0.556716,-0.0103497,-0.236272,-0.102516
0,0,0.142194,0.0586653,0.57056,-0.00532749,-0.238777,-0.0961555
0,0,0.13892,0.0466415,0.553629,-0.00152525,-0.236594,-0.0875333
0,0,0.139514,0.0383497,0.542907,-0.00324187,-0.239183,-0.0892276
0,0,0.123065,0.0429266,0.548245,-0.00389649,-0.24643,-0.0980411
0,0,0.118932,0.0716936,0.549377,-0.0141559,-0.23772,-0.0972
0,0,0.128942,0.0610635,0.55034,-0.00888853,-0.241228,-0.102699
0,0,0.14133,0.0317879,0.547259,-0.00614276,-0.245412,-0.0982534
0,0,0.13788,0.0370216,0.535955,-0.00912889,-0.24297,-0.104253
0,0,0.138259,0.0645265,0.517498,-0.0121635,-0.234693,-0.105293
0,0,0.130054,0.0613535,0.513604,-0.0133698,-0.22993,-0.101969
0,0,0.130695,0.0215107,0.514563,-0.00537273,-0.235228,-0.108991
0,0,0.124758,0.0160798,0.524645,-0.00563329,-0.236106,-0.107607
0,0,0.124173,0.0412513,0.532997,-0.00905627,-0.23853,-0.109331
0,0,0.134377,0.0451481,0.536949,-0.0136709,-0.241414,-0.112472
0,0,0.145753,0.0300958,0.542166,-0.00955176,-0.241963,-0.108686
0,0,0.138894,0.0180719,0.55703,-0.0126214,-0.235355,-0.106645
0,0,0.135793,0.0360679,0.55969,-0.00171335,-0.240769,-0.103217
0,0,0.122473,0.0298826,0.546524,-0.00204257,-0.243143,-0.103403
0,0,0.124905,0.0224184,0.523676,-0.00430478,-0.235464,-0.104156
0,0,0.126023,0.0263486,0.529102,-0.00672329,-0.233917,-0.107887
0,0,0.132005,0.0342466,0.522656,-0.0105073,-0.231162,-0.108578
0,0,0.135089,0.0485813,0.522105,-0.0143107,-0.233636,-0.10305
0,0,0.135013,0.0455332,0.520392,-0.0114605,-0.236384,-0.0980054
0,0,0.13957,0.0387458,0.509548,-0.00449837,-0.239901,-0.0987539
0,0,0.144218,0.0393872,0.516131,-0.00607313,-0.240261,-0.0970316
0,0,0.141093,0.0450572,0.520832,-0.00452841,-0.246528,-0.103717
0,0,0.153569,0.0333819,0.527528,-0.00931608,-0.238822,-0.10974
0,0,0.140266,0.0360482,0.531317,-0.00909196,-0.23649,-0.107184
0,0,0.132047,0.0166922,0.5358,-0.011311,-0.236347,-0.106161
0,0,0.129678,0.0333093,0.524375,-0.0131349,-0.233043,-0.105196
0,0,0.131697,0.0293564,0.506923,-0.00829318,-0.234398,-0.092715
0,0,0.140885,0.0367518,0.510617,0.00136266,-0.234559,-0.0950504
0,0,0.133808,0.0331931,0.518787,0.000337918,-0.231272,-0.0996632
0,0,0.12387,0.0392094,0.534229,0.00323482,-0.233519,-0.103128
0,0,0.125269,0.0430318,0.537133,-0.00678264,-0.240477,-0.104296
0,0,0.126325,0.0348412,0.543055,-0.014312,-0.244203,-0.103566
0,0,0.128628,0.0408733,0.544526,-0.0198664,-0.249085,-0.10059
0,0,0.12602,0.0497701,0.553446,-0.0250757,-0.244166,-0.103711
0,0,0.13952,0.055552,0.54242,-0.0158179,-0.237752,-0.101175
0,0,0.155362,0.0601772,0.52402,-0.0177856,-0.240511,-0.103132
0,0,0.148918,0.0374809,0.526999,-0.017501,-0.236687,-0.0983277
0,0,0.135209,0.0406818,0.530398,-0.0146995,-0.24019,-0.0980008
0,0,0.120952,0.0349129,0.526437,-0.0103926,-0.238435,-0.102683
0,0,0.129471,0.0354951,0.539597,-0.00825632,-0.237805,-0.0982552
0,0,0.143483,0.0443994,0.530973,-0.00774161,-0.230996,-0.0941034
0,0,0.135532,0.028803,0.525161,-0.0183252,-0.233762,-0.0976025
0,0,0.140404,0.0216755,0.532354,-0.0111274,-0.234743,-0.0971556
0,0,0.127654,0.0274203,0.52611,-0.00681429,-0.232052,-0.095689
0,0,0.136988,0.0289838,0.535851,-0.00260854,-0.233038,-0.103056
0,0,0.145322,0.0490337,0.535196,-0.00838863,-0.229241,-0.10358
0,0,0.139473,0.0459874,0.538642,-0.00987787,-0.23784,-0.101009
0,0,0.125193,0.0613344,0.529415,-0.00569492,-0.240977,-0.0975874
0,0,0.14478,0.054964,0.525128,-0.0070542,-0.250055,-0.102526
0,0,0.148378,0.0485328,0.515381,-0.00892239,-0.243014,-0.103493
0,0,0.141183,0.0419663,0.524698,-0.0114215,-0.244851,-0.0963914
0,0,0.13356,0.046965,0.526097,-0.00827394,-0.244361,-0.0958701
0,0,0.132154,0.0416614,0.530808,-0.0103272,-0.240339,-0.0986339
0,0,0.130737,0.0189968,0.5359,-0.0118782,-0.235204,-0.0993953
0,0,0.127934,0.0126806,0.539499,-0.00875459,-0.240214,-0.10639
0,0,0.138847,0.0107281,0.537775,-0.0115943,-0.240786,-0.107103
0,0,0.142872,0.0327011,0.523582,-0.00916381,-0.245116,-0.106864
0,0,0.153184,0.0420043,0.528484,-0.0106097,-0.245074,-0.106059
0,0,0.155717,0.0430057,0.543206,-0.00646786,-0.247934,-0.107449
0,0,0.157043,0.0476748,0.545805,-0.00889531,-0.25059,-0.107854
0,0,0.152421,0.0338635,0.538318,-0.0108695,-0.250518,-0.0991646
0,0,0.144206,0.032394,0.528195,-0.0100871,-0.246832,-0.101192
0,0,0.126859,0.024424,0.485176,-0.0155156,-0.230539,-0.0989977
0,0,0.125498,0.0816132,0.366726,-0.0355398,-0.207904,-0.0979875
0,0,0.0983774,0.0422622,0.456108,-0.0224656,-0.223433,-0.0965511
0,0,0.100061,-0.0230773,0.37442,-0.0507372,-0.207098,-0.0987958
0,0,0.107255,-0.153557,0.376084,-0.0517738,-0.221706,-0.10157
0,0,0.0665324,-0.339576,0.477313,-0.011138,-0.220554,-0.104116
0,0,0.1151,-0.332396,0.523429,0.0236443,-0.252363,-0.113926
0,0,0.0699939,-0.186188,0.447029,-0.0217234,-0.255867,-0.116342
0,0,0.0352028,-0.0456578,0.378096,-0.0425394,-0.222544,-0.1184
0,0,0.1121,-0.120716,0.440106,0.010786,-0.251478,-0.131858
0,0,0.0805422,-0.181231,0.436033,-0.0168338,-0.274752,-0.131035
0,0,0.148071,-0.0457374,0.336547,-0.022982,-0.2179,-0.115976
0,0,0.124897,-0.077014,0.427356,-0.00210376,-0.227534,-0.104949
0,0,0.095287,-0.0275488,0.409985,-0.00698956,-0.272668,-0.113699
0,0,0.129846,-0.100607,0.36898,0.0264837,-0.261896,-0.134014
0,0,0.101084,-0.116777,0.400655,0.0274701,-0.243083,-0.126446
0,0,0.0568428,-0.0518852,0.3071,-0.0200288,-0.231134,-0.104314
0,0,0.0434989,-0.0640363,0.314824,0.00312959,-0.256675,-0.11194
0,0,0.0602569,-0.0857782,0.379812,-0.0228922,-0.261358,-0.135549
0,0,0.0437406,-0.147979,0.316199,-0.0140116,-0.243033,-0.139967
0,0,0.0907534,-0.0433039,0.27539,0.0154192,-0.243204,-0.122101
0,0,0.0723536,-0.103743,0.353374,-0.0119863,-0.259419,-0.10678
0,0,0.106391,-0.0528017,0.246843,0.0161394,-0.245088,-0.134911
0,0,0.114529,0.00163105,0.243936,0.00697976,-0.234432,-0.143779
0,0,0.0538963,-0.108673,0.291897,-0.00286646,-0.268756,-0.122373
0,0,0.0414214,-0.0302079,0.216759,0.00558505,-0.240482,-0.109859
0,0,0.0585943,-0.0571567,0.227071,-0.00225154,-0.242897,-0.129282
0,0,0.0698733,-0.155494,0.248877,0.00263879,-0.262722,-0.130483
0,0,0.0239116,0.00293431,0.157731,-0.00389626,-0.240378,-0.120381
0,0,0.0692716,-0.0566091,0.206431,-0.00345648,-0.240054,-0.140759
0,0,0.0264893,-0.0927257,0.21072,0.0111409,-0.245021,-0.131071
0,0,0.0805534,-0.0959213,0.19798,-0.00540692,-0.258943,-0.110055
0,0,0.0478431,-0.116071,0.219995,0.0122945,-0.235491,-0.136763
0,0,0.02116,-0.0947937,0.20163,0.006667,-0.246094,-0.123216
0,0,0.0605641,-0.110092,0.174761,-0.00926794,-0.241632,-0.136405
0,0,0.0147115,-0.0446443,0.202127,-0.00884815,-0.244733,-0.147045
0,0,0.0261542,-0.153075,0.199039,0.0132246,-0.230352,-0.120206
0,0,-0.0100284,-0.101278,0.216728,0.0112298,-0.254627,-0.144873
0,0,0.0110403,-0.026798,0.150751,-0.018848,-0.226147,-0.113699
0,0,0.00356451,-0.131666,0.223242,-0.0101637,-0.223753,-0.123893
0,0,-0.0391281,-0.130905,0.284202,0.0241563,-0.281241,-0.127282
0,0,0.0402269,-0.0141883,0.140395,-0.00619904,-0.25876,-0.115388
0,0,0.0207963,-0.0616078,0.151327,0.00854032,-0.217793,-0.141729
0,0,-0.00545918,-0.141777,0.165057,0.0159302,-0.240135,-0.123294
0,0,-0.028491,-0.128967,0.244003,0.0199239,-0.286823,-0.125854
0,0,-0.0101456,-0.114522,0.0920996,-0.0268258,-0.257264,-0.145802
0,0,0.0181145,-0.0873006,0.0980671,-0.0310188,-0.232285,-0.12351
0,0,-0.0121013,-0.121106,0.244997,0.00342435,-0.267997,-0.150109
0,0,-0.0447163,-0.0527458,0.243818,0.0023494,-0.266055,-0.123716
0,0,0.0128569,0.0119147,0.0939923,-0.0299227,-0.221271,-0.132474
0,0,0.0046408,-0.0370672,0.0862064,-0.0333304,-0.216558,-0.137283
0,0,-0.0608918,-0.170774,0.268861,0.00596073,-0.267962,-0.131186
0,0,-0.033669,-0.149027,0.262529,0.0155723,-0.280077,-0.147267
0,0,-0.00541317,-0.1078,0.180264,-0.0160799,-0.255227,-0.127316
0,0,0.017881,-0.126811,0.0818936,-0.0323339,-0.222247,-0.143199
0,0,0.053791,-0.122074,0.152979,-0.0236335,-0.233047,-0.130817
0,0,-0.00328266,-0.123582,0.248208,0.00228588,-0.26518,-0.12037
0,0,-0.0306679,-0.136871,0.219129,-0.00280849,-0.256459,-0.14634
0,0,0.00704608,-0.190275,0.0950802,-0.0377691,-0.216819,-0.129701
0,0,0.0395583,-0.135496,0.107288,-0.046363,-0.214202,-0.145622
0,0,0.015963,-0.0849632,0.295085,-0.00156891,-0.27209,-0.128066
0,0,-0.0602022,-0.149195,0.308033,-0.00548037,-0.277799,-0.137344
0,0,-0.0906228,-0.219946,0.203084,-0.0297689,-0.247869,-0.145133
0,0,-0.103164,-0.232072,0.201949,-0.0305987,-0.234966,-0.158535
0,0,-0.0969597,-0.245536,0.250524,-0.033165,-0.218981,-0.147339
0,0,-0.0723576,-0.158404,0.304232,-0.0236635,-0.265614,-0.149647
0,0,-0.0396974,-0.177664,0.313279,-0.0174595,-0.230949,-0.147316
0,0,-0.0313912,-0.197519,0.218913,-0.0190237,-0.232455,-0.153428
0,0,0.013486,-0.280843,0.298266,-0.0129966,-0.226718,-0.16197
0,0,0.0466169,-0.228112,0.323797,-0.0385519,-0.211507,-0.144827
0,0,0.0901417,-0.137752,0.26937,-0.0268861,-0.200951,-0.126554
0,0,0.0634862,-0.154965,0.256345,-0.0296065,-0.209843,-0.140828
0,0,0.0657771,-0.224252,0.236736,-0.0467206,-0.189748,-0.14314
0,0,0.0887828,-0.267645,0.246345,-0.037278,-0.201795,-0.154611
0,0,0.0846497,-0.212982,0.203685,-0.0796453,-0.185952,-0.14665
0,0,0.12146,-0.1859,0.215329,-0.068677,-0.19101,-0.146612
0,0,0.148864,-0.226373,0.245571,-0.0650532,-0.190718,-0.153743
0,0,0.12156,-0.217952,0.23706,-0.0551483,-0.215766,-0.143491
0,0,0.126504,-0.28805,0.301471,-0.0597265,-0.205606,-0.142387
0,0,0.149071,-0.245101,0.337628,-0.0164941,-0.226661,-0.147282
0,0,0.11908,-0.195244,0.324463,-0.0430382,-0.229369,-0.16242
0,0,0.193899,-0.128321,0.278662,-0.0618934,-0.216909,-0.158583
0,0,0.310859,-0.107317,0.304257,-0.0368055,-0.214847,-0.128147
0,0,0.333916,-0.03779,0.274422,-0.0345724,-0.212671,-0.13659
0,0,0.448378,0.00276501,0.290632,-0.0394796,-0.187533,-0.132857
0,0,0.414184,-0.0352156,0.349264,-0.0279974,-0.188603,-0.132022
0,0,0.342472,-0.0776731,0.367593,-0.0256594,-0.213788,-0.128065
0,0,0.389877,0.0302777,0.313768,-0.0110069,-0.226163,-0.124723
0,0,0.362146,0.0194819,0.273666,-0.0229598,-0.209107,-0.108147
0,0,0.314331,0.0308387,0.307396,-0.00342897,-0.202474,-0.120315
0,0,0.225299,0.0461935,0.389233,-0.0113983,-0.24242,-0.120921
0,0,0.239242,0.0473946,0.364445,-0.0297709,-0.233621,-0.106309
0,0,0.229665,0.0767318,0.334803,-0.0372268,-0.1968,-0.123722
0,0,0.266029,0.0677505,0.226717,-0.0470603,-0.195406,-0.124916
0,0,0.334684,-0.0592673,0.281569,-0.013167,-0.179961,-0.0993101
0,0,0.223648,-0.0977599,0.341493,-0.00968574,-0.22055,-0.113543
0,0,0.190594,0.0301733,0.215862,-0.0649926,-0.199082,-0.102978
0,0,0.213326,0.0349271,0.226946,-0.0585006,-0.169882,-0.10079
0,0,0.223411,-0.0158639,0.252032,-0.0227275,-0.20867,-0.121232
0,0,0.212159,-0.0476639,0.341271,-0.0100226,-0.200875,-0.109572
0,0,0.171245,0.0890428,0.229276,-0.0570543,-0.2013,-0.106398
0,0,0.196608,0.010579,0.205002,-0.0635424,-0.185076,-0.116707
0,0,0.188232,-0.0216509,0.344326,-0.0124788,-0.212538,-0.0989412
0,0,0.203316,0.0655323,0.283967,-0.0180748,-0.201678,-0.104116
0,0,0.164041,0.123062,0.191974,-0.0678178,-0.180268,-0.118125
0,0,0.143513,0.0272475,0.264947,-0.0627895,-0.202291,-0.100992
0,0,0.1366,-0.0468931,0.261863,-0.03865,-0.215481,-0.100471
0,0,0.176491,-0.052532,0.195946,-0.0398183,-0.209363,-0.111237
0,0,0.180833,-0.022827,0.257037,-0.0589961,-0.194476,-0.0944717
0,0,0.176063,-0.0310872,0.309686,-0.047587,-0.221944,-0.0799969
0,0,0.118265,0.06654,0.189328,-0.0649129,-0.182937,-0.0981149
0,0,0.155358,0.10437,0.205894,-0.0515799,-0.1954,-0.101221
0,0,0.183895,0.045254,0.276362,-0.0483974,-0.188813,-0.0907992
0,0,0.153689,-0.0340143,0.301479,-0.0434228,-0.219259,-0.0991942
0,0,0.0730263,0.078445,0.208992,-0.0724385,-0.17938,-0.107738
0,0,0.0797752,0.113124,0.255824,-0.0530594,-0.199275,-0.0917387
0,0,0.0673397,0.0107814,0.385079,-0.0106297,-0.213685,-0.0870105
0,0,0.147801,0.154894,0.213598,-0.0514899,-0.191421,-0.106277
0,0,0.135841,0.111937,0.270728,-0.0624236,-0.183015,-0.107167
0,0,0.0976762,0.00299203,0.397414,-0.0064851,-0.230138,-0.0920429
0,0,0.086386,0.112445,0.287323,-0.0370155,-0.197022,-0.0898768
0,0,0.108658,0.166099,0.237717,-0.0634957,-0.188988,-0.10912
0,0,0.112855,0.0851199,0.297783,-0.0453575,-0.180077,-0.1154
0,0,0.0836893,0.0901914,0.300022,-0.0125159,-0.188506,-0.0961233
0,0,0.0489515,0.198581,0.191303,-0.0711804,-0.191917,-0.0875314
0,0,0.0113681,0.100884,0.336332,-0.0641655,-0.19976,-0.107469
0,0,0.00666927,0.0268731,0.42939,-0.0383875,-0.214989,-0.118018
0,0,0.0799921,0.121721,0.295964,-0.055462,-0.161315,-0.102307
0,0,0.107073,0.131533,0.348118,-0.0421317,-0.181189,-0.0894812
0,0,0.0850877,0.0513981,0.488185,-0.0219752,-0.195733,-0.105049
0,0,0.0686605,0.177338,0.380913,-0.0745609,-0.185217,-0.12198
0,0,0.0876458,0.214459,0.360971,-0.0633676,-0.173936,-0.113188
0,0,0.088214,0.0301618,0.455706,-0.00451665,-0.199983,-0.0885772
0,0,0.0524728,0.0989885,0.358455,-0.0345935,-0.191816,-0.0823032
0,0,0.0850192,0.22014,0.281789,-0.07305,-0.174744,-0.0877974
0,0,0.0571816,0.0898984,0.485657,-0.0122973,-0.210636,-0.109471
0,0,0.0484828,0.131487,0.400978,-0.0370166,-0.175976,-0.115102
0,0,0.067364,0.258279,0.397541,-0.0779047,-0.187017,-0.102712
0,0,0.0815707,0.0501024,0.567061,-0.00914939,-0.223259,-0.0897211
0,0,0.010609,0.0486303,0.483117,-0.0205708,-0.193551,-0.0877925
0,0,0.0681739,0.217621,0.394697,-0.0573158,-0.175574,-0.0941229
0,0,0.0613631,0.150206,0.488556,-0.0587643,-0.191483,-0.10536
0,0,0.0335514,0.102717,0.551598,-0.0350774,-0.199442,-0.102626
0,0,0.0516354,0.238947,0.478098,-0.0546857,-0.18658,-0.0982687
0,0,0.0542564,0.053357,0.628648,-0.0321366,-0.216183,-0.0925564
0,0,0.0553597,0.0679749,0.629092,-0.0399224,-0.220589,-0.085884
0,0,0.0532568,0.228926,0.550397,-0.0707414,-0.179911,-0.0907773
0,0,0.0871543,0.18113,0.556801,-0.037231,-0.205715,-0.105958
0,0,0.027563,0.111082,0.654101,-0.0327926,-0.20671,-0.117699
0,0,0.0793235,0.236634,0.555615,-0.0674229,-0.172039,-0.110604
0,0,0.0686895,0.0893264,0.671486,-0.0282914,-0.210223,-0.107078
0,0,0.0704456,0.0569425,0.653175,-0.0220506,-0.204051,-0.0916553
0,0,0.0269935,0.161448,0.559519,-0.0626653,-0.172314,-0.0841008
0,0,0.0663401,0.135014,0.635645,-0.059358,-0.206319,-0.0790653
0,0,0.0435933,0.0813029,0.630196,-0.0204167,-0.19242,-0.0910517
0,0,0.0926182,0.194809,0.57625,-0.0470165,-0.168342,-0.0967576
0,0,0.128162,0.0342625,0.719161,-0.0454647,-0.196231,-0.106054
0,0,0.0750217,0.0412704,0.701655,-0.0305631,-0.186307,-0.103521
0,0,0.0524003,0.155844,0.614734,-0.0496327,-0.17445,-0.0960257
0,0,0.0806786,0.162961,0.674647,-0.0525812,-0.201521,-0.0916697
0,0,0.0849437,0.124836,0.630996,-0.0461729,-0.182898,-0.0921005
0,0,0.092046,0.171591,0.600532,-0.0537845,-0.177378,-0.0924159
0,0,0.0347051,0.0388882,0.646293,-0.0441394,-0.215007,-0.0864414
0,0,0.0322627,-0.0184787,0.553236,-0.0570058,-0.173765,-0.0935933
0,0,0.046301,-0.0133388,0.528367,-0.0644867,-0.178874,-0.0933116
0,0,0.0173464,0.0516179,0.492827,-0.0934566,-0.180659,-0.0939342
0,0,-0.037118,-0.0958269,0.569309,-0.0746144,-0.182137,-0.0921937
0,0,-0.0335421,-0.174249,0.649226,-0.0517694,-0.194584,-0.093269
0,0,0.0586338,-0.041428,0.517431,-0.0694771,-0.155473,-0.0953435
0,0,0.0552923,-0.0772689,0.547367,-0.048831,-0.162446,-0.101969
0,0,0.0322088,-0.0325511,0.547928,-0.0478161,-0.174079,-0.0982756
0,0,0.0857782,-0.0150663,0.60553,-0.0370543,-0.181893,-0.0977376
0,0,0.0519606,-0.0281935,0.609956,-0.0343829,-0.191728,-0.0903305
0,0,0.0494311,0.0225873,0.624037,-0.0394306,-0.197044,-0.0878307
0,0,0.0697895,0.0827152,0.640836,-0.0288197,-0.19498,-0.0959549
0,0,0.109921,0.0338608,0.667031,-0.0203658,-0.198252,-0.0960545
0,0,0.0947468,0.0019896,0.666425,-0.0211374,-0.200235,-0.0918699
0,0,0.0820452,0.0141752,0.648798,-0.0324812,-0.202078,-0.0889465
0,0,0.0587152,0.0567956,0.65727,-0.0372726,-0.212649,-0.0900151
0,0,0.0712988,0.0563923,0.629662,-0.0368414,-0.20577,-0.0906554
0,0,0.100538,-0.0201428,0.613204,-0.0263705,-0.199724,-0.0939901
0,0,0.0861375,-0.0408887,0.634311,-0.0179698,-0.201838,-0.0968598
0,0,0.033034,0.0186837,0.634582,-0.0354823,-0.204047,-0.099091
0,0,0.0384786,0.0708187,0.628211,-0.0343082,-0.19662,-0.0990829
0,0,0.11607,-0.0103405,0.62678,-0.0180851,-0.193597,-0.0916944
0,0,0.116547,-0.034654,0.617641,-0.0178962,-0.197117,-0.0859851
0,0,0.0903141,0.00393795,0.62855,-0.0242107,-0.208673,-0.0873055
0,0,0.0846906,0.0335355,0.641491,-0.0276032,-0.209389,-0.0952491
0,0,0.090665,0.0150129,0.641297,-0.0339924,-0.205386,-0.100503
0,0,0.100521,-0.0191233,0.627716,-0.0280375,-0.196547,-0.0994076
0,0,0.0836096,-0.00933108,0.637891,-0.0248847,-0.197136,-0.0955635
0,0,0.0668728,0.0361981,0.65082,-0.034684,-0.198401,-0.0930493
0,0,0.0767151,0.0259058,0.649832,-0.0308042,-0.199634,-0.0978752
0,0,0.0885546,-0.0107019,0.659984,-0.029961,-0.193816,-0.0971149
0,0,0.0876493,-0.0109755,0.636961,-0.0201202,-0.192597,-0.0939721
0,0,0.0674878,0.026804,0.639564,-0.0241478,-0.197872,-0.0948768
0,0,0.0672707,0.0307734,0.651966,-0.0258665,-0.197243,-0.0934895
0,0,0.0706468,-0.00868243,0.654307,-0.0293185,-0.193649,-0.101583
0,0,0.110242,-0.0257286,0.63398,-0.0293295,-0.185483,-0.0995663
0,0,0.125965,-0.00157383,0.634834,-0.0349217,-0.186016,-0.0996204
0,0,0.12341,0.0300987,0.654729,-0.0337621,-0.19186,-0.104428
0,0,0.0983756,0.00376995,0.652844,-0.0285709,-0.20097,-0.0995924
0,0,0.0904436,-0.0226319,0.652471,-0.0191327,-0.206871,-0.103666
0,0,0.0780114,-0.0169098,0.673636,-0.0167502,-0.210665,-0.102271
0,0,0.0727853,0.036942,0.656627,-0.0287112,-0.198967,-0.101758
0,0,0.0866865,0.0495348,0.647113,-0.0244684,-0.200093,-0.102049
0,0,0.0894422,0.0166633,0.648825,-0.0205111,-0.189063,-0.101047
0,0,0.091645,0.00562996,0.650549,-0.0295789,-0.190757,-0.106003
0,0,0.081022,0.021883,0.638408,-0.0341356,-0.198921,-0.109778
0,0,0.0925949,0.0112144,0.641706,-0.0338875,-0.205955,-0.106222
0,0,0.105447,-0.0358381,0.651146,-0.0359894,-0.200447,-0.0994397
0,0,0.0917476,-0.0272169,0.641986,-0.0349799,-0.203484,-0.0999029
0,0,0.065866,-0.00653599,0.646852,-0.0303666,-0.205288,-0.100242
0,0,0.0639539,0.0139362,0.634386,-0.0362227,-0.211019,-0.102761
0,0,0.0903674,0.0291708,0.64839,-0.0359477,-0.194131,-0.10965
0,0,0.104721,0.0112862,0.656794,-0.0346582,-0.1854,-0.107223
0,0,0.090734,0.0207593,0.654323,-0.0304515,-0.182566,-0.102209
0,0,0.0830169,0.0456214,0.650135,-0.033997,-0.182786,-0.0980665
0,0,0.0901078,0.0371581,0.635442,-0.0284662,-0.183043,-0.10193
0,0,0.101816,0.00708262,0.636667,-0.0269654,-0.191235,-0.100185
0,0,0.0874394,0.0233763,0.641492,-0.0251099,-0.197091,-0.0968426
0,0,0.0700916,0.0301155,0.643821,-0.0289717,-0.199432,-0.0959088
0,0,0.0858566,0.0202475,0.636364,-0.028718,-0.198295,-0.0980232
0,0,0.0874427,0.0088105,0.621819,-0.0235892,-0.195529,-0.103481
0,0,0.0793222,-0.00126938,0.612508,-0.0223604,-0.192371,-0.0998353
0,0,0.0750683,0.0163361,0.632388,-0.031125,-0.195236,-0.103313
0,0,0.0759922,0.0112877,0.648897,-0.0320162,-0.19356,-0.107793
0,0,0.0764034,0.0105912,0.648483,-0.0311567,-0.191079,-0.104095
0,0,0.0921067,0.0160354,0.647945,-0.0337231,-0.188327,-0.0995157
0,0,0.104707,0.0304181,0.6401,-0.0277179,-0.190816,-0.0978343
0,0,0.102192,0.0333327,0.635108,-0.0292573,-0.195701,-0.0991071
0,0,0.0912761,0.0195084,0.626954,-0.0239323,-0.197126,-0.101642
0,0,0.101498,0.0166523,0.625763,-0.0269507,-0.192079,-0.105198
0,0,0.0995469,0.0147395,0.62907,-0.0196184,-0.19867,-0.106492
0,0,0.0925781,0.0305557,0.630801,-0.0274532,-0.193572,-0.103936
0,0,0.0789437,0.0301637,0.613913,-0.0292882,-0.187757,-0.100324
0,0,0.0946435,0.00670719,0.626257,-0.0226453,-0.187813,-0.10142
0,0,0.0979979,0.00985202,0.628608,-0.0157768,-0.187897,-0.0985594
0,0,0.0923646,0.0401909,0.627407,-0.0256478,-0.18524,-0.101217
0,0,0.103598,0.0317772,0.619657,-0.0253956,-0.183767,-0.104129
0,0,0.106528,0.0164404,0.630966,-0.0165039,-0.187364,-0.1047
0,0,0.0977099,0.00652234,0.641675,-0.0209769,-0.192785,-0.104565
0,0,0.0929302,0.00465421,0.650128,-0.0211905,-0.193035,-0.105487
0,0,0.104703,0.0198319,0.65483,-0.02409,-0.193501,-0.103187
0,0,0.103562,0.0145491,0.657577,-0.024708,-0.19571,-0.100128
0,0,0.0942273,0.00172951,0.651189,-0.0292646,-0.203136,-0.0988293
0,0,0.0764704,0.00430797,0.628545,-0.0391245,-0.202063,-0.0974189
0,0,0.065626,0.0314838,0.637171,-0.0414244,-0.203953,-0.089547
0,0,0.0592685,0.02487,0.630584,-0.0380557,-0.201471,-0.0926244
0,0,0.0540265,-0.00424602,0.648737,-0.0335349,-0.203601,-0.0899807
0,0,0.0611184,0.0118148,0.643253,-0.0398931,-0.197659,-0.0954038
0,0,0.0714512,0.0181598,0.647682,-0.0439666,-0.191206,-0.0905053
0,0,0.104138,0.00610521,0.666383,-0.0299887,-0.193238,-0.0926509
0,0,0.0967329,-0.00305658,0.647594,-0.0240834,-0.191179,-0.0954553
0,0,0.102283,0.0132875,0.636427,-0.0249189,-0.192313,-0.0979278
0,0,0.0950038,0.0238126,0.635794,-0.023638,-0.195312,-0.0990077
0,0,0.0928561,0.035841,0.628044,-0.0304013,-0.196455,-0.102481
0,0,0.0877952,0.0217954,0.621767,-0.0335439,-0.194833,-0.102384
0,0,0.0860517,0.00447863,0.618303,-0.028678,-0.190595,-0.105018
0,0,0.0872208,0.00654546,0.621488,-0.027467,-0.193669,-0.106588
0,0,0.0935331,0.00626898,0.624416,-0.0231681,-0.19998,-0.112348
0,0,0.088759,-0.000312164,0.624346,-0.0229804,-0.197846,-0.112089
0,0,0.0977192,-0.00283816,0.625689,-0.0309672,-0.201483,-0.0981837
0,0,0.101326,0.000555765,0.634959,-0.0313837,-0.198429,-0.0970953
0,0,0.0897068,-0.00371688,0.636373,-0.0275846,-0.194977,-0.0874176
0,0,0.0925576,0.00335259,0.634029,-0.0227804,-0.192749,-0.0920329
0,0,0.088265,0.00788878,0.635784,-0.0193482,-0.198493,-0.0907988
0,0,0.079368,0.0109201,0.627298,-0.0177449,-0.193377,-0.0935692
0,0,0.0879927,0.0237748,0.633116,-0.0151696,-0.195506,-0.0940659
0,0,0.0843422,0.0238427,0.626281,-0.0201535,-0.201359,-0.0992391
0,0,0.0932605,0.0294728,0.619176,-0.026506,-0.206677,-0.101187
0,0,0.0858583,0.0132617,0.631143,-0.0269106,-0.199755,-0.09961
0,0,0.0904506,-0.000895424,0.626863,-0.0334376,-0.19542,-0.102501
0,0,0.0980707,0.0148863,0.626469,-0.0361833,-0.198758,-0.106769
0,0,0.0967293,0.0165817,0.624924,-0.0349302,-0.201416,-0.105977
0,0,0.102072,0.0171669,0.631818,-0.0366122,-0.207314,-0.10277
0,0,0.100889,0.0147454,0.633964,-0.0342614,-0.205728,-0.0954824
0,0,0.0922465,0.00959805,0.632766,-0.0306357,-0.205,-0.0933522
0,0,0.102309,0.000349134,0.625576,-0.0269817,-0.199413,-0.0955631
0,0,0.115777,0.000156135,0.620859,-0.02879,-0.197779,-0.0948982
0,0,0.112113,-0.00130834,0.633121,-0.0373615,-0.197019,-0.0953232
0,0,0.111365,0.00430848,0.635865,-0.0364366,-0.197501,-0.0918629
0,0,0.107634,0.00372532,0.637204,-0.0377714,-0.191217,-0.0957692
0,0,0.100325,0.00361004,0.648743,-0.034575,-0.194482,-0.095875
0,0,0.0941286,0.00744281,0.658092,-0.0312413,-0.194322,-0.097064
0,0,0.0974825,0.0178221,0.65489,-0.0320665,-0.20453,-0.0989407
0,0,0.0709559,0.00805306,0.64678,-0.029736,-0.203626,-0.103341
0,0,0.0532267,0.0124648,0.630925,-0.0314969,-0.194296,-0.0982368
0,0,0.00929735,0.0178888,0.689005,-0.0254347,-0.204085,-0.098234
0,0,-0.0216402,0.0766263,0.700597,-0.031485,-0.200723,-0.0939248
0,0,-0.0283465,0.0646145,0.679534,-0.0438901,-0.199306,-0.0936495
0,0,-0.023826,0.0111366,0.71436,-0.0390529,-0.205054,-0.100878
0,0,-0.0326238,-0.018764,0.728235,-0.0380586,-0.217732,-0.0975356
0,0,-0.0419549,0.0467492,0.621388,-0.0693528,-0.194917,-0.0961362
0,0,0.0271234,0.121431,0.626121,-0.049079,-0.192332,-0.0944341
0,0,-0.00529483,0.00542654,0.674669,-0.030694,-0.212268,-0.0980156
0,0,0.0170354,-0.0541197,0.697197,-0.00520097,-0.213623,-0.0983978
0,0,0.0543977,0.0625563,0.612283,-0.0371028,-0.201195,-0.0948915
0,0,0.0250591,0.125374,0.579039,-0.0486635,-0.202011,-0.093657
0,0,0.0560771,0.0733382,0.667977,-0.022472,-0.212034,-0.0931487
0,0,0.0212529,-0.0404587,0.694952,-0.0293035,-0.211207,-0.0952412
0,0,-0.00106344,0.027873,0.61326,-0.0374717,-0.188439,-0.0937359
0,0,0.0678663,0.0743376,0.645932,-0.0311866,-0.193277,-0.0968554
0,0,-0.0206875,0.0624716,0.677802,-0.0344753,-0.210291,-0.102862
0,0,0.0190212,0.0335095,0.642401,-0.0312593,-0.187508,-0.0990546
0,0,0.0355172,0.0140804,0.644912,-0.0363876,-0.192007,-0.0969681
0,0,0.0118594,0.0246702,0.625039,-0.028222,-0.190621,-0.0963538
0,0,0.0398838,0.0480718,0.625085,-0.0398942,-0.199667,-0.0996845
0,0,0.0265375,0.0439124,0.632776,-0.042404,-0.195986,-0.0931603
0,0,0.0682196,-0.0121542,0.637454,-0.0283329,-0.189138,-0.0945483
0,0,-0.0171586,-0.0597964,0.65287,-0.0358607,-0.204802,-0.103468
0,0,-0.00297306,0.0200476,0.625115,-0.0339356,-0.200046,-0.103821
0,0,0.0471551,0.0406825,0.616575,-0.0219001,-0.205611,-0.104519
0,0,0.00932193,-0.0204494,0.609702,-0.0255605,-0.210716,-0.0968464
0,0,0.0243427,-0.0153505,0.593166,-0.0219498,-0.201277,-0.100891
0,0,0.00184274,-0.0290905,0.598937,-0.0298179,-0.210501,-0.106639
0,0,0.0221214,-0.0103047,0.605581,-0.0251535,-0.209468,-0.111293
0,0,0.0318485,-0.0456833,0.592137,-0.0239277,-0.205917,-0.113662
0,0,0.0263789,-0.0621693,0.532615,-0.0293599,-0.182733,-0.110951
0,0,0.0716466,-0.0669975,0.55667,-0.0183149,-0.199728,-0.109824
0,0,-0.00233882,-0.049615,0.489361,-0.0488992,-0.192141,-0.107656
0,0,0.0542923,0.00797246,0.538573,-0.036117,-0.191387,-0.110146
0,0,0.018275,-0.0743266,0.619799,-0.0282676,-0.223433,-0.105815
0,0,0.0121994,-0.0931093,0.540589,-0.0458952,-0.22014,-0.110639
0,0,0.0712191,-0.0323186,0.511809,-0.044116,-0.232921,-0.10817
0,0,0.041917,-0.078686,0.586716,-0.0386158,-0.24045,-0.108722
0,0,0.0603714,-0.298064,0.641759,-0.0235335,-0.226332,-0.107206
0,0,0.0234694,-0.260987,0.631175,-0.0156902,-0.219002,-0.105672
0,0,0.0609407,-0.113883,0.609807,-0.0230382,-0.196255,-0.105239
0,0,0.033309,-0.14487,0.642748,-0.0226671,-0.215135,-0.103823
0,0,0.0362402,-0.130225,0.573712,-0.0145244,-0.228136,-0.107853
0,0,0.0623264,-0.131631,0.547523,-0.0157093,-0.225822,-0.107802
0,0,0.00705151,-0.13102,0.598035,-0.0110372,-0.220054,-0.108337
0,0,0.0335935,-0.0683097,0.620004,-0.0054533,-0.208851,-0.107834
0,0,0.030762,-0.00361799,0.530382,-0.0125917,-0.191599,-0.108118
0,0,0.036622,-0.0642161,0.577885,-0.0036334,-0.210441,-0.107739
0,0,0.00842984,-0.1154,0.548195,-0.0184847,-0.231387,-0.106134
0,0,0.00770541,-0.0755949,0.557003,-0.0215456,-0.222097,-0.10596
0,0,0.0622776,-0.0995803,0.595094,-0.0078304,-0.220675,-0.108538
0,0,-0.0134739,-0.166535,0.6486,-0.0116411,-0.23037,-0.105208
0,0,0.042948,-0.0996849,0.613141,-0.0158456,-0.224906,-0.107388
0,0,0.0443279,-0.11668,0.610761,-0.00901694,-0.245487,-0.110884
0,0,-0.00588484,-0.110839,0.627274,-0.0203592,-0.236042,-0.105374
0,0,0.0494653,-0.0838485,0.593539,-0.0256121,-0.212888,-0.101507
0,0,0.06497,-0.0454904,0.5521,-0.0354489,-0.200542,-0.103039
0,0,0.0666255,-0.0677134,0.554737,-0.0169105,-0.225741,-0.104001
0,0,0.00362427,-0.0504547,0.593148,-0.0290625,-0.238678,-0.110504
0,0,0.00187137,-0.0242272,0.579747,-0.0266799,-0.225664,-0.111493
0,0,0.0860083,-0.132387,0.658075,0.0159522,-0.219802,-0.111526
0,0,0.0166028,-0.230617,0.641696,0.00111905,-0.244506,-0.107452
0,0,0.0428324,-0.131429,0.60039,-0.0302828,-0.238697,-0.106475
0,0,0.0832415,-0.12059,0.599598,-0.0149945,-0.223884,-0.103792
0,0,-0.00254436,-0.0982367,0.566541,-0.0432525,-0.216936,-0.111358
0,0,0.0480108,-0.107616,0.51228,-0.0353614,-0.217011,-0.12063
0,0,0.0815539,-0.135942,0.566465,-0.0111916,-0.23315,-0.13056
0,0,0.0512803,-0.130565,0.607375,-0.00278128,-0.236138,-0.134055
0,0,0.0679154,-0.0968889,0.635937,-0.0074719,-0.239216,-0.137965
0,0,0.0509394,-0.187606,0.652452,0.00541287,-0.261626,-0.131009
0,0,0.0635925,-0.137265,0.57268,-0.011198,-0.241504,-0.124118
0,0,0.0897999,-0.0647689,0.528339,-0.029858,-0.213238,-0.128809
0,0,0.0523946,-0.0557265,0.528805,-0.0289186,-0.232788,-0.126234
0,0,0.0838377,-0.100181,0.547573,-0.0378948,-0.237366,-0.121324
0,0,0.11212,-0.0869437,0.584923,-0.0274874,-0.236772,-0.120125
0,0,0.0785969,-0.130944,0.652704,0.0113752,-0.247265,-0.119367
0,0,0.09134,-0.164302,0.602503,-0.0108051,-0.2578,-0.106643
0,0,0.11921,-0.0738606,0.5331,-0.00860604,-0.229076,-0.113062
0,0,0.069228,-0.0775216,0.523831,-0.000724858,-0.215558,-0.115618
0,0,0.0656602,-0.121371,0.523028,-0.0213969,-0.2423,-0.117191
0,0,0.0923294,-0.103924,0.534299,-0.0292826,-0.258652,-0.11816
0,0,0.0540222,-0.14318,0.639085,-0.0052966,-0.247196,-0.123313
0,0,0.0603632,-0.171224,0.624055,-0.00162448,-0.253822,-0.128578
0,0,0.108165,-0.113153,0.588637,-0.00585125,-0.256301,-0.134049
0,0,0.0623041,-0.0352269,0.54695,-0.0205162,-0.213524,-0.140162
0,0,0.0414795,-0.011073,0.495279,-0.0249933,-0.214587,-0.136527
0,0,0.110473,-0.049229,0.503676,-0.0132157,-0.226249,-0.134469
0,0,0.116481,-0.115885,0.555656,-0.0145651,-0.220302,-0.137528
0,0,0.0518989,-0.122773,0.599567,-0.000726702,-0.227136,-0.126082
0,0,0.0547549,-0.115824,0.545281,0.000170146,-0.241314,-0.123286
0,0,0.0988444,-0.0884905,0.480377,-0.0391224,-0.208234,-0.118306
0,0,0.143884,-0.0735506,0.463461,-0.00625551,-0.202244,-0.118537
0,0,0.134002,-0.104764,0.464868,-0.00804586,-0.223292,-0.119158
0,0,0.0896511,-0.109031,0.557258,-0.00464465,-0.249003,-0.119525
0,0,0.0828252,-0.151057,0.54938,0.00860745,-0.232831,-0.120047
0,0,0.0686184,-0.153942,0.510305,-0.0168056,-0.253304,-0.121162
0,0,0.0979182,-0.0262992,0.412443,-0.033474,-0.234215,-0.133371
0,0,0.0893737,-0.0823185,0.4001,-0.0253978,-0.206334,-0.13768
0,0,0.0945982,-0.136209,0.449586,-0.0103797,-0.221552,-0.14296
0,0,0.0997566,-0.111811,0.516127,0.00670818,-0.257557,-0.135472
0,0,0.119468,-0.157092,0.524026,0.0128196,-0.242286,-0.135864
0,0,0.126591,-0.139467,0.45356,0.00779301,-0.231117,-0.129996
0,0,0.124044,-0.0618845,0.361495,-0.0271286,-0.235321,-0.11129
0,0,0.121748,-0.115251,0.364232,-0.0185179,-0.217301,-0.116337
0,0,0.105631,-0.158086,0.397273,-0.0176818,-0.212858,-0.116964
0,0,0.137967,-0.102133,0.495482,0.00237942,-0.251116,-0.113787
0,0,0.0939288,-0.176168,0.48022,0.00583826,-0.24709,-0.128349
0,0,0.0977226,-0.123691,0.415858,0.00278848,-0.214767,-0.135724
0,0,0.168395,-0.0215404,0.337886,-0.00680326,-0.218777,-0.146295
0,0,0.109881,-0.0883368,0.360022,-0.0217466,-0.241008,-0.142529
0,0,0.0922621,-0.103453,0.387204,-0.022409,-0.226077,-0.144004
0,0,0.102083,-0.105652,0.450772,-0.0017136,-0.227672,-0.138273
0,0,0.0778713,-0.200296,0.45152,-0.0140586,-0.241439,-0.125979
0,0,0.0893399,-0.161518,0.431913,0.00442287,-0.230833,-0.114572
0,0,0.145004,-0.0747428,0.321168,-0.000534147,-0.207915,-0.115358
0,0,0.144657,-0.128911,0.300603,-0.0100724,-0.230551,-0.120922
0,0,0.150411,-0.135673,0.362532,0.0153986,-0.243498,-0.140459
0,0,0.121068,-0.136172,0.413759,0.0137848,-0.22939,-0.153497
0,0,0.107607,-0.15053,0.389915,0.00138025,-0.25651,-0.147021
0,0,0.131345,-0.165011,0.357164,-0.00270817,-0.259291,-0.138788
0,0,0.104331,-0.0470924,0.277815,-0.0274578,-0.229031,-0.130299
0,0,0.124423,-0.0329452,0.262677,0.00187213,-0.225218,-0.11824
0,0,0.100485,-0.0536521,0.280863,-0.00546942,-0.230637,-0.111346
0,0,0.128506,-0.0677197,0.357434,0.0142424,-0.253096,-0.11734
0,0,0.111138,-0.140702,0.353708,0.0250975,-0.245753,-0.126606
0,0,0.0891516,-0.128924,0.329529,-0.0156233,-0.229097,-0.127968
0,0,0.130069,-0.106748,0.270762,-0.0287839,-0.233187,-0.136622
0,0,0.117389,-0.109645,0.288073,-0.0206672,-0.225357,-0.134607
0,0,0.119149,-0.161451,0.247315,-0.0274639,-0.202995,-0.136916
0,0,0.109477,-0.144318,0.312724,0.00587053,-0.225546,-0.131986
0,0,0.111855,-0.171308,0.393649,0.0170264,-0.266695,-0.123846
0,0,0.122875,-0.175033,0.346651,0.0130775,-0.272282,-0.11513
0,0,0.154179,-0.155473,0.344642,0.0117276,-0.241076,-0.114758
0,0,0.137822,-0.100041,0.278643,-0.0112332,-0.239767,-0.120497
0,0,0.161039,-0.0273282,0.224629,-0.0311427,-0.232241,-0.123614
0,0,0.19016,-0.123864,0.203786,-0.0300581,-0.249678,-0.135243
0,0,0.153276,-0.116656,0.265913,-0.0112994,-0.234811,-0.145732
0,0,0.123605,-0.0872007,0.242481,-0.0202662,-0.229951,-0.14284
0,0,0.120005,-0.173355,0.36104,0.0149224,-0.24913,-0.138658
0,0,0.145743,-0.162903,0.25661,-0.00682908,-0.251421,-0.130015
0,0,0.130699,-0.134867,0.299435,-0.00543804,-0.256497,-0.126411
0,0,0.107894,-0.136572,0.273021,0.012408,-0.243166,-0.129077
0,0,0.122273,-0.137577,0.212512,-0.0101798,-0.206714,-0.122074
0,0,0.106494,-0.135087,0.205947,-0.0186202,-0.220856,-0.119727
0,0,0.145273,-0.124989,0.235866,-0.0094318,-0.239509,-0.118664
0,0,0.166249,-0.123204,0.276274,0.00939928,-0.258009,-0.133089
0,0,0.158672,-0.128178,0.257995,-0.00873385,-0.246093,-0.136354
0,0,0.12976,-0.172839,0.299385,0.00383601,-0.241638,-0.134914
0,0,0.125245,-0.177091,0.209829,-0.00599017,-0.227067,-0.138604
0,0,0.113508,-0.108999,0.193629,-0.0169333,-0.225245,-0.141349
0,0,0.125057,-0.103072,0.248075,-0.00370382,-0.252737,-0.141513
0,0,0.144868,-0.116149,0.22968,0.00312468,-0.265861,-0.13917
0,0,0.111236,-0.0905955,0.141187,-0.0191191,-0.247829,-0.133835
0,0,0.130512,-0.074447,0.180647,-0.013309,-0.237715,-0.131547
0,0,0.120035,-0.100901,0.212382,-7.88795e-06,-0.233419,-0.126335
0,0,0.0940655,-0.0841628,0.218324,0.000413498,-0.221022,-0.123888
0,0,0.148699,-0.1033,0.250302,0.0113857,-0.225982,-0.134736
0,0,0.128475,-0.180918,0.275547,0.0273185,-0.237555,-0.128796
0,0,0.111511,-0.136555,0.190387,-0.000882454,-0.238911,-0.12881
0,0,0.128154,-0.110546,0.232538,-0.00184313,-0.252776,-0.136887
0,0,0.0731574,-0.178428,0.284853,4.62378e-05,-0.263903,-0.148235
0,0,0.136337,-0.141545,0.223177,-0.00219981,-0.244821,-0.147616
0,0,0.0900153,-0.151251,0.197528,-0.0121112,-0.248294,-0.143822
0,0,0.10901,-0.18316,0.202594,0.000898069,-0.243987,-0.139173
0,0,0.11717,-0.09057,0.238258,0.00965086,-0.241386,-0.138893
0,0,0.0736212,-0.117213,0.235271,-0.00524141,-0.237273,-0.129493
0,0,0.0819678,-0.0980378,0.236327,-0.0142633,-0.225488,-0.132152
0,0,0.062535,-0.200678,0.292338,0.00396578,-0.249064,-0.139172
0,0,0.100698,-0.11187,0.17337,-0.0133757,-0.215339,-0.130262
0,0,0.0543866,-0.142235,0.245976,-0.008801,-0.239076,-0.13328
0,0,0.0635283,-0.170876,0.216104,-0.0109358,-0.239531,-0.128293
0,0,0.0741784,-0.114927,0.196232,-0.00820326,-0.223753,-0.12658
0,0,0.0702781,-0.113614,0.197439,-0.0206994,-0.237501,-0.128544
0,0,0.0708347,-0.118309,0.161737,-0.0162207,-0.227187,-0.129914
0,0,0.0709008,-0.153405,0.209718,-0.0171443,-0.236945,-0.130728
0,0,0.0847587,-0.149406,0.217214,-0.0180507,-0.240376,-0.130631
0,0,0.0854248,-0.110108,0.192081,-0.0195369,-0.233429,-0.126821
0,0,0.0511915,-0.143162,0.213066,-0.0144414,-0.231667,-0.130689
0,0,0.0694383,-0.138393,0.189459,-0.0167202,-0.227229,-0.132566
0,0,0.0647891,-0.146156,0.200376,-0.0126866,-0.237816,-0.135746
0,0,0.0478858,-0.075617,0.219123,-0.0101958,-0.237546,-0.127726
0,0,0.0646401,-0.0906971,0.218583,-0.00658211,-0.235371,-0.126014
0,0,0.058565,-0.0981719,0.226997,-0.00600034,-0.235667,-0.129294
0,0,0.09782,-0.103682,0.21196,-0.00448871,-0.222288,-0.133513
0,0,0.0219465,-0.115062,0.221187,-0.015393,-0.237073,-0.126327
0,0,0.0753621,-0.0689443,0.213441,-0.00627545,-0.231804,-0.125262
0,0,0.10234,-0.115589,0.240143,-0.0139055,-0.2269,-0.128368
0,0,0.102139,-0.0722917,0.251525,-0.00827938,-0.22453,-0.131374
0,0,0.0624354,-0.0559281,0.257234,-0.00825753,-0.225591,-0.129718
0,0,0.0430436,-0.0588097,0.347141,-0.00392375,-0.236698,-0.122903
0,0,0.101697,-0.0542908,0.314067,-0.00211953,-0.23482,-0.12128
0,0,0.0403636,-0.0487362,0.307459,-0.00899848,-0.248642,-0.125909
0,0,0.0683949,-0.0103466,0.260987,-0.00288957,-0.243809,-0.127167
0,0,0.0722328,0.0611455,0.192432,-0.0245303,-0.22891,-0.12608
0,0,0.0545542,-0.0213665,0.291868,-0.0267628,-0.234171,-0.129618
0,0,0.0178442,0.0106938,0.273381,-0.0247787,-0.218251,-0.127534
0,0,0.0382871,0.0266554,0.244367,-0.0245991,-0.204133,-0.117989
0,0,0.0361281,-0.0312271,0.30042,-0.0121528,-0.208255,-0.120728
0,0,0.0508767,-0.00744907,0.318053,-0.00988205,-0.200809,-0.112965
0,0,0.0258472,0.0153827,0.272876,-0.0262902,-0.217723,-0.1094
0,0,0.0906085,0.0106645,0.253405,-0.0261031,-0.220214,-0.115216
0,0,0.0754607,0.0131354,0.28221,-0.0272239,-0.228172,-0.109757
0,0,0.0527241,0.0130654,0.246972,-0.0345246,-0.217666,-0.107166
0,0,0.081651,0.0287199,0.214897,-0.0334631,-0.198038,-0.105835
0,0,0.0726746,-0.000838188,0.296965,-0.0224858,-0.205581,-0.104189
0,0,0.0451122,0.0263887,0.275049,-0.0305723,-0.197087,-0.108795
0,0,0.0286133,0.0584683,0.310034,-0.034641,-0.222932,-0.114351
0,0,0.0615344,0.0154967,0.360648,-0.0270587,-0.238758,-0.114904
0,0,0.0741987,0.0114708,0.278135,-0.0555309,-0.209552,-0.11028
0,0,0.0955632,0.0536712,0.303696,-0.0482103,-0.192414,-0.108952
0,0,0.0623366,0.0267308,0.337486,-0.0218052,-0.206336,-0.106437
0,0,0.0675175,0.00369315,0.330784,-0.031212,-0.213541,-0.0979731
0,0,0.0655674,0.0363847,0.233484,-0.0400664,-0.217446,-0.0938609
0,0,0.083782,0.0657026,0.285936,-0.0225602,-0.210943,-0.0878701
0,0,0.0256411,0.0504618,0.310444,-0.0299746,-0.207646,-0.0931781
0,0,0.0421078,0.0907735,0.287645,-0.0481802,-0.198809,-0.107023
0,0,0.100335,0.00659278,0.287573,-0.0367809,-0.214851,-0.109572
0,0,0.0868704,-0.0442322,0.360312,-0.0312063,-0.236714,-0.111114
0,0,0.0998686,0.0683796,0.280009,-0.0481445,-0.207491,-0.11717
0,0,0.0649287,0.0838389,0.2909,-0.0451442,-0.190109,-0.117539
0,0,0.104862,0.0773396,0.325764,-0.0308323,-0.206195,-0.113555
0,0,0.0665484,0.0389737,0.32193,-0.0441174,-0.205369,-0.104381
0,0,0.0847206,0.0377996,0.331327,-0.0221146,-0.204512,-0.100335
0,0,0.0919074,0.0777714,0.373528,-0.00883799,-0.197011,-0.101547
0,0,0.0471427,0.0993487,0.363805,-0.0402222,-0.20883,-0.108867
0,0,0.118251,0.00720832,0.378676,-0.0261209,-0.217081,-0.119278
0,0,0.11722,-0.0575208,0.397472,-0.0386753,-0.197047,-0.11775
0,0,0.110482,0.0974268,0.310736,-0.0610029,-0.172235,-0.116958
0,0,0.138199,0.186766,0.331883,-0.0584312,-0.186393,-0.112425
0,0,0.0901307,0.0826734,0.37179,-0.040431,-0.196067,-0.110307
0,0,0.105965,0.0161116,0.443019,-0.0159237,-0.187535,-0.102871
0,0,0.123831,0.00381101,0.46668,-0.0105168,-0.182918,-0.101077
0,0,0.112154,0.12927,0.425462,-0.0232032,-0.210134,-0.0999864
0,0,0.103136,0.163951,0.370208,-0.048004,-0.212449,-0.109621
0,0,0.120186,0.122224,0.345505,-0.0448647,-0.18608,-0.115514
0,0,0.124338,0.0386511,0.358251,-0.0529891,-0.18718,-0.121473
0,0,0.112655,0.13504,0.400198,-0.0489349,-0.212958,-0.11961
0,0,0.129864,0.119206,0.457491,-0.0282393,-0.199413,-0.122251
0,0,0.149221,0.014661,0.4681,-0.0284915,-0.194737,-0.11873
0,0,0.111753,0.0469131,0.417656,-0.029607,-0.203744,-0.106795
0,0,0.101462,0.0985812,0.370757,-0.0323651,-0.19177,-0.108907
0,0,0.11937,0.156484,0.435966,-0.0550966,-0.188111,-0.0960895
0,0,0.154053,0.125825,0.476863,-0.0502071,-0.210465,-0.100565
0,0,0.120876,0.0309495,0.471698,-0.0505996,-0.201144,-0.105534
0,0,0.121347,0.0730542,0.490266,-0.0309927,-0.180317,-0.104898
0,0,0.130872,0.165574,0.440398,-0.0293927,-0.173081,-0.0990759
0,0,0.108452,0.194643,0.471107,-0.0312285,-0.195553,-0.102514
0,0,0.197337,0.0717338,0.435129,-0.0200448,-0.177894,-0.105816
0,0,0.167735,0.118597,0.434226,-0.0400629,-0.185206,-0.101301
0,0,0.134248,0.0864625,0.519422,-0.0408844,-0.211564,-0.0906561
0,0,0.105832,0.0853073,0.549267,-0.0371152,-0.205773,-0.090242
0,0,0.174442,0.105848,0.527417,-0.0451927,-0.190182,-0.0938112
0,0,0.18126,0.103647,0.485087,-0.0539534,-0.205686,-0.0907387
0,0,0.145833,0.103173,0.507578,-0.0410728,-0.195783,-0.0960513
0,0,0.193787,0.139365,0.54395,-0.0243475,-0.180538,-0.0987959
0,0,0.175119,0.0748859,0.566947,-0.0441739,-0.200236,-0.106459
0,0,0.121309,0.0952105,0.544987,-0.0409272,-0.193047,-0.103978
0,0,0.125973,0.133401,0.509428,-0.0647599,-0.177616,-0.110775
0,0,0.116873,0.135339,0.529931,-0.065954,-0.192296,-0.111811
0,0,0.146984,0.0664957,0.509099,-0.0488609,-0.197968,-0.10297
0,0,0.143509,0.0927684,0.52622,-0.047761,-0.185087,-0.098384
0,0,0.127269,0.0805902,0.565338,-0.0404642,-0.195644,-0.100974
0,0,0.0990855,0.0428105,0.584861,-0.0160896,-0.232333,-0.0993989
0,0,0.140636,0.111087,0.564864,-0.0494882,-0.20991,-0.0976316
0,0,0.162815,0.14819,0.555297,-0.0469811,-0.189334,-0.0899532
0,0,0.15514,0.121119,0.574225,-0.0557489,-0.207514,-0.0960791
0,0,0.109338,0.145563,0.583266,-0.0622848,-0.204583,-0.0980891
0,0,0.147693,0.0692055,0.617458,-0.0171387,-0.178326,-0.104069
0,0,0.15275,0.0451646,0.574149,-0.027706,-0.199252,-0.11315
0,0,0.141593,0.133601,0.562969,-0.0390407,-0.214317,-0.1155
0,0,0.130639,0.164937,0.571048,-0.00766743,-0.192409,-0.116134
0,0,0.144529,0.0731604,0.570982,-0.0314565,-0.183521,-0.111782
0,0,0.172262,0.0594,0.568642,-0.0396796,-0.192653,-0.112572
0,0,0.145758,0.0964094,0.599287,-0.0391709,-0.194839,-0.107219
0,0,0.0861072,0.0747315,0.655164,-0.0590819,-0.191248,-0.104388
0,0,0.12381,0.0151348,0.63859,-0.0388538,-0.205833,-0.100884
0,0,0.145704,0.00580473,0.622467,-0.0366884,-0.193665,-0.0951484
0,0,0.12173,0.128396,0.623499,-0.0413679,-0.169807,-0.0878608
0,0,0.122994,0.117834,0.62485,-0.0267947,-0.184016,-0.0925519
0,0,0.117742,0.121239,0.626273,-0.0465745,-0.18853,-0.0901815
0,0,0.106457,0.0617556,0.668227,-0.0333041,-0.194103,-0.0925243
0,0,0.0992162,0.028587,0.699369,-0.0472345,-0.185269,-0.0982156
0,0,0.0813158,0.0948778,0.674172,-0.0648571,-0.199496,-0.0953451
0,0,0.134327,0.13203,0.670768,-0.0316934,-0.205901,-0.100063
0,0,0.112513,0.049275,0.623678,-0.0496898,-0.179821,-0.0965818
0,0,0.0881134,0.066461,0.624663,-0.0344212,-0.182908,-0.0927196
0,0,0.109052,0.113806,0.665837,-0.0218857,-0.201055,-0.0944601
0,0,0.110597,0.159418,0.637624,-0.042342,-0.208219,-0.0980906
0,0,0.101573,0.147459,0.655425,-0.0517432,-0.203607,-0.0939217
0,0,0.153782,-0.0236854,0.671901,-0.0275017,-0.196278,-0.10557
0,0,0.104986,0.0324561,0.670698,-0.0696453,-0.219396,-0.0997589
0,0,0.0706259,0.2011,0.611877,-0.080361,-0.214374,-0.106308
0,0,0.138624,0.109111,0.673413,-0.0427915,-0.187276,-0.112483
0,0,0.123447,0.0110158,0.637511,-0.0553889,-0.185394,-0.105639
0,0,0.101912,0.0594761,0.634144,-0.0555108,-0.18426,-0.106175
0,0,0.0780693,0.077028,0.654651,-0.0257575,-0.210802,-0.0962683
0,0,0.134425,0.0834702,0.710281,-0.0207645,-0.186541,-0.102972
0,0,0.170849,0.0733298,0.628905,-0.0332266,-0.170062,-0.0981271
0,0,0.101563,0.0686551,0.658566,-0.0488693,-0.178159,-0.0955053
0,0,0.0471437,0.106498,0.648571,-0.045575,-0.198248,-0.092393
0,0,0.0448296,0.0902631,0.667826,-0.0361427,-0.207104,-0.089794
0,0,0.134587,0.0691955,0.668065,-0.0379917,-0.171302,-0.103016
0,0,0.0982521,0.0692376,0.627403,-0.058022,-0.167702,-0.107367
0,0,0.0335936,0.0969232,0.650602,-0.0682206,-0.185658,-0.101414
0,0,0.0740894,0.0814303,0.637389,-0.04605,-0.212238,-0.106918
0,0,0.103148,0.0761174,0.651117,-0.0402784,-0.208223,-0.105157
0,0,0.117386,0.0447767,0.678178,-0.0414825,-0.201516,-0.100568
0,0,0.0978023,0.0549955,0.649298,-0.0324288,-0.178034,-0.105161
0,0,0.0824528,0.0688151,0.670042,-0.0359343,-0.17606,-0.0937823
0,0,0.0278937,0.0721636,0.65538,-0.036719,-0.183329,-0.0969121
0,0,0.00582098,0.0253637,0.66442,-0.0253782,-0.20395,-0.0926798
0,0,0.0920356,0.0814237,0.625955,-0.0362493,-0.195059,-0.0986203
0,0,0.122935,0.0909269,0.661525,-0.0320998,-0.201949,-0.0980799
0,0,0.0181437,0.0885378,0.65397,-0.0291537,-0.197448,-0.0982593
0,0,0.0940377,0.0792436,0.616181,-0.0320626,-0.18242,-0.0991947
0,0,0.078876,0.019958,0.696221,-0.0308174,-0.195275,-0.104409
0,0,0.0696588,0.0405294,0.679295,-0.0301113,-0.188745,-0.0991244
0,0,0.107426,0.0308278,0.629544,-0.0320209,-0.194729,-0.0996908
0,0,0.117363,-0.00513466,0.57818,-0.0341658,-0.193608,-0.0958597
0,0,0.147364,-0.000585242,0.545262,-0.0311775,-0.177701,-0.0912671
0,0,0.178968,-0.0718367,0.637812,-0.0130668,-0.205393,-0.0955276
0,0,0.184221,-0.0301075,0.633196,-0.0105582,-0.198691,-0.0974544
0,0,0.1759,0.0227433,0.570562,-0.0310613,-0.175047,-0.0987755
0,0,0.0993456,-0.0166153,0.606098,-0.0325433,-0.196737,-0.0984734
0,0,0.0909395,0.00313458,0.616105,-0.0195092,-0.195743,-0.0979517
0,0,0.0875024,0.0124928,0.617533,-0.0283555,-0.198677,-0.0954416
0,0,0.0871299,0.0168603,0.631595,-0.0202377,-0.195769,-0.0907185
0,0,0.0517696,0.00816507,0.646565,-0.0178764,-0.194973,-0.09456
0,0,0.0167711,0.0109068,0.654436,-0.0343873,-0.20388,-0.0951323
0,0,0.0515225,0.0408938,0.6312,-0.038256,-0.193672,-0.0981597
0,0,0.0866265,0.0143273,0.632418,-0.0350125,-0.200954,-0.0992364
0,0,0.10349,0.0106669,0.623334,-0.036526,-0.194739,-0.0983212
0,0,0.0921373,-0.00939109,0.644287,-0.0364617,-0.196373,-0.0971425
0,0,0.0872115,-0.0262383,0.644491,-0.0357689,-0.199944,-0.096992
0,0,0.0831654,0.00600216,0.630901,-0.0294473,-0.19862,-0.0970403
0,0,0.106674,0.0174895,0.609675,-0.0362289,-0.192414,-0.0963825
0,0,0.113035,-0.0201076,0.625493,-0.0279613,-0.192607,-0.101611
0,0,0.097714,-0.0198928,0.629827,-0.0277443,-0.19515,-0.104237
0,0,0.0618511,0.00979194,0.626909,-0.0320756,-0.20713,-0.109619
0,0,0.0593913,0.0217941,0.628825,-0.0274727,-0.197776,-0.109253
0,0,0.0835572,0.0210438,0.620186,-0.0313252,-0.193685,-0.107127
0,0,0.0851825,0.0110674,0.6135,-0.036893,-0.190541,-0.0985713
0,0,0.0630003,0.00959595,0.643509,-0.0355604,-0.200913,-0.0939271
0,0,0.0455979,0.0267271,0.635148,-0.0395929,-0.206269,-0.0931051
0,0,0.0767348,-0.0013096,0.631328,-0.0270441,-0.196297,-0.100355
0,0,0.0971046,-0.0260724,0.637597,-0.0196395,-0.187569,-0.0995334
0,0,0.0962764,-0.0250883,0.626915,-0.0247642,-0.191225,-0.0939319
0,0,0.0550149,0.00219196,0.614754,-0.0347015,-0.201045,-0.0967381
0,0,0.0385502,0.00304669,0.625166,-0.0290729,-0.194019,-0.101984
0,0,0.0535798,-0.00196947,0.623973,-0.0314724,-0.193145,-0.101699
0,0,0.0702565,-0.00790267,0.647638,-0.028322,-0.191408,-0.0989446
0,0,0.0599932,-0.00617116,0.649253,-0.0224771,-0.189981,-0.0992556
0,0,0.064126,0.00229761,0.654012,-0.02781,-0.194055,-0.0943454
0,0,0.0602098,0.00705038,0.653071,-0.0333554,-0.190017,-0.101628
0,0,0.0872873,-0.0196545,0.665195,-0.0265249,-0.185449,-0.0980035
0,0,0.0943305,-0.00786705,0.645801,-0.0258888,-0.196197,-0.0982183
0,0,0.0945579,0.0169687,0.644856,-0.0314928,-0.201665,-0.106042
0,0,0.0902416,0.0108264,0.645784,-0.0316821,-0.212034,-0.101669
0,0,0.0885915,0.0034413,0.645255,-0.0288723,-0.213321,-0.0962082
0,0,0.0844875,0.0115471,0.641227,-0.02836,-0.204931,-0.104373
0,0,0.0676174,0.00436271,0.66106,-0.0353859,-0.207112,-0.103253
0,0,0.0553794,0.0121473,0.655085,-0.0283402,-0.205434,-0.101899
0,0,0.0390021,0.0206652,0.648809,-0.0331331,-0.210597,-0.0913219
0,0,0.0617023,0.000942033,0.634123,-0.0330263,-0.209692,-0.0954576
0,0,0.0731582,0.00575814,0.63755,-0.0323644,-0.211107,-0.101347
0,0,0.0789947,0.00815403,0.648063,-0.0383713,-0.203143,-0.0982377
0,0,0.0841708,0.00542269,0.64386,-0.0266733,-0.198893,-0.0930413
0,0,0.0742928,0.000859359,0.651143,-0.0232461,-0.197411,-0.0974372
0,0,0.0674168,0.0304739,0.643224,-0.0295466,-0.19906,-0.100064
0,0,0.0675811,0.0313984,0.645053,-0.0294301,-0.197188,-0.105139
0,0,0.0702811,0.00686848,0.647556,-0.0281361,-0.193746,-0.105856
0,0,0.0985946,-0.00828234,0.634137,-0.0324349,-0.193287,-0.102968
0,0,0.0860324,0.00824775,0.615997,-0.0346743,-0.198369,-0.104149
0,0,0.0853336,0.0152036,0.631877,-0.0390697,-0.202345,-0.101142
0,0,0.0883287,0.00769726,0.623029,-0.0374189,-0.204717,-0.0961834
0,0,0.0910431,0.0037082,0.607983,-0.0337708,-0.204291,-0.0973002
0,0,0.0833115,-0.00540666,0.604162,-0.0372848,-0.204019,-0.0976651
0,0,0.0782751,-0.00429166,0.625757,-0.0372042,-0.206031,-0.0982673
0,0,0.0936907,0.00617446,0.640244,-0.0352933,-0.202305,-0.0935951
0,0,0.0946486,-0.000655225,0.635113,-0.037914,-0.200514,-0.0949605
0,0,0.0804526,0.00873083,0.617871,-0.0370439,-0.205487,-0.098687
0,0,0.102844,0.000592921,0.632531,-0.0299684,-0.204243,-0.0972093
0,0,0.0904709,0.000852988,0.624694,-0.0293252,-0.200303,-0.102073
0,0,0.0998617,-0.00610263,0.625503,-0.0300042,-0.199337,-0.105147
0,0,0.0844356,-0.00531662,0.62923,-0.0325766,-0.199321,-0.100439
0,0,0.0817557,-0.00141642,0.628636,-0.0318773,-0.198532,-0.104193
0,0,0.0744883,0.0155104,0.641474,-0.0447963,-0.203738,-0.102694
0,0,0.0956151,-0.00566628,0.638499,-0.0439414,-0.212496,-0.0999234
0,0,0.0920084,0.000762638,0.636885,-0.0412211,-0.20658,-0.0919125
0,0,0.0724375,0.00653454,0.62636,-0.040477,-0.197308,-0.0964028
0,0,0.0820676,0.0130367,0.618736,-0.0381535,-0.198101,-0.101018
0,0,0.0755054,0.011382,0.624228,-0.0420126,-0.196759,-0.104464
0,0,0.0782601,0.0145047,0.6129,-0.0356484,-0.195408,-0.101915
0,0,0.0799706,0.00314589,0.62923,-0.0321537,-0.198789,-0.101669
0,0,0.0834921,-7.67708e-06,0.638512,-0.033447,-0.198486,-0.106666
0,0,0.0821674,0.0170345,0.637648,-0.0263494,-0.202888,-0.110869
0,0,0.0782707,0.0137607,0.645326,-0.0291353,-0.199576,-0.100869
0,0,0.0715661,0.0055258,0.647116,-0.0329567,-0.198802,-0.0998184
0,0,0.0778514,0.00144216,0.642988,-0.0317035,-0.20011,-0.101364
0,0,0.0671573,-0.00323527,0.651139,-0.0316295,-0.197966,-0.103237
0,0,0.0676479,-0.00301992,0.655784,-0.0332014,-0.19972,-0.0986844
0,0,0.0820235,0.0173985,0.639288,-0.0300207,-0.196288,-0.0968647
0,0,0.0805007,0.00998517,0.641855,-0.0306562,-0.201285,-0.0967156
0,0,0.0774868,0.00662903,0.633082,-0.0286666,-0.202143,-0.096186
0,0,0.0658459,-0.000129769,0.646219,-0.0304916,-0.202558,-0.0937241
0,0,0.0804607,-0.00855111,0.65286,-0.0256214,-0.203074,-0.0914168
0,0,0.078893,0.00501292,0.647775,-0.0227798,-0.205286,-0.0897253
0,0,0.0830048,-0.0020344,0.653665,-0.0308935,-0.201711,-0.0954205
0,0,0.0954714,-0.0055756,0.659735,-0.0361693,-0.202992,-0.100064
0,0,0.107346,0.00196092,0.66193,-0.0330836,-0.203276,-0.100429
0,0,0.0825023,0.0182836,0.635413,-0.0387269,-0.204486,-0.0982559
0,0,0.0633426,-0.00225249,0.639275,-0.0373264,-0.202727,-0.0947555
0,0,0.0540165,0.0133906,0.629861,-0.0349779,-0.201512,-0.100081
0,0,0.0610295,0.0135659,0.644494,-0.0326312,-0.199631,-0.0947704
0,0,0.0896611,-0.000311179,0.648412,-0.0312691,-0.200303,-0.102307
0,0,0.0828798,0.0100723,0.635888,-0.0360837,-0.201841,-0.106728
0,0,0.0942264,0.0174824,0.63127,-0.0417076,-0.200487,-0.103415
0,0,0.091656,0.0153994,0.634494,-0.0413368,-0.197401,-0.103344
0,0,0.0843542,0.00806472,0.640186,-0.0361431,-0.202852,-0.100359
0,0,0.0859874,0.0375748,0.632909,-0.0303833,-0.206608,-0.098737
0,0,0.096096,0.0431128,0.637692,-0.0256301,-0.208922,-0.0939373
0,0,0.0787834,0.0415915,0.640554,-0.0291021,-0.207439,-0.0945291
0,0,0.0692361,0.00696497,0.648005,-0.0312601,-0.201732,-0.0983218
0,0,0.0788627,1.04834e-05,0.646742,-0.0239404,-0.201043,-0.10075
0,0,0.0790754,-0.00229674,0.635194,-0.0239928,-0.20542,-0.101727
0,0,0.0916167,0.00678841,0.629222,-0.03435,-0.201339,-0.10302
0,0,0.0812151,0.00259569,0.628168,-0.0371551,-0.197546,-0.107935
0,0,0.069626,-0.0121555,0.638345,-0.0362618,-0.203441,-0.109191
0,0,0.0779167,0.00927932,0.633757,-0.0389183,-0.203032,-0.0983503
0,0,0.0832459,0.00736476,0.626559,-0.0373835,-0.203186,-0.0997686
0,0,0.0842328,-0.00966068,0.627434,-0.0284428,-0.200365,-0.105873
0,0,0.0885246,-0.0138163,0.643673,-0.0412936,-0.191801,-0.0986651
0,0,0.0745502,-0.00995564,0.648434,-0.0425655,-0.193982,-0.103763
0,0,0.0658651,-0.00238121,0.644118,-0.0366194,-0.193754,-0.102127
0,0,0.0767324,0.00128918,0.642307,-0.026336,-0.200932,-0.0969547
0,0,0.0707318,-0.00338948,0.650326,-0.027717,-0.205679,-0.0975511
0,0,0.0546937,-0.00326875,0.627569,-0.0423916,-0.198387,-0.095163
0,0,0.0668735,-0.0704333,0.691967,-0.0455493,-0.16372,-0.105831
0,0,0.0945654,-0.187439,0.723889,-0.0100898,-0.193843,-0.114328
0,0,0.0881748,-0.256802,0.712073,-0.0285389,-0.174481,-0.115616
0,0,0.0696883,-0.354086,0.695039,-0.0242537,-0.17127,-0.111398
0,0,0.0818882,-0.417299,0.736741,-0.00793954,-0.170972,-0.110455
0,0,0.0922811,-0.321435,0.64911,-0.0205065,-0.152018,-0.136918
0,0,0.0820256,-0.363821,0.716498,-0.024614,-0.177413,-0.120524
0,0,0.0588009,-0.347221,0.715263,-0.0203125,-0.1806,-0.107867
0,0,0.0805253,-0.239401,0.60651,-0.0391991,-0.173816,-0.132016
0,0,0.0811826,-0.189991,0.566939,-0.0564333,-0.131045,-0.145997
0,0,0.0947545,-0.178934,0.598046,-0.0293527,-0.14742,-0.134274
0,0,0.0805571,-0.181895,0.659148,-0.0254665,-0.171855,-0.129304
0,0,0.0488366,-0.142448,0.625249,-0.0436331,-0.149481,-0.142154
0,0,0.0709185,-0.082012,0.576867,-0.0661515,-0.172189,-0.12093
0,0,0.051054,-0.140853,0.625174,-0.0258125,-0.182545,-0.12758
0,0,0.0548203,-0.106864,0.555908,-0.0540156,-0.165439,-0.114511
0,0,0.101104,-0.0690176,0.476782,-0.0663034,-0.169195,-0.147086
0,0,0.0887813,-0.195914,0.5065,-0.0394562,-0.1969,-0.119711
0,0,0.0704926,-0.15917,0.443456,-0.0399218,-0.175851,-0.138922
0,0,0.127106,-0.0493173,0.40741,-0.0465026,-0.173473,-0.130449
0,0,0.11584,-0.156228,0.484522,-0.0407917,-0.175189,-0.127041
0,0,0.0915705,-0.136572,0.439731,-0.0380483,-0.144133,-0.1477
0,0,0.108758,-0.0383755,0.419148,-0.0419121,-0.174233,-0.1221
0,0,0.0955573,-0.179552,0.508589,-0.0239932,-0.18304,-0.147615
0,0,0.0905311,-0.176162,0.46152,-0.0471505,-0.190631,-0.121837
0,0,0.134326,-0.0377041,0.39595,-0.0602169,-0.161717,-0.137264
0,0,0.124179,-0.190515,0.497042,-0.0385354,-0.199629,-0.111936
0,0,0.0821194,-0.159179,0.495928,-0.0340084,-0.173726,-0.141706
0,0,0.0973933,-0.0503668,0.390938,-0.0716719,-0.191117,-0.131131
0,0,0.0941112,-0.155955,0.42221,-0.0437698,-0.210516,-0.153214
0,0,0.0798609,-0.117133,0.341119,-0.0559755,-0.200681,-0.144479
0,0,0.0974331,-0.218516,0.434794,-0.0178616,-0.178358,-0.125329
0,0,0.0635426,-0.124162,0.342673,-0.043827,-0.196383,-0.135933
0,0,0.0919106,-0.127836,0.32971,-0.042775,-0.196279,-0.120174
0,0,0.10528,-0.189421,0.3364,-0.0274515,-0.163747,-0.125707
0,0,0.136151,-0.203473,0.342693,-0.0443932,-0.185657,-0.136625
0,0,0.102094,-0.218277,0.386693,-0.0434513,-0.184254,-0.12607
0,0,0.133676,-0.208587,0.262578,-0.0510729,-0.182102,-0.141599
0,0,0.115048,-0.0243032,0.264312,-0.0434026,-0.199453,-0.122433
0,0,0.0946681,-0.0264608,0.237068,-0.0639232,-0.187393,-0.116512
0,0,0.109074,0.154421,0.174641,-0.0759348,-0.2074,-0.136303
0,0,0.0938645,0.202787,0.171022,-0.0956793,-0.211627,-0.1366
0,0,0.0787706,0.228153,0.151448,-0.0857758,-0.189784,-0.131581
0,0,0.0738475,0.139531,0.26678,-0.0557963,-0.24832,-0.125619
0,0,0.115894,0.157812,0.166109,-0.0531927,-0.188773,-0.107162
0,0,0.121452,0.196885,0.140384,-0.0502219,-0.215937,-0.124869
0,0,0.0935609,0.257507,0.12326,-0.0505423,-0.212009,-0.0987312
0,0,0.0487934,0.160733,0.219601,-0.0324835,-0.219469,-0.117577
0,0,0.119138,0.0511709,0.167735,-0.0240594,-0.2159,-0.106194
0,0,0.140884,0.00430755,0.33154,0.00639582,-0.234007,-0.103043
0,0,0.114568,0.0363695,0.287022,0.00433823,-0.246285,-0.106753
0,0,0.073072,0.0757787,0.254526,-0.0284349,-0.216644,-0.102429
0,0,0.0613701,-0.0190508,0.357865,0.000416884,-0.265619,-0.111218
0,0,0.0544293,-0.121782,0.357772,0.0087966,-0.234891,-0.0857998
0,0,0.0581185,0.0674359,0.286149,-0.0254509,-0.257232,-0.0946664
0,0,0.115164,-0.0515794,0.461862,0.0185285,-0.25342,-0.0849569
0,0,0.0740715,-0.102131,0.416257,0.00893271,-0.232658,-0.0969854
0,0,0.0348797,0.010123,0.38103,-0.0269396,-0.260742,-0.106844
0,0,0.0448965,-0.0029933,0.514624,-0.0122176,-0.252347,-0.0994351
0,0,0.116955,0.0150816,0.474916,0.00229351,-0.23772,-0.0904386
0,0,0.122243,0.031004,0.457033,0.0176285,-0.197133,-0.0953315
0,0,0.0514068,-0.174869,0.574611,0.025023,-0.241157,-0.0981367
0,0,0.0365696,-0.0761512,0.535076,0.000639297,-0.204012,-0.0806903
0,0,0.0289997,0.105723,0.508972,-0.0144981,-0.250453,-0.0963463
0,0,0.0812892,-0.0171962,0.575715,-0.00435567,-0.241387,-0.0850029
0,0,0.127599,-0.0276433,0.4934,0.00808016,-0.254127,-0.112463
0,0,0.0908835,0.0665184,0.49615,-0.0167112,-0.239224,-0.10031
0,0,0.0439986,-0.140116,0.633499,0.013836,-0.295002,-0.103761
0,0,0.0721083,0.00532103,0.553872,0.0188169,-0.23313,-0.106042
0,0,0.119069,0.0777318,0.585829,-0.000976091,-0.290504,-0.0987639
0,0,0.142189,-0.0191804,0.630217,0.0395284,-0.245038,-0.113828
0,0,0.128868,0.0128878,0.559083,0.0202132,-0.271676,-0.0904646

