0,0,0.235714,-0.0829797,0.573327,0.0430691,-0.223141,-0.0885543
0,0,0.164461,0.037934,0.548027,0.00446689,-0.212595,-0.0805161
0,0,0.143182,-0.0512931,0.597468,0.014437,-0.20985,-0.0781712
0,0,0.144373,-0.102723,0.569529,0.0128568,-0.214242,-0.0912981
0,0,0.129019,-0.0728812,0.556482,0.00612067,-0.217243,-0.0936547
0,0,0.162644,0.0564771,0.460782,-0.00506478,-0.205241,-0.0904224
0,0,0.137504,0.0560984,0.454535,-0.0157525,-0.205705,-0.0884033
0,0,0.100381,-0.0199169,0.512579,-0.00133039,-0.222896,-0.0934038
0,0,0.110075,-0.0215959,0.496756,-0.00741885,-0.224425,-0.089389
0,0,0.138501,0.00611954,0.507301,-0.00778669,-0.230615,-0.0918162
0,0,0.159782,0.056101,0.493353,-0.00169493,-0.222838,-0.0907256
0,0,0.187529,0.0480355,0.50142,-0.00479711,-0.219996,-0.092125
0,0,0.173153,0.0200992,0.505709,-0.0065149,-0.2217,-0.0957733
0,0,0.15541,0.0211428,0.500964,-0.00881808,-0.215215,-0.0967275
0,0,0.150427,0.0609425,0.49962,-0.000749679,-0.219459,-0.0891163
0,0,0.152652,0.0570627,0.484908,-0.00617346,-0.218452,-0.0919125
0,0,0.151194,0.0105799,0.494053,-0.0105235,-0.226338,-0.0921478
0,0,0.146721,0.00529338,0.498658,-0.00760823,-0.230741,-0.0933121
0,0,0.121811,0.0434118,0.495272,-0.0064926,-0.233786,-0.0953957
0,0,0.121,0.00393755,0.515178,-0.00957699,-0.233899,-0.0987399
0,0,0.138729,-0.00956861,0.515688,-0.00940397,-0.233124,-0.0970288
0,0,0.149873,0.0243837,0.522516,-0.00922139,-0.227233,-0.0985596
0,0,0.150958,0.0235469,0.502241,-0.00328274,-0.220289,-0.0965899
0,0,0.138624,0.00477143,0.518613,0.00379121,-0.231323,-0.0969292
0,0,0.142355,0.0204554,0.513829,0.00215286,-0.227768,-0.0903112
0,0,0.140816,0.0375912,0.515796,-0.00549552,-0.230856,-0.0945891
0,0,0.150812,0.0357375,0.520847,-0.00845261,-0.233683,-0.0969872
0,0,0.148429,0.0179757,0.535458,-0.0119725,-0.228994,-0.093516
0,0,0.121742,0.0265628,0.535155,-0.0107774,-0.22997,-0.0931575
0,0,0.106873,0.00954089,0.539982,-0.00464664,-0.224094,-0.0870403
0,0,0.108512,-0.00821317,0.540323,-0.00304528,-0.224197,-0.0840994
0,0,0.120089,-0.00679292,0.530447,-0.00117265,-0.226409,-0.0919665
0,0,0.132073,-0.00700597,0.517272,-0.00683922,-0.224041,-0.0951061
0,0,0.154244,-0.00930831,0.522444,-0.00234744,-0.226843,-0.0955301
0,0,0.144098,-0.00517105,0.516816,-0.00377177,-0.228523,-0.0954461
0,0,0.137131,-0.0144667,0.509869,0.00168823,-0.230063,-0.0947253
0,0,0.14273,-0.0224702,0.528793,-0.000448505,-0.231574,-0.0950594
0,0,0.133232,0.00464626,0.533167,0.00171392,-0.228076,-0.0882815
0,0,0.132795,0.0195437,0.540189,-0.00772753,-0.226402,-0.090886
0,0,0.11769,0.00931069,0.544329,-0.0116039,-0.232102,-0.0934085
0,0,0.11438,0.0107435,0.544851,-0.00785891,-0.22844,-0.093704
0,0,0.126265,0.0142339,0.544847,0.00368169,-0.225356,-0.0959128
0,0,0.133802,0.0255916,0.551925,0.00172313,-0.22406,-0.096236
0,0,0.14646,0.0139544,0.536973,-0.00748865,-0.221841,-0.0908293
0,0,0.137079,0.0105927,0.515664,-0.00727223,-0.228106,-0.0880434
0,0,0.143228,0.00308385,0.521289,-0.00795391,-0.236881,-0.0937792
0,0,0.12979,-0.00149517,0.507999,-0.00280934,-0.241748,-0.099994
0,0,0.135049,0.00312631,0.519375,0.00384448,-0.238351,-0.0997558
0,0,0.135126,0.00374257,0.531194,0.00649213,-0.2382,-0.0969118
0,0,0.131401,-0.00569659,0.542082,-0.00342357,-0.240972,-0.0987144
0,0,0.133089,-0.00164749,0.525771,-0.00502272,-0.238699,-0.10149
0,0,0.144546,0.00734178,0.522101,-0.00946409,-0.237676,-0.0953886
0,0,0.157148,0.0249088,0.534872,-0.0073641,-0.235727,-0.0869347
0,0,0.158123,0.0227709,0.538757,0.00180851,-0.236394,-0.0840381
0,0,0.143502,0.0144198,0.552355,0.000289444,-0.235896,-0.0857338
0,0,0.133227,-0.00487551,0.539796,9.73357e-06,-0.232776,-0.0824527
0,0,0.132494,-0.0112459,0.543585,0.00149975,-0.235775,-0.0864517
0,0,0.139861,-0.0292644,0.536275,0.000723872,-0.235283,-0.0940329
0,0,0.144654,-0.0183681,0.538922,0.00361416,-0.235661,-0.0947513
0,0,0.153349,-0.0188752,0.532371,-0.00137863,-0.23284,-0.0994772
0,0,0.15387,-0.015423,0.527984,-0.0020875,-0.235358,-0.0952874
0,0,0.135049,-0.00708499,0.535748,-0.00246899,-0.242875,-0.093812
0,0,0.126706,-0.0114531,0.538553,-0.00679795,-0.240891,-0.100991
0,0,0.107323,0.0109478,0.544024,-0.00983897,-0.236176,-0.098775
0,0,0.105301,0.0291771,0.558894,-0.00484757,-0.230125,-0.101829
0,0,0.101474,0.0234147,0.561818,-0.00568563,-0.234314,-0.104827
0,0,0.126999,-0.00129446,0.556433,-0.0071057,-0.231846,-0.102575
0,0,0.127539,-0.0109917,0.536195,-0.0123805,-0.243065,-0.105693
0,0,0.124625,-0.0174875,0.532067,-0.00376067,-0.242491,-0.102387
0,0,0.127213,-0.0111596,0.530903,-0.00372989,-0.249594,-0.103727
0,0,0.119412,-0.0220021,0.530828,-0.00407449,-0.251213,-0.103231
0,0,0.115412,-0.0060259,0.530053,-0.00489156,-0.245198,-0.0960769
0,0,0.113505,0.00116164,0.528189,7.08079e-05,-0.241616,-0.0921647
0,0,0.114573,-0.00727897,0.539711,-0.000835143,-0.243356,-0.0935969
0,0,0.116673,-0.000957282,0.534251,0.00224653,-0.237071,-0.0937632
0,0,0.124159,-0.00994629,0.530213,0.00133034,-0.238175,-0.0964936
0,0,0.12464,-0.0175077,0.54559,-0.00261618,-0.23734,-0.0940885
0,0,0.136159,-0.015682,0.55699,-0.00921499,-0.227983,-0.0948927
0,0,0.152056,-0.00510479,0.554216,-0.0067289,-0.228482,-0.093747
0,0,0.150526,-0.012167,0.544501,-0.00190668,-0.232228,-0.0871147
0,0,0.140578,-0.011547,0.545076,-0.00512358,-0.223573,-0.0943611
0,0,0.137705,-0.0110247,0.536745,-0.00279888,-0.216828,-0.0930567
0,0,0.142325,0.00413234,0.528622,-0.00205563,-0.217476,-0.0938187
0,0,0.126124,0.00610458,0.520143,-0.00214564,-0.22136,-0.0950029
0,0,0.131851,0.00834484,0.510871,-0.000131971,-0.228991,-0.0925443
0,0,0.130376,0.00373877,0.512786,-0.00280056,-0.233734,-0.089612
0,0,0.136372,-0.0116951,0.50617,-0.00230603,-0.23094,-0.0860173
0,0,0.123429,-0.0194699,0.504005,-0.0025903,-0.234114,-0.0914098
0,0,0.121369,0.00201556,0.510489,0.000447961,-0.234813,-0.0910397
0,0,0.129903,-0.0103995,0.534763,0.00466463,-0.240492,-0.0877918
0,0,0.149035,-0.000430598,0.54616,0.00304101,-0.240028,-0.0890979
0,0,0.160811,0.00288704,0.554699,-0.0051439,-0.237225,-0.0940732
0,0,0.150435,0.0123617,0.549709,-0.00609931,-0.242883,-0.0986507
0,0,0.153947,0.00183,0.551316,-0.00720579,-0.238838,-0.0981246
0,0,0.141498,9.29164e-05,0.552811,-0.00581857,-0.236631,-0.0948812
0,0,0.149432,0.00771252,0.529947,-0.00208696,-0.236964,-0.0967834
0,0,0.163757,0.00585398,0.529229,-0.00285248,-0.234682,-0.0952995
0,0,0.15326,-0.00129851,0.529535,-0.00827495,-0.232116,-0.0955309
0,0,0.162411,-0.0129758,0.521872,-0.00441795,-0.233307,-0.0933228
0,0,0.147766,-0.00607286,0.530056,-0.000454283,-0.237131,-0.093612
0,0,0.138587,-0.00541617,0.543851,0.0075185,-0.234415,-0.0951645
0,0,0.13,-0.00115005,0.545772,0.0101428,-0.235,-0.0934785
0,0,0.136008,-0.00204731,0.536775,0.00492427,-0.233196,-0.0982172
0,0,0.127991,0.00256336,0.528781,0.00224665,-0.241738,-0.0979032
0,0,0.129913,0.00654769,0.525387,-0.00613289,-0.236477,-0.0938759
0,0,0.144482,0.0108101,0.515969,-0.00254612,-0.232549,-0.0859352
0,0,0.135429,0.0121163,0.510472,-0.00196495,-0.230814,-0.0857281
0,0,0.136007,-0.00681695,0.529505,0.000558064,-0.228156,-0.0883296
0,0,0.133303,-0.0216868,0.545392,0.000252826,-0.228432,-0.0937052
0,0,0.146672,-0.016179,0.542988,0.000100312,-0.228099,-0.0986244
0,0,0.144404,-0.00861122,0.505851,0.00100915,-0.237061,-0.095774
0,0,0.124828,-0.0179574,0.516699,-0.00110285,-0.240505,-0.0946403
0,0,0.119117,-0.00157019,0.52641,-0.00338012,-0.237197,-0.089623
0,0,0.136124,0.00293784,0.512564,0.00494136,-0.234179,-0.0893889
0,0,0.134863,0.021913,0.502268,0.00552065,-0.23019,-0.0967252
0,0,0.136899,0.0156681,0.537865,0.00327208,-0.229667,-0.0973497
0,0,0.139634,0.0124982,0.554604,0.00697666,-0.232583,-0.0914002
0,0,0.135119,-0.00455281,0.539285,0.010906,-0.241174,-0.0879984
0,0,0.124682,-0.00697685,0.545572,0.010373,-0.242279,-0.0900902
0,0,0.126172,-0.00304416,0.531249,0.00941086,-0.240269,-0.0944282
0,0,0.129742,0.00108854,0.53711,0.00463493,-0.239503,-0.092064
0,0,0.13934,0.00241383,0.547207,-0.000169704,-0.238915,-0.093249
0,0,0.139109,5.51287e-05,0.550337,-0.00173264,-0.23927,-0.0855889
0,0,0.133404,-0.0074786,0.551631,0.000313201,-0.243766,-0.0895393
0,0,0.125187,-0.00793793,0.547597,-0.00460055,-0.246039,-0.0820783
0,0,0.108652,-0.0281573,0.560765,-0.00799148,-0.236462,-0.0869266
0,0,0.117718,-0.0245067,0.545666,-0.0179153,-0.222176,-0.0899595
0,0,0.142632,-0.0618263,0.49975,-0.0273599,-0.222793,-0.0933942
0,0,0.165574,-0.0702813,0.431622,-0.0445662,-0.176885,-0.0965394
0,0,0.180688,-0.23376,0.491892,-0.0212498,-0.168788,-0.0924117
0,0,0.15274,-0.348542,0.625211,0.00726924,-0.199866,-0.0988143
0,0,0.154889,-0.314738,0.529859,-0.0360342,-0.153269,-0.0971767
0,0,0.150623,-0.148191,0.563622,-0.0391037,-0.149156,-0.0985192
0,0,0.164021,-0.202164,0.57547,-0.0387838,-0.151608,-0.100515
0,0,0.149699,-0.276154,0.576803,-0.0318286,-0.152097,-0.111087
0,0,0.138153,-0.270131,0.570424,-0.0366551,-0.146229,-0.111345
0,0,0.134321,-0.233434,0.551388,-0.0312177,-0.146281,-0.105208
0,0,0.144854,-0.128359,0.58278,-0.0375665,-0.133058,-0.11241
0,0,0.136432,-0.185299,0.572516,-0.037328,-0.154552,-0.117839
0,0,0.144679,-0.112401,0.570638,-0.0481013,-0.171913,-0.119294
0,0,0.145865,-0.116533,0.608257,-0.0502864,-0.181977,-0.114913
0,0,0.142934,-0.154032,0.636796,-0.0203357,-0.197747,-0.106539
0,0,0.150331,-0.148472,0.597711,-0.044783,-0.193216,-0.105931
0,0,0.176918,-0.120823,0.598554,-0.0219253,-0.16305,-0.125124
0,0,0.173314,-0.193512,0.609391,-0.0395122,-0.166653,-0.142125
0,0,0.143652,-0.19427,0.651793,-0.0220141,-0.177956,-0.134247
0,0,0.123874,-0.146493,0.663358,-0.0507509,-0.166922,-0.12306
0,0,0.108922,-0.224954,0.689361,-0.0408445,-0.1706,-0.107791
0,0,0.100087,-0.172111,0.643192,-0.0584171,-0.169253,-0.100947
0,0,0.156758,-0.125284,0.607291,-0.0453214,-0.155494,-0.120271
0,0,0.155589,-0.235749,0.658039,-0.0475606,-0.157439,-0.135545
0,0,0.171216,-0.173273,0.666626,-0.0301702,-0.187013,-0.131415
0,0,0.1544,-0.185287,0.69219,-0.0231894,-0.190154,-0.118143
0,0,0.126988,-0.194758,0.638032,-0.0393181,-0.183902,-0.104714
0,0,0.127104,-0.121465,0.626547,-0.0529397,-0.167557,-0.11289
0,0,0.158281,-0.12414,0.660692,-0.053852,-0.153759,-0.137201
0,0,0.156098,-0.162597,0.743432,-0.0272524,-0.166914,-0.145824
0,0,0.128189,-0.193824,0.747797,-0.0251408,-0.178176,-0.125041
0,0,0.129171,-0.179777,0.638637,-0.0299417,-0.17046,-0.11153
0,0,0.144869,-0.174472,0.679933,-0.035078,-0.190375,-0.130874
0,0,0.1661,-0.210687,0.691918,-0.0129141,-0.175753,-0.149436
0,0,0.154739,-0.2685,0.674529,-0.0335907,-0.165902,-0.12906
0,0,0.139089,-0.269088,0.668222,-0.0174916,-0.173312,-0.109143
0,0,0.103768,-0.266995,0.644989,-0.0359795,-0.163613,-0.119837
0,0,0.127818,-0.157692,0.632714,-0.0288315,-0.179324,-0.145559
0,0,0.157405,-0.156527,0.637348,-0.0365734,-0.173459,-0.129379
0,0,0.164923,-0.114759,0.660527,-0.0109765,-0.168842,-0.122178
0,0,0.146628,-0.203719,0.680446,-0.0305281,-0.180211,-0.136596
0,0,0.108624,-0.132148,0.652087,-0.0306974,-0.174598,-0.147713
0,0,0.117397,-0.097293,0.642119,-0.0490186,-0.155304,-0.141907
0,0,0.118169,-0.119482,0.656168,-0.0196526,-0.18263,-0.123864
0,0,0.133044,-0.24612,0.69763,-0.00343122,-0.196658,-0.133802
0,0,0.13534,-0.187803,0.615089,-0.00838393,-0.169634,-0.142821
0,0,0.133567,-0.135916,0.606485,-0.025048,-0.195227,-0.127796
0,0,0.130516,-0.161659,0.62974,-0.029602,-0.180937,-0.11058
0,0,0.171762,-0.220134,0.69408,-0.00469786,-0.184953,-0.126115
0,0,0.177804,-0.263464,0.710987,-0.00782971,-0.205206,-0.133145
0,0,0.172245,-0.231655,0.660764,-0.0202261,-0.172874,-0.106382
0,0,0.140519,-0.212211,0.614356,-0.0428411,-0.171634,-0.121362
0,0,0.126178,-0.18423,0.656311,-0.0301248,-0.19209,-0.136957
0,0,0.159392,-0.163819,0.693038,-0.0273004,-0.197575,-0.125989
0,0,0.160654,-0.239276,0.637391,-0.0304691,-0.193251,-0.128522
0,0,0.168268,-0.203438,0.625519,-0.0403985,-0.1816,-0.140325
0,0,0.182226,-0.259225,0.611277,-0.0108889,-0.179053,-0.124317
0,0,0.186515,-0.25721,0.65775,-0.028797,-0.202027,-0.115125
0,0,0.15055,-0.275476,0.592708,-0.0313687,-0.178734,-0.138248
0,0,0.162224,-0.214823,0.621112,-0.0430539,-0.178798,-0.143301
0,0,0.156682,-0.285065,0.604251,-0.0289395,-0.180746,-0.118319
0,0,0.149607,-0.289475,0.610405,-0.0358572,-0.194086,-0.1325
0,0,0.181035,-0.243902,0.555367,-0.03334,-0.181333,-0.138944
0,0,0.200757,-0.263827,0.531523,-0.0150546,-0.173317,-0.117297
0,0,0.194356,-0.191508,0.552352,-0.0367325,-0.189084,-0.140817
0,0,0.202851,-0.27009,0.547977,-0.02334,-0.182886,-0.143285
0,0,0.151772,-0.235641,0.53131,-0.0601207,-0.201179,-0.10924
0,0,0.155277,-0.240906,0.541309,-0.0283104,-0.190931,-0.131651
0,0,0.163317,-0.32653,0.530641,-0.0375472,-0.184999,-0.129721
0,0,0.163308,-0.314072,0.538201,-0.0204994,-0.210145,-0.118044
0,0,0.194058,-0.351499,0.518109,-0.0125472,-0.171679,-0.1413
0,0,0.202697,-0.277517,0.461865,-0.0322229,-0.171499,-0.131342
0,0,0.141698,-0.259336,0.510345,-0.0249724,-0.177362,-0.116082
0,0,0.13517,-0.354791,0.533693,-0.0259026,-0.196335,-0.144566
0,0,0.133991,-0.292662,0.508202,-0.034255,-0.177444,-0.123356
0,0,0.144174,-0.336672,0.457833,-0.0441982,-0.170308,-0.134009
0,0,0.191749,-0.372918,0.481031,-0.0279144,-0.163427,-0.130456
0,0,0.231254,-0.390509,0.501349,-0.00606064,-0.175659,-0.113086
0,0,0.160707,-0.362637,0.41642,-0.0458114,-0.169403,-0.141073
0,0,0.155269,-0.294022,0.332291,-0.0436395,-0.180436,-0.129721
0,0,0.156924,-0.116827,0.318405,-0.0483085,-0.210195,-0.116619
0,0,0.150767,-0.0267646,0.323133,-0.0512825,-0.214264,-0.120864
0,0,0.174353,0.0467343,0.217823,-0.0703599,-0.199385,-0.122469
0,0,0.185859,-0.0462418,0.28571,-0.0412668,-0.201806,-0.122257
0,0,0.149419,-0.155238,0.359358,-0.00561954,-0.231522,-0.125088
0,0,0.141401,-0.160504,0.359983,-0.0185838,-0.233037,-0.125881
0,0,0.156798,-0.0940156,0.279374,-0.0347229,-0.213436,-0.123562
0,0,0.155736,-0.119048,0.306461,-0.00209934,-0.218965,-0.124068
0,0,0.168103,-0.127917,0.352404,-0.0121432,-0.230681,-0.101562
0,0,0.175337,-0.104344,0.296021,-0.00200217,-0.222194,-0.110122
0,0,0.16945,-0.0691293,0.279433,-0.0230108,-0.22777,-0.117023
0,0,0.14311,-0.104664,0.410222,0.0168381,-0.239732,-0.0934646
0,0,0.160136,-0.151692,0.449141,0.00908323,-0.241461,-0.1058
0,0,0.145922,-0.136717,0.357612,0.00752231,-0.232413,-0.111257
0,0,0.164975,-0.180742,0.376549,0.00582415,-0.23089,-0.0812209
0,0,0.166797,-0.20564,0.421929,0.0151859,-0.234399,-0.103764
0,0,0.157528,-0.108502,0.528273,0.0296063,-0.271414,-0.116209
0,0,0.126116,-0.126309,0.487599,0.0226081,-0.266843,-0.0995841
0,0,0.134691,-0.182878,0.438302,0.0156635,-0.23746,-0.116674
0,0,0.143442,-0.165804,0.490434,0.0176619,-0.244696,-0.112695
0,0,0.161095,-0.253793,0.609923,0.0550939,-0.26201,-0.0832607
0,0,0.17225,-0.238604,0.515713,0.00484455,-0.260039,-0.102071
0,0,0.153575,-0.196666,0.450044,0.00665308,-0.235465,-0.0840844
0,0,0.135227,-0.242971,0.573879,0.0212303,-0.259233,-0.0754341
0,0,0.134242,-0.203187,0.655851,0.027246,-0.259977,-0.0962563
0,0,0.120998,-0.183079,0.56998,0.00426807,-0.23754,-0.0928414
0,0,0.184972,-0.102808,0.494876,0.016005,-0.229039,-0.0777407
0,0,0.17467,-0.145067,0.583375,0.02134,-0.231291,-0.0920476
0,0,0.168788,-0.215291,0.702586,0.0365174,-0.273126,-0.0989598
0,0,0.136333,-0.0620389,0.584148,0.00638791,-0.266746,-0.0868588
0,0,0.116345,-0.0994359,0.568311,0.00407621,-0.25147,-0.0976052
0,0,0.156139,-0.146797,0.606111,0.0478193,-0.246999,-0.10606
0,0,0.172808,-0.220858,0.701068,0.0257536,-0.24558,-0.0869261
0,0,0.151262,-0.0966396,0.618618,0.0277933,-0.239126,-0.0823785
0,0,0.175981,-0.0978346,0.568662,0.0196422,-0.231416,-0.104847
0,0,0.156735,-0.0858212,0.555513,0.00796887,-0.229018,-0.0973324
0,0,0.150891,-0.185238,0.695606,0.0289536,-0.284393,-0.0860515
0,0,0.125333,-0.127424,0.675766,0.044052,-0.269762,-0.0980819
0,0,0.0958322,-0.0859424,0.614236,0.000651328,-0.256344,-0.0993401
0,0,0.0976614,-0.114725,0.639348,0.0105281,-0.250534,-0.0750182
0,0,0.146791,-0.12915,0.740558,0.0438202,-0.245542,-0.081738
0,0,0.147709,-0.0784491,0.741164,0.0574658,-0.264753,-0.101764
0,0,0.159003,-0.0724299,0.648661,0.034895,-0.249602,-0.0985397
0,0,0.178098,0.0174008,0.579012,0.0225937,-0.233597,-0.0838033
0,0,0.128382,-0.135117,0.684328,0.023912,-0.265292,-0.0864712
0,0,0.103375,-0.112403,0.752949,0.0442235,-0.268526,-0.103608
0,0,0.113339,-0.103088,0.722759,0.0562351,-0.263843,-0.0996232
0,0,0.164974,-0.0604844,0.609773,0.00363576,-0.207966,-0.0874648
0,0,0.171779,0.00307104,0.609926,0.019231,-0.199435,-0.0944799
0,0,0.181908,-0.0244016,0.740102,0.0384519,-0.232177,-0.108459
0,0,0.155228,-0.0621568,0.753671,0.0576456,-0.248112,-0.0894839
0,0,0.117653,-0.0266285,0.689631,0.0338271,-0.242728,-0.072086
0,0,0.0975978,-0.0495343,0.647355,0.0204521,-0.254462,-0.0729241
0,0,0.162396,-0.0114227,0.655667,0.000364536,-0.241588,-0.0871689
0,0,0.139606,-0.0433308,0.796772,0.0390086,-0.263027,-0.0965991
0,0,0.128214,-0.123045,0.782574,0.0121671,-0.2669,-0.0915785
0,0,0.15134,-0.0503749,0.688914,0.0350155,-0.241129,-0.0753526
0,0,0.169326,0.0166765,0.630986,-0.0027307,-0.229821,-0.0936027
0,0,0.165567,-0.0143175,0.678502,0.0201498,-0.242425,-0.104187
0,0,0.16009,-0.00328472,0.728835,0.0356841,-0.238435,-0.0964918
0,0,0.119746,-0.0513667,0.775316,0.0305883,-0.255248,-0.0905389
0,0,0.0778911,-0.046479,0.695494,0.00471389,-0.251823,-0.0864028
0,0,0.134814,0.0706026,0.615012,0.0072702,-0.222303,-0.0925235
0,0,0.166628,0.0464136,0.626242,0.0101178,-0.21762,-0.103503
0,0,0.186211,0.019133,0.758415,0.0439279,-0.272241,-0.103223
0,0,0.159079,-0.0507293,0.739549,0.0438212,-0.268688,-0.0926252
0,0,0.124251,-0.0158118,0.700494,0.00403444,-0.263978,-0.0824312
0,0,0.114045,0.0229886,0.666566,-0.00256717,-0.267834,-0.0833086
0,0,0.177496,0.0750313,0.60419,-0.00499357,-0.231947,-0.102163
0,0,0.196845,0.0478518,0.636515,0.0327463,-0.24097,-0.114209
0,0,0.185503,0.0327712,0.711986,0.0185749,-0.268211,-0.114533
0,0,0.142123,0.00689432,0.725513,0.0399212,-0.260632,-0.0982895
0,0,0.131756,0.0846359,0.628371,0.00691562,-0.231274,-0.0818065
0,0,0.152718,0.0955719,0.595357,0.0158069,-0.235406,-0.0858611
0,0,0.158138,0.0888593,0.573385,-0.00251626,-0.219724,-0.097941
0,0,0.158099,0.0615143,0.666674,0.0378093,-0.25019,-0.100491
0,0,0.125921,0.0824637,0.660226,0.0394034,-0.256984,-0.107842
0,0,0.128681,0.0628968,0.574512,0.000860609,-0.234577,-0.095218
0,0,0.153854,0.0800338,0.525009,-0.0145044,-0.236863,-0.092311
0,0,0.166201,0.0772205,0.562459,0.0152957,-0.248457,-0.0846114
0,0,0.170833,-0.0413693,0.618125,0.00714781,-0.246305,-0.0785712
0,0,0.15986,-0.102147,0.643652,0.0285769,-0.257828,-0.0813582
0,0,0.122995,-0.153686,0.659899,0.0321583,-0.257647,-0.085698
0,0,0.14202,-0.0991965,0.604356,0.0108031,-0.234525,-0.0857496
0,0,0.15715,-0.157585,0.665062,0.0163186,-0.252755,-0.0861055
0,0,0.14394,-0.209102,0.638654,0.0125911,-0.24488,-0.0957109
0,0,0.132742,-0.126364,0.560882,-0.00215866,-0.230892,-0.0942077
0,0,0.104279,-0.0956195,0.542992,-0.00230562,-0.231476,-0.0898262
0,0,0.138817,-0.0555298,0.512066,-0.00957629,-0.223177,-0.0865872
0,0,0.135996,-0.0181219,0.523885,-0.00391004,-0.223767,-0.084397
0,0,0.145641,0.0306673,0.537913,-0.00681705,-0.220379,-0.0849212
0,0,0.138157,0.0543434,0.521894,-0.0119113,-0.222837,-0.0867766
0,0,0.142343,0.0497031,0.54246,-0.00577482,-0.219361,-0.0932917
0,0,0.155383,0.0781634,0.537805,-0.000710646,-0.23072,-0.0944842
0,0,0.160012,0.0601379,0.528266,0.000108912,-0.226345,-0.0972765
0,0,0.147775,-0.00591919,0.52293,0.00335618,-0.218786,-0.101466
0,0,0.152138,0.00146198,0.515854,0.00174351,-0.225008,-0.0986053
0,0,0.131224,0.0121897,0.510186,-0.0109257,-0.233871,-0.0910143
0,0,0.138404,-0.00742585,0.506978,-0.012215,-0.231915,-0.0908089
0,0,0.129089,0.000491463,0.515744,-0.00771469,-0.23496,-0.0855562
0,0,0.114601,0.0378264,0.527015,-0.00728265,-0.239704,-0.0882791
0,0,0.114219,0.0432992,0.528518,-0.00586514,-0.233887,-0.0842903
0,0,0.144686,0.0360663,0.542503,-0.00844313,-0.236524,-0.0906803
0,0,0.148192,0.0557722,0.541667,-0.00361169,-0.231816,-0.0965884
0,0,0.152026,0.0508948,0.543353,-0.00190958,-0.238278,-0.0980891
0,0,0.130184,0.0408173,0.549,0.00280303,-0.240501,-0.102389
0,0,0.132978,0.0349495,0.55559,-0.00310827,-0.241703,-0.0988371
0,0,0.129619,0.00767916,0.539416,-0.00256526,-0.231315,-0.0956061
0,0,0.125221,-0.000372985,0.55606,-0.00344632,-0.23583,-0.0986468
0,0,0.13507,0.00107572,0.555469,-0.00136219,-0.239941,-0.0972624
0,0,0.135197,-0.0207288,0.540243,-0.00401894,-0.234875,-0.0907606
0,0,0.129162,-0.012421,0.534549,-0.00167735,-0.227679,-0.0927603
0,0,0.121096,0.00938861,0.51748,0.000152809,-0.234316,-0.101409
0,0,0.141932,0.0109713,0.528513,-0.00235677,-0.241561,-0.0983364
0,0,0.141562,0.023066,0.522192,0.00026456,-0.242467,-0.0996267
0,0,0.128511,0.0136032,0.541713,0.00323732,-0.239548,-0.0981492
0,0,0.137145,0.0185633,0.541217,0.00275584,-0.23442,-0.0949459
0,0,0.137038,0.0140786,0.534258,-0.000289743,-0.221094,-0.0952921
0,0,0.140093,0.00626339,0.534501,-0.00224457,-0.226532,-0.103553
0,0,0.138957,-0.000383881,0.549923,-0.00577789,-0.225354,-0.103058
0,0,0.146648,7.36597e-05,0.538615,-0.00566563,-0.234784,-0.0979746
0,0,0.145126,-0.00326373,0.54258,-0.00256858,-0.236716,-0.0954663
0,0,0.139371,0.0159866,0.547189,-0.00443365,-0.233243,-0.0968621
0,0,0.140369,0.00973365,0.540335,-0.00263701,-0.244906,-0.0979976
0,0,0.136857,0.00892252,0.545015,-0.00178366,-0.24659,-0.0944787
0,0,0.136126,0.0171174,0.56693,0.000984608,-0.243892,-0.0901107
0,0,0.15343,0.0274954,0.561188,-0.00329299,-0.240608,-0.0904805
0,0,0.14914,0.0295557,0.549052,-0.00200639,-0.239529,-0.0903036
0,0,0.153983,0.0301206,0.552517,-0.00511941,-0.24085,-0.0952211
0,0,0.148965,0.0314302,0.541525,-0.00710019,-0.238594,-0.0967701
0,0,0.140883,0.0201433,0.519588,-0.00145235,-0.237726,-0.0956839
0,0,0.135131,-0.00239672,0.511719,-0.0057892,-0.240999,-0.09641
0,0,0.129249,-0.0100897,0.528133,-0.00561727,-0.243471,-0.0943994
0,0,0.128797,-0.00655364,0.515222,0.00246209,-0.245651,-0.0887786
0,0,0.119469,-0.00646459,0.515425,0.00126019,-0.240705,-0.0919375
0,0,0.145466,0.0238489,0.527484,-0.00275657,-0.235352,-0.0976542
0,0,0.14974,0.0159461,0.541591,-0.00431088,-0.2357,-0.101139
0,0,0.144439,0.0462762,0.544185,-0.00183333,-0.234111,-0.101163
0,0,0.145378,0.0523996,0.545832,-0.00620523,-0.237422,-0.0986813
0,0,0.149543,0.0291319,0.534112,-0.00267718,-0.229542,-0.0927628
0,0,0.153274,0.0259983,0.53352,-0.000980808,-0.235906,-0.0946315
0,0,0.158506,0.0240826,0.539119,-0.00707996,-0.242257,-0.0982161
0,0,0.150296,0.00268779,0.532824,-0.00404613,-0.245089,-0.0965526
0,0,0.127105,-0.00481117,0.542967,-0.00330573,-0.247834,-0.0975676
0,0,0.135152,-0.0142605,0.544783,0.00127399,-0.247893,-0.100441
0,0,0.119295,-0.00622371,0.535143,7.44162e-05,-0.234052,-0.0949148
0,0,0.123632,-0.000900306,0.52354,-0.00282264,-0.23203,-0.0962612
0,0,0.119487,0.00172722,0.538808,-0.000939693,-0.233326,-0.0929257
0,0,0.123811,0.0081201,0.537941,0.00405072,-0.233616,-0.0942534
0,0,0.13219,0.0173913,0.557077,-0.00396059,-0.23132,-0.0883754
0,0,0.125946,-0.0058408,0.54667,-0.00717187,-0.236723,-0.0878269
0,0,0.128976,-0.0159974,0.532129,-0.00712053,-0.240051,-0.0876499
0,0,0.158635,-0.0212777,0.540558,-0.00185503,-0.246176,-0.0935244
0,0,0.153638,-0.016962,0.539111,-0.00202342,-0.239689,-0.0979593
0,0,0.152676,-0.00653964,0.529355,-0.00877456,-0.236974,-0.106171
0,0,0.11349,-0.0167813,0.532382,-0.018611,-0.238753,-0.0949558
0,0,0.108743,-0.00537041,0.537797,-0.0174302,-0.240803,-0.0895073
0,0,0.155828,-0.00158125,0.542463,-0.015978,-0.244211,-0.0950213
0,0,0.140137,0.00643091,0.541422,-0.0134649,-0.239105,-0.0947875
0,0,0.146905,0.0287468,0.559707,-0.0083052,-0.239557,-0.10249
0,0,0.147775,0.0205816,0.546208,0.00416965,-0.235715,-0.103902
0,0,0.141013,0.0156027,0.559233,0.00297803,-0.23016,-0.103559
0,0,0.135521,0.0227261,0.542817,0.00288485,-0.236722,-0.106378
0,0,0.13455,0.0330147,0.524279,-0.00262013,-0.240333,-0.0995453
0,0,0.145943,0.0263062,0.531951,-0.0111818,-0.236856,-0.0993911
0,0,0.0983544,0.0145669,0.543872,-0.0157332,-0.236043,-0.0942644
0,0,0.098835,0.00942603,0.542797,-0.0103425,-0.234781,-0.0954873
0,0,0.107783,0.00050502,0.53925,-0.0117929,-0.23309,-0.0891049
0,0,0.124524,0.00131143,0.536097,-0.00461661,-0.231592,-0.0985094
0,0,0.139697,-0.0034554,0.540347,-0.00534393,-0.233251,-0.102427
0,0,0.132599,-0.000936765,0.537922,-0.00533506,-0.237706,-0.0961301
0,0,0.135068,-0.00848327,0.531885,-0.000519864,-0.232197,-0.0948607
0,0,0.15733,-0.00598418,0.532447,0.000979607,-0.225578,-0.0903174
0,0,0.156173,-0.00322698,0.53115,-0.00273678,-0.226021,-0.0952218
0,0,0.134817,0.0212663,0.546215,-0.00716272,-0.240124,-0.100985
0,0,0.13415,0.00814045,0.537421,-0.0148186,-0.232344,-0.105209
0,0,0.139353,0.0169677,0.542737,-0.00707915,-0.232919,-0.1018
0,0,0.142467,0.0344185,0.526875,-0.00939956,-0.228485,-0.101954
0,0,0.156781,0.0317462,0.525609,-0.00755604,-0.236687,-0.0944088
0,0,0.156594,-0.00463484,0.554401,0.00627623,-0.230431,-0.100712
0,0,0.157584,-0.014935,0.53872,0.00596746,-0.232198,-0.0974239
0,0,0.16338,-0.00416213,0.540471,0.00217,-0.238374,-0.0950394
0,0,0.166656,0.0133665,0.541712,-0.00484446,-0.242983,-0.0882779
0,0,0.161553,0.0405317,0.511555,-0.0114284,-0.23655,-0.0856619
0,0,0.142993,0.0795587,0.35677,-0.042928,-0.207284,-0.0911325
0,0,0.0603514,0.0405686,0.308037,-0.039524,-0.198797,-0.0983867
0,0,0.0904656,-0.0179809,0.350721,-0.0265485,-0.187473,-0.0988303
0,0,0.0990179,-0.309081,0.446461,-0.0204793,-0.214271,-0.0968971
0,0,0.0870338,-0.300227,0.3991,-0.0293778,-0.185286,-0.0945801
0,0,0.0921828,-0.106175,0.282073,-0.0558501,-0.176468,-0.109378
0,0,0.0839115,-0.064304,0.384693,-0.0542078,-0.187545,-0.131529
0,0,0.0955238,-0.135696,0.354941,-0.0341254,-0.193846,-0.134994
0,0,0.140311,-0.0198292,0.238805,-0.0411551,-0.155151,-0.114413
0,0,0.0671657,-0.0653092,0.269448,-0.0474777,-0.186823,-0.104337
0,0,0.117329,-0.0956561,0.256046,-0.0204841,-0.177463,-0.125391
0,0,0.0679417,-0.00296881,0.284492,-0.0619776,-0.181255,-0.144158
0,0,0.115126,-0.0792801,0.34112,-0.0342754,-0.189273,-0.132805
0,0,0.0794096,0.00264969,0.213676,-0.0307985,-0.165994,-0.111977
0,0,0.0965635,-0.00893175,0.101492,-0.08015,-0.163268,-0.107886
0,0,0.017199,-0.117931,0.238567,-0.0398711,-0.178183,-0.129315
0,0,0.0516266,-0.0253986,0.10002,-0.081055,-0.156768,-0.121476
0,0,0.0522557,-0.0883957,0.171603,-0.0512122,-0.14639,-0.103468
0,0,0.0837593,-0.0858608,0.135829,-0.0280713,-0.150577,-0.106713
0,0,0.0265565,-0.00928693,0.0229799,-0.0703903,-0.157837,-0.124091
0,0,0.0533141,-0.0491964,0.0983998,-0.0405873,-0.14769,-0.129011
0,0,0.0655695,0.0312778,0.0315951,-0.07623,-0.151987,-0.11847
0,0,0.0304263,0.109596,0.0536921,-0.0658846,-0.139848,-0.134303
0,0,0.0509619,-0.0776099,0.16723,-0.0449255,-0.167683,-0.132319
0,0,0.0130025,0.0473772,0.0752819,-0.0813556,-0.136835,-0.107546
0,0,-0.0128058,0.00683164,0.0853307,-0.0650895,-0.174879,-0.1356
0,0,0.0444977,0.0437531,0.027625,-0.0588878,-0.149941,-0.122637
0,0,0.0333542,0.104617,-0.0420852,-0.0654285,-0.134822,-0.121748
0,0,0.0428872,-0.0333175,0.0539404,-0.0698934,-0.163429,-0.150012
0,0,-0.026617,-0.00638902,0.0141374,-0.0630964,-0.163681,-0.129697
0,0,0.0468316,0.0352158,-0.0914144,-0.0615122,-0.127578,-0.127872
0,0,-0.0165269,0.0231877,-0.074153,-0.0706629,-0.125271,-0.136293
0,0,0.0343078,0.0361844,0.0540737,-0.0526824,-0.133842,-0.112878
0,0,0.0225673,0.0186305,-0.0295895,-0.0712563,-0.138899,-0.137686
0,0,0.0370082,0.0606256,-0.0731398,-0.071203,-0.130421,-0.144397
0,0,0.0149782,0.0444935,0.0282351,-0.0419998,-0.141812,-0.144104
0,0,-0.0337511,-0.0114273,0.00436287,-0.0512533,-0.156307,-0.131281
0,0,0.0110839,0.0575604,-0.0709528,-0.0857715,-0.1361,-0.12016
0,0,-0.0378044,-0.00203452,-0.108721,-0.100365,-0.115652,-0.137968
0,0,0.0127784,-0.0236377,-0.0221679,-0.074033,-0.125364,-0.132237
0,0,0.0197726,-0.00608326,-0.0945346,-0.0776805,-0.137315,-0.14616
0,0,0.00206678,0.0297209,-0.12261,-0.0795698,-0.13977,-0.13012
0,0,-0.00938038,-0.088113,-0.0697855,-0.0713973,-0.136713,-0.121373
0,0,-0.00535454,0.00423554,0.00617885,-0.049381,-0.144162,-0.145138
0,0,0.0017943,0.0562487,-0.0833354,-0.0913807,-0.112133,-0.131626
0,0,0.0148511,0.0958703,-0.114551,-0.0908297,-0.101919,-0.136675
0,0,0.047821,0.019505,-0.0387413,-0.0735433,-0.125108,-0.113755
0,0,0.0219757,0.0318245,-0.00907183,-0.0713989,-0.139125,-0.138144
0,0,-0.0348633,-0.0591602,0.0150857,-0.0686673,-0.158962,-0.140057
0,0,0.0113068,0.0184534,-0.123652,-0.104375,-0.126127,-0.114864
0,0,-0.0022379,0.0109769,0.0119921,-0.0778694,-0.129354,-0.115693
0,0,-0.0026153,0.0318209,-0.00877608,-0.0823688,-0.132088,-0.119148
0,0,-0.0426786,-0.0419724,0.0124359,-0.0770979,-0.139302,-0.134669
0,0,-0.0147015,-0.0663744,-0.0755287,-0.10343,-0.114643,-0.111175
0,0,0.0125258,-0.0231846,-0.0574741,-0.0975792,-0.107669,-0.130382
0,0,0.0105662,-0.0230304,0.0034777,-0.0847905,-0.12328,-0.139973
0,0,-0.0696426,-0.0312733,0.059629,-0.0746696,-0.138492,-0.12082
0,0,-0.125884,-0.10764,-0.0297015,-0.0946632,-0.132234,-0.120432
0,0,-0.0950758,-0.185266,-0.0114975,-0.0934612,-0.116833,-0.132328
0,0,-0.0352154,-0.125119,0.0366918,-0.0992642,-0.123512,-0.130719
0,0,-0.0278642,-0.130031,0.117893,-0.101281,-0.116736,-0.139436
0,0,-0.0366043,-0.179892,0.112833,-0.111264,-0.142573,-0.152911
0,0,0.000655627,-0.205117,0.0627185,-0.128127,-0.137531,-0.139821
0,0,0.0347078,-0.206553,0.0678938,-0.111233,-0.150986,-0.144377
0,0,0.0631829,-0.198067,0.12241,-0.0973155,-0.152731,-0.130179
0,0,0.0648724,-0.150205,0.107902,-0.0852987,-0.149142,-0.124174
0,0,0.0774491,-0.169129,0.095899,-0.113379,-0.130319,-0.140951
0,0,0.162392,-0.105162,0.065683,-0.115588,-0.116442,-0.139716
0,0,0.183708,-0.0188325,0.0849151,-0.102096,-0.127614,-0.124273
0,0,0.243016,0.061608,0.148326,-0.100431,-0.142827,-0.14511
0,0,0.265071,0.0854517,0.0771312,-0.113231,-0.109644,-0.138969
0,0,0.289424,0.0192152,0.172832,-0.0669672,-0.123008,-0.132078
0,0,0.252496,-0.0193912,0.256527,-0.049273,-0.178069,-0.126339
0,0,0.255199,0.0289207,0.245917,-0.0530587,-0.189738,-0.125075
0,0,0.271782,0.034009,0.366329,-0.037728,-0.210889,-0.082806
0,0,0.211154,0.0421673,0.372393,-0.0127826,-0.218787,-0.0965879
0,0,0.192779,0.065361,0.346751,-0.00359147,-0.208869,-0.101363
0,0,0.168651,-0.0340166,0.437015,-0.00211454,-0.24814,-0.0927206
0,0,0.179083,0.00858178,0.459175,-0.00889649,-0.235771,-0.121132
0,0,0.174285,-0.0834821,0.369488,0.0149374,-0.212008,-0.116896
0,0,0.18953,-0.0556457,0.419213,0.0102589,-0.240616,-0.123939
0,0,0.157284,-0.090977,0.3903,-0.00631689,-0.242955,-0.0950685
0,0,0.205689,0.0499965,0.311394,0.000429689,-0.235516,-0.119974
0,0,0.168635,-0.042395,0.383091,0.021444,-0.231491,-0.106575
0,0,0.151718,-0.0290132,0.378295,-0.0131433,-0.225296,-0.1031
0,0,0.134527,0.0191904,0.305352,-0.0142699,-0.210029,-0.0971079
0,0,0.072331,-0.0311747,0.406261,0.0105322,-0.231189,-0.0843571
0,0,0.116644,0.0568905,0.375959,-0.0240467,-0.226336,-0.106584
0,0,0.112873,0.0597943,0.340729,-0.0200911,-0.2118,-0.0924127
0,0,0.105591,-0.0627119,0.431018,0.0126405,-0.250134,-0.105117
0,0,0.0576267,-0.0288174,0.337108,-0.0393243,-0.222133,-0.101739
0,0,0.0646381,0.0276552,0.341017,-0.00409042,-0.211262,-0.0953236
0,0,0.0788269,-0.00351897,0.345107,0.0225349,-0.22899,-0.112639
0,0,0.0991549,0.0033591,0.221401,-0.0148044,-0.194933,-0.0945026
0,0,0.108517,0.0109966,0.269037,-0.0181346,-0.216089,-0.0894688
0,0,0.065964,0.0174044,0.307213,0.00476335,-0.243343,-0.107795
0,0,0.162218,0.0977686,0.188245,-0.0346755,-0.222494,-0.0892043
0,0,0.100042,0.0146187,0.410152,0.0169303,-0.247518,-0.0990452
0,0,0.0790635,0.0416609,0.370009,-0.00573825,-0.251876,-0.105699
0,0,0.0868653,0.0731883,0.332868,-0.0373753,-0.222012,-0.085727
0,0,0.0463128,-0.0649041,0.375486,0.00185501,-0.229443,-0.0963375
0,0,0.122425,0.1045,0.258299,-0.0238353,-0.199346,-0.109858
0,0,0.0932268,-0.0115759,0.437132,-0.0145803,-0.248,-0.0943074
0,0,0.0706751,0.0166862,0.444798,-0.000428589,-0.234661,-0.0866134
0,0,0.0216098,0.0685999,0.41552,-0.00720449,-0.239247,-0.108067
0,0,0.0363724,-0.0190526,0.514023,0.000824,-0.271289,-0.100098
0,0,0.0966822,0.0948498,0.388546,-0.0133206,-0.220601,-0.0815686
0,0,0.0892252,0.0505062,0.464729,0.0117104,-0.220774,-0.08298
0,0,0.0907336,0.0475829,0.523794,0.0074994,-0.249659,-0.0983378
0,0,0.0824256,0.109534,0.452195,0.0040453,-0.222724,-0.0897797
0,0,0.0643536,-0.0188255,0.606513,-0.000657019,-0.249313,-0.0805798
0,0,0.0874081,0.089734,0.517504,-0.0346381,-0.208742,-0.0862154
0,0,0.165386,0.112839,0.543576,0.010326,-0.23474,-0.103094
0,0,0.099234,0.0548993,0.586928,0.0268137,-0.226649,-0.107266
0,0,0.0607441,0.140479,0.520273,-0.025843,-0.219685,-0.0800909
0,0,0.0695883,-0.0162028,0.645656,0.0192132,-0.226386,-0.0870124
0,0,0.035833,0.0367392,0.507294,0.00338609,-0.221423,-0.103271
0,0,0.168064,0.125204,0.538378,-0.0198976,-0.222307,-0.110098
0,0,0.168097,0.0206431,0.620658,0.0137664,-0.210699,-0.101088
0,0,0.0975139,0.124408,0.621687,-0.0150699,-0.211838,-0.0751592
0,0,0.0506398,0.0110476,0.71234,0.000214091,-0.238867,-0.0762793
0,0,0.0823932,0.0631999,0.668714,0.00985223,-0.229587,-0.0884205
0,0,0.104663,0.126202,0.668819,-0.0123264,-0.226495,-0.104289
0,0,0.134296,0.0453492,0.734889,-0.0095987,-0.215961,-0.10297
0,0,0.163049,0.130466,0.691662,0.00736684,-0.223802,-0.0909017
0,0,0.110909,0.00860793,0.776926,0.00717173,-0.236203,-0.0865257
0,0,0.077173,0.0742024,0.702966,-0.0210587,-0.229104,-0.0856037
0,0,0.138127,0.112187,0.712506,-0.000305196,-0.222561,-0.099199
0,0,0.150603,0.00999207,0.764514,0.0230739,-0.2199,-0.0998477
0,0,0.139858,0.147501,0.671721,-0.0246549,-0.196684,-0.099669
0,0,0.138774,0.0272223,0.739697,0.0249602,-0.217534,-0.0986469
0,0,0.12646,0.0892087,0.799998,0.0116156,-0.239738,-0.0847409
0,0,0.132053,0.0325263,0.790169,0.0176685,-0.220904,-0.0794316
0,0,0.143515,0.135652,0.757485,-0.00651674,-0.208111,-0.0925942
0,0,0.136267,-0.00111894,0.785858,-0.014837,-0.237386,-0.0968019
0,0,0.127477,-0.0399489,0.717024,-0.0152101,-0.202267,-0.0940363
0,0,0.126473,-0.0622478,0.697899,-0.012742,-0.222806,-0.102623
0,0,0.108781,-0.0661936,0.713175,-0.0130737,-0.209227,-0.10544
0,0,0.0867334,-0.103867,0.713967,-0.0171734,-0.192118,-0.110035
0,0,0.0798496,-0.134449,0.623503,-0.0336549,-0.18793,-0.107156
0,0,0.104081,-0.185305,0.673945,-0.0212539,-0.198744,-0.104413
0,0,0.114933,-0.202764,0.651361,-0.0362796,-0.202259,-0.102912
0,0,0.109624,-0.0723429,0.705001,-0.0219841,-0.216517,-0.0947996
0,0,0.143587,-0.0873676,0.674764,-0.0252402,-0.209667,-0.100912
0,0,0.158485,-0.16533,0.724039,-0.00151579,-0.219455,-0.10417
0,0,0.139697,-0.131298,0.69326,-0.0106504,-0.208411,-0.104719
0,0,0.156889,-0.0239915,0.675227,-0.0160928,-0.211244,-0.104513
0,0,0.173966,-0.00507807,0.706339,-0.00690295,-0.215534,-0.100193
0,0,0.17987,-0.0464793,0.695449,-0.010842,-0.213257,-0.101692
0,0,0.174255,-0.0366106,0.694842,-0.0143771,-0.208663,-0.10357
0,0,0.15586,-0.0427242,0.69175,-0.0128786,-0.217691,-0.101013
0,0,0.135315,-0.00917169,0.697761,-0.0196003,-0.215863,-0.103612
0,0,0.145067,-0.0335223,0.684057,-0.0198954,-0.205022,-0.095061
0,0,0.135426,-0.0968006,0.687125,-0.0165671,-0.200945,-0.0936065
0,0,0.142155,-0.118888,0.689868,-0.0122346,-0.201475,-0.0959929
0,0,0.116395,-0.0438793,0.672121,-0.0311098,-0.197725,-0.0920903
0,0,0.132473,-0.0620177,0.678908,-0.0223486,-0.200101,-0.0862763
0,0,0.143787,-0.0890614,0.669199,-0.0217917,-0.20463,-0.0932407
0,0,0.148448,-0.077036,0.671978,-0.0159605,-0.203049,-0.0962956
0,0,0.155887,-0.0664278,0.680708,-0.0147281,-0.209087,-0.10044
0,0,0.167267,-0.0154095,0.683773,-0.0189219,-0.210956,-0.0982569
0,0,0.167548,-0.0338911,0.676117,-0.0209556,-0.204243,-0.0991486
0,0,0.167655,-0.0432589,0.684781,-0.0162899,-0.205378,-0.103915
0,0,0.145855,-0.023785,0.677637,-0.0219245,-0.203751,-0.104433
0,0,0.149037,-0.0203555,0.670938,-0.0230425,-0.202823,-0.103873
0,0,0.177597,-0.025359,0.662867,-0.0152899,-0.200565,-0.0911524
0,0,0.166386,-0.0588712,0.665141,-0.0227336,-0.200482,-0.0945478
0,0,0.156974,-0.0560195,0.66886,-0.0295721,-0.204208,-0.106328
0,0,0.136836,-0.0650914,0.674663,-0.030156,-0.207056,-0.105572
0,0,0.151179,-0.0836971,0.665861,-0.0263578,-0.200468,-0.103026
0,0,0.155479,-0.0877273,0.664046,-0.0220864,-0.198722,-0.104912
0,0,0.151335,-0.0869445,0.658886,-0.0207613,-0.200973,-0.104827
0,0,0.140059,-0.0720374,0.675298,-0.0202502,-0.20608,-0.102436
0,0,0.130662,-0.0384882,0.681456,-0.0250737,-0.202606,-0.103762
0,0,0.123976,-0.0425206,0.679797,-0.023428,-0.202799,-0.100379
0,0,0.142986,-0.0180265,0.684447,-0.0227504,-0.197884,-0.0971644
0,0,0.175404,-0.0295599,0.702422,-0.0249561,-0.198835,-0.100229
0,0,0.168889,-0.0568852,0.686707,-0.029296,-0.203852,-0.103712
0,0,0.141646,-0.0590544,0.687069,-0.0265651,-0.200465,-0.109161
0,0,0.131717,-0.0670832,0.677757,-0.0231129,-0.199649,-0.110597
0,0,0.143144,-0.0623922,0.672496,-0.0185043,-0.206583,-0.104616
0,0,0.135635,-0.0814266,0.666233,-0.0267557,-0.207985,-0.100592
0,0,0.139824,-0.0913661,0.653744,-0.0268915,-0.206851,-0.103763
0,0,0.130682,-0.0913273,0.652896,-0.0248193,-0.201735,-0.100607
0,0,0.113935,-0.0566607,0.643555,-0.0243168,-0.196631,-0.102561
0,0,0.128447,-0.0331786,0.646355,-0.0200711,-0.195116,-0.0916802
0,0,0.135244,-0.0341629,0.645587,-0.01652,-0.188867,-0.0927897
0,0,0.15748,-0.0175972,0.659739,-0.0313216,-0.193346,-0.0960661
0,0,0.168725,-0.0220553,0.660389,-0.0250323,-0.197066,-0.0988991
0,0,0.175511,-0.0501902,0.656014,-0.0196269,-0.203423,-0.098968
0,0,0.163317,-0.0544764,0.654961,-0.0199951,-0.202348,-0.0979727
0,0,0.158118,-0.0281497,0.662804,-0.0225263,-0.198077,-0.105273
0,0,0.169539,-0.045296,0.66098,-0.0206375,-0.191356,-0.101091
0,0,0.168558,-0.0746948,0.668314,-0.0145145,-0.186186,-0.102069
0,0,0.156623,-0.0784069,0.677684,-0.0216471,-0.190614,-0.0994303
0,0,0.152433,-0.0791342,0.681119,-0.0222827,-0.193612,-0.103687
0,0,0.147944,-0.0550937,0.676891,-0.0210041,-0.19808,-0.100582
0,0,0.129166,-0.0528628,0.663844,-0.0205179,-0.199478,-0.106796
0,0,0.128261,-0.0554935,0.651702,-0.0177515,-0.204112,-0.1037
0,0,0.140428,-0.0374072,0.660388,-0.017611,-0.201732,-0.103832
0,0,0.141664,-0.0148109,0.673385,-0.0252176,-0.200867,-0.106244
0,0,0.138429,-0.0112297,0.675507,-0.0310657,-0.201081,-0.104268
0,0,0.13869,-0.0240155,0.680967,-0.0274649,-0.200235,-0.0986883
0,0,0.147121,-0.0315703,0.671949,-0.0237443,-0.202837,-0.0967341
0,0,0.159549,-0.0480831,0.653319,-0.0238038,-0.205748,-0.0995277
0,0,0.16206,-0.0601282,0.649302,-0.0237512,-0.1979,-0.0928366
0,0,0.148719,-0.067504,0.662065,-0.01892,-0.196252,-0.0938979
0,0,0.149776,-0.0754278,0.654564,-0.0173669,-0.190744,-0.0993997
0,0,0.148491,-0.0758163,0.646087,-0.0238252,-0.197574,-0.0954098
0,0,0.166066,-0.0659171,0.657129,-0.0203436,-0.196319,-0.0991278
0,0,0.154851,-0.0748744,0.663971,-0.0254184,-0.194142,-0.104422
0,0,0.142735,-0.0774781,0.672538,-0.020293,-0.199271,-0.0991709
0,0,0.147642,-0.0738557,0.665195,-0.0211879,-0.194068,-0.0985199
0,0,0.149484,-0.0653444,0.66564,-0.0161069,-0.194845,-0.0948269
0,0,0.162886,-0.0376328,0.671958,-0.0216115,-0.194989,-0.0907648
0,0,0.164829,-0.0393601,0.682056,-0.0297988,-0.205097,-0.0946284
0,0,0.165928,-0.0431159,0.672346,-0.0246758,-0.202785,-0.0898907
0,0,0.151457,-0.0387623,0.660176,-0.0191439,-0.197924,-0.0886971
0,0,0.145727,-0.0497372,0.664278,-0.017891,-0.200988,-0.0895655
0,0,0.154531,-0.0508278,0.666667,-0.0150248,-0.202097,-0.0932326
0,0,0.165673,-0.0597517,0.663456,-0.0122157,-0.20106,-0.0983736
0,0,0.171556,-0.0794174,0.653515,-0.0130567,-0.19603,-0.096688
0,0,0.149831,-0.0817124,0.64759,-0.0285661,-0.188618,-0.0976227
0,0,0.126975,-0.0807866,0.659792,-0.0338092,-0.187516,-0.0980777
0,0,0.118136,-0.0713213,0.666742,-0.0338798,-0.184965,-0.100026
0,0,0.127381,-0.0636675,0.665641,-0.0314535,-0.185608,-0.105377
0,0,0.126439,-0.052951,0.67422,-0.0338261,-0.189802,-0.106349
0,0,0.130147,-0.0456318,0.674789,-0.0262982,-0.190795,-0.101473
0,0,0.121472,-0.0359821,0.677933,-0.0236653,-0.193045,-0.0989128
0,0,0.136841,-0.0459292,0.677833,-0.0262259,-0.195794,-0.0989236
0,0,0.151427,-0.0387332,0.662651,-0.0281913,-0.195521,-0.106089
0,0,0.158108,-0.0458769,0.669112,-0.02772,-0.192614,-0.103569
0,0,0.154756,-0.0415822,0.646565,-0.0283233,-0.193943,-0.0988385
0,0,0.145708,-0.0546678,0.656065,-0.029216,-0.202218,-0.0980945
0,0,0.142382,-0.0739855,0.663121,-0.0306833,-0.200718,-0.0983114
0,0,0.143991,-0.0885896,0.638897,-0.0314139,-0.205457,-0.0855748
0,0,0.155212,-0.0900811,0.630252,-0.031002,-0.206623,-0.093044
0,0,0.147501,-0.0745697,0.642819,-0.0290269,-0.204811,-0.0964864
0,0,0.134626,-0.0608445,0.660882,-0.0249752,-0.207745,-0.0983589
0,0,0.151313,-0.0560384,0.664767,-0.0199299,-0.210467,-0.0995703
0,0,0.148795,-0.0560603,0.661847,-0.0177164,-0.207359,-0.0967488
0,0,0.159463,-0.0430794,0.661973,-0.0233253,-0.207303,-0.103501
0,0,0.157585,-0.0469621,0.65398,-0.018689,-0.207689,-0.103149
0,0,0.154047,-0.0493233,0.667108,-0.017093,-0.201069,-0.0956534
0,0,0.15256,-0.0559031,0.657695,-0.0240231,-0.200438,-0.0974508
0,0,0.152987,-0.0571412,0.650312,-0.0230496,-0.203952,-0.09492
0,0,0.144663,-0.0691713,0.642619,-0.0259691,-0.201091,-0.100775
0,0,0.137211,-0.0623044,0.647459,-0.0269587,-0.197006,-0.0994745
0,0,0.139848,-0.0623644,0.661827,-0.023067,-0.190643,-0.106366
0,0,0.149711,-0.060956,0.671991,-0.0225724,-0.190125,-0.110836
0,0,0.169981,-0.0485128,0.6809,-0.027379,-0.195958,-0.098722
0,0,0.168433,-0.0346952,0.667708,-0.0222454,-0.20289,-0.089085
0,0,0.149282,-0.0454758,0.661705,-0.0190579,-0.199164,-0.0846771
0,0,0.134505,-0.0373899,0.652459,-0.0155534,-0.199719,-0.0898108
0,0,0.144456,-0.0358285,0.64973,-0.0202105,-0.199026,-0.0910171
0,0,0.152458,-0.0446792,0.658954,-0.0209165,-0.194296,-0.0895287
0,0,0.155953,-0.038786,0.661037,-0.018436,-0.194323,-0.0898081
0,0,0.147509,-0.0299416,0.654516,-0.0219231,-0.195793,-0.0872596
0,0,0.13666,-0.0347979,0.65417,-0.0208241,-0.197036,-0.0896486
0,0,0.117229,-0.0307842,0.652801,-0.0274534,-0.196434,-0.0985267
0,0,0.0713862,-0.0683505,0.710682,-0.0186802,-0.206405,-0.0960609
0,0,0.0472825,-0.0501366,0.661405,-0.033449,-0.20513,-0.0986196
0,0,0.0403758,0.050442,0.587664,-0.0458095,-0.196966,-0.102672
0,0,0.0190057,-0.0905207,0.70613,-0.0292092,-0.224011,-0.101947
0,0,0.0132348,-0.0978997,0.659958,-0.0399276,-0.197903,-0.105081
0,0,0.0323969,0.00604671,0.653757,-0.0461358,-0.196817,-0.0986009
0,0,0.0315304,0.0324512,0.699845,-0.0369082,-0.204312,-0.0973088
0,0,0.0426502,0.0376565,0.676916,-0.0397999,-0.203001,-0.0979174
0,0,0.0233305,-0.0574743,0.702873,-0.0361221,-0.214856,-0.0949167
0,0,0.113868,-0.0615317,0.635251,-0.0390287,-0.197652,-0.096091
0,0,0.0620557,-0.0249036,0.697047,-0.0365336,-0.211164,-0.09754
0,0,0.0703919,0.0136023,0.65637,-0.0342285,-0.201017,-0.0909815
0,0,0.0991962,0.0251483,0.605416,-0.0457983,-0.187549,-0.0897198
0,0,0.0367898,-0.0523016,0.642545,-0.0390075,-0.201645,-0.0894691
0,0,0.0205888,-0.0948111,0.672543,-0.0336964,-0.208231,-0.0929476
0,0,0.0638022,-0.0264182,0.655168,-0.0348434,-0.210275,-0.0966198
0,0,0.0160678,-0.0284689,0.648892,-0.0343295,-0.211677,-0.0963029
0,0,0.0511674,-0.0560118,0.648365,-0.0315624,-0.211752,-0.0956656
0,0,0.00274589,-0.0804642,0.655347,-0.03792,-0.218131,-0.0969427
0,0,0.000556335,-0.0790503,0.657031,-0.0353605,-0.215301,-0.0980522
0,0,0.0489352,-0.0623072,0.637428,-0.040242,-0.21367,-0.099627
0,0,0.0884978,-0.0943977,0.630287,-0.028083,-0.217829,-0.0924992
0,0,0.121181,-0.0853502,0.623634,-0.0289674,-0.213739,-0.0912687
0,0,0.0436047,-0.0886742,0.627308,-0.0431032,-0.221192,-0.090508
0,0,0.0806131,-0.0680694,0.61493,-0.034079,-0.207097,-0.0937965
0,0,0.0845069,-0.0980791,0.618174,-0.0284214,-0.200633,-0.100976
0,0,0.0454948,-0.132767,0.637947,-0.0272978,-0.204747,-0.102081
0,0,0.0434479,-0.100448,0.621455,-0.0386125,-0.210826,-0.0981601
0,0,-0.0204437,-0.0838068,0.612122,-0.0472716,-0.220096,-0.0939715
0,0,0.0355337,-0.0765753,0.574516,-0.0563382,-0.207869,-0.10399
0,0,-0.0130925,-0.102736,0.596806,-0.052685,-0.207421,-0.109508
0,0,-0.0027438,-0.117745,0.584746,-0.0501095,-0.202455,-0.110227
0,0,0.077221,-0.106037,0.579066,-0.0425333,-0.195772,-0.110708
0,0,-0.00675203,-0.136285,0.613447,-0.0412812,-0.208103,-0.104137
0,0,0.0343173,-0.126362,0.583783,-0.0398764,-0.21279,-0.09791
0,0,-0.00542856,-0.213422,0.591577,-0.040498,-0.228357,-0.0956726
0,0,-0.000140548,-0.30323,0.614295,-0.0378048,-0.220482,-0.0921082
0,0,0.0270111,-0.278133,0.636503,-0.0301486,-0.214589,-0.0957235
0,0,0.0207052,-0.134698,0.590306,-0.031773,-0.210711,-0.100464
0,0,0.0361466,-0.126704,0.590802,-0.0308175,-0.200149,-0.0988833
0,0,-0.0425507,-0.158205,0.624372,-0.0419427,-0.211966,-0.0993106
0,0,0.0230576,-0.18981,0.636157,-0.0220653,-0.239532,-0.103858
0,0,-0.00600978,-0.184894,0.606977,-0.0293362,-0.239827,-0.10303
0,0,0.00178359,-0.161922,0.626775,-0.0309769,-0.238373,-0.102914
0,0,0.05492,-0.161753,0.566558,-0.0429486,-0.20791,-0.100787
0,0,0.032825,-0.161165,0.543316,-0.0561857,-0.199941,-0.108307
0,0,0.0403214,-0.141472,0.559749,-0.0446121,-0.22022,-0.110481
0,0,0.0108991,-0.0829783,0.507824,-0.0433699,-0.226725,-0.110669
0,0,0.0264778,-0.0969735,0.550255,-0.0333645,-0.211922,-0.107122
0,0,0.0162716,-0.146928,0.559093,-0.0356144,-0.207524,-0.108913
0,0,-0.0211712,-0.188032,0.619903,-0.0412734,-0.215715,-0.111009
0,0,0.0351638,-0.134162,0.621945,-0.0111153,-0.225121,-0.1116
0,0,-0.0131317,-0.108066,0.615814,-0.0203123,-0.235385,-0.110522
0,0,0.00939816,-0.0915171,0.60674,-0.0372693,-0.206348,-0.109259
0,0,0.0293985,-0.0963628,0.52581,-0.0410562,-0.1963,-0.115191
0,0,-0.0173271,-0.0664274,0.545914,-0.0417912,-0.206538,-0.115179
0,0,0.0708651,-0.0798423,0.535519,-0.0495163,-0.225401,-0.119099
0,0,0.0320923,-0.10666,0.556161,-0.0447088,-0.203855,-0.120349
0,0,0.0362248,-0.145155,0.57563,-0.0171059,-0.211441,-0.114439
0,0,0.0209188,-0.159401,0.608949,-0.0116579,-0.230007,-0.114667
0,0,-0.0251108,-0.163446,0.584441,-0.0192238,-0.24178,-0.112942
0,0,0.0299125,-0.137869,0.599913,-0.0187143,-0.217711,-0.114745
0,0,0.0190837,-0.150879,0.53843,-0.0139058,-0.210924,-0.11378
0,0,-0.016534,-0.0914603,0.540918,-0.0428759,-0.230303,-0.102324
0,0,0.0365192,-0.095285,0.512231,-0.0412982,-0.22213,-0.101774
0,0,-0.00867401,-0.175544,0.578616,-0.0224926,-0.20765,-0.109626
0,0,-0.0131288,-0.179346,0.598473,-0.029721,-0.218911,-0.112337
0,0,0.0239791,-0.155446,0.594127,-0.0251091,-0.245543,-0.116603
0,0,0.0358708,-0.136993,0.636894,-0.00424653,-0.230092,-0.123249
0,0,0.0333439,-0.0981908,0.505044,-0.0272229,-0.205755,-0.125947
0,0,0.0421481,-0.0928173,0.511486,-0.0191172,-0.22069,-0.128361
0,0,0.0235514,-0.0817784,0.514218,-0.0165209,-0.20946,-0.122348
0,0,0.0157562,-0.0908769,0.549957,-0.0238938,-0.216091,-0.124464
0,0,0.0368245,-0.135873,0.594936,-0.0289292,-0.231391,-0.132241
0,0,-0.0159568,-0.096361,0.601943,-0.0197673,-0.249863,-0.127445
0,0,0.00696619,-0.100594,0.575391,-0.0300972,-0.219505,-0.119851
0,0,0.0515552,-0.148548,0.524395,-0.0256954,-0.212095,-0.107553
0,0,0.0206548,-0.155423,0.494861,-0.0310936,-0.232975,-0.105622
0,0,0.0423575,-0.115823,0.535001,-0.0191167,-0.206926,-0.106992
0,0,0.0748987,-0.199061,0.573428,-0.0118927,-0.200893,-0.0985086
0,0,-0.0142608,-0.198819,0.576032,-0.0275407,-0.238483,-0.103782
0,0,-0.037772,-0.104038,0.50976,-0.0416896,-0.205903,-0.107321
0,0,0.0251099,-0.0775289,0.489022,-0.0441051,-0.19208,-0.109053
0,0,0.0515225,-0.0969265,0.44871,-0.029965,-0.21799,-0.122039
0,0,0.0088724,-0.0332255,0.452945,-0.0402927,-0.197769,-0.130977
0,0,0.0403909,-0.092763,0.552165,-0.0116026,-0.209147,-0.128357
0,0,0.0212744,-0.15569,0.555993,-0.0190152,-0.236471,-0.129381
0,0,0.0356316,-0.0510886,0.544926,-0.0294435,-0.225213,-0.122635
0,0,0.0541137,-0.0717261,0.45832,-0.0346951,-0.191943,-0.126578
0,0,0.0848843,-0.133871,0.407923,-0.0392921,-0.21053,-0.120582
0,0,0.0976135,-0.0861915,0.426025,-0.0291343,-0.204897,-0.108615
0,0,0.0850454,-0.161325,0.494983,-0.016213,-0.191388,-0.109072
0,0,0.0142612,-0.226389,0.508841,0.00893574,-0.220832,-0.108625
0,0,-0.00752605,-0.0948831,0.42994,-0.0117152,-0.209261,-0.117107
0,0,0.029043,-0.0399102,0.381729,-0.0341922,-0.186496,-0.115223
0,0,0.0794648,-0.10022,0.388254,-0.0354024,-0.218492,-0.131184
0,0,0.0680051,-0.0832203,0.401627,-0.039089,-0.215348,-0.133328
0,0,0.0421941,-0.0907359,0.507694,-0.0131577,-0.207907,-0.136957
0,0,0.0199776,-0.149408,0.496723,-0.00677506,-0.233994,-0.134239
0,0,0.0730567,-0.0664172,0.433386,-0.0108669,-0.217111,-0.127067
0,0,0.102524,-0.0855376,0.379948,-0.0307151,-0.183547,-0.122799
0,0,0.12871,-0.110976,0.360539,-0.0436979,-0.208279,-0.105901
0,0,0.0916887,-0.108981,0.381628,-0.0373079,-0.214815,-0.104219
0,0,0.0594905,-0.136954,0.445577,-0.0240552,-0.203685,-0.105447
0,0,0.046981,-0.187031,0.456883,0.0108151,-0.225736,-0.112883
0,0,0.0623004,-0.07382,0.352062,-0.0123808,-0.216306,-0.126676
0,0,0.115414,-0.020821,0.338727,-0.0227425,-0.185136,-0.134351
0,0,0.0784427,-0.0613742,0.345506,-0.0373484,-0.213897,-0.132236
0,0,0.0762538,-0.0506034,0.395715,-0.0226171,-0.238942,-0.129658
0,0,0.0621156,-0.0861923,0.414582,-0.0192547,-0.220124,-0.133109
0,0,0.0841669,-0.182051,0.447999,-0.0113783,-0.221576,-0.132735
0,0,0.0839831,-0.103722,0.297424,-0.0276447,-0.223917,-0.12073
0,0,0.0870689,-0.120632,0.280722,-0.0206905,-0.199725,-0.121281
0,0,0.116157,-0.126042,0.243224,-0.020956,-0.184412,-0.114548
0,0,0.0504984,-0.116567,0.297085,-0.0180712,-0.219589,-0.110991
0,0,0.0468258,-0.153559,0.408561,-0.00669357,-0.233837,-0.121632
0,0,0.0776947,-0.195559,0.351071,-0.0112946,-0.196798,-0.141145
0,0,0.0761099,-0.0723448,0.309467,-0.0119269,-0.22694,-0.147609
0,0,0.106766,-0.0117688,0.26454,-0.0132868,-0.207275,-0.145939
0,0,0.0900419,-0.086351,0.257187,-0.015672,-0.178885,-0.139977
0,0,0.0736423,-0.0739825,0.264826,0.00467675,-0.20818,-0.139585
0,0,0.064018,-0.0787187,0.298207,0.00910167,-0.225001,-0.131191
0,0,0.0435613,-0.138868,0.30879,-0.00570988,-0.220086,-0.113536
0,0,0.084382,-0.0950008,0.240284,-0.014875,-0.20037,-0.110104
0,0,0.0811546,-0.0412951,0.181028,-0.0412201,-0.214127,-0.117734
0,0,0.0705719,-0.127109,0.200218,-0.00940646,-0.213441,-0.126434
0,0,0.0617547,-0.116161,0.215435,-0.00731571,-0.186447,-0.131037
0,0,0.0603007,-0.0990773,0.247348,-0.00239911,-0.209272,-0.141554
0,0,0.0687571,-0.129614,0.332891,0.0288448,-0.244466,-0.141767
0,0,0.0889902,-0.141449,0.294614,0.00391848,-0.220651,-0.12478
0,0,0.118324,-0.0991727,0.241192,-0.0175162,-0.202637,-0.122036
0,0,0.16536,5.10849e-05,0.183112,-0.032135,-0.17689,-0.117241
0,0,0.153841,-0.0337077,0.158349,-0.0349431,-0.199622,-0.116463
0,0,0.127383,-0.0733075,0.202516,-0.0369027,-0.21426,-0.122644
0,0,0.122241,-0.0523529,0.229778,0.0024144,-0.199228,-0.130638
0,0,0.0887458,-0.0908423,0.273489,-0.00010788,-0.201521,-0.146364
0,0,0.0932958,-0.121679,0.236156,0.0169892,-0.210338,-0.143204
0,0,0.0877297,-0.141867,0.230728,0.00400555,-0.212912,-0.14347
0,0,0.0623028,-0.113118,0.157488,-0.0139984,-0.209524,-0.139821
0,0,0.0715007,-0.0878928,0.141503,-0.0204997,-0.184091,-0.129201
0,0,0.092478,-0.128548,0.136401,-0.0175753,-0.176358,-0.11803
0,0,0.121311,-0.138747,0.169465,-0.0237777,-0.216461,-0.116626
0,0,0.106193,-0.144318,0.206433,-0.00335373,-0.228208,-0.117477
0,0,0.101534,-0.163759,0.251648,0.00157212,-0.206813,-0.124669
0,0,0.120581,-0.160061,0.20857,0.00933088,-0.201757,-0.13742
0,0,0.140207,-0.126879,0.133525,-0.00951144,-0.194843,-0.149811
0,0,0.115123,-0.170716,0.241273,0.00731384,-0.226902,-0.152491
0,0,0.108611,-0.0827183,0.162681,-0.00441042,-0.223348,-0.135606
0,0,0.131075,-0.0647658,0.111641,-0.0194889,-0.222198,-0.137062
0,0,0.113148,-0.0548916,0.130189,-0.0246527,-0.203862,-0.131635
0,0,0.0853862,-0.0810708,0.146519,-0.0113432,-0.203261,-0.130464
0,0,0.0885494,-0.0594044,0.168176,-0.0168145,-0.201092,-0.128125
0,0,0.0760671,-0.0581497,0.205394,-0.0122009,-0.219882,-0.121142
0,0,0.0926744,-0.128825,0.165162,-0.0133054,-0.227096,-0.123448
0,0,0.101261,-0.12968,0.206954,-0.00980991,-0.228572,-0.130125
0,0,0.0705857,-0.107693,0.230613,-0.00321614,-0.224946,-0.129831
0,0,0.0914963,-0.125754,0.206587,0.00644044,-0.214414,-0.133985
0,0,0.0785563,-0.108788,0.154074,-0.0161697,-0.201791,-0.130202
0,0,0.0499383,-0.135671,0.208017,0.00183927,-0.201821,-0.131884
0,0,0.112578,-0.159705,0.208109,0.0105513,-0.192882,-0.131283
0,0,0.0906429,-0.176561,0.218857,0.00324664,-0.203699,-0.13871
0,0,0.146062,-0.155687,0.182678,-0.00341815,-0.202234,-0.148125
0,0,0.117828,-0.103105,0.166543,0.000793858,-0.20478,-0.147904
0,0,0.0864975,-0.022223,0.131671,-0.0145725,-0.198079,-0.150454
0,0,0.0875033,-0.166505,0.183474,0.00345442,-0.215537,-0.137095
0,0,0.125094,-0.110689,0.193743,0.0296222,-0.214471,-0.136345
0,0,0.111965,-0.0618646,0.133042,0.00814307,-0.217257,-0.133059
0,0,0.0791792,-0.189686,0.177103,0.0145809,-0.222518,-0.134802
0,0,0.105937,-0.167189,0.122544,0.000715528,-0.211802,-0.131961
0,0,0.0302435,-0.118944,0.102528,-0.0181413,-0.208409,-0.130446
0,0,0.0277456,-0.157875,0.199205,-0.00346977,-0.233438,-0.128943
0,0,0.0737876,-0.0826502,0.153247,-0.00184672,-0.213774,-0.127571
0,0,0.0817478,-0.074009,0.149837,-0.0119839,-0.216968,-0.126775
0,0,0.0913109,-0.120735,0.198082,0.00683215,-0.218398,-0.136415
0,0,0.10054,-0.0868772,0.192746,0.00961178,-0.216484,-0.129938
0,0,0.0621426,-0.103634,0.171175,-0.010575,-0.211316,-0.132801
0,0,0.0821617,-0.111229,0.192868,0.00075173,-0.204659,-0.134778
0,0,0.0915828,-0.107061,0.194651,-0.00036723,-0.207342,-0.129065
0,0,0.0797257,-0.083603,0.175034,-0.00274476,-0.210667,-0.12907
0,0,0.0809667,-0.0964883,0.202597,0.00592039,-0.215303,-0.135403
0,0,0.0215341,-0.085514,0.200973,-0.00243177,-0.215473,-0.133313
0,0,0.0711199,-0.0958839,0.17739,-0.00165696,-0.215381,-0.129643
0,0,0.0514104,-0.0849552,0.19226,0.00450389,-0.215049,-0.123547
0,0,0.0928406,-0.0913709,0.217572,0.00643963,-0.221093,-0.123111
0,0,0.0911123,-0.107877,0.21827,0.00504596,-0.217815,-0.118851
0,0,0.107045,-0.0644166,0.198198,-0.00356567,-0.20593,-0.117136
0,0,0.0899734,-0.0693164,0.253546,0.00522781,-0.21826,-0.114603
0,0,0.107573,-0.0809183,0.27839,0.00895869,-0.221467,-0.113685
0,0,0.0960984,-0.0384815,0.288049,0.0145783,-0.211356,-0.117277
0,0,0.0780177,-0.0175277,0.224468,-0.00751518,-0.187969,-0.114388
0,0,0.113186,-0.00143219,0.246317,0.000297762,-0.192407,-0.111607
0,0,0.0990546,0.0127567,0.248628,-0.00170889,-0.190894,-0.10642
0,0,0.129653,0.0424997,0.248417,-0.00215878,-0.192227,-0.104529
0,0,0.0972493,0.0116796,0.311802,0.00825295,-0.214502,-0.106119
0,0,0.0785725,0.0551596,0.215478,-0.0112251,-0.211644,-0.106129
0,0,0.0759509,-0.0263933,0.295582,0.010925,-0.226394,-0.106506
0,0,0.111362,-0.0495444,0.29867,0.0104644,-0.215424,-0.101485
0,0,0.100228,-0.0412341,0.276562,0.018862,-0.201839,-0.0956911
0,0,0.125561,-0.011826,0.274169,0.0118795,-0.188459,-0.0884806
0,0,0.107755,-0.0107853,0.284409,0.0121646,-0.188104,-0.0854803
0,0,0.141747,0.0646243,0.209164,0.00738603,-0.18367,-0.102915
0,0,0.173995,0.0299758,0.24342,0.04207,-0.173815,-0.113958
0,0,0.19538,0.0329694,0.223731,0.054363,-0.149259,-0.107044
0,0,0.260309,0.124518,0.126513,0.0533316,-0.0827961,-0.112889
0,0,0.247225,0.132307,0.187247,0.0734683,-0.0707697,-0.107453
0,0,0.26875,0.105253,0.179327,0.0948759,-0.0680586,-0.112009
0,0,0.295822,0.0754457,0.153979,0.0983948,-0.0559562,-0.107907
0,0,0.33101,0.141053,0.11043,0.106439,-0.0471403,-0.0980244
0,0,0.309425,0.127228,0.127103,0.119264,-0.0305084,-0.0967745
0,0,0.329085,0.0866254,0.134319,0.11828,-0.0267178,-0.0909844
0,0,0.321582,0.0948553,0.108023,0.101326,-0.0276226,-0.0947893
0,0,0.336489,0.15331,0.167578,0.116678,-0.0455749,-0.0991256
0,0,0.355909,0.213127,0.114832,0.10666,-0.0382333,-0.106896
0,0,0.369778,0.171622,0.136028,0.130482,-0.023051,-0.110731
0,0,0.409434,0.133646,0.126927,0.131988,-0.0115778,-0.108586
0,0,0.381472,0.138792,0.184709,0.141139,-0.0212934,-0.100728
0,0,0.407236,0.134617,0.143896,0.127217,-0.0218642,-0.0987218
0,0,0.369044,0.112115,0.158891,0.125985,-0.0175828,-0.0947936
0,0,0.384025,0.167247,0.188043,0.129634,-0.00499895,-0.0898418
0,0,0.369497,0.155163,0.145336,0.106079,-0.013567,-0.0840072
0,0,0.42148,0.133111,0.198943,0.12867,-0.0188475,-0.0876844
0,0,0.415609,0.143661,0.182029,0.131731,-0.000514641,-0.0902742
0,0,0.378368,0.229308,0.184398,0.137971,-0.000247076,-0.0982337
0,0,0.389562,0.188291,0.190616,0.162454,-0.0189252,-0.107128
0,0,0.371985,0.0795029,0.22708,0.161093,-0.0336549,-0.112261
0,0,0.375387,0.114884,0.238364,0.151505,-0.0150254,-0.114475
0,0,0.405288,0.189607,0.166559,0.139859,-0.0267138,-0.105775
0,0,0.365853,0.169419,0.176666,0.123095,-0.0454303,-0.098864
0,0,0.396904,0.15189,0.216133,0.138388,-0.0229204,-0.091559
0,0,0.419074,0.122877,0.174161,0.157833,-0.0132179,-0.088517
0,0,0.428676,0.0790804,0.240084,0.18139,-0.0444524,-0.0992454
0,0,0.4279,0.18671,0.239128,0.157712,-0.0371769,-0.104374
0,0,0.416142,0.217997,0.256435,0.146422,-0.0192168,-0.113914
0,0,0.397977,0.124066,0.257273,0.137157,-0.0360062,-0.108152
0,0,0.422736,0.100168,0.276686,0.148342,-0.0448113,-0.10555
0,0,0.462513,0.173855,0.290487,0.155563,-0.0283185,-0.100373
0,0,0.483039,0.161741,0.310419,0.164547,-0.0296907,-0.0863287
0,0,0.459591,0.0469156,0.355368,0.1867,-0.0425494,-0.0856142
0,0,0.396768,0.0863668,0.286642,0.162929,-0.0276171,-0.0819734
0,0,0.472447,0.181792,0.291128,0.147472,-0.0447986,-0.087464
0,0,0.478019,0.15254,0.291767,0.126013,-0.0523932,-0.0909569
0,0,0.471607,0.138043,0.316705,0.136086,-0.0338999,-0.0936736
0,0,0.460523,0.10339,0.327503,0.158999,-0.0342212,-0.0920745
0,0,0.424711,0.149463,0.362449,0.162658,-0.0679487,-0.0958205
0,0,0.449949,0.25021,0.337117,0.1588,-0.0463766,-0.0973971
0,0,0.473411,0.146551,0.324395,0.1428,-0.0387414,-0.0944246
0,0,0.512937,0.105995,0.369297,0.142827,-0.0535967,-0.0867867
0,0,0.493497,0.115838,0.383061,0.140776,-0.056145,-0.0858636
0,0,0.466288,0.172805,0.405541,0.132561,-0.0439925,-0.0857525
0,0,0.42533,0.0445509,0.462169,0.142449,-0.0800053,-0.0918889
0,0,0.436417,0.0692778,0.410205,0.136935,-0.0637298,-0.0938403
0,0,0.44556,0.167603,0.419969,0.126945,-0.0746534,-0.0956919
0,0,0.464379,0.191664,0.432178,0.129828,-0.0921456,-0.10201
0,0,0.472129,0.124578,0.480892,0.131937,-0.0972281,-0.109265
0,0,0.421169,0.0326663,0.507964,0.107304,-0.101651,-0.106385
0,0,0.341749,0.120049,0.525011,0.0752247,-0.13661,-0.0892946
0,0,0.370387,0.197752,0.490278,0.0711714,-0.123638,-0.0875194
0,0,0.343078,0.0786949,0.521227,0.0968512,-0.133459,-0.0890405
0,0,0.351909,0.0424555,0.549677,0.0947258,-0.148823,-0.0777601
0,0,0.347966,0.0757387,0.550019,0.0896945,-0.146842,-0.0726415
0,0,0.32303,0.12002,0.627733,0.0686384,-0.155783,-0.0872185
0,0,0.258418,0.0435338,0.590576,0.0180716,-0.188207,-0.0921783
0,0,0.254858,0.0145391,0.647952,0.0149696,-0.185702,-0.0983096
0,0,0.254168,0.0996309,0.566725,0.0106268,-0.174914,-0.102269
0,0,0.241464,0.101478,0.616786,0.0045575,-0.200254,-0.0978604
0,0,0.260879,0.0718039,0.677411,0.0292481,-0.21262,-0.101535
0,0,0.203969,-0.0405805,0.701119,0.00413538,-0.200385,-0.108554
0,0,0.219117,0.0256125,0.661521,-0.0201191,-0.224906,-0.106218
0,0,0.246221,0.141808,0.606078,-0.0376729,-0.22147,-0.106933
0,0,0.249818,0.0745723,0.6645,-0.0283668,-0.207156,-0.103227
0,0,0.265893,0.0223752,0.657985,-0.0181852,-0.206077,-0.0988101
0,0,0.247546,-0.0176026,0.645349,-0.0131395,-0.213948,-0.088547
0,0,0.227862,0.100297,0.704303,-0.00498608,-0.209516,-0.0868695
0,0,0.206127,0.000386752,0.689302,-0.0193215,-0.224991,-0.0873429
0,0,0.206731,-0.0502708,0.633307,-0.032781,-0.237847,-0.0783895
0,0,0.226217,0.0356932,0.64604,-0.020409,-0.20557,-0.0839463
0,0,0.203139,0.0634475,0.678861,-0.0279663,-0.212378,-0.0855653
0,0,0.183885,0.0778211,0.697696,-0.0391094,-0.236946,-0.0825967
0,0,0.160823,0.0486189,0.704064,-0.012993,-0.217362,-0.0958508
0,0,0.151965,-0.0717911,0.749703,-0.00876172,-0.221717,-0.100108
0,0,0.155599,-0.00126862,0.722127,-0.0171108,-0.231409,-0.106508
0,0,0.208996,0.0955205,0.698624,-0.0144782,-0.232617,-0.102891
0,0,0.169657,0.0804383,0.663165,-0.0367255,-0.21308,-0.101875
0,0,0.16262,0.0143291,0.702284,-0.0266158,-0.216882,-0.0986772
0,0,0.18255,-0.0832656,0.700098,-0.0201504,-0.238275,-0.104673
0,0,0.184174,0.0082748,0.713535,-0.0423939,-0.225794,-0.111462
0,0,0.167536,0.0621942,0.722086,-0.0294401,-0.221718,-0.102342
0,0,0.215411,-0.0147565,0.714339,-0.0253228,-0.220336,-0.0958884
0,0,0.199523,-0.0724519,0.688715,-0.0258959,-0.235248,-0.0908868
0,0,0.168563,-0.0906221,0.721098,-0.0153442,-0.228743,-0.0887798
0,0,0.163853,-0.00510312,0.666844,-0.0298739,-0.199852,-0.0949029
0,0,0.18805,0.130408,0.699227,-0.0530992,-0.223844,-0.0845854
0,0,0.184757,0.0212649,0.709434,-0.0338716,-0.239921,-0.0864633
0,0,0.133342,-0.042668,0.748521,-0.0409424,-0.233223,-0.0873085
0,0,0.142664,-0.0215463,0.711532,-0.0468306,-0.215769,-0.0981553
0,0,0.17826,-0.00914824,0.734808,-0.0178255,-0.204608,-0.0970082
0,0,0.2266,-0.00866581,0.6929,-0.0246509,-0.225296,-0.102523
0,0,0.153523,0.00855332,0.694368,-0.0351252,-0.227872,-0.10084
0,0,0.108664,0.00999851,0.683578,-0.0309782,-0.209271,-0.100649
0,0,0.144625,-0.00598417,0.722867,-0.0204898,-0.190939,-0.0893418
0,0,0.157114,-0.0416937,0.76056,-0.01133,-0.206512,-0.0888331
0,0,0.13802,-0.0291206,0.674011,-0.0217148,-0.214187,-0.0894375
0,0,0.140671,0.0118315,0.697109,-0.0221765,-0.222301,-0.0880413
0,0,0.153621,-0.00541606,0.681862,-0.0269475,-0.207209,-0.0834694
0,0,0.153912,0.0058399,0.704046,-0.0388812,-0.207444,-0.0902603
0,0,0.11135,0.02776,0.722845,-0.0475956,-0.204169,-0.098079
0,0,0.142829,-0.0196242,0.701237,-0.0554235,-0.218244,-0.105518
0,0,0.148609,0.0329087,0.663899,-0.0661405,-0.21698,-0.104544
0,0,0.119832,-0.0235011,0.750678,-0.0516451,-0.232865,-0.102476
0,0,0.13779,-0.0421415,0.687211,-0.0448994,-0.19999,-0.108024
0,0,0.164975,-0.0123185,0.6735,-0.0470542,-0.206902,-0.100075
0,0,0.0826339,-0.0260191,0.733432,-0.0445167,-0.211565,-0.0998328
0,0,0.12478,0.00191139,0.684684,-0.0352617,-0.21983,-0.102173
0,0,0.0993033,-0.0281953,0.71977,-0.0363723,-0.23449,-0.10738
0,0,0.117555,-0.0131558,0.741397,-0.0153299,-0.229676,-0.102415
0,0,0.126278,-0.0146486,0.660045,-0.0383022,-0.216071,-0.103989
0,0,0.0717141,-0.0468036,0.664095,-0.0414988,-0.210196,-0.10511
0,0,0.109046,-0.000771921,0.639201,-0.0367583,-0.199369,-0.103504
0,0,0.166587,-0.0791695,0.677029,-0.0284219,-0.205514,-0.106619
0,0,0.250031,-0.0958947,0.637958,-0.0247536,-0.186596,-0.103224
0,0,0.268009,-0.172659,0.664844,-0.0152507,-0.193161,-0.0974169
0,0,0.246214,-0.142835,0.649983,-0.0149663,-0.196264,-0.101416
0,0,0.185979,-0.0623486,0.667774,-0.0276718,-0.208578,-0.104311
0,0,0.168924,-0.0543356,0.674512,-0.0313598,-0.204053,-0.100864
0,0,0.151148,-0.0610322,0.659333,-0.0364224,-0.196751,-0.0984645
0,0,0.140382,-0.0548177,0.663184,-0.0278707,-0.196988,-0.100357
0,0,0.1299,-0.0194583,0.679867,-0.0211537,-0.203694,-0.106345
0,0,0.104979,-0.00884404,0.682833,-0.0269206,-0.20773,-0.102059
0,0,0.0518508,-0.00537533,0.665296,-0.0309054,-0.2046,-0.0975164
0,0,0.0837385,-0.0319908,0.674966,-0.0225345,-0.204979,-0.0945166
0,0,0.119859,-0.0333651,0.68671,-0.0150184,-0.205626,-0.0973404
0,0,0.15443,-0.0155908,0.674229,-0.0230263,-0.204942,-0.0959691
0,0,0.158346,-0.0495893,0.661792,-0.0246191,-0.194652,-0.0964397
0,0,0.153858,-0.0514702,0.656801,-0.0293413,-0.196938,-0.0972323
0,0,0.138251,-0.0385727,0.65387,-0.0312632,-0.196599,-0.0999537
0,0,0.137174,-0.0406623,0.64412,-0.0251057,-0.19016,-0.100868
0,0,0.141372,-0.0635373,0.652559,-0.0211644,-0.201674,-0.101836
0,0,0.130375,-0.0820753,0.657585,-0.0250355,-0.20585,-0.105407
0,0,0.122706,-0.0643032,0.643877,-0.0230287,-0.199496,-0.114467
0,0,0.0979219,-0.0595214,0.652883,-0.0177935,-0.198258,-0.115276
0,0,0.089206,-0.0595955,0.645064,-0.0224145,-0.204768,-0.107802
0,0,0.0974163,-0.0536284,0.649749,-0.0228568,-0.209797,-0.0995722
0,0,0.120091,-0.0670661,0.646016,-0.0285066,-0.204598,-0.101584
0,0,0.137147,-0.0751542,0.62559,-0.0341818,-0.196819,-0.102062
0,0,0.135268,-0.074041,0.650244,-0.0258274,-0.193568,-0.104075
0,0,0.137166,-0.0532193,0.649794,-0.0231446,-0.191026,-0.103307
0,0,0.129247,-0.0486002,0.666108,-0.0232413,-0.196818,-0.10521
0,0,0.136536,-0.0578108,0.659808,-0.024045,-0.197197,-0.100493
0,0,0.130064,-0.0498844,0.666101,-0.0230285,-0.193661,-0.0980788
0,0,0.114916,-0.0300731,0.659092,-0.0249223,-0.1944,-0.093349
0,0,0.116037,-0.0319853,0.663466,-0.0277704,-0.200926,-0.0997305
0,0,0.116594,-0.0373812,0.665231,-0.0252192,-0.197179,-0.100403
0,0,0.12771,-0.0493728,0.653516,-0.0344863,-0.196911,-0.0973642
0,0,0.13322,-0.0477857,0.657923,-0.032813,-0.194091,-0.0965539
0,0,0.132767,-0.0468432,0.656967,-0.0356064,-0.200763,-0.096085
0,0,0.146284,-0.0469051,0.643069,-0.0264117,-0.207031,-0.0996742
0,0,0.151224,-0.0637713,0.641454,-0.0179658,-0.199476,-0.101097
0,0,0.133414,-0.0576237,0.639205,-0.0192896,-0.191157,-0.101518
0,0,0.12777,-0.0350337,0.643637,-0.0196567,-0.189628,-0.0945233
0,0,0.110936,-0.0362477,0.656971,-0.0238571,-0.190821,-0.0932282
0,0,0.0876164,-0.0494938,0.672397,-0.0279163,-0.192059,-0.0896112
0,0,0.095073,-0.0641372,0.656785,-0.0269863,-0.198745,-0.0945271
0,0,0.114908,-0.0528385,0.646255,-0.0246887,-0.207382,-0.0985226
0,0,0.118639,-0.0425049,0.653119,-0.026523,-0.210282,-0.0931953
0,0,0.131102,-0.0541712,0.648153,-0.0265915,-0.204032,-0.0920548
0,0,0.1335,-0.0442447,0.655577,-0.0263499,-0.204657,-0.0951084
0,0,0.133707,-0.0593123,0.653683,-0.017782,-0.204052,-0.0969758
0,0,0.149849,-0.0717446,0.653498,-0.0152529,-0.200992,-0.102797
0,0,0.143047,-0.0634636,0.650646,-0.0184514,-0.196453,-0.105627
0,0,0.154153,-0.0538897,0.648569,-0.0203576,-0.198865,-0.106889
0,0,0.134661,-0.0541664,0.633735,-0.0237026,-0.197934,-0.105957
0,0,0.124298,-0.0660496,0.628832,-0.027217,-0.195536,-0.109045
0,0,0.11491,-0.0560214,0.631681,-0.0311001,-0.194351,-0.104722
0,0,0.103425,-0.0621922,0.65172,-0.0262845,-0.197824,-0.107829
0,0,0.114081,-0.0804827,0.653325,-0.0349144,-0.199393,-0.108244
0,0,0.121641,-0.086766,0.638028,-0.0359328,-0.199258,-0.105408
0,0,0.126559,-0.0882309,0.62672,-0.03369,-0.199838,-0.0942238
0,0,0.130415,-0.075897,0.630857,-0.0290531,-0.200017,-0.0959284
0,0,0.141724,-0.073916,0.639535,-0.0305879,-0.200779,-0.0955947
0,0,0.143718,-0.0711333,0.650638,-0.0278873,-0.199309,-0.103964
0,0,0.13748,-0.0613327,0.657503,-0.0228679,-0.196618,-0.095618
0,0,0.130664,-0.0452676,0.65534,-0.0314129,-0.193738,-0.104053
0,0,0.120082,-0.0502165,0.654085,-0.0346606,-0.194774,-0.107509
0,0,0.114939,-0.0658531,0.653265,-0.0277078,-0.193803,-0.112718
0,0,0.107516,-0.0611194,0.65016,-0.0251534,-0.193125,-0.107241
0,0,0.128245,-0.0436348,0.630691,-0.0264688,-0.194624,-0.10378
0,0,0.126054,-0.0462328,0.644951,-0.0292594,-0.19621,-0.0951932
0,0,0.138996,-0.053483,0.657947,-0.0313107,-0.191997,-0.0921814
0,0,0.14414,-0.0535463,0.642497,-0.0345993,-0.192613,-0.0950257
0,0,0.145616,-0.058405,0.648933,-0.0351701,-0.191157,-0.094894
0,0,0.129319,-0.0555853,0.654635,-0.031679,-0.193476,-0.0965643
0,0,0.130083,-0.0632485,0.666696,-0.0336416,-0.199239,-0.0933495
0,0,0.122285,-0.0652851,0.642953,-0.0361772,-0.20385,-0.099257
0,0,0.115406,-0.0611137,0.654206,-0.0379506,-0.200337,-0.0976875
0,0,0.0992993,-0.0522384,0.662541,-0.0383449,-0.204509,-0.0967204
0,0,0.11205,-0.0563139,0.666143,-0.0364646,-0.203076,-0.0977914
0,0,0.123001,-0.0596067,0.665159,-0.0343032,-0.201622,-0.105439
0,0,0.122386,-0.0508498,0.665915,-0.0350019,-0.204563,-0.101291
0,0,0.1137,-0.0574118,0.656129,-0.0328631,-0.20788,-0.106971
0,0,0.126706,-0.0554897,0.662566,-0.0341449,-0.204578,-0.108019
0,0,0.104029,-0.0754486,0.657597,-0.0329779,-0.207293,-0.0960762
0,0,0.111923,-0.0833677,0.655003,-0.0303813,-0.207447,-0.101406
0,0,0.105594,-0.0850956,0.64199,-0.0362747,-0.206425,-0.0986685
0,0,0.110845,-0.0855561,0.649399,-0.0408701,-0.206171,-0.0957964
0,0,0.0977839,-0.0716608,0.672127,-0.0366545,-0.205241,-0.103148
0,0,0.0932917,-0.0586406,0.656277,-0.0330251,-0.201949,-0.103905
0,0,0.111029,-0.0665619,0.652481,-0.0323946,-0.196624,-0.111049
0,0,0.122466,-0.0651207,0.648138,-0.0331166,-0.196149,-0.102914
0,0,0.136889,-0.060906,0.649118,-0.0325585,-0.19745,-0.0955663
0,0,0.121413,-0.0715644,0.6723,-0.0260488,-0.198352,-0.0998612
0,0,0.122892,-0.0742996,0.675407,-0.0232284,-0.193149,-0.0989547
0,0,0.121638,-0.0825587,0.671231,-0.0290722,-0.19261,-0.0977324
0,0,0.142133,-0.0757563,0.660064,-0.0302292,-0.19199,-0.0966734
0,0,0.120546,-0.0561302,0.653419,-0.0229732,-0.196731,-0.0960622
0,0,0.116699,-0.0576992,0.653163,-0.0142158,-0.199255,-0.0979839
0,0,0.132233,-0.0558052,0.646303,-0.0203089,-0.203829,-0.0989839
0,0,0.136182,-0.0621924,0.64433,-0.0233904,-0.20639,-0.102277
0,0,0.133099,-0.0671071,0.655016,-0.023654,-0.206337,-0.10323
0,0,0.124345,-0.0361953,0.669241,-0.0333155,-0.203961,-0.098527
0,0,0.122203,-0.0526095,0.677317,-0.0353395,-0.207847,-0.0979729
0,0,0.137096,-0.0581741,0.673535,-0.0347387,-0.213781,-0.0961835
0,0,0.144127,-0.0419112,0.663867,-0.03091,-0.210324,-0.0957911
0,0,0.129906,-0.0530834,0.65309,-0.0328577,-0.204292,-0.0942809
0,0,0.121087,-0.0492999,0.646771,-0.0348202,-0.198329,-0.0956436
0,0,0.131578,-0.0593171,0.652668,-0.0372997,-0.196441,-0.0936858
0,0,0.118643,-0.0554923,0.657951,-0.0353876,-0.19964,-0.0952035
0,0,0.139553,-0.0623757,0.664095,-0.0324287,-0.201965,-0.0983162
0,0,0.127401,-0.0533163,0.667413,-0.0338937,-0.20304,-0.103372
0,0,0.129554,-0.0478103,0.666789,-0.0292921,-0.2034,-0.101365
0,0,0.122402,-0.0617534,0.652953,-0.0333229,-0.202137,-0.0980852
0,0,0.123776,-0.0477788,0.657699,-0.0275289,-0.20122,-0.0980008
0,0,0.124303,-0.0460404,0.656195,-0.0239177,-0.203237,-0.0964173
0,0,0.130725,-0.0540155,0.651591,-0.0203749,-0.201751,-0.0968911
0,0,0.128717,-0.0591342,0.657978,-0.0198504,-0.200551,-0.101405
0,0,0.131005,-0.0643251,0.661476,-0.0254176,-0.195631,-0.108207
0,0,0.114165,-0.068169,0.654798,-0.0257869,-0.198197,-0.104537
0,0,0.116679,-0.0657505,0.640056,-0.0251331,-0.186848,-0.0957426
0,0,0.129887,-0.0587937,0.626267,-0.0379106,-0.183012,-0.0981871
0,0,0.141331,-0.128849,0.660443,-0.0440125,-0.186699,-0.0961348
0,0,0.133214,-0.228306,0.692149,-0.0135241,-0.158353,-0.102629
0,0,0.130067,-0.457583,0.749977,-0.0151337,-0.173589,-0.112483
0,0,0.124911,-0.497176,0.728534,-0.019179,-0.161397,-0.112488
0,0,0.132595,-0.38952,0.737983,-0.0416234,-0.171032,-0.122011
0,0,0.130516,-0.459074,0.761696,-0.0101997,-0.188184,-0.132923
0,0,0.117781,-0.397848,0.696222,-0.0387861,-0.158397,-0.138919
0,0,0.12584,-0.350205,0.671664,-0.0478213,-0.157878,-0.116433
0,0,0.151221,-0.279832,0.663826,-0.0114818,-0.148898,-0.113018
0,0,0.159099,-0.27931,0.657374,-0.0174753,-0.16851,-0.134222
0,0,0.119098,-0.302733,0.594917,-0.0378388,-0.165171,-0.113758
0,0,0.100582,-0.225991,0.546795,-0.0254212,-0.178664,-0.110621
0,0,0.151104,-0.167101,0.566114,-0.0200793,-0.178421,-0.133977
0,0,0.145743,-0.177969,0.609921,-0.0317053,-0.167746,-0.116848
0,0,0.168587,-0.163441,0.593672,-0.0329432,-0.177063,-0.125581
0,0,0.166447,-0.175896,0.517133,-0.0372951,-0.143784,-0.149354
0,0,0.147846,-0.156623,0.563353,-0.0458787,-0.182839,-0.126958
0,0,0.113152,-0.191796,0.580594,-0.0405611,-0.155596,-0.130935
0,0,0.160897,-0.217673,0.547099,-0.0480507,-0.159197,-0.132186
0,0,0.187043,-0.241893,0.542413,-0.0381746,-0.151825,-0.113074
0,0,0.141025,-0.288941,0.625667,-0.0241022,-0.182198,-0.138193
0,0,0.101321,-0.222189,0.534994,-0.0576777,-0.169672,-0.103165
0,0,0.120891,-0.131897,0.529451,-0.0585984,-0.18317,-0.122601
0,0,0.122039,-0.208173,0.567218,-0.0312956,-0.174833,-0.110227
0,0,0.179828,-0.242937,0.50053,-0.0153572,-0.168904,-0.128099
0,0,0.195312,-0.137895,0.445114,-0.0408501,-0.137551,-0.127355
0,0,0.207448,-0.191234,0.518752,-0.0158039,-0.186408,-0.127429
0,0,0.170586,-0.173338,0.421587,-0.0421767,-0.143707,-0.13794
0,0,0.140954,-0.0400719,0.405896,-0.0357823,-0.184857,-0.119872
0,0,0.172334,-0.173759,0.521793,-0.000335846,-0.197538,-0.139193
0,0,0.133274,-0.205654,0.445473,-0.0369368,-0.20672,-0.125111
0,0,0.140044,-0.073958,0.408739,-0.0664133,-0.177567,-0.131203
0,0,0.15379,-0.219645,0.44468,-0.0280818,-0.198913,-0.121676
0,0,0.11718,-0.220561,0.371675,-0.0294167,-0.171604,-0.121015
0,0,0.162542,-0.218967,0.433475,-0.0133947,-0.158928,-0.123884
0,0,0.196726,-0.284927,0.391087,-0.0243875,-0.179656,-0.117093
0,0,0.200598,-0.104145,0.350285,-0.0423148,-0.160635,-0.13003
0,0,0.17258,-0.148492,0.397374,-0.0455381,-0.188182,-0.116898
0,0,0.185467,-0.168633,0.384719,-0.0267394,-0.196566,-0.125968
0,0,0.208545,-0.0712152,0.284153,-0.027489,-0.184012,-0.118721
0,0,0.192238,0.132846,0.243991,-0.0601998,-0.216431,-0.117367
0,0,0.196949,0.198858,0.198761,-0.0625118,-0.188461,-0.13744
0,0,0.160109,0.23585,0.149365,-0.0883198,-0.202566,-0.150576
0,0,0.110123,0.229301,0.138282,-0.0911458,-0.190828,-0.147503
0,0,0.0974742,0.137871,0.237723,-0.0661859,-0.247444,-0.139691
0,0,0.123559,0.105734,0.248805,-0.0284233,-0.219828,-0.112775
0,0,0.171368,0.219111,0.134121,-0.032965,-0.23569,-0.111533
0,0,0.18317,0.255094,0.147752,-0.0262276,-0.22118,-0.124603
0,0,0.191932,0.20182,0.221228,-0.0145069,-0.237263,-0.0912113
0,0,0.149383,0.0860868,0.257066,-0.0234336,-0.270148,-0.114443
0,0,0.157089,0.10268,0.187714,-0.0242643,-0.216152,-0.0953153
0,0,0.178798,0.0017077,0.290376,0.00304123,-0.236459,-0.112738
0,0,0.173389,-0.0709521,0.359044,0.00783296,-0.227194,-0.108424
0,0,0.194435,0.042508,0.295318,0.00125476,-0.232971,-0.116706
0,0,0.15145,-0.00832291,0.38853,-0.00726671,-0.251714,-0.0926608
0,0,0.121778,-0.0888608,0.450794,0.0322945,-0.263707,-0.109278
0,0,0.14816,-0.0055335,0.363861,0.00629379,-0.216058,-0.0855749
0,0,0.15698,-0.0289061,0.488053,0.0177048,-0.275396,-0.0983272
0,0,0.137907,-0.0707127,0.485864,0.0298782,-0.23034,-0.0786808
0,0,0.123538,-0.0460591,0.450113,0.018701,-0.265048,-0.0919302
0,0,0.139222,-0.00537105,0.475498,0.0399768,-0.238967,-0.0903451
0,0,0.116353,-0.0594438,0.54391,0.0462733,-0.279371,-0.0938716
0,0,0.171758,0.00941998,0.410668,0.0023256,-0.227119,-0.0942291
0,0,0.179695,-0.0539981,0.501588,0.0328405,-0.281387,-0.0856414
0,0,0.104731,-0.154316,0.536966,0.0292255,-0.220339,-0.110217
0,0,0.119059,-0.0422086,0.49978,0.0231331,-0.244671,-0.0892769
0,0,0.119487,-0.0250153,0.531074,0.00225942,-0.241268,-0.0933179
0,0,0.0838609,-0.0561609,0.601859,0.0227612,-0.286881,-0.0869352
0,0,0.151771,0.0307045,0.483274,0.0123512,-0.238988,-0.0812059
0,0,0.134642,-0.0197681,0.58993,0.0251865,-0.288527,-0.096279
0,0,0.107435,-0.13585,0.639684,0.0209236,-0.259587,-0.0776988
0,0,0.171343,0.101503,0.533942,0.0228044,-0.265944,-0.0927338
0,0,0.167502,0.0337951,0.592101,0.0139999,-0.264666,-0.0901952
0,0,0.141547,-0.137393,0.722048,0.0635166,-0.272786,-0.0877239
0,0,0.150524,-0.0967248,0.674435,0.0577609,-0.252254,-0.101783

