1481579563,123096947,0.506274,-1.18676,0.273349,-3.06543,2.3431,0.723518,1.029,1.026480.000388086,-0.00658973,-0.0635755,0.0193641,-0.106657,0.0766099,0,0
1481579563,149046449,0.505311,-1.18676,0.274312,-3.06781,2.34548,0.722328,1.029,1.026480.0481718,-0.000823449,-0.0681013,0.0470453,-0.0877011,0.0393237,0,0
1481579563,181023463,0.505311,-1.18676,0.276237,-3.06781,2.34667,0.721138,1.029,1.026480.00602148,-0.000102798,-0.0446053,0.00588066,-0.0258364,0.034663,0,0
1481579563,207041223,0.505311,-1.18676,0.277199,-3.06781,2.34667,0.721138,1.029,1.026480.00150537,-2.55663e-05,-0.0592814,0.00147017,-0.00645923,0.00866574,0,0
1481579563,233007909,0.505311,-1.18676,0.277199,-3.06781,2.34667,0.721138,1.029,1.026480.000188171,-3.19579e-06,-0.00740998,0.000183771,-0.00080747,0.00108322,0,0
1481579563,259003033,0.505311,-1.18676,0.277199,-3.06781,2.34667,0.721138,1.029,1.026482.35214e-05,-5.32632e-07,-0.000926247,2.29713e-05,-0.000100667,0.000135402,0,0
1481579563,259003033,0.505311,-1.18676,0.277199,-3.06781,2.34667,0.721138,1.029,1.026482.35214e-05,-5.32632e-07,-0.000926247,2.29713e-05,-0.000100667,0.000135402,0,0
1481579563,311043508,0.505311,-1.18676,0.277199,-3.06781,2.34667,0.721138,1.029,1.026487.35044e-07,0,-2.87621e-05,7.17855e-07,-3.19579e-06,4.23132e-06,0,0
1481579563,337007122,0.505311,-1.18676,0.277199,-3.06781,2.34667,0.721138,1.029,1.026481.83761e-07,0,-7.45685e-06,1.79464e-07,-5.32632e-07,1.05783e-06,0,0
1481579563,363040096,0.505311,-1.18676,0.277199,-3.06781,2.34667,0.721138,1.029,1.026482.29701e-08,0,-1.06526e-06,2.2433e-08,0,1.32229e-07,0,0
1481579563,405004491,0.505311,-1.18676,0.277199,-3.06781,2.34667,0.721138,1.029,1.026481.43563e-09,0,0,1.40206e-09,0,8.2643e-09,0,0
1481579563,425044953,0.505311,-1.18676,0.277199,-3.06781,2.34667,0.721138,1.029,1.026483.58908e-10,0,0,3.50515e-10,0,2.06607e-09,0,0
1481579563,451015721,0.505311,-1.18676,0.277199,-3.06781,2.34667,0.721138,1.029,1.026484.48637e-11,0,0,4.38147e-11,0,2.58259e-10,0,0
1481579563,477047623,0.505311,-1.18676,0.277199,-3.06781,2.34667,0.721138,1.029,1.026481.12159e-11,0,0,1.09539e-11,0,6.45652e-11,0,0
1481579563,497021212,0.505311,-1.18676,0.277199,-3.06781,2.34667,0.721138,1.029,1.026482.80398e-12,0,0,2.73825e-12,0,1.61409e-11,0,0
1481579563,523006737,0.505311,-1.18676,0.277199,-3.06781,2.34667,0.721138,1.029,1.026483.5083e-13,0,0,3.41949e-13,0,2.01794e-12,0,0
1481579563,549033169,0.505311,-1.18676,0.277199,-3.06781,2.34667,0.721138,1.029,1.026484.35207e-14,0,0,4.26326e-14,0,2.52243e-13,0,0
1481579563,575038257,0.505311,-1.18676,0.277199,-3.06781,2.34667,0.721138,1.029,1.026481.06581e-14,0,0,1.06581e-14,0,6.30607e-14,0,0
1481579563,601028595,0.505311,-1.18676,0.277199,-3.06781,2.34667,0.721138,1.029,1.026481.77636e-15,0,0,1.77636e-15,0,7.99361e-15,0,0
1481579563,621005879,0.505311,-1.18676,0.277199,-3.06781,2.34667,0.721138,1.029,1.026480,0,0,0,0,1.77636e-15,0,0
1481579563,647007417,0.505311,-1.18676,0.277199,-3.06781,2.34667,0.721138,1.029,1.026480,0,0,0,0,8.88178e-16,0,0
1481579563,673034911,0.505311,-1.18676,0.277199,-3.06781,2.34667,0.721138,1.029,1.026480,0,0,0,0,0,0,0
1481579563,699002001,0.505311,-1.18676,0.277199,-3.06781,2.34667,0.721138,1.029,1.026480,0,0,0,0,0,0,0
1481579563,724996790,0.505311,-1.18676,0.277199,-3.06781,2.34667,0.721138,1.029,1.026480,0,0,0,0,0,0,0
1481579563,750987938,0.505311,-1.18676,0.277199,-3.06781,2.34667,0.721138,1.029,1.026480,0,0,0,0,0,0,0
1481579563,777012968,0.505311,-1.18676,0.277199,-3.06781,2.34667,0.721138,1.029,1.026480,0,0,0,0,0,0,0
1481579563,797004780,0.505311,-1.18676,0.277199,-3.06781,2.34667,0.721138,1.029,1.026480,0,0,0,0,0,0,0
1481579563,824014068,0.505311,-1.18676,0.277199,-3.06781,2.34667,0.721138,1.029,1.026480,0,0,0,0,0,0,0
1481579563,849995003,0.505311,-1.18676,0.277199,-3.06781,2.34667,0.721138,1.029,1.026480,0,0,0,0,0,0,0
1481579563,876064526,0.505311,-1.18676,0.277199,-3.06781,2.34667,0.721138,1.029,1.026480,0,0,0,0,0,0,0
1481579563,902046395,0.505311,-1.18676,0.277199,-3.06781,2.34667,0.721138,1.029,1.026480,0,0,0,0,0,0,0
1481579563,922009996,0.505311,-1.18676,0.277199,-3.06781,2.34667,0.721138,1.029,1.026480,0,0,0,0,0,0,0
1481579563,948001466,0.505311,-1.18676,0.277199,-3.06781,2.34667,0.721138,1.029,1.026480,0,0,0,0,0,0,0
1481579563,974033897,0.505311,-1.18676,0.277199,-3.06781,2.34667,0.721138,1.029,1.026480,0,0,0,0,0,0,0
1481579564,2175,0.505311,-1.18676,0.277199,-3.06781,2.34667,0.721138,1.029,1.026480,0,0,0,0,0,0,0
1481579564,26040205,0.505311,-1.18676,0.277199,-3.06781,2.34667,0.721138,1.029,1.026480,0,0,0,0,0,0,0
1481579564,52013544,0.505311,-1.18676,0.277199,-3.06781,2.34667,0.721138,1.029,1.026480,0,0,0,0,0,0,0
1481579564,72003389,0.505311,-1.18676,0.277199,-3.06781,2.34667,0.721138,1.029,1.026480,0,0,0,0,0,0,0
1481579564,98022757,0.505311,-1.18676,0.277199,-3.06781,2.34667,0.721138,1.029,1.026480,0,0,0,0,0,0,0
1481579564,124035852,0.505311,-1.18676,0.277199,-3.06781,2.34667,0.721138,1.029,1.026480,0,0,0,0,0,0,0
1481579564,149991794,0.505311,-1.18676,0.277199,-3.06781,2.34667,0.721138,1.029,1.026480,0,0,0,0,0,0,0
1481579564,176012392,0.505311,-1.18676,0.277199,-3.06781,2.34667,0.721138,1.029,1.026480,0,0,0,0,0,0,0
1481579564,195998772,0.505311,-1.18676,0.277199,-3.06781,2.34667,0.721138,1.029,1.026480,0,0,0,0,0,0,0
1481579564,222089157,0.505311,-1.18676,0.277199,-3.06781,2.34667,0.721138,1.029,1.026480,0,0,0,0,0,0,0
1481579564,248008048,0.505311,-1.18676,0.277199,-3.06781,2.34667,0.721138,1.029,1.026480,0,0,0,0,0,0,0
1481579564,274026738,0.505311,-1.18676,0.277199,-3.06781,2.34667,0.721138,1.029,1.026480,0,0,0,0,0,0,0
1481579564,299986011,0.505311,-1.18676,0.277199,-3.06781,2.34667,0.721138,1.029,1.026480,0,0,0,0,0,0,0
1481579564,326014995,0.505311,-1.18676,0.277199,-3.06781,2.34667,0.721138,1.029,1.026480,0,0,0,0,0,0,0
1481579564,347991847,0.505311,-1.18676,0.277199,-3.06781,2.34667,0.721138,1.029,1.026480,0,0,0,0,0,0,0
1481579564,374002084,0.505311,-1.18676,0.277199,-3.06781,2.34667,0.721138,1.029,1.026480,0,0,0,0,0,0,0
1481579564,400003267,0.505311,-1.18676,0.277199,-3.06781,2.34667,0.721138,1.029,1.026480,0,0,0,0,0,0,0
1481579564,426003720,0.505311,-1.18676,0.277199,-3.06781,2.34667,0.721138,1.029,1.026480,0,0,0,0,0,0,0
1481579564,452158900,0.505311,-1.18676,0.277199,-3.06781,2.34667,0.721138,1.029,1.026480,0,0,0,0,0,0,0
1481579564,472033863,0.505311,-1.18676,0.277199,-3.06781,2.34667,0.721138,1.029,1.026480,0,0,0,0,0,0,0
1481579564,498009357,0.505311,-1.18676,0.277199,-3.06781,2.34667,0.721138,1.029,1.026480,0,0,0,0,0,0,0
1481579564,524041869,0.505311,-1.18676,0.277199,-3.06781,2.34667,0.721138,1.029,1.026480,0,0,0,0,0,0,0
1481579564,550032667,0.505311,-1.18676,0.277199,-3.06781,2.34667,0.721138,1.029,1.026480,0,0,0,0,0,0,0
1481579564,576031586,0.505311,-1.18676,0.277199,-3.06781,2.34667,0.721138,1.029,1.026480,0,0,0,0,0,0,0
1481579564,595996626,0.505311,-1.18676,0.277199,-3.06781,2.34667,0.721138,1.029,1.026480,0,0,0,0,0,0,0
1481579564,622026045,0.505311,-1.18676,0.277199,-3.06781,2.34667,0.721138,1.029,1.026480,0,0,0,0,0,0,0
1481579564,648014660,0.505311,-1.18676,0.277199,-3.06781,2.34667,0.721138,1.029,1.026480,0,0,0,0,0,0,0
1481579564,673996403,0.505311,-1.18676,0.277199,-3.06781,2.34667,0.721138,1.029,1.026480,0,0,0,0,0,0,0
1481579564,699993245,0.505311,-1.18676,0.277199,-3.06781,2.34667,0.721138,1.029,1.026480,0,0,0,0,0,0,0
1481579564,726021025,0.505311,-1.18676,0.277199,-3.06781,2.34667,0.721138,1.029,1.026480,0,0,0,0,0,0,0
1481579564,752003422,0.505311,-1.18676,0.277199,-3.06781,2.34667,0.721138,1.029,1.026480,0,0,0,0,0,0,0
1481579564,772034940,0.505311,-1.18676,0.277199,-3.06781,2.34667,0.721138,1.029,1.026480,0,0,0,0,0,0,0
1481579564,798006133,0.505311,-1.18676,0.277199,-3.06781,2.34667,0.721138,1.029,1.026480,0,0,0,0,0,0,0
1481579564,824027058,0.505311,-1.18676,0.277199,-3.06781,2.34667,0.721138,1.029,1.026480,0,0,0,0,0,0,0
1481579564,850080888,0.505311,-1.18676,0.277199,-3.06781,2.34667,0.721138,1.029,1.026480,0,0,0,0,0,0,0
1481579564,876038778,0.505311,-1.18676,0.277199,-3.06781,2.34667,0.721138,1.029,1.026480,0,0,0,0,0,0,0
1481579564,902023730,0.505311,-1.18676,0.277199,-3.06781,2.34667,0.721138,1.029,1.026480,0,0,0,0,0,0,0
1481579564,922002783,0.505311,-1.18676,0.277199,-3.06781,2.34667,0.721138,1.029,1.026480,0,0,0,0,0,0,0
1481579564,948012324,0.505311,-1.18676,0.277199,-3.06781,2.34667,0.721138,1.029,1.026480,0,0,0,0,0,0,0
1481579564,974041857,0.505311,-1.18676,0.277199,-3.06781,2.34667,0.721138,1.029,1.026480,0,0,0,0,0,0,0
1481579565,25233,0.505311,-1.18676,0.277199,-3.06781,2.34667,0.721138,1.029,1.026480,0,0,0,0,0,0,0
1481579565,26024440,0.505311,-1.18676,0.277199,-3.06781,2.34667,0.721138,1.029,1.026480,0,0,0,0,0,0,0
1481579565,51986735,0.505311,-1.18676,0.277199,-3.06781,2.34667,0.721138,1.029,1.026480,0,0,0,0,0,0,0
1481579565,72025272,0.505311,-1.18676,0.277199,-3.06781,2.34667,0.721138,1.029,1.026480,0,0,0,0,0,0,0
1481579565,98018184,0.505311,-1.18676,0.277199,-3.06781,2.34667,0.721138,1.029,1.026480,0,0,0,0,0,0,0
1481579565,124010432,0.505311,-1.18676,0.277199,-3.06781,2.34667,0.721138,1.029,1.026480,0,0,0,0,0,0,0
1481579565,150014377,0.505311,-1.18676,0.277199,-3.06781,2.34667,0.721138,1.029,1.026480,0,0,0,0,0,0,0
1481579565,176013037,0.505311,-1.18676,0.277199,-3.06781,2.34667,0.721138,1.029,1.026480,0,0,0,0,0,0,0
1481579565,195985322,0.505311,-1.18676,0.277199,-3.06781,2.34667,0.721138,1.029,1.026480,0,0,0,0,0,0,0
1481579565,222010995,0.505311,-1.18676,0.277199,-3.06781,2.34667,0.721138,1.029,1.026480,0,0,0,0,0,0,0
1481579565,247980136,0.505311,-1.18676,0.277199,-3.06781,2.34667,0.721138,1.029,1.026480,0,0,0,0,0,0,0
1481579565,274018164,0.505311,-1.18676,0.277199,-3.06781,2.34667,0.721138,1.029,1.026480,0,0,0,0,0,0,0
1481579565,299993842,0.505311,-1.18676,0.277199,-3.06781,2.34667,0.721138,1.029,1.026480,0,0,0,0,0,0,0
1481579565,325994803,0.505311,-1.18676,0.277199,-3.06781,2.34667,0.721138,1.029,1.026480,0,0,0,0,0,0,0
1481579565,351973280,0.505311,-1.18676,0.277199,-3.06781,2.34667,0.721138,1.029,1.026480,0,0,0,0,0,0,0
1481579565,371999728,0.505311,-1.18676,0.277199,-3.06781,2.34667,0.721138,1.029,1.026480,0,0,0,0,0,0,0
1481579565,397999253,0.505311,-1.18676,0.277199,-3.06781,2.34667,0.721138,1.029,1.026480,0,0,0,0,0,0,0
1481579565,423999374,0.505311,-1.18676,0.277199,-3.06781,2.34667,0.721138,1.029,1.026480,0,0,0,0,0,0,0
1481579565,450001044,0.505311,-1.18676,0.277199,-3.06781,2.34667,0.721138,1.029,1.026480,0,0,0,0,0,0,0
1481579565,476045901,0.505311,-1.18676,0.277199,-3.06781,2.34667,0.721138,1.029,1.026480,0,0,0,0,0,0,0
1481579565,497005787,0.505311,-1.18676,0.277199,-3.06781,2.34667,0.721138,1.029,1.026480,0,0,0,0,0,0,0
1481579565,523011404,0.505311,-1.18676,0.277199,-3.06781,2.34667,0.721138,1.029,1.026480,0,0,0,0,0,0,0
1481579565,549033583,0.505311,-1.18676,0.277199,-3.06781,2.34667,0.721138,1.029,1.026480,0,0,0,0,0,0,0
1481579565,575041276,0.505311,-1.18676,0.277199,-3.06781,2.34667,0.721138,1.029,1.026480,0,0,0,0,0,0,0
1481579565,601029293,0.505311,-1.18676,0.277199,-3.06781,2.34667,0.721138,1.029,1.026480,0,0,0,0,0,0,0
1481579565,621034880,0.505311,-1.18676,0.277199,-3.06781,2.34667,0.721138,1.029,1.026480,0,0,0,0,0,0,0
1481579565,647008451,0.505311,-1.18676,0.277199,-3.06781,2.34667,0.721138,1.029,1.026480,0,0,0,0,0,0,0
1481579565,673001386,0.505311,-1.18676,0.277199,-3.06781,2.34667,0.721138,1.029,1.026480,0,0,0,0,0,0,0
1481579565,698996759,0.505311,-1.18676,0.277199,-3.06781,2.34667,0.721138,1.029,1.026480,0,0,0,0,0,0,0
1481579565,724993900,0.505311,-1.18676,0.277199,-3.06781,2.34667,0.721138,1.029,1.026480,0,0,0,0,0,0,0
1481579565,751017219,0.505311,-1.18676,0.277199,-3.06781,2.34667,0.721138,1.029,1.026480,0,0,0,0,0,0,0
1481579565,771030468,0.505311,-1.18676,0.277199,-3.06781,2.34667,0.721138,1.029,1.026480,0,0,0,0,0,0,0
1481579565,796994009,0.505311,-1.18676,0.277199,-3.06781,2.34667,0.721138,1.029,1.026480,0,0,0,0,0,0,0
1481579565,823015118,0.505311,-1.18676,0.277199,-3.06781,2.34667,0.721138,1.029,1.026480,0,0,0,0,0,0,0
1481579565,849024946,0.505311,-1.18676,0.277199,-3.06781,2.34667,0.721138,1.029,1.026480,0,0,0,0,0,0,0
1481579565,875033384,0.505311,-1.18676,0.277199,-3.06781,2.34667,0.721138,1.029,1.026480,0,0,0,0,0,0,0
1481579565,900999872,0.505311,-1.18676,0.277199,-3.06781,2.34667,0.721138,1.029,1.026480,0,0,0,0,0,0,0
1481579565,926993984,0.505311,-1.18676,0.277199,-3.06781,2.34667,0.721138,1.029,1.026480,0,0,0,0,0,0,0
1481579565,946987086,0.505311,-1.18676,0.277199,-3.06781,2.34667,0.721138,1.029,1.026480,0,0,0,0,0,0,0
1481579565,973031820,0.505311,-1.18676,0.277199,-3.06781,2.34667,0.721138,1.029,1.026480,0,0,0,0,0,0,0
1481579565,999007144,0.505311,-1.18676,0.277199,-3.06781,2.34667,0.721138,1.029,1.026480,0,0,0,0,0,0,0
1481579566,24996697,0.505311,-1.18676,0.277199,-3.06781,2.34667,0.721138,1.029,1.026480,0,0,0,0,0,0,0
1481579566,50982534,0.505311,-1.18676,0.277199,-3.06781,2.34667,0.721138,1.029,1.026480,0,0,0,0,0,0,0
1481579566,77025054,0.505311,-1.18676,0.277199,-3.06781,2.34667,0.721138,1.029,1.026480,0,0,0,0,0,0,0
1481579566,97008967,0.505311,-1.18676,0.277199,-3.06781,2.34667,0.721138,1.029,1.026480,0,0,0,0,0,0,0
1481579566,123042918,0.505311,-1.18676,0.277199,-3.06781,2.34667,0.721138,1.029,1.026480,0,0,0,0,0,0,0
1481579566,148988492,0.505311,-1.18676,0.277199,-3.06781,2.34667,0.721138,1.029,1.026480,0,0,0,0,0,0,0
1481579566,174994165,0.505311,-1.18676,0.277199,-3.06781,2.34667,0.721138,1.029,1.026480,0,0,0,0,0,0,0
1481579566,201005377,0.505311,-1.18676,0.277199,-3.06781,2.34667,0.721138,1.029,1.026480,0,0,0,0,0,0,0
1481579566,226974050,0.505311,-1.18676,0.277199,-3.06781,2.34667,0.721138,1.029,1.026480,0,0,0,0,0,0,0
1481579566,246990634,0.505311,-1.18676,0.277199,-3.06781,2.34667,0.721138,1.029,1.026480,0,0,0,0,0,0,0
1481579566,273057368,0.505311,-1.18676,0.277199,-3.06781,2.34429,0.721138,1.029,1.026480,0,0,0,0.0892425,0,0,0
1481579566,298997637,0.505311,-1.18772,0.277199,-3.06781,2.33953,0.721138,1.029,1.026480,-0.0120306,0,0,0.145032,0,0,0
1481579566,325032486,0.505311,-1.18965,0.275274,-3.06543,2.33239,0.721138,1.029,1.026480,-0.0751928,0.04813,-0.119,0.21477,0,0,0
1481579566,350975810,0.505311,-1.19157,0.273349,-3.06305,2.32644,0.721138,1.029,1.026480,-0.0815971,0.0902321,-0.104125,0.26484,0,0,0
1481579566,377025785,0.505311,-1.19446,0.269499,-3.05948,2.31692,0.721138,1.029,1.026480,-0.0925843,0.118808,-0.115281,0.274469,0,0,0
1481579566,396996279,0.505311,-1.19638,0.265649,-3.05591,2.31097,0.721138,1.029,1.026480,-0.095331,0.150017,-0.11807,0.336371,0,0,0
1481579566,423007484,0.505311,-1.19831,0.262762,-3.05353,2.30383,0.721138,1.029,1.026480,-0.0961321,0.163129,-0.163509,0.309787,0,0,0
1481579566,449003370,0.505311,-1.20216,0.257949,-3.04877,2.29312,0.721138,1.029,1.026480,-0.108267,0.176795,-0.184063,0.336232,0,0,0
1481579566,475033891,0.505311,-1.20601,0.253137,-3.04401,2.28122,0.722328,1.029,1.026480,-0.0992518,0.188575,-0.135265,0.351799,-0.059495,0,0
1481579566,501009170,0.505311,-1.20793,0.249287,-3.04163,2.27408,0.723518,1.029,1.026480,-0.108667,0.155914,-0.135908,0.371231,-0.0669316,0,0
1481579566,520996878,0.505311,-1.20986,0.244474,-3.03806,2.26575,0.723518,1.029,1.026480,-0.0993514,0.231475,-0.152977,0.420057,-0.0167332,0,0
1481579566,547006699,0.505311,-1.21371,0.238699,-3.03449,2.25504,0.724708,1.029,1.026480,-0.121084,0.202242,-0.186994,0.372755,-0.0339308,0,0
1481579566,573001503,0.505311,-1.21563,0.234849,-3.03092,2.2479,0.725898,1.029,1.026480,-0.0993514,0.19372,-0.142374,0.358977,-0.0339889,0,0
1481579566,599041015,0.505311,-1.21948,0.229074,-3.02616,2.236,0.727088,1.029,1.026480,-0.108669,0.19265,-0.151671,0.372128,-0.0191226,0,0
1481579566,625043338,0.504349,-1.22333,0.2233,-3.0214,2.2241,0.729468,1.029,1.026480.0240617,-0.123414,0.192536,-0.186667,0.420281,-0.0345279,0,0
1481579566,651024393,0.504349,-1.22526,0.218487,-3.01783,2.21577,0.730658,1.029,1.026480.00300771,-0.0996491,0.21657,-0.186958,0.424412,-0.078738,0,0
1481579566,676997280,0.503386,-1.22911,0.21175,-3.01307,2.20387,0.731848,1.029,1.026480.0248202,-0.121159,0.222581,-0.13599,0.373857,-0.0791795,0,0
1481579566,697010170,0.503386,-1.232,0.2079,-3.01069,2.19673,0.733038,1.029,1.026480.00620506,-0.102475,0.200022,-0.152997,0.390953,-0.0792898,0,0
1481579566,723017216,0.503386,-1.23392,0.203087,-3.00712,2.1884,0.734228,1.029,1.026480.000775633,-0.109063,0.241561,-0.152999,0.390999,-0.0396587,0,0
1481579566,749017009,0.503386,-1.23777,0.19635,-3.00236,2.1765,0.736608,1.029,1.026489.69541e-05,-0.145972,0.222693,-0.153,0.376131,-0.079326,0,0
1481579566,775018172,0.503386,-1.24066,0.189612,-2.9976,2.1646,0.737798,1.029,1.026482.42385e-05,-0.108678,0.200047,-0.186999,0.421282,-0.0793265,0,0
1481579566,800993350,0.503386,-1.24258,0.185762,-2.99403,2.15627,0.738988,1.029,1.026483.02982e-06,-0.0978041,0.205477,-0.187,0.424537,-0.0396635,0,0
1481579566,827006782,0.502424,-1.24643,0.179025,-2.98927,2.14437,0.741368,1.029,1.026480.0481241,-0.120698,0.243869,-0.135999,0.373889,-0.0396635,0,0
1481579566,847007783,0.502424,-1.24836,0.174212,-2.98689,2.13723,0.742557,1.029,1.026480.012031,-0.102359,0.205344,-0.153,0.390961,-0.0396635,0,0
1481579566,873000317,0.502424,-1.25125,0.1694,-2.98332,2.1289,0.743748,1.029,1.026480.00150388,-0.145141,0.254264,-0.153,0.390986,-0.0793798,0,0
1481579566,898996490,0.502424,-1.25413,0.162662,-2.97856,2.11581,0.744938,1.029,1.026480.000187985,-0.102359,0.248341,-0.152999,0.435624,-0.0396699,0,0
1481579566,925029083,0.502424,-1.25702,0.155925,-2.97499,2.1051,0.747318,1.029,1.026484.69962e-05,-0.0977748,0.254582,-0.1275,0.376647,-0.0396651,0,0
1481579566,950993757,0.501461,-1.25895,0.152075,-2.97142,2.09677,0.748508,1.029,1.026480.0481292,-0.0964411,0.200263,-0.149812,0.418958,-0.0495795,0,0
1481579566,976981554,0.501461,-1.26183,0.144375,-2.96666,2.08487,0.750888,1.029,1.026480.0120323,-0.0962951,0.266624,-0.186203,0.431975,-0.0421424,0,0
1481579566,996969900,0.501461,-1.26472,0.140525,-2.96309,2.07654,0.752078,1.029,1.026480.00300807,-0.144382,0.211029,-0.1358,0.435256,-0.040283,0,0
1481579567,23006408,0.501461,-1.26665,0.13475,-2.96071,2.06822,0.753268,1.029,1.026480.000376009,-0.10227,0.267004,-0.135975,0.426264,-0.0794043,0,0
1481579567,48996965,0.501461,-1.26953,0.128012,-2.95595,2.05632,0.755647,1.029,1.026484.70012e-05,-0.0969998,0.249939,-0.150871,0.425147,-0.0842944,0,0
1481579567,75022312,0.501461,-1.27242,0.121275,-2.95119,2.04442,0.758028,1.029,1.026481.17503e-05,-0.0964347,0.254985,-0.126968,0.374028,-0.0806219,0,0
1481579567,100982202,0.501461,-1.27435,0.116462,-2.94881,2.03728,0.759218,1.029,1.026481.46879e-06,-0.096277,0.248438,-0.134871,0.373996,-0.0844467,0,0
1481579567,126973987,0.501461,-1.27723,0.109725,-2.94405,2.02538,0.761598,1.029,1.026483.67197e-07,-0.0962541,0.254609,-0.152717,0.390987,-0.0806064,0,0
1481579567,146987251,0.501461,-1.27916,0.10395,-2.94048,2.01705,0.762788,1.029,1.026489.17992e-08,-0.0962488,0.256152,-0.186929,0.425009,-0.0498991,0,0
1481579567,173029151,0.500499,-1.28108,0.1001,-2.93691,2.00871,0.763978,1.029,1.026480.0481233,-0.0962466,0.21249,-0.186991,0.395262,-0.0508589,0,0
1481579567,199015322,0.500499,-1.28301,0.0923997,-2.93215,1.99682,0.766358,1.029,1.026480.00601542,-0.0842225,0.231095,-0.186998,0.376644,-0.0509788,0,0
1481579567,225018701,0.500499,-1.2859,0.0856623,-2.92739,1.98492,0.768737,1.029,1.026480.00150385,-0.0932405,0.250274,-0.136,0.421423,-0.101987,0,0
1481579567,251006128,0.500499,-1.28782,0.0808498,-2.92501,1.97659,0.771118,1.029,1.026480.000187982,-0.0958711,0.223781,-0.136,0.424535,-0.102018,0,0
1481579567,277005914,0.499536,-1.28975,0.0731498,-2.92025,1.96469,0.773498,1.029,1.026480.0241087,-0.0961662,0.27251,-0.153,0.433396,-0.0849996,0,0
1481579567,297000033,0.499536,-1.29167,0.0683374,-2.91787,1.95635,0.774688,1.029,1.026480.00602716,-0.0721647,0.260627,-0.127499,0.376103,-0.0509974,0,0
1481579567,323018341,0.499536,-1.2936,0.0625623,-2.9143,1.94803,0.775878,1.029,1.026480.000753396,-0.0932362,0.273205,-0.149812,0.433764,-0.0509958,0,0
1481579567,348978152,0.498574,-1.29648,0.0558249,-2.90954,1.93613,0.778258,1.029,1.026480.0241558,-0.0958706,0.214615,-0.152601,0.396357,-0.0509958,0,0
1481579567,374991890,0.498574,-1.29841,0.0481249,-2.90478,1.92423,0.780637,1.029,1.026480.00603896,-0.048029,0.270219,-0.1869,0.366843,-0.101992,0,0
1481579567,400982473,0.497611,-1.30033,0.0433123,-2.90121,1.9159,0.783018,1.029,1.026480.0248165,-0.0902226,0.226281,-0.186987,0.432613,-0.102045,0,0
1481579567,427019622,0.497611,-1.30226,0.0346499,-2.89645,1.904,0.785398,1.029,1.026480.00620413,-0.0947409,0.225008,-0.135996,0.375907,-0.0552585,0,0
1481579567,447021620,0.497611,-1.30418,0.0298374,-2.89407,1.89567,0.787778,1.029,1.026480.00155103,-0.0718084,0.248749,-0.152999,0.391465,-0.103057,0,0
1481579567,473010552,0.497611,-1.30515,0.0250249,-2.8905,1.88734,0.788968,1.029,1.026480.000193879,-0.0450687,0.259688,-0.153,0.435684,-0.087251,0,0
1481579567,498988165,0.496649,-1.30707,0.0173249,-2.88574,1.87544,0.791348,1.029,1.026480.0240859,-0.0417296,0.236993,-0.152999,0.39659,-0.0555274,0,0
1481579567,525008880,0.496649,-1.30996,0.00962493,-2.88217,1.86354,0.794917,1.029,1.026480.00602147,-0.0826171,0.275807,-0.1275,0.426397,-0.103125,0,0
1481579567,550996928,0.496649,-1.31092,0.00385,-2.87741,1.85521,0.796108,1.029,1.026480.000752684,-0.0464194,0.275101,-0.209312,0.425177,-0.0873128,0,0
1481579567,570984610,0.495686,-1.31285,-0.000962466,-2.87503,1.84688,0.798488,1.029,1.026480.0242498,-0.08379,0.261272,-0.141578,0.43353,-0.111071,0,0
1481579567,596998250,0.495686,-1.31477,-0.00962493,-2.87027,1.83498,0.800868,1.029,1.026480.00606246,-0.045009,0.281883,-0.154394,0.435645,-0.0575152,0,0
1481579567,623021822,0.495686,-1.3167,-0.0144375,-2.8667,1.82665,0.803248,1.029,1.026480.000757807,-0.0898455,0.263831,-0.153173,0.426313,-0.111306,0,0
1481579567,649008677,0.495686,-1.31862,-0.0221375,-2.86194,1.81475,0.805628,1.029,1.026489.47259e-05,-0.0834155,0.261575,-0.153022,0.395405,-0.103156,0,0
1481579567,675006193,0.494724,-1.32055,-0.0308,-2.85718,1.80285,0.808007,1.029,1.026480.024092,-0.0689775,0.233832,-0.127505,0.426087,-0.0555365,0,0
1481579567,700980759,0.494724,-1.32151,-0.0356125,-2.8548,1.79452,0.810388,1.029,1.026480.0030115,-0.0687761,0.269854,-0.134938,0.395377,-0.111085,0,0
1481579567,721002582,0.494724,-1.32247,-0.0413874,-2.85123,1.78619,0.812768,1.029,1.026480.000752875,-0.0412625,0.284022,-0.152734,0.396359,-0.117014,0,0
1481579567,746978861,0.493761,-1.3244,-0.0500499,-2.84647,1.7731,0.815148,1.029,1.026480.0483115,-0.0343771,0.23944,-0.157183,0.396592,-0.0590007,0,0
1481579567,772980898,0.493761,-1.32536,-0.0548625,-2.84171,1.76477,0.817528,1.029,1.026480.00603894,-0.0403895,0.270558,-0.213021,0.436325,-0.111492,0,0
1481579567,798989094,0.492799,-1.32728,-0.0635249,-2.83695,1.75287,0.821097,1.029,1.026480.0488782,-0.041141,0.286477,-0.190252,0.426424,-0.118053,0,0
1481579567,824966505,0.492799,-1.32921,-0.0712249,-2.83219,1.74097,0.823478,1.029,1.026480.0122195,-0.0584084,0.312243,-0.136813,0.433855,-0.0890614,0,0
1481579567,850999858,0.491836,-1.33017,-0.0769998,-2.82981,1.73264,0.825858,1.029,1.026480.0496508,-0.0674552,0.279655,-0.1361,0.396368,-0.115249,0,0
1481579567,877075326,0.491836,-1.33113,-0.0856623,-2.82386,1.71955,0.829428,1.029,1.026480.0124127,-0.0650003,0.286472,-0.153025,0.456089,-0.118055,0,0
1481579567,897059309,0.491836,-1.33306,-0.0914372,-2.82029,1.71122,0.830618,1.029,1.026480.00310317,-0.0643734,0.288183,-0.157256,0.441258,-0.0592612,0,0
1481579567,923014292,0.491836,-1.33402,-0.0972123,-2.81791,1.7017,0.832997,1.029,1.026480.000387897,-0.0682009,0.28868,-0.138657,0.456769,-0.111524,0,0
1481579567,948989166,0.490874,-1.33498,-0.105875,-2.81196,1.6898,0.836568,1.029,1.026480.0120793,-0.032587,0.288741,-0.166082,0.399212,-0.118083,0,0
1481579567,974998486,0.490874,-1.33691,-0.114537,-2.8072,1.6779,0.840138,1.029,1.026480.00301983,-0.0322083,0.288743,-0.190271,0.397318,-0.118763,0,0
1481579568,1001673,0.489911,-1.33787,-0.120312,-2.80363,1.66838,0.842518,1.029,1.026480.0244391,-0.0641801,0.288752,-0.157657,0.451296,-0.118962,0,0
1481579568,21002207,0.489911,-1.33883,-0.126087,-2.80006,1.66005,0.843708,1.029,1.026480.00610978,-0.0641816,0.28875,-0.158414,0.440073,-0.0892356,0,0
1481579568,47005232,0.489911,-1.3398,-0.13475,-2.79411,1.64696,0.847277,1.029,1.026480.00152745,-0.0641689,0.288746,-0.188354,0.437268,-0.111551,0,0
1481579568,73000684,0.488949,-1.34076,-0.140525,-2.79173,1.63863,0.849658,1.029,1.026480.0483143,-0.0320826,0.288746,-0.142544,0.441409,-0.118087,0,0
1481579568,98992151,0.488949,-1.34172,-0.15015,-2.78578,1.62673,0.853228,1.029,1.026480.00603928,-0.0160413,0.336876,-0.166567,0.397306,-0.118877,0,0
1481579568,124981710,0.487986,-1.34365,-0.15785,-2.77983,1.61364,0.856798,1.029,1.026480.00150982,-0.0280718,0.324842,-0.190392,0.396815,-0.118962,0,0
1481579568,150982859,0.487986,-1.34365,-0.164587,-2.77745,1.60531,0.859177,1.029,1.026480.0122196,-0.0155401,0.305289,-0.142799,0.406592,-0.118986,0,0
1481579568,177016919,0.487986,-1.34461,-0.17325,-2.7715,1.59222,0.862748,1.029,1.026480.00305489,-0.0279467,0.292887,-0.214199,0.458658,-0.119042,0,0
1481579568,196978553,0.487024,-1.34557,-0.179025,-2.76793,1.5827,0.865128,1.029,1.026480.0489004,-0.0551099,0.337907,-0.1428,0.441914,-0.119003,0,0
1481579568,223031804,0.487024,-1.34653,-0.185762,-2.76317,1.57437,0.867508,1.029,1.026480.00611255,-0.0550119,0.306928,-0.226098,0.44199,-0.118992,0,0
1481579568,248973422,0.486061,-1.3475,-0.194425,-2.75841,1.56128,0.871077,1.029,1.026480.0127949,-0.0309449,0.291023,-0.191887,0.412252,-0.0743688,0,0
1481579568,274998403,0.486061,-1.3475,-0.202125,-2.75484,1.55295,0.873457,1.029,1.026480.00319872,-0.00773595,0.289317,-0.137222,0.311322,-0.107835,0,0
1481579568,301010094,0.485099,-1.3475,-0.20405,-2.75365,1.55057,0.874648,1.029,1.026480.0485232,-0.00096726,0.132413,-0.0617779,0.157932,-0.0432535,0,0
1481579568,320966648,0.485099,-1.3475,-0.205974,-2.75365,1.54938,0.875838,1.029,1.026480.0121308,-0.000241815,0.0812266,-0.0154442,0.0692305,-0.0703085,0,0
1481579568,347027651,0.485099,-1.3475,-0.206937,-2.75365,1.54938,0.875838,1.029,1.026480.0030327,-6.01874e-05,0.0443716,-0.00386105,0.0173076,-0.0175769,0,0
1481579568,372995187,0.485099,-1.3475,-0.206937,-2.75365,1.55176,0.875838,1.029,1.026480.000379087,-7.45685e-06,0.00554645,-0.000482565,-0.0871056,-0.00219711,0,0
1481579568,398999121,0.485099,-1.3475,-0.205974,-2.75484,1.55771,0.875838,1.029,1.026484.73859e-05,-1.06526e-06,-0.0474368,0.0594397,-0.159652,-0.000274838,0,0
1481579568,424989933,0.485099,-1.3475,-0.203087,-2.75722,1.56604,0.873457,1.029,1.026481.18465e-05,0,-0.108106,0.0446099,-0.277893,0.0296788,0,0
1481579568,450989670,0.485099,-1.3475,-0.2002,-2.7596,1.57199,0.872267,1.029,1.026481.48081e-06,0,-0.145859,0.109701,-0.27275,0.0780919,0,0
1481579568,471009967,0.485099,-1.3475,-0.19635,-2.76317,1.57913,0.871077,1.029,1.026483.70202e-07,0,-0.180841,0.176175,-0.335942,0.0492705,0,0
1481579568,497009735,0.485099,-1.3475,-0.189612,-2.76674,1.58984,0.867508,1.029,1.026489.25506e-08,0,-0.23771,0.163042,-0.35174,0.10156,0,0
1481579568,522995879,0.485099,-1.3475,-0.1848,-2.77031,1.59698,0.866318,1.029,1.026481.15688e-08,0,-0.222215,0.184005,-0.356357,0.0573163,0,0
1481579568,549008872,0.485099,-1.3475,-0.1771,-2.77507,1.60888,0.862748,1.029,1.026481.4461e-09,0,-0.268403,0.186626,-0.37178,0.111281,0,0
1481579568,575002045,0.485099,-1.3475,-0.1694,-2.77983,1.62078,0.859177,1.029,1.026483.61526e-10,0,-0.259601,0.135905,-0.360686,0.117116,0,0
1481579568,600957293,0.485099,-1.3475,-0.163625,-2.7834,1.62911,0.856798,1.029,1.026484.51905e-11,0,-0.285107,0.195488,-0.431824,0.118756,0,0
1481579568,620988836,0.485099,-1.3475,-0.15785,-2.78697,1.63744,0.854418,1.029,1.026481.12976e-11,0,-0.3119,0.197622,-0.435219,0.118931,0,0
1481579568,647012369,0.485099,-1.34653,-0.15015,-2.79173,1.64934,0.850848,1.029,1.026482.82441e-12,0.0240683,-0.318601,0.198156,-0.406306,0.118975,0,0
1481579568,672980687,0.485099,-1.34557,-0.144375,-2.7953,1.65767,0.849658,1.029,1.026483.53495e-13,0.0511319,-0.25639,0.158644,-0.392918,0.0594932,0,0
1481579568,698992448,0.485099,-1.34461,-0.135712,-2.80006,1.67076,0.846087,1.029,1.026484.44089e-14,0.0304531,-0.284706,0.153706,-0.435866,0.11158,0,0
1481579568,724979564,0.485099,-1.34268,-0.12705,-2.80482,1.68266,0.842518,1.029,1.026481.06581e-14,0.0316749,-0.287738,0.187176,-0.376721,0.117137,0,0
1481579568,750977014,0.485099,-1.34172,-0.121275,-2.80839,1.69099,0.840138,1.029,1.026481.77636e-15,0.0641135,-0.28862,0.157272,-0.404094,0.118758,0,0
1481579568,776999277,0.485099,-1.34076,-0.112612,-2.81315,1.70408,0.837758,1.029,1.026480,0.0641517,-0.28872,0.158318,-0.398512,0.118932,0,0
1481579568,796980925,0.486061,-1.3398,-0.106837,-2.81791,1.71241,0.835378,1.029,1.026480,0.0160379,-0.288742,0.18833,-0.456638,0.0892281,0,0
1481579568,822966763,0.486061,-1.33883,-0.101062,-2.82029,1.72074,0.832997,1.029,1.02648-0.0120306,0.0380972,-0.288748,0.142541,-0.399189,0.115296,0,0
1481579568,848978028,0.487024,-1.33691,-0.0923998,-2.82505,1.73264,0.829428,1.029,1.02648-0.0496269,0.0649196,-0.288746,0.136818,-0.377141,0.118528,0,0
1481579568,875004421,0.487024,-1.33595,-0.0846998,-2.82981,1.74573,0.825858,1.029,1.02648-0.0124066,0.0643532,-0.288752,0.153204,-0.391801,0.118875,0,0
1481579568,900978681,0.487986,-1.33498,-0.0789248,-2.83338,1.75406,0.824668,1.029,1.02648-0.0256191,0.0321058,-0.252659,0.153025,-0.435733,0.0892281,0,0
1481579568,926976705,0.487986,-1.33306,-0.0702623,-2.83933,1.76596,0.821097,1.029,1.02648-0.0064049,0.0802114,-0.255661,0.157256,-0.436182,0.11155,0,0
1481579568,946984992,0.487986,-1.3321,-0.0644874,-2.84171,1.77429,0.819907,1.029,1.02648-0.00160109,0.0200529,-0.280473,0.158314,-0.436295,0.117157,0,0
1481579568,973003172,0.488949,-1.33113,-0.0587123,-2.84647,1.78262,0.817528,1.029,1.02648-0.0483236,0.0385991,-0.287718,0.213163,-0.396667,0.103887,0,0
1481579568,998972970,0.488949,-1.32921,-0.0510125,-2.85004,1.79571,0.815148,1.029,1.02648-0.00604058,0.0649824,-0.240492,0.13077,-0.436334,0.0576072,0,0
1481579569,24980815,0.489911,-1.32728,-0.0423499,-2.85599,1.80761,0.811578,1.029,1.02648-0.00151001,0.0403073,-0.276688,0.151693,-0.376838,0.103644,0,0
1481579569,50964085,0.489911,-1.32632,-0.0375374,-2.85837,1.81594,0.809198,1.029,1.02648-0.0122196,0.0411309,-0.26318,0.137961,-0.433856,0.117072,0,0
1481579569,76989391,0.489911,-1.3244,-0.0288749,-2.86313,1.82784,0.806817,1.029,1.02648-0.00305465,0.0824677,-0.282357,0.15349,-0.4357,0.0888162,0,0
1481579569,96992441,0.489911,-1.32247,-0.0231,-2.8667,1.83617,0.804438,1.029,1.02648-0.000763795,0.0687402,-0.287154,0.187123,-0.436187,0.111447,0,0
1481579569,122976878,0.489911,-1.32151,-0.0182875,-2.87027,1.8445,0.803248,1.029,1.02648-9.53412e-05,0.06876,-0.264483,0.187015,-0.396633,0.0882996,0,0
1481579569,149006807,0.490874,-1.31958,-0.0105875,-2.87503,1.85759,0.799678,1.029,1.02648-0.0120428,0.0446875,-0.23759,0.187001,-0.436317,0.115154,0,0
1481579569,175007564,0.490874,-1.31766,-0.00192507,-2.8786,1.8683,0.797298,1.029,1.02648-0.00301044,0.0833569,-0.275962,0.136,-0.37682,0.0882835,0,0
1481579569,200990024,0.490874,-1.31573,0.00288753,-2.88217,1.87663,0.796108,1.029,1.02648-0.000376571,0.0826046,-0.263091,0.150875,-0.389219,0.0556567,0,0
1481579569,220979931,0.491836,-1.31381,0.0077,-2.88574,1.88496,0.793727,1.029,1.02648-0.0482176,0.0928494,-0.234211,0.156719,-0.39482,0.103183,0,0
1481579569,246968889,0.491836,-1.31188,0.0163625,-2.8905,1.89805,0.791348,1.029,1.02648-0.0120545,0.0713357,-0.275114,0.187929,-0.396206,0.0555433,0,0
1481579569,272996343,0.491836,-1.31092,0.0211749,-2.89288,1.90519,0.790158,1.029,1.02648-0.00150682,0.0690711,-0.262983,0.127616,-0.376782,0.0515642,0,0
1481579569,298973002,0.491836,-1.309,0.0288749,-2.89883,1.91709,0.787778,1.029,1.02648-0.000188552,0.068788,-0.273498,0.194452,-0.389207,0.0510668,0,0
1481579569,324991863,0.491836,-1.30707,0.0365749,-2.90359,1.93018,0.785398,1.029,1.02648-4.68716e-05,0.089382,-0.260874,0.167612,-0.394817,0.102009,0,0
1481579569,350996825,0.492799,-1.30515,0.0413874,-2.90597,1.93732,0.783018,1.029,1.02648-0.0481292,0.083371,-0.261203,0.169702,-0.376615,0.101994,0,0
1481579569,377001694,0.492799,-1.30226,0.0481249,-2.91073,1.95041,0.780637,1.029,1.02648-0.0120322,0.0930277,-0.233736,0.131675,-0.391656,0.0552726,0,0
1481579569,396973911,0.493761,-1.3013,0.0538999,-2.91311,1.95874,0.779448,1.029,1.02648-0.00300831,0.0473186,-0.25093,0.151919,-0.395402,0.103061,0,0
1481579569,422981296,0.493761,-1.29937,0.0596748,-2.91668,1.96588,0.777068,1.029,1.02648-0.0124066,0.0901306,-0.284019,0.152865,-0.376681,0.102125,0,0
1481579569,448964430,0.493761,-1.29648,0.0664123,-2.92144,1.97897,0.774688,1.029,1.02648-0.00155103,0.0954888,-0.228001,0.152983,-0.433836,0.0871344,0,0
1481579569,475000480,0.493761,-1.2936,0.0741123,-2.9262,1.98968,0.772308,1.029,1.02648-0.000387756,0.0960572,-0.225435,0.186996,-0.376213,0.0515311,0,0
1481579569,500982490,0.493761,-1.29263,0.0789248,-2.92977,1.99801,0.771118,1.029,1.02648-4.84695e-05,0.0480996,-0.256773,0.186999,-0.389157,0.0510627,0,0
1481579569,520974286,0.494724,-1.29071,0.0837372,-2.93215,2.00634,0.768737,1.029,1.02648-0.0481356,0.0842099,-0.25669,0.136,-0.394777,0.102061,0,0
1481579569,546981253,0.494724,-1.28782,0.0914372,-2.93691,2.01824,0.766358,1.029,1.02648-0.0120338,0.0932508,-0.232614,0.12325,-0.42593,0.0850104,0,0
1481579569,573002209,0.494724,-1.2859,0.0962497,-2.93929,2.02656,0.765168,1.029,1.02648-0.00150415,0.0958722,-0.257666,0.134406,-0.425118,0.0849951,0,0
1481579569,599003259,0.494724,-1.28301,0.102987,-2.94405,2.03846,0.762788,1.029,1.02648-0.000188019,0.0961998,-0.248772,0.135801,-0.39527,0.0998669,0,0
1481579569,624999529,0.495686,-1.28012,0.109725,-2.94881,2.05037,0.761598,1.029,1.02648-0.0241155,0.12031,-0.230628,0.15295,-0.366558,0.0844617,0,0
1481579569,650994355,0.495686,-1.2782,0.1155,-2.95238,2.05869,0.759218,1.029,1.02648-0.00301417,0.0992545,-0.269453,0.152994,-0.432571,0.0998002,0,0
1481579569,677044444,0.495686,-1.27531,0.122237,-2.95714,2.07059,0.758028,1.029,1.02648-0.000753675,0.0488753,-0.211737,0.186998,-0.375883,0.0844451,0,0
1481579569,696991718,0.495686,-1.27338,0.12705,-2.96071,2.07892,0.756838,1.029,1.02648-0.000188552,0.108465,-0.269499,0.136,-0.391459,0.0806063,0,0
1481579569,722974901,0.495686,-1.27146,0.131862,-2.96309,2.08606,0.754458,1.029,1.02648-2.34358e-05,0.0977807,-0.250249,0.136,-0.376175,0.0993449,0,0
1481579569,748983941,0.495686,-1.26857,0.1386,-2.96785,2.09915,0.753268,1.029,1.02648-3.19579e-06,0.0964384,-0.211752,0.150875,-0.43376,0.0421656,0,0
1481579569,774970586,0.495686,-1.26568,0.145337,-2.97261,2.10986,0.750888,1.029,1.02648-5.32632e-07,0.0962946,-0.245438,0.126969,-0.376181,0.0402889,0,0
1481579569,800964957,0.495686,-1.26376,0.15015,-2.97499,2.11819,0.749698,1.029,1.026480,0.0962593,-0.223183,0.134871,-0.389139,0.0794049,0,0
1481579569,826982602,0.495686,-1.26087,0.15785,-2.97975,2.13009,0.747318,1.029,1.026480,0.0962498,-0.224234,0.152718,-0.3948,0.0495987,0,0
1481579569,846997871,0.496649,-1.25798,0.1617,-2.98332,2.13842,0.746128,1.029,1.026480,0.0962474,-0.224493,0.186929,-0.425949,0.0421472,0,0
1481579569,872993195,0.496649,-1.25606,0.166512,-2.98689,2.14675,0.744938,1.029,1.02648-0.0120311,0.108291,-0.244627,0.18699,-0.425127,0.0498897,0,0
1481579569,898985765,0.496649,-1.25317,0.17325,-2.99165,2.15865,0.742557,1.029,1.02648-0.00150362,0.0977522,-0.223075,0.186999,-0.424998,0.0806582,0,0
1481579569,925007155,0.496649,-1.24932,0.179987,-2.99522,2.17055,0.741368,1.029,1.02648-0.000376038,0.144746,-0.248265,0.135999,-0.374017,0.0201646,0,0
1481579569,950953313,0.496649,-1.2474,0.183837,-2.99879,2.17769,0.740178,1.029,1.02648-4.68716e-05,0.102316,-0.199473,0.180625,-0.373988,0.0768893,0,0
1481579569,977027077,0.496649,-1.24355,0.190575,-3.00355,2.18959,0.737798,1.029,1.02648-1.17179e-05,0.145887,-0.218303,0.134406,-0.391012,0.0489698,0,0
1481579569,996979764,0.496649,-1.24162,0.195387,-3.00593,2.19792,0.737798,1.029,1.02648-3.19579e-06,0.108657,-0.198949,0.152601,-0.425002,0.04199,0,0
1481579570,22967846,0.496649,-1.23873,0.2002,-3.01069,2.20625,0.736608,1.029,1.02648-5.32632e-07,0.145935,-0.229401,0.21245,-0.395262,0.0349963,0,0
1481579570,48971822,0.497611,-1.23585,0.205974,-3.01545,2.21815,0.734228,1.029,1.02648-0.0240617,0.102458,-0.19711,0.190181,-0.391544,0.0787433,0,0
1481579570,74991694,0.497611,-1.232,0.212712,-3.02021,2.23005,0.733038,1.029,1.02648-0.00601555,0.145923,-0.241774,0.136795,-0.36564,0.0196858,0,0
1481579570,100963227,0.497611,-1.23007,0.217524,-3.02259,2.23719,0.731848,1.029,1.02648-0.000752077,0.102459,-0.246785,0.136099,-0.372941,0.0768295,0,0
1481579570,121002267,0.497611,-1.22718,0.221374,-3.02616,2.24552,0.730658,1.029,1.02648-0.000188019,0.121862,-0.20607,0.153025,-0.39075,0.0787024,0,0
1481579570,146963002,0.498574,-1.22333,0.228112,-3.03092,2.25742,0.729468,1.029,1.02648-0.0241085,0.10265,-0.219953,0.127506,-0.424937,0.0196756,0,0
1481579570,172979000,0.498574,-1.22141,0.231962,-3.0333,2.26575,0.728278,1.029,1.02648-0.00301363,0.109081,-0.195934,0.134938,-0.424994,0.0768415,0,0

