0,0,0.125088,-0.0102012,0.553534,-0.0149572,-0.256416,-0.146997
0,0,0.213429,-0.0114898,0.587824,-0.0222023,-0.268823,-0.133283
0,0,0.243041,-0.0523974,0.712459,0.0148099,-0.301804,-0.119045
0,0,0.221526,-0.153857,0.675048,0.0190007,-0.292817,-0.127902
0,0,0.206802,-0.0152663,0.594011,-0.00405478,-0.277724,-0.128396
0,0,0.227314,-0.0782877,0.6408,0.0138084,-0.281345,-0.126769
0,0,0.160424,-0.0343004,0.605037,-0.00193722,-0.259356,-0.12829
0,0,0.130863,-0.0111632,0.607389,-0.00274569,-0.2615,-0.128962
0,0,0.150785,0.0394704,0.598805,-0.000101848,-0.259644,-0.128389
0,0,0.101113,0.0349958,0.59088,-0.0106091,-0.265169,-0.127579
0,0,0.0816388,-0.00947597,0.593531,-0.014118,-0.256773,-0.121332
0,0,0.0743201,-0.0217009,0.588296,-0.0132843,-0.262752,-0.123178
0,0,0.0801352,0.0208297,0.571364,-0.0176498,-0.263364,-0.128085
0,0,0.115289,0.0293744,0.567713,-0.0170973,-0.259499,-0.129976
0,0,0.123268,-0.00696789,0.581029,-0.0137278,-0.261621,-0.130834
0,0,0.133037,0.0268196,0.575201,-0.0166856,-0.261508,-0.118601
0,0,0.138626,-0.00356422,0.57421,-0.0176232,-0.26443,-0.122449
0,0,0.136061,0.00719068,0.579567,-0.0146158,-0.268462,-0.122174
0,0,0.109305,0.0332847,0.56997,-0.0214104,-0.271263,-0.119294
0,0,0.122113,0.000230731,0.581722,-0.0266387,-0.265987,-0.116822
0,0,0.135381,-0.00430696,0.578806,-0.0242342,-0.254754,-0.123133
0,0,0.154871,0.0204035,0.577214,-0.018464,-0.253085,-0.126759
0,0,0.142599,0.0423706,0.575397,-0.0144176,-0.254152,-0.124118
0,0,0.116794,0.0607582,0.557913,-0.0162946,-0.262777,-0.120791
0,0,0.140945,0.0408623,0.568936,-0.0229147,-0.263497,-0.123132
0,0,0.183633,0.00700531,0.578731,-0.0246765,-0.260734,-0.121283
0,0,0.164127,0.027087,0.578198,-0.0268833,-0.265998,-0.120607
0,0,0.154641,0.0183781,0.582797,-0.0236598,-0.272634,-0.130715
0,0,0.177681,0.0238688,0.579526,-0.0174573,-0.271064,-0.123562
0,0,0.161516,0.0176392,0.593489,-0.0157286,-0.267393,-0.123415
0,0,0.132331,0.0168648,0.590033,-0.00569286,-0.268922,-0.126365
0,0,0.107855,0.0443462,0.596724,-0.0124043,-0.269474,-0.128846
0,0,0.116331,0.0505176,0.59698,-0.0145616,-0.262659,-0.119764
0,0,0.122397,0.0181683,0.598133,-0.0123995,-0.262667,-0.117323
0,0,0.108371,0.0425778,0.589118,-0.0171271,-0.263241,-0.116002
0,0,0.107364,0.0427873,0.583764,-0.0165891,-0.264266,-0.118751
0,0,0.124286,0.0414394,0.574141,-0.0132961,-0.269561,-0.11637
0,0,0.127175,0.0417674,0.565014,-0.0176214,-0.261468,-0.118257
0,0,0.114596,0.0511041,0.573257,-0.0178944,-0.266037,-0.126255
0,0,0.121399,0.0673662,0.58305,-0.0240585,-0.258034,-0.126246
0,0,0.125812,0.0579603,0.584678,-0.026097,-0.257978,-0.129897
0,0,0.140062,0.0177902,0.584075,-0.0132037,-0.260765,-0.130125
0,0,0.143892,0.0200794,0.588217,-0.0133375,-0.262726,-0.131555
0,0,0.129706,-0.00221407,0.575408,-0.0149153,-0.264439,-0.130704
0,0,0.145475,0.0101859,0.572301,-0.0115864,-0.265406,-0.129143
0,0,0.148767,0.0284719,0.570421,-0.0136473,-0.258633,-0.124831
0,0,0.135374,0.0136333,0.573122,-0.0152539,-0.263279,-0.122555
0,0,0.13334,0.0121133,0.583555,-0.0156949,-0.265524,-0.121718
0,0,0.130668,0.0352591,0.58034,-0.0200061,-0.266952,-0.124602
0,0,0.128666,0.0388885,0.592161,-0.0141329,-0.262687,-0.121414
0,0,0.127298,0.0368644,0.585991,-0.0128417,-0.260198,-0.120934
0,0,0.124927,0.0456765,0.568221,-0.00882506,-0.256329,-0.120571
0,0,0.136062,0.0313454,0.567397,-0.00932181,-0.25959,-0.127011
0,0,0.126005,0.0273175,0.574674,-0.0160486,-0.264789,-0.132419
0,0,0.118758,0.017312,0.573963,-0.0206649,-0.264981,-0.129999
0,0,0.118176,0.0240017,0.581275,-0.0185327,-0.260189,-0.127722
0,0,0.1282,0.0363756,0.576192,-0.0218587,-0.258416,-0.129298
0,0,0.121304,0.0147425,0.557199,-0.0137773,-0.262166,-0.129444
0,0,0.128006,0.00217516,0.548078,-0.0213601,-0.259831,-0.121863
0,0,0.142893,0.00783982,0.559058,-0.0253945,-0.268076,-0.119907
0,0,0.147014,0.0163537,0.572266,-0.0322037,-0.269186,-0.120219
0,0,0.147228,0.0197622,0.561673,-0.023026,-0.26649,-0.12528
0,0,0.155723,0.0283858,0.562548,-0.0209179,-0.267485,-0.124883
0,0,0.14778,0.022584,0.572401,-0.0203819,-0.26639,-0.120473
0,0,0.149426,0.0208524,0.570354,-0.018343,-0.261334,-0.12612
0,0,0.141116,0.00992233,0.585893,-0.0189834,-0.263165,-0.127307
0,0,0.134439,0.0117692,0.592681,-0.0199289,-0.26661,-0.125881
0,0,0.130007,-0.00135416,0.589181,-0.0139245,-0.269263,-0.129982
0,0,0.124516,0.0131533,0.573859,-0.0119243,-0.268781,-0.127194
0,0,0.110858,0.0344563,0.573346,-0.0166495,-0.261235,-0.128192
0,0,0.106748,0.032122,0.577977,-0.0177088,-0.262916,-0.131737
0,0,0.111243,0.0230741,0.603317,-0.0123104,-0.258667,-0.138892
0,0,0.105871,0.0338489,0.602304,-0.0134914,-0.262547,-0.138292
0,0,0.119804,0.0325152,0.601544,-0.0169525,-0.259871,-0.12213
0,0,0.131238,0.0404082,0.594209,-0.0117054,-0.260657,-0.120375
0,0,0.126479,0.031675,0.579045,-0.0114355,-0.261923,-0.122218
0,0,0.132255,0.0410099,0.576775,-0.00839571,-0.259459,-0.12318
0,0,0.125603,0.0300205,0.580794,-0.00948925,-0.257886,-0.121858
0,0,0.130432,0.0290497,0.583463,-0.00364748,-0.260983,-0.130039
0,0,0.138648,0.00280514,0.573364,-0.0152501,-0.266397,-0.134156
0,0,0.139474,0.00507309,0.570236,-0.0159558,-0.271412,-0.128997
0,0,0.140326,0.0241999,0.575701,-0.0188454,-0.27318,-0.133465
0,0,0.147813,0.00171803,0.566713,-0.0210408,-0.274923,-0.1231
0,0,0.143697,0.0294516,0.570563,-0.0271877,-0.268905,-0.126028
0,0,0.15008,0.0433002,0.583499,-0.0283931,-0.265747,-0.120118
0,0,0.134304,0.0451705,0.576245,-0.0279333,-0.262264,-0.121527
0,0,0.120513,0.0368041,0.581903,-0.019961,-0.263374,-0.123155
0,0,0.116914,0.0204947,0.57147,-0.0160893,-0.26533,-0.127915
0,0,0.125142,0.0397406,0.559153,-0.00903234,-0.263551,-0.12532
0,0,0.124921,0.0521929,0.561977,-0.00835085,-0.259034,-0.115736
0,0,0.131697,0.0428293,0.573011,-0.00780804,-0.263706,-0.121651
0,0,0.144907,0.0283559,0.575021,-0.0090616,-0.259445,-0.129322
0,0,0.157564,0.0273204,0.575318,-0.0156514,-0.257703,-0.123084
0,0,0.166849,0.0452797,0.594996,-0.0130038,-0.261064,-0.127366
0,0,0.16178,0.0484721,0.575846,-0.0148436,-0.261917,-0.136664
0,0,0.153322,0.0378761,0.576756,-0.0153225,-0.25744,-0.135131
0,0,0.155756,0.026956,0.582738,-0.0152058,-0.257601,-0.131901
0,0,0.136636,0.0307538,0.594963,-0.0212454,-0.26527,-0.126753
0,0,0.141737,0.0316639,0.595273,-0.0192728,-0.266368,-0.123403
0,0,0.134597,0.0316054,0.578257,-0.0163288,-0.266791,-0.118356
0,0,0.120646,0.0139215,0.575432,-0.0104852,-0.264889,-0.121609
0,0,0.129762,-4.72325e-05,0.578528,-0.0153231,-0.261691,-0.121753
0,0,0.135726,0.0102864,0.574411,-0.0218177,-0.262625,-0.125898
0,0,0.136962,0.0138725,0.570291,-0.0144984,-0.263418,-0.123548
0,0,0.134791,0.0351262,0.573085,-0.0147164,-0.261398,-0.126764
0,0,0.154762,0.0348219,0.5724,-0.00950577,-0.264997,-0.120174
0,0,0.146241,0.0154082,0.589547,-0.00789659,-0.267429,-0.126057
0,0,0.126273,0.0207967,0.56905,-0.00657231,-0.267887,-0.130784
0,0,0.123467,0.0235931,0.568736,-0.0126951,-0.26611,-0.130413
0,0,0.131844,0.0228137,0.572013,-0.0229703,-0.25124,-0.130644
0,0,0.147325,0.0366195,0.587282,-0.0235836,-0.250976,-0.127152
0,0,0.140997,0.0383663,0.590986,-0.0198095,-0.252522,-0.130847
0,0,0.135043,0.0426271,0.583881,-0.0183505,-0.248272,-0.133377
0,0,0.115611,0.0394695,0.578539,-0.0161251,-0.256999,-0.133203
0,0,0.114407,0.0317024,0.589955,-0.0132621,-0.261327,-0.135276
0,0,0.115932,0.0207655,0.57631,-0.0109268,-0.252188,-0.133977
0,0,0.119279,0.0362576,0.572011,-0.0162859,-0.257388,-0.134971
0,0,0.132612,0.0360631,0.56727,-0.0177471,-0.266818,-0.130487
0,0,0.131146,0.0385691,0.5702,-0.0140698,-0.270117,-0.130713
0,0,0.13256,0.0287093,0.572016,-0.0171491,-0.262187,-0.128795
0,0,0.132389,0.0318319,0.579736,-0.0146053,-0.261811,-0.132793
0,0,0.124055,0.0363527,0.578983,-0.0104885,-0.262678,-0.132379
0,0,0.120422,0.0296102,0.573925,-0.0123716,-0.262562,-0.135912
0,0,0.136885,0.0248813,0.587892,-0.0175143,-0.261313,-0.134682
0,0,0.138255,0.0126495,0.591953,-0.0253048,-0.268003,-0.133023
0,0,0.139959,0.0157719,0.594417,-0.0264114,-0.262288,-0.126004
0,0,0.132517,0.0315808,0.575547,-0.0381609,-0.246841,-0.129888
0,0,0.122145,-0.0358692,0.559116,-0.0414467,-0.213628,-0.131411
0,0,0.136086,-0.09107,0.604353,-0.0488534,-0.226443,-0.138302
0,0,0.117753,-0.266682,0.643771,-0.021796,-0.236896,-0.136884
0,0,0.116746,-0.327539,0.633456,-0.0150752,-0.230259,-0.143813
0,0,0.118247,-0.310447,0.617076,-0.0506186,-0.220909,-0.143489
0,0,0.124577,-0.266389,0.634135,-0.0334373,-0.228303,-0.140229
0,0,0.137287,-0.150719,0.581202,-0.055344,-0.219395,-0.148493
0,0,0.154035,-0.16347,0.632201,-0.0383844,-0.226806,-0.140793
0,0,0.169262,-0.161211,0.631051,-0.0531171,-0.226491,-0.121669
0,0,0.16131,-0.116716,0.639721,-0.0305226,-0.233889,-0.117487
0,0,0.123829,-0.0611806,0.632946,-0.0766354,-0.238197,-0.120043
0,0,0.109014,-0.124623,0.646986,-0.042617,-0.236357,-0.11884
0,0,0.0955449,-0.101023,0.550567,-0.0702225,-0.230123,-0.145815
0,0,0.107827,-0.098431,0.588817,-0.0560082,-0.215572,-0.149635
0,0,0.163276,-0.109232,0.571816,-0.0725556,-0.197185,-0.136748
0,0,0.165096,-0.0925018,0.589944,-0.0593292,-0.200445,-0.121071
0,0,0.158233,-0.0860151,0.603603,-0.0678578,-0.239834,-0.116357
0,0,0.136936,-0.0962352,0.640002,-0.0540182,-0.245076,-0.123682
0,0,0.126133,-0.031786,0.576215,-0.0807267,-0.219747,-0.147578
0,0,0.131664,-0.0761514,0.596287,-0.0773277,-0.213525,-0.148413
0,0,0.133134,-0.113412,0.635727,-0.0581001,-0.214716,-0.131219
0,0,0.143377,-0.109311,0.651313,-0.0606585,-0.207051,-0.120245
0,0,0.164896,-0.124881,0.665449,-0.0487684,-0.224398,-0.11278
0,0,0.15912,-0.0412369,0.628533,-0.0677142,-0.210942,-0.124848
0,0,0.147373,-0.0993827,0.628564,-0.0627883,-0.196886,-0.133031
0,0,0.157297,-0.063577,0.59407,-0.0855411,-0.191731,-0.133015
0,0,0.161717,-0.0615291,0.648961,-0.0457001,-0.206819,-0.121868
0,0,0.130688,-0.097027,0.660429,-0.059238,-0.19969,-0.115273
0,0,0.10975,-0.121793,0.643512,-0.0477274,-0.211541,-0.135283
0,0,0.116255,-0.0652179,0.6461,-0.0760393,-0.215863,-0.14326
0,0,0.153163,-0.0853993,0.610812,-0.0613484,-0.193597,-0.143301
0,0,0.160773,-0.0744439,0.671335,-0.0646328,-0.203568,-0.121224
0,0,0.15863,-0.124896,0.698494,-0.044907,-0.210451,-0.124587
0,0,0.137778,-0.102357,0.628113,-0.0848242,-0.193776,-0.13872
0,0,0.15867,-0.12893,0.628317,-0.0787305,-0.199883,-0.141489
0,0,0.16397,-0.1881,0.602777,-0.0997351,-0.193207,-0.120828
0,0,0.163032,-0.194218,0.617958,-0.0553736,-0.19827,-0.108686
0,0,0.153199,-0.23371,0.692849,-0.0602756,-0.21321,-0.132791
0,0,0.156769,-0.124266,0.615398,-0.0641502,-0.171865,-0.138867
0,0,0.161088,-0.149161,0.64942,-0.0697802,-0.178485,-0.121345
0,0,0.143024,-0.110682,0.657899,-0.0611029,-0.199408,-0.114355
0,0,0.137749,-0.191953,0.677414,-0.0716576,-0.201824,-0.133377
0,0,0.117744,-0.161974,0.720485,-0.0575098,-0.214852,-0.134383
0,0,0.130454,-0.170086,0.631776,-0.0813805,-0.199894,-0.116388
0,0,0.160729,-0.138358,0.641019,-0.0672731,-0.199986,-0.128475
0,0,0.170319,-0.187266,0.659613,-0.0589694,-0.211614,-0.151463
0,0,0.165892,-0.161193,0.67934,-0.0558179,-0.206659,-0.137377
0,0,0.179701,-0.193879,0.682595,-0.0527682,-0.211655,-0.122202
0,0,0.181767,-0.139176,0.649142,-0.0609801,-0.213312,-0.133994
0,0,0.187264,-0.181167,0.626435,-0.075944,-0.213135,-0.151032
0,0,0.173226,-0.133235,0.643095,-0.069945,-0.221124,-0.120523
0,0,0.165399,-0.238542,0.671464,-0.0402179,-0.229623,-0.121648
0,0,0.106403,-0.176657,0.635317,-0.0785824,-0.205198,-0.155906
0,0,0.124405,-0.198897,0.580363,-0.068913,-0.199154,-0.13908
0,0,0.13869,-0.148367,0.571648,-0.0697897,-0.218255,-0.123886
0,0,0.186747,-0.202772,0.605275,-0.0349662,-0.227552,-0.146934
0,0,0.106586,-0.141158,0.535399,-0.0820118,-0.217907,-0.142276
0,0,0.0777882,-0.190264,0.50838,-0.0673766,-0.20378,-0.121134
0,0,0.140828,-0.165364,0.527025,-0.0609105,-0.222891,-0.152286
0,0,0.171731,-0.180294,0.565186,-0.0383872,-0.225384,-0.163203
0,0,0.093754,-0.197562,0.546847,-0.0564394,-0.213885,-0.133515
0,0,0.0878276,-0.194854,0.552862,-0.0583567,-0.21619,-0.144759
0,0,0.189486,-0.297711,0.561889,-0.0366836,-0.173138,-0.150977
0,0,0.203383,-0.223605,0.5897,-0.0467584,-0.19685,-0.12807
0,0,0.155968,-0.216962,0.563938,-0.0481891,-0.209557,-0.146448
0,0,0.151379,-0.17852,0.524074,-0.0773665,-0.209725,-0.153388
0,0,0.178391,-0.232457,0.528107,-0.0432181,-0.219108,-0.119601
0,0,0.201862,-0.306652,0.527545,-0.0420763,-0.218761,-0.143064
0,0,0.183894,-0.218693,0.479868,-0.0540382,-0.220886,-0.132638
0,0,0.223046,-0.259773,0.483771,-0.0451557,-0.213361,-0.129195
0,0,0.154365,-0.277577,0.471812,-0.0756902,-0.226805,-0.155129
0,0,0.171036,-0.259671,0.518732,-0.0396925,-0.227289,-0.141928
0,0,0.129364,-0.312768,0.505626,-0.0751558,-0.227288,-0.131092
0,0,0.118011,-0.221422,0.461748,-0.0534141,-0.217615,-0.145015
0,0,0.17159,-0.204705,0.464518,-0.0429861,-0.208127,-0.123327
0,0,0.202762,-0.300465,0.506274,-0.0222786,-0.225938,-0.143389
0,0,0.156883,-0.234698,0.445491,-0.0292618,-0.202151,-0.131285
0,0,0.132702,-0.224544,0.442664,-0.0514956,-0.206772,-0.121213
0,0,0.181144,-0.236675,0.440947,-0.0463491,-0.208196,-0.14774
0,0,0.174024,-0.179474,0.369496,-0.0747538,-0.212764,-0.137262
0,0,0.178192,-0.00818177,0.325693,-0.0671052,-0.219604,-0.132309
0,0,0.191316,0.0567149,0.277654,-0.0795705,-0.207813,-0.136864
0,0,0.172221,0.0938286,0.222447,-0.0861622,-0.21358,-0.132255
0,0,0.103503,0.0255684,0.308271,-0.0843064,-0.246456,-0.125289
0,0,0.115509,-0.125442,0.39246,-0.0483233,-0.24082,-0.121294
0,0,0.134018,-0.14254,0.363224,-0.0318559,-0.225432,-0.12114
0,0,0.177177,-0.100548,0.262886,-0.0366862,-0.237789,-0.125765
0,0,0.179066,-0.0473389,0.264061,-0.0660362,-0.215736,-0.130754
0,0,0.159114,-0.0709942,0.289719,-0.0443385,-0.244831,-0.103718
0,0,0.164238,-0.0016412,0.257773,-0.053642,-0.250276,-0.110873
0,0,0.175665,-0.0195421,0.327436,-0.0323781,-0.242913,-0.122889
0,0,0.188271,-0.0129131,0.351739,-0.0391817,-0.253711,-0.104829
0,0,0.153823,-0.0686884,0.31514,-0.0449914,-0.24946,-0.115972
0,0,0.167791,-0.0745787,0.316639,-0.0621114,-0.237643,-0.119575
0,0,0.181307,-0.137049,0.477249,6.88508e-05,-0.28669,-0.0969412
0,0,0.19049,-0.175151,0.478016,-0.0184675,-0.292409,-0.105919
0,0,0.157641,-0.152029,0.438827,-0.0501149,-0.277542,-0.115948
0,0,0.162192,-0.0845382,0.418161,-0.0476743,-0.277793,-0.0955298
0,0,0.190689,-0.155272,0.515243,0.00788253,-0.322825,-0.111879
0,0,0.194736,-0.285346,0.513291,0.0208587,-0.306825,-0.111013
0,0,0.201884,-0.198385,0.420068,-0.00182602,-0.268054,-0.0872317
0,0,0.187974,-0.0850748,0.380385,-0.0144319,-0.257345,-0.100083
0,0,0.146924,-0.121717,0.551848,-0.00635646,-0.294315,-0.0830805
0,0,0.104411,-0.175887,0.554819,0.0159644,-0.285201,-0.0731359
0,0,0.078633,-0.091135,0.449551,-0.0419313,-0.265109,-0.0982209
0,0,0.0847024,-0.00270173,0.464279,-0.0265171,-0.2634,-0.103092
0,0,0.1757,-0.185737,0.591924,0.018053,-0.281734,-0.0859133
0,0,0.195314,-0.174111,0.581498,0.0331893,-0.287075,-0.097439
0,0,0.18129,-0.101223,0.523219,0.000289758,-0.27061,-0.108446
0,0,0.202594,-0.133387,0.490956,0.000999686,-0.241558,-0.0861201
0,0,0.190611,-0.218113,0.616439,0.0358073,-0.274562,-0.10348
0,0,0.175566,-0.133561,0.61173,0.0112381,-0.274729,-0.107
0,0,0.105017,-0.00585949,0.536325,-0.0141343,-0.288978,-0.0794057
0,0,0.102439,-0.0523078,0.510996,-0.0396394,-0.284963,-0.0919621
0,0,0.129337,-0.109747,0.665071,0.00633952,-0.28559,-0.107548
0,0,0.163581,-0.116367,0.719354,0.00604333,-0.294265,-0.0963808
0,0,0.158601,0.0199295,0.598046,0.00301778,-0.257752,-0.0800575
0,0,0.182272,-0.026468,0.595393,-0.0189333,-0.26925,-0.0953244
0,0,0.144329,-0.107977,0.703097,0.0357391,-0.292012,-0.0906341
0,0,0.0915654,-0.134363,0.721791,0.0149002,-0.287234,-0.0833773
0,0,0.0683836,-0.0886315,0.668169,0.0206128,-0.277799,-0.081683
0,0,0.168747,-0.0486604,0.576372,-0.0207809,-0.279426,-0.0966467
0,0,0.194557,-0.00360471,0.653068,0.0091785,-0.287731,-0.0918808
0,0,0.164913,-0.134597,0.711424,0.0133067,-0.302613,-0.0799559
0,0,0.14149,-0.0320852,0.661303,0.0212808,-0.273067,-0.0991671
0,0,0.154174,-0.0159184,0.616046,-0.0132901,-0.26327,-0.111602
0,0,0.113874,-0.00253678,0.629699,-0.00823285,-0.26365,-0.0934427
0,0,0.0846179,-0.0935374,0.725208,0.00292791,-0.27476,-0.0868981
0,0,0.0977865,-0.0878586,0.774681,0.00972592,-0.2913,-0.103656
0,0,0.143642,-0.0365777,0.655399,-0.00639105,-0.277915,-0.109118
0,0,0.159071,0.0241496,0.625231,-0.0226611,-0.282833,-0.0892402
0,0,0.145572,0.017006,0.630717,-0.0155827,-0.279225,-0.0753874
0,0,0.14093,-0.101381,0.789005,0.0185865,-0.291591,-0.0947085
0,0,0.147807,-0.068412,0.789158,0.0165214,-0.281864,-0.0981506
0,0,0.151791,-0.00431355,0.669674,-0.00751618,-0.269178,-0.100456
0,0,0.118673,0.0528573,0.697622,-0.00915814,-0.269901,-0.0849322
0,0,0.09721,0.0170605,0.696614,-0.0251452,-0.28239,-0.0804533
0,0,0.136867,0.000924848,0.77647,0.0149386,-0.298294,-0.0857918
0,0,0.178392,0.00983646,0.773526,-0.00384456,-0.278928,-0.085521
0,0,0.17525,0.0187844,0.687927,-0.003744,-0.257684,-0.0805673
0,0,0.167023,0.045648,0.637289,-0.0217092,-0.250879,-0.0766547
0,0,0.147293,0.0817309,0.64037,-0.00526617,-0.254194,-0.0801942
0,0,0.139639,0.00277139,0.763478,0.00897472,-0.289769,-0.101399
0,0,0.101507,0.0598856,0.75527,0.0236925,-0.29683,-0.103733
0,0,0.0934394,-0.00733999,0.704047,-0.0186936,-0.278103,-0.087327
0,0,0.106506,0.110237,0.621324,-0.0109821,-0.249869,-0.0833677
0,0,0.128097,0.00194351,0.673606,-0.0228498,-0.262658,-0.0974053
0,0,0.108883,-0.00261336,0.750816,0.00849719,-0.284663,-0.104252
0,0,0.141843,0.0250803,0.755349,0.00405517,-0.296796,-0.102755
0,0,0.14355,0.0473171,0.691911,-0.000152921,-0.286712,-0.0896765
0,0,0.174853,0.00382315,0.657372,-0.0178609,-0.256407,-0.0830169
0,0,0.160557,0.0590024,0.635067,-0.0224454,-0.261568,-0.0753354
0,0,0.12887,0.00467445,0.724984,0.0178221,-0.299776,-0.0829072
0,0,0.114584,-0.00656202,0.73958,0.00966571,-0.288733,-0.0948088
0,0,0.0640799,0.0472995,0.728702,0.00599005,-0.28578,-0.104462
0,0,0.109425,0.0858106,0.65115,-0.011018,-0.281405,-0.102677
0,0,0.1707,0.0962617,0.625065,-0.0236714,-0.252503,-0.0793458
0,0,0.15731,-0.0271734,0.737805,0.0298287,-0.282035,-0.079936
0,0,0.151688,-0.00852722,0.666002,0.00954149,-0.277683,-0.092233
0,0,0.151697,-0.0481428,0.604891,-0.020883,-0.278026,-0.0970048
0,0,0.129424,-0.142373,0.650668,-0.00154813,-0.28644,-0.0986198
0,0,0.150468,-0.165118,0.59181,-0.00566967,-0.260344,-0.0958383
0,0,0.171903,-0.0803174,0.671054,0.00162097,-0.282838,-0.0960463
0,0,0.118639,-0.277984,0.700992,0.00635217,-0.270153,-0.0968844
0,0,0.12948,-0.164671,0.622781,-0.0103594,-0.261831,-0.101721
0,0,0.139316,-0.0526997,0.661526,0.00253155,-0.270701,-0.0979335
0,0,0.0954468,-0.0237311,0.632082,-0.00300168,-0.266691,-0.0897045
0,0,0.0731626,-0.0478537,0.649813,-0.0115451,-0.268469,-0.0856317
0,0,0.110494,0.0347302,0.620177,-0.0203839,-0.268207,-0.0920392
0,0,0.159403,0.0329658,0.604161,-0.0195579,-0.272664,-0.0910189
0,0,0.15008,0.0191302,0.580414,-0.0144998,-0.267102,-0.0902141
0,0,0.0986405,0.0145825,0.587366,-0.017265,-0.265891,-0.0904169
0,0,0.107152,-0.00169228,0.563404,-0.0212867,-0.260506,-0.092152
0,0,0.129664,-0.00451289,0.558469,-0.0155844,-0.25785,-0.0945612
0,0,0.14087,0.0331517,0.56512,-0.0162641,-0.261992,-0.0923553
0,0,0.148438,0.0347512,0.576723,-0.017288,-0.260766,-0.0936403
0,0,0.150037,-0.0062282,0.580449,-0.0234468,-0.265419,-0.0931094
0,0,0.144127,0.0105906,0.601414,-0.0249742,-0.268489,-0.0990029
0,0,0.13294,0.0820342,0.584347,-0.0200723,-0.273065,-0.0990711
0,0,0.102421,0.0322717,0.590364,-0.0206249,-0.265832,-0.0971484
0,0,0.111074,-0.0162384,0.579132,-0.0191175,-0.265306,-0.104365
0,0,0.123231,0.0204641,0.584591,-0.0230635,-0.268313,-0.0926734
0,0,0.117408,0.0391947,0.600114,-0.0221782,-0.272239,-0.08604
0,0,0.104563,0.0224891,0.592348,-0.0234236,-0.272842,-0.0927048
0,0,0.128809,0.0182187,0.587817,-0.0200066,-0.267109,-0.0968828
0,0,0.169597,0.010892,0.607838,-0.0181463,-0.264278,-0.0972041
0,0,0.166125,0.0183739,0.593331,-0.0137134,-0.265846,-0.0957195
0,0,0.123915,0.0295103,0.600624,-0.0198098,-0.271194,-0.0944646
0,0,0.144564,0.0373573,0.602105,-0.0215847,-0.269018,-0.0943057
0,0,0.146643,0.031071,0.57874,-0.0158602,-0.265007,-0.0944412
0,0,0.156451,0.0291694,0.581311,-0.0158817,-0.262566,-0.0951135
0,0,0.124016,0.0666771,0.577443,-0.0184186,-0.268252,-0.100299
0,0,0.132964,0.0670162,0.570952,-0.0186292,-0.265466,-0.0924682
0,0,0.147823,0.0344554,0.58491,-0.015691,-0.264914,-0.0890567
0,0,0.148081,0.0367849,0.594579,-0.014937,-0.264094,-0.0868722
0,0,0.120264,0.054471,0.57768,-0.0243641,-0.2686,-0.0848499
0,0,0.134523,0.0536848,0.572598,-0.0282159,-0.271682,-0.0802922
0,0,0.140467,0.0641983,0.578069,-0.0210212,-0.26585,-0.085861
0,0,0.122853,0.0808107,0.568893,-0.0259597,-0.269381,-0.0916035
0,0,0.141151,0.0647117,0.5724,-0.0248385,-0.261257,-0.0932349
0,0,0.145395,0.0278573,0.573293,-0.0217389,-0.255984,-0.0924664
0,0,0.144068,0.0360104,0.565813,-0.0225443,-0.252855,-0.0909895
0,0,0.144588,0.0411624,0.565683,-0.0237095,-0.260339,-0.0852315
0,0,0.143731,0.0405824,0.564619,-0.0255501,-0.272808,-0.0871291
0,0,0.141194,0.0235811,0.568096,-0.0256567,-0.266423,-0.0903643
0,0,0.130939,0.0445706,0.594409,-0.0287103,-0.265599,-0.0943864
0,0,0.129022,0.0453225,0.594546,-0.0255827,-0.267983,-0.0914
0,0,0.131463,0.0327749,0.594011,-0.0227456,-0.271712,-0.0868317
0,0,0.142104,0.0253458,0.596754,-0.0244582,-0.270802,-0.084486
0,0,0.158065,0.0230837,0.57914,-0.0236857,-0.266167,-0.0878004
0,0,0.165518,0.0233459,0.580985,-0.0260702,-0.262032,-0.0895904
0,0,0.138056,0.00590046,0.587778,-0.0266782,-0.25694,-0.0881702
0,0,0.144471,-0.00660129,0.600308,-0.0265972,-0.255318,-0.0892629
0,0,0.150758,0.00731316,0.595739,-0.0231705,-0.254574,-0.0869177
0,0,0.129581,0.0261342,0.589754,-0.0312536,-0.256501,-0.0887052
0,0,0.107251,0.0394196,0.576961,-0.0286084,-0.263483,-0.0937452
0,0,0.11415,0.0286367,0.569073,-0.0189129,-0.264272,-0.0902795
0,0,0.137003,0.042125,0.582502,-0.0254345,-0.26341,-0.0930071
0,0,0.132806,0.0518493,0.582027,-0.026106,-0.271853,-0.0949863
0,0,0.130531,0.0492032,0.565427,-0.0235293,-0.271305,-0.0877401
0,0,0.14071,0.0358114,0.556495,-0.0260953,-0.266447,-0.0856123
0,0,0.162169,0.0176217,0.569294,-0.0223014,-0.266999,-0.0892539
0,0,0.151337,0.0256432,0.58592,-0.0182691,-0.267601,-0.0886817
0,0,0.124913,0.0345721,0.571303,-0.0162023,-0.265303,-0.0890867
0,0,0.126229,0.0154052,0.563093,-0.022777,-0.262124,-0.0920331
0,0,0.141361,0.0268653,0.565291,-0.0267811,-0.266469,-0.0945809
0,0,0.154944,0.0354784,0.585899,-0.0250128,-0.271651,-0.100385
0,0,0.148073,0.0202491,0.592937,-0.0140252,-0.267855,-0.0973727
0,0,0.136673,0.0375348,0.600906,-0.0160732,-0.265485,-0.0923117
0,0,0.133822,0.0520118,0.596988,-0.0190335,-0.265398,-0.0923171
0,0,0.131218,0.0533824,0.584659,-0.0269393,-0.266816,-0.0953875
0,0,0.105997,0.0482686,0.562759,-0.0249188,-0.264628,-0.0903687
0,0,0.10371,0.0435939,0.56092,-0.0286604,-0.260128,-0.0900604
0,0,0.104727,0.0321361,0.577357,-0.0287798,-0.257863,-0.0936672
0,0,0.0976762,0.0528674,0.565384,-0.0265368,-0.262011,-0.0903804
0,0,0.0901386,0.0630114,0.563204,-0.032381,-0.263184,-0.0836417
0,0,0.136487,0.0487768,0.574346,-0.0266473,-0.26009,-0.0966345
0,0,0.12733,0.0283611,0.568055,-0.0249208,-0.25706,-0.0935796
0,0,0.147986,0.0322469,0.573977,-0.0197546,-0.259691,-0.0935595
0,0,0.160649,0.0302283,0.581487,-0.028448,-0.264649,-0.0979495
0,0,0.162938,0.0204064,0.573544,-0.0272786,-0.266781,-0.0970132
0,0,0.157157,0.0382681,0.58006,-0.022823,-0.263962,-0.101598
0,0,0.138627,0.0324083,0.582985,-0.024321,-0.264873,-0.0973431
0,0,0.129439,0.0292959,0.57867,-0.0239872,-0.266832,-0.0990626
0,0,0.142681,0.0514672,0.576922,-0.0209493,-0.263318,-0.0940053
0,0,0.12537,0.0487619,0.575266,-0.0233615,-0.267151,-0.0953807
0,0,0.131536,0.0436684,0.57778,-0.0312514,-0.266768,-0.0930642
0,0,0.141154,0.0503478,0.585593,-0.0251284,-0.265125,-0.0900247
0,0,0.141242,0.0289024,0.587226,-0.0254705,-0.2654,-0.094744
0,0,0.134502,0.0233694,0.576219,-0.0222276,-0.270795,-0.0938218
0,0,0.114743,0.00707022,0.569908,-0.0264457,-0.267676,-0.0936336
0,0,0.115484,0.019333,0.567606,-0.0298168,-0.264032,-0.094278
0,0,0.127136,0.0213039,0.557828,-0.0277257,-0.27038,-0.0936217
0,0,0.129092,0.0228788,0.556037,-0.026568,-0.270949,-0.0976854
0,0,0.138967,0.0257796,0.554985,-0.0292444,-0.262699,-0.100749
0,0,0.137843,0.00981068,0.580862,-0.0313448,-0.257222,-0.107311
0,0,0.14396,0.000495004,0.578243,-0.0226963,-0.255742,-0.105398
0,0,0.145693,0.00940719,0.576412,-0.0220309,-0.262869,-0.0990385
0,0,0.147488,0.0221813,0.547315,-0.019178,-0.263101,-0.102372
0,0,0.150196,0.0277599,0.551528,-0.0161554,-0.267886,-0.100797
0,0,0.127621,0.0256056,0.577592,-0.014553,-0.265013,-0.0944439
0,0,0.144293,0.011037,0.586067,-0.0149448,-0.26116,-0.094503
0,0,0.135633,0.0111108,0.582971,-0.0208453,-0.26144,-0.0883054
0,0,0.137243,0.012061,0.590664,-0.0178707,-0.258929,-0.0907333
0,0,0.137994,0.0276827,0.573143,-0.0159429,-0.258377,-0.100079
0,0,0.138667,0.0230814,0.576759,-0.0108318,-0.261729,-0.100517
0,0,0.142569,0.0267386,0.562353,-0.0157679,-0.269094,-0.1039
0,0,0.135855,0.0373323,0.563902,-0.0165049,-0.276078,-0.0997552
0,0,0.133322,0.0503965,0.562545,-0.0194553,-0.274096,-0.101327
0,0,0.132998,0.0553618,0.56656,-0.0220397,-0.269274,-0.101722
0,0,0.130729,0.0335248,0.573957,-0.0213722,-0.264484,-0.109669
0,0,0.13374,0.0175,0.579542,-0.0226185,-0.259207,-0.112888
0,0,0.131646,0.0295232,0.582557,-0.0327182,-0.25474,-0.112273
0,0,0.143034,0.0284087,0.569916,-0.0229704,-0.258579,-0.105243
0,0,0.125414,0.046594,0.484021,-0.0349557,-0.241697,-0.101186
0,0,0.0660322,0.0584303,0.43015,-0.0424848,-0.234298,-0.0983271
0,0,-0.00712663,-0.0426893,0.482193,-0.021061,-0.2592,-0.102118
0,0,0.0332525,-0.0309038,0.489907,-0.0214305,-0.236103,-0.104045
0,0,0.126522,-0.225479,0.471028,-0.0444391,-0.246722,-0.098628
0,0,0.0945093,-0.20955,0.427482,-0.0632932,-0.217552,-0.0981507
0,0,0.133611,-0.19182,0.56486,-0.00892494,-0.265249,-0.0954625
0,0,0.136699,-0.197549,0.618461,-0.00681272,-0.298602,-0.0942476
0,0,0.0732856,-0.159507,0.460931,-0.0461153,-0.265498,-0.107074
0,0,0.154017,-0.183,0.430216,-0.0237869,-0.268648,-0.117307
0,0,0.120293,-0.232242,0.540014,-0.0116206,-0.286003,-0.133501
0,0,0.0961467,-0.208667,0.45868,-0.0352146,-0.256299,-0.13417
0,0,0.141311,-0.0927233,0.430058,-0.021089,-0.247773,-0.114323
0,0,0.115717,-0.239424,0.544528,-0.00472,-0.288707,-0.106201
0,0,0.0916443,-0.109701,0.376338,-0.0368149,-0.262522,-0.11228
0,0,0.080616,-0.125376,0.390846,-0.0196499,-0.259079,-0.135823
0,0,0.132622,-0.133161,0.433017,-0.0135726,-0.273454,-0.134757
0,0,0.0695787,-0.0719754,0.298048,-0.0354755,-0.273208,-0.123768
0,0,0.102044,-0.140805,0.406714,-0.0124238,-0.279123,-0.123881
0,0,0.0443988,-0.117359,0.45051,-0.00132849,-0.291399,-0.138277
0,0,0.093307,-0.0506017,0.327974,-0.00415585,-0.274185,-0.14205
0,0,0.121669,-0.0878197,0.348852,0.00728,-0.280465,-0.112653
0,0,0.0792725,-0.0618507,0.250463,0.00548336,-0.268789,-0.130835
0,0,0.0582367,-0.08518,0.366411,0.00754684,-0.302788,-0.14268
0,0,0.0144437,-0.0779256,0.360382,0.00864186,-0.280339,-0.125563
0,0,0.0236264,-0.105563,0.251951,-0.0216325,-0.253303,-0.12072
0,0,0.0109242,-0.147153,0.284452,-0.0175715,-0.297244,-0.130657
0,0,0.0287969,-0.114344,0.248984,-0.00133088,-0.285751,-0.123779
0,0,0.0198214,-0.0475326,0.160045,-0.0547159,-0.255817,-0.108547
0,0,0.0531725,-0.104671,0.288059,0.0122196,-0.275656,-0.139471
0,0,0.0736179,-0.0961591,0.252147,0.00186025,-0.273685,-0.133333
0,0,-0.0111936,-0.0401324,0.148079,-0.0417482,-0.244789,-0.11513
0,0,0.0220016,-0.0863639,0.194347,-0.0185215,-0.26316,-0.107251
0,0,0.0261718,-0.0656075,0.144477,-0.0328593,-0.281813,-0.122028
0,0,0.0591228,-0.107119,0.249507,-0.000514828,-0.270641,-0.12533
0,0,0.0426022,-0.109423,0.266972,0.0104534,-0.278218,-0.114808
0,0,0.0301914,-0.079814,0.144253,-0.0196382,-0.264388,-0.127991
0,0,0.00855266,-0.156417,0.22211,-0.0145847,-0.28589,-0.12915
0,0,-0.0605162,-0.137903,0.213196,-0.0159269,-0.298089,-0.11737
0,0,-0.00935808,-0.0881419,0.134742,-0.0090942,-0.249885,-0.129296
0,0,0.0553401,-0.102126,0.117578,-0.0161933,-0.237118,-0.149348
0,0,-0.0129395,-0.202551,0.253182,0.011932,-0.295123,-0.121824
0,0,-0.0325142,-0.170907,0.213346,-0.0136039,-0.297771,-0.147723
0,0,0.0350139,-0.115427,0.0906399,-0.0377812,-0.273468,-0.131053
0,0,0.00253361,-0.135534,0.135963,-0.0479223,-0.26995,-0.118186
0,0,-0.0255561,-0.12042,0.239411,-0.0292374,-0.280654,-0.142429
0,0,-0.058527,-0.0893084,0.272483,-0.0224026,-0.279831,-0.124786
0,0,-0.00132891,-0.142509,0.112407,-0.0518151,-0.247204,-0.141907
0,0,0.0197039,-0.193173,0.156959,-0.0364172,-0.267897,-0.119312
0,0,-0.00319398,-0.186147,0.281304,-0.0106136,-0.301235,-0.135819
0,0,-0.0304538,-0.174799,0.282282,-0.0133543,-0.306767,-0.151672
0,0,0.040144,-0.111812,0.127463,-0.0405058,-0.268905,-0.129795
0,0,0.0428747,-0.0985066,0.142109,-0.0334359,-0.274048,-0.153891
0,0,-0.0264426,-0.176796,0.248286,-0.0200721,-0.286584,-0.128016
0,0,-0.0619653,-0.248713,0.286338,-0.0131371,-0.292165,-0.158356
0,0,-0.0217742,-0.166767,0.198903,-0.0300276,-0.273611,-0.133673
0,0,0.000691433,-0.127452,0.130975,-0.049725,-0.241897,-0.150111
0,0,-0.0234835,-0.138685,0.162879,-0.0418025,-0.25231,-0.147722
0,0,-0.0115121,-0.163074,0.298087,-0.0145149,-0.278133,-0.139428
0,0,-0.0743676,-0.216791,0.318335,-0.0118981,-0.273976,-0.130646
0,0,-0.105531,-0.310358,0.305489,-0.0187321,-0.282875,-0.14161
0,0,-0.13994,-0.280121,0.226782,-0.0467308,-0.250991,-0.129104
0,0,-0.0925382,-0.260182,0.240558,-0.0384118,-0.235204,-0.141796
0,0,-0.0230951,-0.261548,0.317393,-0.0168124,-0.28612,-0.132703
0,0,-0.0275047,-0.239632,0.345738,-0.0259285,-0.265685,-0.139103
0,0,0.0218847,-0.267692,0.243767,-0.0349944,-0.277466,-0.115091
0,0,0.0495452,-0.262639,0.290665,-0.0247083,-0.263684,-0.125382
0,0,0.0614383,-0.182439,0.332995,-0.0577557,-0.249169,-0.120762
0,0,0.066592,-0.159251,0.292696,-0.0705662,-0.254495,-0.118785
0,0,0.0547331,-0.262184,0.277684,-0.0401917,-0.241559,-0.131125
0,0,0.057991,-0.270453,0.256747,-0.0580876,-0.235908,-0.122458
0,0,0.0586765,-0.20451,0.241791,-0.0496009,-0.233975,-0.129698
0,0,0.0648945,-0.216414,0.2233,-0.0704679,-0.208134,-0.137568
0,0,0.0797504,-0.201137,0.229844,-0.0434526,-0.223272,-0.13551
0,0,0.117015,-0.239222,0.258945,-0.0475225,-0.239213,-0.153585
0,0,0.138057,-0.158899,0.247052,-0.0503814,-0.217848,-0.147374
0,0,0.171975,-0.185866,0.260115,-0.0449795,-0.229453,-0.154062
0,0,0.164249,-0.176201,0.370557,-0.0345061,-0.23894,-0.14149
0,0,0.231767,-0.115034,0.30348,-0.0440575,-0.244231,-0.139716
0,0,0.292462,-0.0571209,0.263305,-0.0612139,-0.213698,-0.139378
0,0,0.326901,-0.0494636,0.318371,-0.0385721,-0.225593,-0.126003
0,0,0.370272,0.0213021,0.337776,-0.0576604,-0.224009,-0.126441
0,0,0.37489,0.0232483,0.348715,-0.047279,-0.228791,-0.121791
0,0,0.336141,-0.0134858,0.397411,-0.0372905,-0.218559,-0.122372
0,0,0.339249,-0.0271802,0.335901,-0.0310041,-0.252017,-0.127685
0,0,0.350864,-0.0318867,0.290442,-0.0527357,-0.23237,-0.108868
0,0,0.274836,0.0356533,0.32858,-0.0674451,-0.213603,-0.110418
0,0,0.258102,0.0041525,0.317628,-0.0594533,-0.230961,-0.124716
0,0,0.262009,0.0138772,0.352939,-0.0313484,-0.224284,-0.113218
0,0,0.260283,0.105925,0.25463,-0.0579077,-0.205086,-0.113261
0,0,0.269717,0.00871296,0.271348,-0.0764665,-0.222732,-0.129365
0,0,0.233048,0.0287196,0.323868,-0.0804207,-0.216559,-0.116583
0,0,0.215861,-0.0952111,0.347238,-0.0416531,-0.251081,-0.117356
0,0,0.227654,-0.0452316,0.232633,-0.0493245,-0.217406,-0.125737
0,0,0.207955,0.00523165,0.234262,-0.0575736,-0.226821,-0.100152
0,0,0.193243,-0.021303,0.307948,-0.0568406,-0.260267,-0.120834
0,0,0.18344,-0.00373006,0.260546,-0.0740123,-0.22112,-0.107915
0,0,0.233825,0.0187386,0.187026,-0.0710516,-0.230553,-0.0928752
0,0,0.210896,-0.031492,0.255472,-0.049322,-0.218897,-0.115055
0,0,0.16448,-0.0402241,0.335611,-0.0424992,-0.253459,-0.105477
0,0,0.127807,0.0592019,0.197198,-0.0909247,-0.216373,-0.0919898
0,0,0.151881,-0.0262188,0.216937,-0.0663488,-0.217794,-0.114148
0,0,0.135345,0.023152,0.291217,-0.0269338,-0.233311,-0.103552
0,0,0.110611,0.0394917,0.262234,-0.0512283,-0.228799,-0.0929256
0,0,0.171768,-0.0108175,0.227281,-0.0762551,-0.214823,-0.119352
0,0,0.191848,-0.0678322,0.299469,-0.0569262,-0.216116,-0.110925
0,0,0.137777,0.0462449,0.295769,-0.0436905,-0.237262,-0.0833848
0,0,0.139031,0.0858407,0.246032,-0.0876831,-0.21939,-0.110468
0,0,0.138091,0.0701077,0.273642,-0.0960407,-0.227234,-0.100107
0,0,0.11916,0.00273696,0.355563,-0.0601736,-0.233964,-0.0807224
0,0,0.0455734,0.0389375,0.281923,-0.0625962,-0.242206,-0.0975068
0,0,0.0744597,0.0334818,0.24637,-0.065886,-0.217874,-0.107663
0,0,0.120838,0.0453625,0.298911,-0.0661764,-0.230412,-0.0932204
0,0,0.048831,0.150091,0.195078,-0.0733331,-0.214154,-0.0965404
0,0,0.082654,-0.00387687,0.269355,-0.0489365,-0.212231,-0.104016
0,0,0.0658385,0.0282271,0.249346,-0.0645167,-0.231761,-0.093544
0,0,0.0409652,0.0546991,0.239391,-0.066065,-0.221735,-0.0872382
0,0,0.0780197,0.0732971,0.24429,-0.0458009,-0.207,-0.0992357
0,0,0.0891699,0.0324702,0.307307,-0.0426988,-0.223525,-0.106887
0,0,0.0700731,0.180495,0.172103,-0.0879169,-0.208893,-0.0928196
0,0,0.0515895,0.0807579,0.244759,-0.0608043,-0.230826,-0.0890009
0,0,0.085157,0.0683383,0.3053,-0.037242,-0.219925,-0.107085
0,0,0.0450894,0.0148509,0.284305,-0.0570709,-0.236941,-0.11196
0,0,0.0410475,0.105331,0.264839,-0.0935575,-0.208663,-0.0888886
0,0,0.0785247,0.087332,0.37239,-0.057005,-0.251238,-0.0836607
0,0,0.0996225,0.155189,0.311183,-0.052817,-0.221979,-0.0918834
0,0,0.0513588,0.105132,0.355846,-0.0668961,-0.23543,-0.103481
0,0,0.0647789,0.140397,0.424662,-0.0777187,-0.213153,-0.104162
0,0,0.0294425,0.0802808,0.433869,-0.060498,-0.216242,-0.0914093
0,0,0.014081,0.139656,0.398186,-0.0628373,-0.218278,-0.0862235
0,0,0.0751249,0.132749,0.444411,-0.0499509,-0.202499,-0.100531
0,0,0.0372066,0.177642,0.454496,-0.0664028,-0.215441,-0.121659
0,0,0.0578953,0.209122,0.398394,-0.0755825,-0.204199,-0.120575
0,0,0.0801545,0.158619,0.475262,-0.0515844,-0.201111,-0.099904
0,0,0.0668137,0.0798863,0.558474,-0.0482299,-0.219898,-0.0910888
0,0,0.0573303,0.105605,0.470383,-0.0875851,-0.19059,-0.0898943
0,0,0.0381362,0.157164,0.531714,-0.063844,-0.204762,-0.10559
0,0,0.0810563,0.107307,0.597667,-0.0487834,-0.214971,-0.111298
0,0,0.0750505,0.196893,0.474837,-0.0804694,-0.191291,-0.106002
0,0,0.0557389,0.103286,0.585229,-0.058949,-0.227823,-0.095914
0,0,0.0453667,0.0497093,0.623462,-0.0363664,-0.215919,-0.0888745
0,0,0.0451426,0.113682,0.576255,-0.072202,-0.211554,-0.0910159
0,0,0.0853455,0.15543,0.598234,-0.0787516,-0.211022,-0.095001
0,0,0.0870346,0.124013,0.653666,-0.0365143,-0.207272,-0.108745
0,0,0.0515526,0.219926,0.562188,-0.0616594,-0.211606,-0.11658
0,0,0.0695339,0.136771,0.640899,-0.0694802,-0.205743,-0.100365
0,0,0.109719,0.0466646,0.712774,-0.0568672,-0.220551,-0.0921667
0,0,0.00676214,0.125985,0.605579,-0.0698858,-0.20955,-0.0882091
0,0,0.0766142,0.155763,0.638909,-0.0511909,-0.19468,-0.0910184
0,0,0.0977178,0.086399,0.690798,-0.0525038,-0.209712,-0.0932251
0,0,0.107231,0.237654,0.562317,-0.0771255,-0.194694,-0.101827
0,0,0.0705071,0.109099,0.677338,-0.0511722,-0.208238,-0.105538
0,0,0.117161,0.0993169,0.735873,-0.0471052,-0.223821,-0.1103
0,0,0.109853,0.119805,0.626501,-0.0859261,-0.205225,-0.103707
0,0,0.163923,0.136572,0.704187,-0.0431099,-0.215922,-0.0958027
0,0,0.109274,0.114755,0.72423,-0.0388947,-0.211389,-0.0913111
0,0,0.105749,0.231017,0.621782,-0.0735459,-0.197354,-0.0831927
0,0,0.0950571,0.0563825,0.616893,-0.0933983,-0.18947,-0.0770032
0,0,0.0905436,0.00554005,0.681283,-0.0698001,-0.214403,-0.0714578
0,0,0.0357426,-0.0898269,0.601944,-0.0960889,-0.196691,-0.086951
0,0,0.012114,0.021447,0.575303,-0.0703325,-0.184544,-0.0954698
0,0,0.0419709,-0.0164905,0.602891,-0.0705042,-0.195974,-0.0976426
0,0,0.00167984,-0.084943,0.594554,-0.0811279,-0.192829,-0.099627
0,0,0.0235951,-0.107888,0.625194,-0.0571139,-0.203662,-0.0994675
0,0,0.0552396,0.0329336,0.590264,-0.0802806,-0.202082,-0.0966384
0,0,0.159974,-0.0575279,0.690852,-0.0500904,-0.214107,-0.0975482
0,0,0.160606,-0.0139579,0.645854,-0.0540617,-0.20349,-0.098084
0,0,0.102386,-0.0241036,0.689648,-0.0504835,-0.209248,-0.10233
0,0,0.0846662,0.074915,0.642101,-0.0533156,-0.211018,-0.106986
0,0,0.0741899,-0.0151799,0.686149,-0.0462026,-0.223607,-0.104772
0,0,0.0900562,-0.0436673,0.675668,-0.0397031,-0.221635,-0.102732
0,0,0.0721886,-0.0887244,0.681715,-0.0415429,-0.228689,-0.0983446
0,0,0.0775919,-0.029929,0.671363,-0.04829,-0.225553,-0.0949067
0,0,0.141096,0.0306142,0.69593,-0.0337733,-0.216388,-0.0962409
0,0,0.142793,0.0187179,0.677265,-0.0355755,-0.219994,-0.094132
0,0,0.115073,-0.0390562,0.671714,-0.0252305,-0.216564,-0.100331
0,0,0.0942801,-0.0680768,0.683956,-0.0393871,-0.225848,-0.101575
0,0,0.103879,-0.00471506,0.694887,-0.0375011,-0.23467,-0.0955831
0,0,0.103541,0.00949788,0.673916,-0.0444542,-0.226031,-0.0974253
0,0,0.110412,-0.0396555,0.66926,-0.0429935,-0.221823,-0.0976591
0,0,0.103507,-0.0524967,0.668218,-0.0411667,-0.217252,-0.0952456
0,0,0.10827,0.00646717,0.681301,-0.0456478,-0.230408,-0.0973253
0,0,0.113926,0.0293899,0.658526,-0.0438646,-0.235524,-0.0992271
0,0,0.108713,-0.0387705,0.673526,-0.045353,-0.226726,-0.0966745
0,0,0.111989,-0.0526493,0.679639,-0.0445458,-0.224905,-0.0985417
0,0,0.115517,-0.0170238,0.688223,-0.0418324,-0.227687,-0.0998674
0,0,0.107263,0.018932,0.703376,-0.0439296,-0.233119,-0.100237
0,0,0.101392,-0.00648476,0.699286,-0.0422859,-0.226628,-0.0981401
0,0,0.095378,-0.0263168,0.700905,-0.0410672,-0.234166,-0.0930578
0,0,0.102089,-0.00532227,0.700037,-0.0432985,-0.222924,-0.0950028
0,0,0.124704,0.0157179,0.712237,-0.0419658,-0.23223,-0.0940446
0,0,0.124119,0.00459017,0.70246,-0.040905,-0.233563,-0.0981986
0,0,0.120386,-0.0359354,0.696281,-0.0392841,-0.232647,-0.101083
0,0,0.114618,-0.0515782,0.697354,-0.0371842,-0.227227,-0.102474
0,0,0.111292,-0.00990351,0.697269,-0.0395283,-0.223935,-0.104061
0,0,0.114631,0.00226205,0.686204,-0.0459177,-0.230284,-0.102444
0,0,0.119745,-0.000740535,0.687804,-0.0376136,-0.226412,-0.10117
0,0,0.131624,-0.0323211,0.698499,-0.0386246,-0.228097,-0.103352
0,0,0.135166,-0.00359629,0.691156,-0.0357816,-0.230817,-0.104121
0,0,0.107639,0.0173383,0.689937,-0.0353946,-0.223593,-0.102999
0,0,0.105754,0.00122794,0.683416,-0.0419212,-0.224987,-0.103645
0,0,0.116564,-0.037314,0.683893,-0.040884,-0.223666,-0.102825
0,0,0.114539,0.00331776,0.685745,-0.0396266,-0.219875,-0.108253
0,0,0.114777,0.0270795,0.679528,-0.0426505,-0.219522,-0.106231
0,0,0.099368,0.0111207,0.66905,-0.0459509,-0.224181,-0.108069
0,0,0.108786,0.00389599,0.6572,-0.0377147,-0.225569,-0.104418
0,0,0.107175,-0.0069351,0.6596,-0.0443406,-0.231546,-0.103981
0,0,0.109615,0.0332342,0.675146,-0.0472325,-0.238221,-0.101491
0,0,0.115088,0.0300163,0.678164,-0.0494102,-0.236994,-0.106911
0,0,0.117166,-0.0108203,0.667582,-0.0428653,-0.231524,-0.107044
0,0,0.121494,-0.0158376,0.658328,-0.0383267,-0.231167,-0.0995561
0,0,0.124495,0.0115903,0.671045,-0.0395767,-0.233143,-0.0917104
0,0,0.120813,0.0115687,0.688481,-0.044066,-0.231586,-0.0954211
0,0,0.116488,-0.0190011,0.685702,-0.0466033,-0.227889,-0.095481
0,0,0.12362,-0.0261694,0.683787,-0.0501804,-0.23165,-0.0953465
0,0,0.120886,-0.0159855,0.680158,-0.0453775,-0.234922,-0.0962807
0,0,0.106865,0.00192631,0.674992,-0.0464297,-0.235449,-0.0955033
0,0,0.103005,-0.00769943,0.67923,-0.0471729,-0.231624,-0.0998995
0,0,0.115668,-0.00121271,0.665684,-0.0454504,-0.235003,-0.0961463
0,0,0.129148,0.025978,0.669175,-0.0479203,-0.232182,-0.0924211
0,0,0.115048,0.0190451,0.657379,-0.0503927,-0.231306,-0.0971331
0,0,0.116766,-0.00147582,0.653842,-0.0464755,-0.2213,-0.0995847
0,0,0.103271,-0.0244921,0.670757,-0.0413506,-0.21856,-0.0979809
0,0,0.100406,-0.0215723,0.671612,-0.0502884,-0.226743,-0.102683
0,0,0.0913033,-0.00719179,0.690289,-0.0494555,-0.229199,-0.106715
0,0,0.0970365,-0.00512443,0.699389,-0.0481856,-0.229002,-0.110414
0,0,0.1037,-0.020452,0.690061,-0.041282,-0.231998,-0.10537
0,0,0.113651,-0.0119427,0.681344,-0.0473248,-0.231386,-0.104498
0,0,0.108585,-0.00387002,0.675619,-0.0449678,-0.229671,-0.10014
0,0,0.0947355,-0.00707555,0.66602,-0.0441916,-0.221285,-0.0987013
0,0,0.108295,-0.0115364,0.666358,-0.0397874,-0.225024,-0.105244
0,0,0.11553,-0.00766204,0.680878,-0.0373971,-0.215971,-0.10611
0,0,0.11351,-0.000519414,0.67621,-0.0359138,-0.210185,-0.102257
0,0,0.119252,0.00132154,0.669705,-0.0452958,-0.213535,-0.102808
0,0,0.114008,-0.00487664,0.664775,-0.0453412,-0.220639,-0.103338
0,0,0.115562,-0.00699612,0.666941,-0.0348232,-0.224646,-0.115928
0,0,0.126375,-0.0129494,0.683112,-0.0364848,-0.227557,-0.120566
0,0,0.129298,-0.0263043,0.664453,-0.0359379,-0.221427,-0.107724
0,0,0.115149,-0.0258952,0.649172,-0.0380868,-0.222435,-0.105349
0,0,0.099955,-0.0212194,0.678744,-0.0439547,-0.22022,-0.103046
0,0,0.120341,-0.0215081,0.672278,-0.0450087,-0.221492,-0.106247
0,0,0.103688,-0.00262754,0.671052,-0.0410402,-0.22092,-0.104844
0,0,0.106143,-0.000347914,0.679436,-0.0422068,-0.217428,-0.101715
0,0,0.10993,-0.0251194,0.686742,-0.0383272,-0.219424,-0.0972403
0,0,0.109036,-0.0147402,0.67454,-0.0393362,-0.219848,-0.0998483
0,0,0.1071,0.0023676,0.678526,-0.0366592,-0.222028,-0.108016
0,0,0.102759,0.00707994,0.678372,-0.0406623,-0.221711,-0.105664
0,0,0.114935,0.00199204,0.683502,-0.0492628,-0.216893,-0.101579
0,0,0.127708,0.00826703,0.684653,-0.0485966,-0.217584,-0.0996481
0,0,0.139152,0.00556047,0.691166,-0.0442964,-0.221316,-0.0997625
0,0,0.139295,0.00569253,0.666025,-0.0398985,-0.221838,-0.0951332
0,0,0.127915,0.00221246,0.654813,-0.0436321,-0.225387,-0.0984542
0,0,0.120849,-0.016455,0.677143,-0.0396713,-0.227383,-0.0957701
0,0,0.104745,-0.0346193,0.68277,-0.0429604,-0.231203,-0.10102
0,0,0.103768,-0.0165321,0.695808,-0.0402143,-0.226082,-0.098746
0,0,0.0971846,-0.0255349,0.686291,-0.040305,-0.22277,-0.100999
0,0,0.103302,-0.0285635,0.68057,-0.0434405,-0.223574,-0.0948969
0,0,0.103904,-0.0115168,0.680244,-0.0449267,-0.221944,-0.0957768
0,0,0.104122,-0.0196305,0.686654,-0.0463325,-0.223557,-0.107011
0,0,0.105192,-0.0236726,0.684815,-0.0446125,-0.230711,-0.105768
0,0,0.115274,-0.0239212,0.681383,-0.0467542,-0.228002,-0.0998525
0,0,0.11809,-0.0193518,0.670576,-0.0433485,-0.227862,-0.104523
0,0,0.11699,-0.0216189,0.670336,-0.0379796,-0.22805,-0.109383
0,0,0.122107,-0.0148545,0.693991,-0.0439193,-0.22883,-0.107214
0,0,0.124199,-0.0201879,0.704127,-0.0431744,-0.222661,-0.107672
0,0,0.102022,-0.0134073,0.701939,-0.0374366,-0.230486,-0.11072
0,0,0.108898,-0.0203874,0.702636,-0.0377286,-0.226104,-0.113533
0,0,0.112612,-0.0210645,0.686641,-0.0421239,-0.228221,-0.105137
0,0,0.104118,-0.0293808,0.689898,-0.0425373,-0.22855,-0.101646
0,0,0.111157,-0.0273687,0.687448,-0.0460933,-0.228084,-0.0983123
0,0,0.112432,-0.0276295,0.678953,-0.0460962,-0.225803,-0.101543
0,0,0.108324,-0.0265358,0.679646,-0.0427878,-0.22065,-0.0991141
0,0,0.116303,-0.0328032,0.667399,-0.0485794,-0.211547,-0.0974176
0,0,0.135139,-0.0213916,0.682578,-0.0459123,-0.212768,-0.0999435
0,0,0.111162,-0.0190872,0.681557,-0.0365532,-0.213322,-0.0958226
0,0,0.101725,-0.0311284,0.684033,-0.0408983,-0.209647,-0.0986
0,0,0.100584,-0.0379156,0.673672,-0.0384383,-0.211415,-0.0976462
0,0,0.109018,-0.0340415,0.67702,-0.0311685,-0.214449,-0.105617
0,0,0.113108,-0.00520611,0.678174,-0.0289887,-0.215386,-0.106041
0,0,0.122763,0.0102879,0.675002,-0.0257389,-0.227592,-0.100745
0,0,0.114752,-0.0243996,0.720463,-0.0233597,-0.238198,-0.0970142
0,0,0.106836,-0.0347471,0.727737,-0.0299956,-0.241662,-0.10095
0,0,0.105937,0.00859268,0.650693,-0.0558576,-0.226556,-0.101407
0,0,0.0810472,-0.00946864,0.733587,-0.0515811,-0.245631,-0.100488
0,0,0.0279354,0.0719553,0.633597,-0.0724462,-0.225097,-0.103119
0,0,-0.0178182,0.0445299,0.699414,-0.0583247,-0.250539,-0.101806
0,0,-0.00755705,-0.0113873,0.665101,-0.0605014,-0.251321,-0.106654
0,0,-0.0200282,-0.0707197,0.692322,-0.0431924,-0.249776,-0.107549
0,0,0.0286541,0.0195541,0.660997,-0.041789,-0.231935,-0.0993404
0,0,0.0985731,0.0534832,0.646602,-0.0594036,-0.223667,-0.100016
0,0,0.0536374,0.0242865,0.708161,-0.0414138,-0.235986,-0.101376
0,0,0.0433638,-0.0188612,0.646119,-0.063709,-0.210111,-0.104784
0,0,0.0821707,-0.00554419,0.690476,-0.0399364,-0.22322,-0.102549
0,0,0.0297998,0.037269,0.670027,-0.0468597,-0.229619,-0.0974308
0,0,0.0214713,0.103313,0.622546,-0.0575797,-0.222607,-0.0987517
0,0,0.074412,0.00526625,0.68269,-0.0405804,-0.228762,-0.0990769
0,0,0.0217551,-0.0308492,0.675368,-0.0403037,-0.230257,-0.10508
0,0,0.0667613,-0.0135326,0.670631,-0.0443825,-0.236448,-0.10139
0,0,0.0689028,0.0510071,0.662554,-0.0511674,-0.231969,-0.0947126
0,0,0.0363721,0.00538696,0.673525,-0.0484925,-0.233361,-0.0945588
0,0,0.113279,-0.0400705,0.667072,-0.0470382,-0.230178,-0.0962383
0,0,0.0898078,0.000629803,0.671426,-0.0377347,-0.225559,-0.0986734
0,0,0.0442745,0.0568909,0.661491,-0.0467769,-0.22038,-0.0981369
0,0,0.0870737,0.0265323,0.657671,-0.0472718,-0.227495,-0.0995034
0,0,0.0624441,-0.0331575,0.662788,-0.0472726,-0.227367,-0.0993279
0,0,0.0368952,-0.053378,0.642221,-0.0482851,-0.22032,-0.0980707
0,0,0.0262988,0.0114324,0.634099,-0.0482482,-0.228053,-0.102355
0,0,-0.00795023,0.0311597,0.65636,-0.0464075,-0.238436,-0.10291
0,0,0.0396258,-0.0056604,0.651271,-0.046832,-0.234995,-0.101961
0,0,0.0188405,-0.0587049,0.646381,-0.0418703,-0.231012,-0.101681
0,0,-0.00938246,-0.0359948,0.624999,-0.0442539,-0.231864,-0.0985748
0,0,0.0761496,-0.0161707,0.627164,-0.0314705,-0.239156,-0.101591
0,0,0.0345493,-0.0289667,0.622757,-0.0394875,-0.234525,-0.100031
0,0,0.0352171,-0.0906137,0.587992,-0.0431873,-0.225331,-0.101618
0,0,0.033685,-0.0680277,0.539138,-0.0577443,-0.226424,-0.104971
0,0,0.0126755,-0.00422431,0.585525,-0.051463,-0.23697,-0.102893
0,0,0.0275336,0.0125606,0.617229,-0.0516416,-0.232868,-0.097574
0,0,-0.0252565,-0.0806272,0.655612,-0.0384373,-0.238943,-0.0968075
0,0,0.037764,-0.0987911,0.643077,-0.0219439,-0.240751,-0.0949855
0,0,0.0374131,-0.0936381,0.602055,-0.0419808,-0.242204,-0.0992816
0,0,0.00940526,-0.163959,0.661589,-0.0320343,-0.254572,-0.0985355
0,0,0.0660987,-0.310077,0.719095,-0.0153282,-0.25741,-0.104335
0,0,-0.00241014,-0.171869,0.649585,-0.0367093,-0.258035,-0.107266
0,0,0.027298,-0.0607512,0.621031,-0.0304918,-0.252428,-0.10552
0,0,0.0696064,-0.0536139,0.659293,-0.0210965,-0.26126,-0.10811
0,0,0.0207371,-0.113211,0.674862,-0.0327967,-0.236706,-0.100943
0,0,0.016838,-0.138733,0.642286,-0.0332327,-0.226538,-0.105043
0,0,-0.0319234,-0.115456,0.545459,-0.0558881,-0.233454,-0.105256
0,0,-0.0220702,-0.104358,0.650672,-0.0260812,-0.262509,-0.102347
0,0,0.0439043,-0.0849704,0.617945,-0.0248558,-0.257314,-0.102594
0,0,-0.00575127,-0.091246,0.583832,-0.0378564,-0.245743,-0.103163
0,0,0.0469742,-0.146617,0.626456,-0.0345187,-0.22386,-0.0973955
0,0,0.0816105,-0.133118,0.606391,-0.037403,-0.230341,-0.104402
0,0,0.00216954,-0.136828,0.625268,-0.0357778,-0.251703,-0.105743
0,0,0.00309428,-0.159537,0.679191,-0.0205637,-0.265065,-0.104441
0,0,0.0427484,-0.194535,0.607644,-0.0216514,-0.25733,-0.108874
0,0,0.0153354,-0.112596,0.656092,-0.0165098,-0.242804,-0.104125
0,0,0.04111,-0.00227817,0.602797,-0.036221,-0.229943,-0.0989941
0,0,0.0283175,0.00240776,0.570571,-0.0322072,-0.239027,-0.100644
0,0,0.0143222,-0.0903204,0.60772,-0.0308153,-0.268565,-0.11004
0,0,0.0506924,-0.0846074,0.53587,-0.0425946,-0.251744,-0.110288
0,0,-0.00261635,-0.0515728,0.649198,-0.0345597,-0.247333,-0.103589
0,0,0.0101527,-0.0829464,0.641391,-0.0383854,-0.24656,-0.110713
0,0,0.104997,-0.149417,0.69178,-0.0297192,-0.267456,-0.107256
0,0,0.0524968,-0.145824,0.644811,-0.0350807,-0.276905,-0.109674
0,0,-0.0353973,-0.108818,0.686947,-0.0238072,-0.274074,-0.113335
0,0,0.00119632,-0.086875,0.66098,-0.0379234,-0.246685,-0.112018
0,0,0.0647703,-0.0870659,0.576087,-0.0390951,-0.241101,-0.114933
0,0,0.046348,-0.0940146,0.60819,-0.0264252,-0.260033,-0.11889
0,0,0.067485,-0.0515653,0.560121,-0.0347968,-0.251981,-0.129371
0,0,0.027326,-0.050868,0.648932,-0.0281281,-0.251057,-0.126887
0,0,0.0138579,-0.155203,0.666752,-0.0225553,-0.251031,-0.131297
0,0,0.0689273,-0.152846,0.673025,-0.00500897,-0.281781,-0.12925
0,0,0.0187573,-0.125182,0.651675,-0.0299162,-0.267315,-0.120249
0,0,-0.012963,-0.058181,0.619604,-0.03068,-0.245705,-0.121218
0,0,0.130891,-0.0265194,0.585835,-0.0182711,-0.243195,-0.119527
0,0,0.172321,-0.0692496,0.528005,-0.0203366,-0.25382,-0.117798
0,0,0.0669592,-0.0410121,0.524853,-0.0352253,-0.250002,-0.116044
0,0,-0.00306469,-0.0935744,0.63183,-0.00848108,-0.245922,-0.117075
0,0,0.090094,-0.184785,0.62462,-0.00910189,-0.251721,-0.115451
0,0,0.0560241,-0.180189,0.639854,-0.0136502,-0.274527,-0.116871
0,0,-0.010742,-0.107274,0.63839,-0.0274924,-0.243432,-0.111142
0,0,0.034628,-0.103483,0.571459,-0.0437086,-0.219798,-0.110373
0,0,0.0381341,-0.13145,0.557972,-0.0447451,-0.253581,-0.107866
0,0,0.0358628,-0.0909554,0.584077,-0.0223096,-0.236171,-0.111658
0,0,0.0443534,-0.151547,0.644092,-0.0131756,-0.24119,-0.120061
0,0,0.0452474,-0.178247,0.635845,0.00106693,-0.271614,-0.12783
0,0,0.0265574,-0.106887,0.655932,-0.00878193,-0.278703,-0.13324
0,0,0.0136657,-0.0216109,0.554613,-0.0439077,-0.239014,-0.128435
0,0,0.110108,-0.114569,0.532721,-0.0289008,-0.262444,-0.131686
0,0,0.115017,-0.0880961,0.540787,-0.0444594,-0.265962,-0.135481
0,0,0.020295,-0.128245,0.653396,-0.0232846,-0.25802,-0.130578
0,0,0.0211982,-0.209096,0.629014,0.00978998,-0.269027,-0.118735
0,0,0.0519179,-0.134483,0.603371,-0.0153837,-0.27423,-0.113673
0,0,0.0792519,-0.0901962,0.572001,-0.00430958,-0.247292,-0.114021
0,0,0.0671915,-0.0707163,0.496381,-0.0320658,-0.230257,-0.107472
0,0,0.00622372,-0.100615,0.541291,-0.0517805,-0.269949,-0.108487
0,0,0.0609828,-0.150283,0.584033,-0.024168,-0.255248,-0.10866
0,0,0.0509271,-0.214531,0.601486,-0.0216317,-0.271773,-0.110435
0,0,0.0936514,-0.0884539,0.509101,-0.0157296,-0.286451,-0.124426
0,0,0.0611599,-0.0939644,0.46863,-0.0379221,-0.271586,-0.122657
0,0,0.0998334,-0.117586,0.450805,-0.0125919,-0.236707,-0.13658
0,0,0.116968,-0.0602243,0.421331,-0.0272636,-0.248462,-0.136941
0,0,0.122603,-0.138354,0.546841,-0.0179964,-0.272909,-0.129658
0,0,0.121665,-0.148663,0.4856,-0.013631,-0.25415,-0.129511
0,0,0.0982633,-0.105302,0.448835,-0.0351508,-0.283407,-0.115632
0,0,0.10523,-0.118762,0.449207,-0.0146687,-0.271163,-0.106794
0,0,0.0632789,-0.137877,0.398546,-0.0242659,-0.251755,-0.10781
0,0,0.0621709,-0.13623,0.447805,-0.00432754,-0.26732,-0.111748
0,0,0.130605,-0.213348,0.494675,0.018524,-0.282739,-0.117968
0,0,0.0814562,-0.21383,0.506336,-0.00107441,-0.286701,-0.130895
0,0,0.0765044,-0.0697788,0.445501,-0.024202,-0.271092,-0.138454
0,0,0.107771,-0.0640183,0.423884,-0.0479088,-0.270509,-0.142377
0,0,0.134421,-0.103679,0.399601,-0.0404967,-0.259518,-0.135409
0,0,0.118309,-0.103796,0.43334,-0.00557021,-0.232358,-0.129183
0,0,0.018758,-0.207238,0.498451,-0.0127882,-0.289956,-0.120086
0,0,0.0852966,-0.19368,0.48328,0.0160447,-0.284082,-0.112975
0,0,0.131609,-0.159201,0.395667,-0.0223672,-0.257051,-0.108847
0,0,0.058057,-0.143412,0.403843,-0.0417208,-0.265404,-0.102649
0,0,0.0294365,-0.113597,0.368292,-0.0413191,-0.272069,-0.109576
0,0,0.0876554,-0.118772,0.35201,-0.0510317,-0.256994,-0.124967
0,0,0.145361,-0.212889,0.478346,0.0202032,-0.257106,-0.134137
0,0,0.072215,-0.221242,0.42208,0.00873442,-0.271896,-0.134818
0,0,0.0328823,-0.111531,0.393926,-0.00296255,-0.279716,-0.125495
0,0,0.0911261,-0.129726,0.326131,-0.013384,-0.244955,-0.118334
0,0,0.0968426,-0.143197,0.280418,-0.0417023,-0.238787,-0.117338
0,0,0.101619,-0.11657,0.334546,-0.0328701,-0.253945,-0.115537
0,0,0.0436775,-0.150722,0.38423,-0.0257791,-0.268574,-0.112996
0,0,0.0572554,-0.204697,0.43444,-0.0166165,-0.259701,-0.118813
0,0,0.11551,-0.14033,0.376784,-0.0150402,-0.248384,-0.135223
0,0,0.0804828,-0.110393,0.336831,-0.0322038,-0.264269,-0.140676
0,0,0.0771624,-0.117461,0.289487,-0.0273714,-0.259981,-0.139101
0,0,0.0914293,-0.124784,0.240122,-0.0328294,-0.233696,-0.14368
0,0,0.109548,-0.118961,0.276485,-0.0316233,-0.245281,-0.140302
0,0,0.124151,-0.162868,0.306355,-0.0100682,-0.275644,-0.12939
0,0,0.108602,-0.167353,0.345966,-0.0128027,-0.283232,-0.111116
0,0,0.119741,-0.0908223,0.295487,-0.0169913,-0.260121,-0.118865
0,0,0.109314,-0.0868868,0.306259,-0.0215388,-0.242731,-0.115613
0,0,0.0949123,-0.132065,0.26333,-0.0181732,-0.256117,-0.118682
0,0,0.133191,-0.0811304,0.213396,-0.0258344,-0.263306,-0.134241
0,0,0.132851,-0.088435,0.218982,-0.0173656,-0.264966,-0.139489
0,0,0.109635,-0.133459,0.308389,0.0123805,-0.263426,-0.143917
0,0,0.0826252,-0.194411,0.288749,-0.0057372,-0.261951,-0.136425
0,0,0.106401,-0.156029,0.364206,-0.0095683,-0.286743,-0.127889
0,0,0.129537,-0.119574,0.295264,-0.022893,-0.277211,-0.12608
0,0,0.14579,-0.14908,0.36264,-0.0186512,-0.267928,-0.123673
0,0,0.1255,-0.175366,0.314496,-0.0293657,-0.246162,-0.127279
0,0,0.110152,-0.153722,0.225281,-0.0500232,-0.224328,-0.134818
0,0,0.121322,-0.138468,0.249008,-0.0443138,-0.24149,-0.138283
0,0,0.110103,-0.185021,0.259318,-0.0161368,-0.26907,-0.143419
0,0,0.109844,-0.172988,0.271141,-0.0158923,-0.277697,-0.14069
0,0,0.110741,-0.192604,0.240792,-0.0081699,-0.282275,-0.150914
0,0,0.0946183,-0.159663,0.261101,-0.0112689,-0.26789,-0.145994
0,0,0.0616328,-0.121233,0.303712,0.000876153,-0.260212,-0.149506
0,0,0.108452,-0.0708167,0.280687,0.00398284,-0.272177,-0.145066
0,0,0.114227,-0.0557386,0.208613,-0.0220643,-0.267293,-0.138049
0,0,0.0599136,-0.0896571,0.248253,-0.0212302,-0.271315,-0.125518
0,0,0.0654546,-0.14086,0.246218,-0.0265754,-0.277971,-0.126413
0,0,0.094385,-0.131137,0.206472,-0.0309889,-0.274708,-0.122362
0,0,0.127747,-0.125623,0.197035,-0.0312138,-0.243161,-0.122585
0,0,0.127904,-0.121691,0.201644,-0.03673,-0.232417,-0.126578
0,0,0.0755247,-0.085626,0.201587,-0.0384379,-0.237322,-0.124724
0,0,0.068476,-0.12203,0.210448,-0.0322412,-0.245863,-0.131695
0,0,0.110898,-0.162826,0.228043,-0.0312242,-0.246363,-0.134902
0,0,0.100299,-0.141337,0.250052,-0.0140049,-0.255803,-0.138382
0,0,0.0652932,-0.116804,0.251952,-0.0113851,-0.270896,-0.13824
0,0,0.0461688,-0.119935,0.217236,-0.0234392,-0.272534,-0.135867
0,0,0.10997,-0.165651,0.254828,-0.0150769,-0.274772,-0.129985
0,0,0.0612772,-0.148808,0.272668,-0.0102371,-0.281139,-0.133222
0,0,0.0829505,-0.118463,0.250797,-0.0178257,-0.273462,-0.136888
0,0,0.0534438,-0.081504,0.235699,-0.0314759,-0.265178,-0.135567
0,0,0.103508,-0.120194,0.240562,-0.0212299,-0.259877,-0.137365
0,0,0.101841,-0.136035,0.246565,-0.0211393,-0.263942,-0.137155
0,0,0.119925,-0.237947,0.253852,-0.0252318,-0.256575,-0.132952
0,0,0.0882265,-0.189447,0.274013,-0.0239503,-0.267016,-0.129069
0,0,0.0833522,-0.0896296,0.232572,-0.0278216,-0.263554,-0.131503
0,0,0.0733536,-0.107098,0.24141,-0.0222784,-0.26358,-0.132694
0,0,0.100696,-0.186352,0.227511,-0.0293994,-0.25622,-0.130933
0,0,0.0350032,-0.154061,0.239425,-0.0380814,-0.265907,-0.127798
0,0,0.062741,-0.117139,0.249784,-0.0336361,-0.263603,-0.127751
0,0,0.0727923,-0.141924,0.217691,-0.0322859,-0.257925,-0.12745
0,0,0.11507,-0.158577,0.236462,-0.0182859,-0.247887,-0.128363
0,0,0.042468,-0.136159,0.239079,-0.0273424,-0.250716,-0.1314
0,0,0.0487056,-0.0958723,0.256308,-0.0358904,-0.254612,-0.132768
0,0,0.0418657,-0.120382,0.251377,-0.0304159,-0.242879,-0.133817
0,0,0.0964459,-0.138146,0.247295,-0.022007,-0.254041,-0.133589
0,0,0.0276759,-0.0837408,0.241427,-0.0309308,-0.258045,-0.134319
0,0,0.0413313,-0.0979546,0.221588,-0.0390849,-0.25585,-0.132315
0,0,0.0903208,-0.111749,0.217103,-0.0423378,-0.248799,-0.12324
0,0,0.068241,-0.0799645,0.29484,-0.033999,-0.248144,-0.118831
0,0,0.0513362,-0.0626251,0.305053,-0.0315585,-0.257888,-0.117746
0,0,0.0343157,-0.0572857,0.248153,-0.0360835,-0.246067,-0.117421
0,0,0.106217,-0.0929958,0.254528,-0.0230831,-0.242044,-0.121159
0,0,0.0449066,-0.0608445,0.332108,-0.0227928,-0.241226,-0.126823
0,0,0.0824834,-0.0293591,0.285397,-0.0342085,-0.220701,-0.123242
0,0,0.0615738,-0.000614138,0.275209,-0.0381858,-0.215861,-0.116959
0,0,0.0851367,-0.00520659,0.261049,-0.0348087,-0.222661,-0.116272
0,0,0.0591617,0.0231457,0.237134,-0.0487438,-0.234781,-0.1151
0,0,0.0564694,-0.0162701,0.317655,-0.0350432,-0.256865,-0.111357
0,0,0.0718656,0.0185226,0.279245,-0.0333035,-0.253501,-0.103273
0,0,0.00726584,0.0114781,0.278364,-0.0450465,-0.246629,-0.10271
0,0,0.0410159,0.0272138,0.284032,-0.0458016,-0.221053,-0.110487
0,0,0.0527411,-0.0308585,0.321003,-0.0506601,-0.224239,-0.109957
0,0,0.0640358,0.00882656,0.284018,-0.0560795,-0.217909,-0.103792
0,0,0.0525789,-0.00893541,0.333111,-0.0265753,-0.23826,-0.105372
0,0,0.0633517,0.0595188,0.283385,-0.0451517,-0.250482,-0.113753
0,0,0.0564748,0.0386893,0.275049,-0.0209934,-0.254966,-0.113569
0,0,0.0762148,0.0140806,0.350449,-0.026133,-0.248931,-0.118159
0,0,0.0245942,0.00386618,0.333542,-0.0271299,-0.236527,-0.124502
0,0,0.0409868,0.0337892,0.321693,-0.0473398,-0.228782,-0.122742
0,0,0.0246468,-0.00357921,0.326044,-0.0422767,-0.246881,-0.115379
0,0,0.0842175,-0.0206896,0.254547,-0.04812,-0.24542,-0.105498
0,0,0.044243,-0.0464682,0.336145,-0.0494178,-0.2459,-0.101165
0,0,0.0880357,0.0606459,0.262513,-0.0740345,-0.220234,-0.0927034
0,0,0.0961593,0.0417513,0.366326,-0.0505563,-0.223694,-0.0948446
0,0,0.125671,-0.00818667,0.339773,-0.0416302,-0.235477,-0.100879
0,0,0.0536304,0.0343474,0.3297,-0.0435915,-0.251118,-0.117183
0,0,0.099634,0.0293335,0.338362,-0.023103,-0.254622,-0.116381
0,0,0.0944687,0.0501096,0.317622,-0.0332416,-0.236023,-0.11577
0,0,0.115504,0.0893354,0.25776,-0.0419873,-0.209219,-0.112922
0,0,0.0640612,0.128667,0.321213,-0.0418706,-0.224896,-0.114216
0,0,0.109568,0.0513871,0.315093,-0.0596638,-0.241105,-0.101326
0,0,0.137449,0.010152,0.343213,-0.0564268,-0.221874,-0.0999102
0,0,0.127731,0.0416896,0.368198,-0.0315429,-0.215632,-0.10152
0,0,0.125741,0.124416,0.372836,-0.0437104,-0.2394,-0.106431
0,0,0.0689943,0.0510953,0.401704,-0.0445392,-0.245343,-0.112334
0,0,0.134286,-0.020093,0.402879,-0.0245561,-0.221817,-0.115038
0,0,0.159735,0.040604,0.349891,-0.0467485,-0.213512,-0.121306
0,0,0.127253,0.100726,0.353158,-0.0414593,-0.230254,-0.121356
0,0,0.16084,0.0891626,0.395271,-0.053145,-0.236194,-0.105477
0,0,0.135716,0.0819306,0.366673,-0.0758326,-0.215497,-0.100705
0,0,0.146013,-0.00643365,0.426071,-0.0318206,-0.244489,-0.0972645
0,0,0.132826,0.0184918,0.370165,-0.0541033,-0.245832,-0.0901747
0,0,0.110716,0.124307,0.370567,-0.0504111,-0.247739,-0.0919853
0,0,0.151019,0.0739067,0.426452,-0.037307,-0.205425,-0.0991069
0,0,0.143977,-0.0111974,0.415502,-0.0510488,-0.221797,-0.10023
0,0,0.114459,0.0441874,0.439159,-0.0389354,-0.241423,-0.101565
0,0,0.127871,0.132378,0.467575,-0.0389641,-0.217683,-0.104308
0,0,0.164247,0.0664645,0.459087,-0.058897,-0.220036,-0.102517
0,0,0.161603,0.046715,0.41161,-0.055593,-0.225694,-0.101837
0,0,0.143797,0.0867363,0.429458,-0.0522533,-0.209343,-0.0940585
0,0,0.105056,0.124901,0.398386,-0.056907,-0.189123,-0.0990787
0,0,0.146537,0.0731102,0.472029,-0.0261029,-0.219578,-0.102291
0,0,0.15056,0.0421116,0.49692,-0.0389737,-0.23347,-0.0995533
0,0,0.118827,0.0604856,0.523949,-0.0527705,-0.221937,-0.106097
0,0,0.136618,0.0972816,0.448977,-0.0575075,-0.222298,-0.113776
0,0,0.139108,0.102071,0.470904,-0.0854371,-0.23614,-0.12006
0,0,0.186223,0.0588637,0.530881,-0.0463209,-0.199256,-0.122628
0,0,0.172675,0.0663141,0.507125,-0.0447594,-0.221203,-0.115181
0,0,0.207185,0.115334,0.561503,-0.02138,-0.241424,-0.109087
0,0,0.190617,0.0264604,0.571295,-0.0427997,-0.226965,-0.0938965
0,0,0.161342,0.0425034,0.517102,-0.0577825,-0.216172,-0.0896946
0,0,0.192955,0.111711,0.514771,-0.0839411,-0.226372,-0.0881885
0,0,0.210686,0.116648,0.541528,-0.0780652,-0.219691,-0.0975362
0,0,0.228383,0.0414716,0.603318,-0.0533354,-0.213786,-0.10202
0,0,0.180306,0.0772642,0.566198,-0.0485523,-0.244693,-0.109818
0,0,0.206992,0.0973348,0.581032,-0.0339739,-0.241442,-0.11538
0,0,0.19855,0.15321,0.553573,-0.0556792,-0.218962,-0.115811
0,0,0.169295,0.0919281,0.585834,-0.0587806,-0.233452,-0.116391
0,0,0.222919,0.0388462,0.621463,-0.0526546,-0.215145,-0.116685
0,0,0.167437,0.143112,0.567658,-0.0746697,-0.209785,-0.114066
0,0,0.193049,0.0598807,0.638567,-0.0347185,-0.237729,-0.105759
0,0,0.160907,0.0318739,0.587358,-0.0541999,-0.236852,-0.103496
0,0,0.146,0.0515236,0.583338,-0.0568391,-0.222562,-0.101996
0,0,0.228224,0.171216,0.564441,-0.0507664,-0.202174,-0.111
0,0,0.231013,0.127786,0.628479,-0.0606946,-0.221836,-0.111183
0,0,0.236668,0.0953689,0.643199,-0.0355201,-0.211319,-0.111406
0,0,0.151089,0.00726867,0.674889,-0.0641589,-0.242042,-0.112501
0,0,0.152188,0.0962916,0.646286,-0.0853608,-0.241417,-0.115715
0,0,0.219709,0.184232,0.633712,-0.0671395,-0.219328,-0.114423
0,0,0.190177,0.114555,0.59589,-0.0673489,-0.215443,-0.120861
0,0,0.156808,0.0623319,0.624584,-0.036682,-0.22998,-0.10816
0,0,0.182969,0.0612261,0.677501,-0.037651,-0.226257,-0.106988
0,0,0.206229,0.102261,0.696605,-0.0484896,-0.216019,-0.102464
0,0,0.229084,0.0076587,0.727671,-0.0385625,-0.225786,-0.0997456
0,0,0.176037,0.0175257,0.612021,-0.0762983,-0.227959,-0.100178
0,0,0.182273,0.0806355,0.62188,-0.0662275,-0.196645,-0.0902586
0,0,0.214097,0.132126,0.645489,-0.0627165,-0.215766,-0.0938104
0,0,0.178905,0.0839627,0.703266,-0.0448986,-0.250543,-0.0905089
0,0,0.145522,0.0437096,0.722981,-0.0202093,-0.223643,-0.105233
0,0,0.127937,0.0224896,0.678725,-0.0459789,-0.225496,-0.108124
0,0,0.1458,0.0458306,0.656197,-0.060721,-0.230201,-0.104048
0,0,0.124524,0.170239,0.649549,-0.0621312,-0.246085,-0.108524
0,0,0.0943036,0.0828632,0.644726,-0.0827334,-0.218025,-0.106784
0,0,0.171188,0.0214991,0.69624,-0.049395,-0.210517,-0.103731
0,0,0.198484,0.0752041,0.671239,-0.051828,-0.226914,-0.105642
0,0,0.158915,0.126573,0.678542,-0.0392714,-0.212906,-0.105983
0,0,0.131932,0.0817614,0.713889,-0.0294659,-0.190945,-0.102129
0,0,0.142263,0.0404009,0.684437,-0.0482855,-0.20901,-0.0932975
0,0,0.201082,0.0312918,0.706629,-0.0432354,-0.22101,-0.101762
0,0,0.159611,0.109642,0.702173,-0.057219,-0.217679,-0.104652
0,0,0.164075,0.123115,0.707705,-0.0631784,-0.214354,-0.101376
0,0,0.155195,0.101534,0.690381,-0.0741942,-0.223298,-0.106126
0,0,0.14671,0.0217694,0.771368,-0.0632029,-0.24435,-0.109105
0,0,0.163781,-0.0483319,0.774194,-0.0421815,-0.231538,-0.110348
0,0,0.192271,0.0483649,0.698433,-0.0585224,-0.209587,-0.105158
0,0,0.186261,0.121678,0.69053,-0.0490101,-0.214209,-0.0989719
0,0,0.145029,0.0822525,0.724094,-0.0373337,-0.235568,-0.0898347
0,0,0.132165,0.0465084,0.712609,-0.0321568,-0.232349,-0.0891768
0,0,0.139105,0.0574744,0.692401,-0.0526054,-0.205003,-0.0841323
0,0,0.141843,0.0483756,0.737549,-0.0445297,-0.213126,-0.0848454
0,0,0.122184,0.0691682,0.672051,-0.0598969,-0.227136,-0.0857324
0,0,0.115923,0.0230696,0.723798,-0.0607777,-0.236216,-0.0929836
0,0,0.140923,0.0587934,0.658058,-0.0763666,-0.215411,-0.0989291
0,0,0.101753,0.0667769,0.659964,-0.0855064,-0.205438,-0.102483
0,0,0.0878982,0.0422462,0.665048,-0.0720435,-0.203771,-0.10589
0,0,0.150449,0.0126344,0.655558,-0.0647923,-0.20836,-0.0970545
0,0,0.18747,0.00399765,0.701684,-0.0624194,-0.226889,-0.102913
0,0,0.14344,0.0438337,0.66586,-0.0612804,-0.215246,-0.0936006
0,0,0.102324,0.0922805,0.704743,-0.0458454,-0.207893,-0.0954272
0,0,0.185021,0.0857914,0.74122,-0.0322355,-0.203287,-0.101377
0,0,0.133957,0.0265344,0.706122,-0.0363915,-0.209042,-0.106711
0,0,0.0720817,0.0493106,0.661499,-0.0515984,-0.204191,-0.109197
0,0,0.125173,0.0562942,0.68324,-0.0429526,-0.231061,-0.103526
0,0,0.140061,0.0203033,0.682909,-0.0377884,-0.228378,-0.107245
0,0,0.0771086,-0.0359912,0.642766,-0.0468259,-0.2152,-0.0963022
0,0,0.09183,-0.0539203,0.711307,-0.0369146,-0.212449,-0.0942871
0,0,0.136364,0.0663262,0.664907,-0.0474974,-0.200449,-0.0974396
0,0,0.0864992,0.0803474,0.632876,-0.05799,-0.213062,-0.102375
0,0,0.109765,0.0778112,0.641997,-0.0870094,-0.219479,-0.106134
0,0,0.104474,0.0373657,0.717364,-0.0687294,-0.24066,-0.104018
0,0,0.154074,-0.000539866,0.67755,-0.057277,-0.219692,-0.0939818
0,0,0.20697,-0.0846251,0.748507,-0.028796,-0.229825,-0.103262
0,0,0.227774,0.00757036,0.635176,-0.0531895,-0.202581,-0.106167
0,0,0.189077,0.0458498,0.651102,-0.0380232,-0.208312,-0.107277
0,0,0.162768,0.0283211,0.66764,-0.0332628,-0.209238,-0.106372
0,0,0.168122,-0.016993,0.655315,-0.0383389,-0.207346,-0.103828
0,0,0.121177,-4.17009e-05,0.657872,-0.0481951,-0.210252,-0.104909
0,0,0.0883162,0.0170112,0.671313,-0.0496297,-0.212273,-0.102992
0,0,0.0785155,0.0338323,0.682324,-0.0488675,-0.211557,-0.0998223
0,0,0.0812891,0.0630313,0.689519,-0.0460862,-0.222221,-0.103212
0,0,0.0855985,0.0326654,0.675446,-0.0412898,-0.218216,-0.0981324
0,0,0.0801028,0.0159982,0.678777,-0.0416921,-0.210095,-0.0994692
0,0,0.0932822,0.0237683,0.683791,-0.0405843,-0.21952,-0.101712
0,0,0.099387,0.0434369,0.65389,-0.046457,-0.222345,-0.105864
0,0,0.101996,-0.00886085,0.653765,-0.0489359,-0.219134,-0.110635
0,0,0.0926859,-0.0267155,0.665461,-0.0458042,-0.218914,-0.110636
0,0,0.0988906,0.0155361,0.650724,-0.0366816,-0.22331,-0.104668
0,0,0.116122,0.034,0.665384,-0.0376829,-0.223605,-0.100601
0,0,0.118915,0.020482,0.68698,-0.0372912,-0.217079,-0.103281
0,0,0.0957117,0.0238967,0.674158,-0.0376791,-0.21801,-0.107098
0,0,0.0980693,0.0524821,0.668995,-0.0380055,-0.215141,-0.105052
0,0,0.110208,0.0545925,0.675766,-0.0387289,-0.21712,-0.103267
0,0,0.123372,0.0192613,0.668033,-0.0346152,-0.221135,-0.101929
0,0,0.121059,-0.0119423,0.66941,-0.0359775,-0.21666,-0.0956154
0,0,0.126619,-0.0100378,0.681525,-0.0461524,-0.213435,-0.100595
0,0,0.125451,-0.0125272,0.666069,-0.0455815,-0.210111,-0.108135
0,0,0.111426,-0.026062,0.662369,-0.0428779,-0.209425,-0.113107
0,0,0.133755,-0.00957247,0.676558,-0.037196,-0.218543,-0.111977
0,0,0.120123,-0.00578711,0.69526,-0.0355598,-0.225889,-0.10829
0,0,0.0969376,0.00492107,0.6945,-0.0369214,-0.228665,-0.109794
0,0,0.0810398,0.0097964,0.681004,-0.040995,-0.230864,-0.108015
0,0,0.0980912,0.00235855,0.655139,-0.0437659,-0.229222,-0.109047
0,0,0.108171,-0.0154484,0.639033,-0.05125,-0.225975,-0.11314
0,0,0.110824,-0.0127646,0.652434,-0.0502093,-0.215956,-0.112074
0,0,0.0852507,0.00532792,0.658597,-0.0555524,-0.217265,-0.10824
0,0,0.0830705,-0.0154354,0.651368,-0.0522189,-0.225191,-0.108332
0,0,0.0813329,-0.0464754,0.661125,-0.0478975,-0.225293,-0.112347
0,0,0.0927298,-0.0237381,0.65076,-0.0477396,-0.221799,-0.105142
0,0,0.0932688,0.00280734,0.645054,-0.0495978,-0.220316,-0.105344
0,0,0.0951423,0.0328864,0.659763,-0.0483404,-0.221271,-0.108796
0,0,0.104275,0.0165199,0.658842,-0.049579,-0.224168,-0.111251
0,0,0.110794,0.018996,0.670134,-0.0509434,-0.221157,-0.105544
0,0,0.105883,0.0071243,0.671795,-0.0449148,-0.219942,-0.10667
0,0,0.124541,-0.00782618,0.678937,-0.0426109,-0.222809,-0.101635
0,0,0.128596,-0.0211195,0.671632,-0.0433721,-0.224826,-0.102925
0,0,0.125177,-0.0131233,0.66259,-0.0453575,-0.227463,-0.104948
0,0,0.120703,0.000688677,0.667749,-0.0459555,-0.225505,-0.109067
0,0,0.116392,0.0162369,0.662302,-0.0474421,-0.229197,-0.106122
0,0,0.0930914,0.00491963,0.694685,-0.0455652,-0.21451,-0.10203
0,0,0.0825809,-0.00254397,0.697846,-0.0435926,-0.20772,-0.105026
0,0,0.08977,0.00762668,0.672054,-0.0430151,-0.207454,-0.106907
0,0,0.109932,0.0109029,0.6674,-0.036594,-0.213565,-0.109427
0,0,0.108033,0.0105322,0.660509,-0.0374435,-0.214678,-0.105764
0,0,0.114539,-0.00174832,0.662753,-0.0388787,-0.214679,-0.103864
0,0,0.106282,0.00934824,0.656552,-0.0440631,-0.208361,-0.101475
0,0,0.10925,0.00616262,0.645186,-0.0453506,-0.208401,-0.105193
0,0,0.109019,0.00294106,0.646297,-0.0520759,-0.214389,-0.110186
0,0,0.111019,0.00597528,0.646385,-0.0473843,-0.221784,-0.104005
0,0,0.106251,0.013382,0.648472,-0.0519555,-0.222393,-0.09088
0,0,0.0881251,0.0024718,0.653596,-0.0450521,-0.223647,-0.0920872
0,0,0.080568,0.0045642,0.67091,-0.0408144,-0.223199,-0.101636
0,0,0.0851206,0.00611605,0.663328,-0.0444298,-0.223423,-0.104245
0,0,0.0886272,0.0010674,0.658461,-0.0414779,-0.22191,-0.104911
0,0,0.0984969,0.00799431,0.673328,-0.0401943,-0.226207,-0.100794
0,0,0.108707,0.0129752,0.671896,-0.0388966,-0.224296,-0.0974085
0,0,0.104957,0.0180811,0.661542,-0.0398465,-0.219072,-0.0941538
0,0,0.108004,0.0225994,0.68061,-0.0406315,-0.219311,-0.0960258
0,0,0.0962699,0.0191892,0.693179,-0.0435353,-0.214806,-0.0905202
0,0,0.108357,0.00609363,0.687515,-0.0399146,-0.220688,-0.092071
0,0,0.137687,0.0130119,0.665351,-0.0354013,-0.219564,-0.0927518
0,0,0.119925,0.00185759,0.643519,-0.0456056,-0.218934,-0.0986352
0,0,0.109621,0.00457755,0.64091,-0.0434992,-0.218289,-0.101958
0,0,0.088834,-0.00188322,0.648565,-0.0424461,-0.21701,-0.107448
0,0,0.0977648,0.00665639,0.64843,-0.0397567,-0.214841,-0.101548
0,0,0.0979731,0.0135167,0.659733,-0.0414253,-0.214831,-0.101648
0,0,0.0885196,-0.00188594,0.664822,-0.0365216,-0.220252,-0.0946008
0,0,0.0931318,0.00515699,0.68733,-0.0350526,-0.221652,-0.104037
0,0,0.105351,0.015043,0.695729,-0.0441466,-0.219808,-0.107817
0,0,0.103251,0.0175008,0.675364,-0.0399225,-0.222784,-0.106799
0,0,0.0875935,0.00888461,0.691154,-0.0460254,-0.22419,-0.106804
0,0,0.107081,0.000721858,0.666701,-0.044757,-0.209773,-0.108009
0,0,0.114327,0.000392504,0.662377,-0.040864,-0.215566,-0.102492
0,0,0.0980945,-0.00645819,0.67271,-0.0485503,-0.222581,-0.103146
0,0,0.105322,0.00817389,0.684242,-0.049301,-0.217263,-0.101506
0,0,0.113388,0.0118041,0.681296,-0.0457422,-0.223655,-0.0998246
0,0,0.129089,0.00348303,0.686369,-0.0437301,-0.223949,-0.100317
0,0,0.120974,-0.00688265,0.686546,-0.0526665,-0.222082,-0.104256
0,0,0.100367,0.0039567,0.669408,-0.0523777,-0.221087,-0.102944
0,0,0.0884694,0.00137167,0.657767,-0.0441117,-0.214393,-0.0985763
0,0,0.0896957,0.00207176,0.657903,-0.045964,-0.214156,-0.0984897
0,0,0.104813,0.00430657,0.668334,-0.0492741,-0.221917,-0.0987881
0,0,0.103198,-0.00329238,0.660453,-0.050332,-0.219061,-0.0961098
0,0,0.0956115,0.0133366,0.651397,-0.0495065,-0.213294,-0.0989265
0,0,0.111773,0.00555568,0.638737,-0.0477286,-0.224076,-0.105388
0,0,0.121546,0.0253392,0.644324,-0.0456997,-0.224646,-0.10439
0,0,0.111909,0.0240941,0.664772,-0.0415764,-0.228811,-0.10481
0,0,0.118498,0.0258103,0.676376,-0.0419964,-0.223688,-0.100095
0,0,0.127377,0.0281915,0.676544,-0.0441499,-0.228338,-0.0952894
0,0,0.124448,0.0347102,0.671049,-0.0444639,-0.226431,-0.0978013
0,0,0.111981,0.0186267,0.67478,-0.0385583,-0.220611,-0.0982955
0,0,0.111139,0.0144845,0.688702,-0.0376317,-0.221001,-0.0981791
0,0,0.106832,0.0152356,0.675645,-0.0344696,-0.229933,-0.102073
0,0,0.114747,0.0104461,0.668593,-0.0349446,-0.230549,-0.104985
0,0,0.114647,0.000988859,0.674352,-0.0363201,-0.22926,-0.102099
0,0,0.122627,0.00811091,0.668771,-0.0413872,-0.228295,-0.0992535
0,0,0.127712,0.000787296,0.660258,-0.0418811,-0.229357,-0.103208
0,0,0.117245,0.00372083,0.667735,-0.0391974,-0.223139,-0.102256
0,0,0.103048,0.0104827,0.66724,-0.0441761,-0.218806,-0.10201
0,0,0.0914807,0.0203052,0.6683,-0.0469957,-0.223512,-0.102992
0,0,0.10272,0.0212765,0.677594,-0.0480597,-0.22148,-0.0994305
0,0,0.0946224,0.00907787,0.668259,-0.052912,-0.217097,-0.0971151
0,0,0.105558,0.00615198,0.672873,-0.0545773,-0.214876,-0.094116
0,0,0.0971389,0.0109095,0.669741,-0.0490705,-0.206457,-0.101472
0,0,0.104676,0.010044,0.677816,-0.0463843,-0.21012,-0.108028
0,0,0.11178,-0.00750278,0.670438,-0.0521112,-0.210289,-0.10747
0,0,0.108358,-0.00639584,0.668796,-0.0533153,-0.209708,-0.0990665
0,0,0.10753,-0.0103509,0.682112,-0.0568883,-0.222657,-0.0984596
0,0,0.102266,-0.0166794,0.673628,-0.0501071,-0.22105,-0.0969792
0,0,0.11051,0.00112276,0.651551,-0.042526,-0.223848,-0.1028
0,0,0.109967,-0.00101325,0.669135,-0.043807,-0.224,-0.108697
0,0,0.0997853,-0.0324821,0.680461,-0.0379158,-0.210734,-0.104351
0,0,0.112012,-0.107686,0.703742,-0.0289351,-0.19275,-0.105519
0,0,0.108241,-0.287911,0.760948,-0.0391418,-0.19369,-0.110095
0,0,0.107677,-0.409799,0.772289,-0.0115007,-0.190616,-0.107309
0,0,0.10457,-0.475608,0.752837,-0.0376952,-0.206347,-0.122403
0,0,0.133077,-0.34509,0.698325,-0.0313915,-0.198033,-0.13718
0,0,0.132108,-0.259986,0.680804,-0.0446118,-0.208863,-0.136683
0,0,0.133425,-0.283105,0.676681,-0.0642868,-0.218138,-0.112866
0,0,0.113478,-0.200919,0.624226,-0.0615859,-0.214285,-0.113923
0,0,0.111602,-0.213687,0.692939,-0.0528366,-0.202789,-0.132862
0,0,0.102996,-0.13761,0.594921,-0.0712814,-0.210722,-0.106095
0,0,0.0967882,-0.131211,0.600576,-0.0649737,-0.213093,-0.106556
0,0,0.0945373,-0.126056,0.632238,-0.0613431,-0.197953,-0.131432
0,0,0.111214,-0.195665,0.596135,-0.0697643,-0.21043,-0.115968
0,0,0.118942,-0.134079,0.553411,-0.0802729,-0.19351,-0.131775
0,0,0.139763,-0.170244,0.56654,-0.0559562,-0.191093,-0.146142
0,0,0.124967,-0.214576,0.593231,-0.0323372,-0.208208,-0.118937
0,0,0.118516,-0.211609,0.553301,-0.0584292,-0.199316,-0.139088
0,0,0.130782,-0.157317,0.537052,-0.0621089,-0.200048,-0.135587
0,0,0.130868,-0.146174,0.59595,-0.044828,-0.210269,-0.135957
0,0,0.0943141,-0.107884,0.454381,-0.0595276,-0.216141,-0.137455
0,0,0.0899801,-0.0951472,0.45276,-0.0790952,-0.191302,-0.12489
0,0,0.125304,-0.0686545,0.524065,-0.0571682,-0.229863,-0.149183
0,0,0.127592,-0.165124,0.496487,-0.0570411,-0.213366,-0.128435
0,0,0.107454,-0.100173,0.436895,-0.0772758,-0.211092,-0.153256
0,0,0.122783,-0.139805,0.490136,-0.0591725,-0.214715,-0.13286
0,0,0.148652,-0.138704,0.427843,-0.065331,-0.191908,-0.159179
0,0,0.172674,-0.197057,0.439339,-0.0652037,-0.20533,-0.136465
0,0,0.139649,-0.148722,0.547762,-0.0429699,-0.218841,-0.152837
0,0,0.117875,-0.16818,0.456484,-0.055349,-0.214591,-0.133812
0,0,0.12968,-0.117699,0.398281,-0.0739013,-0.184636,-0.143184
0,0,0.145769,-0.162378,0.489316,-0.0558139,-0.232629,-0.129712
0,0,0.142175,-0.154109,0.427559,-0.0788449,-0.179902,-0.157646
0,0,0.122119,-0.144529,0.419084,-0.0827471,-0.201062,-0.139324
0,0,0.149767,-0.130425,0.404495,-0.059085,-0.204497,-0.154192
0,0,0.162014,-0.169678,0.330969,-0.0667092,-0.172919,-0.130016
0,0,0.136455,-0.211134,0.345228,-0.0787183,-0.208843,-0.149713
0,0,0.141538,-0.168909,0.381986,-0.0545192,-0.194373,-0.125766
0,0,0.146043,-0.0848421,0.424516,-0.0656905,-0.200215,-0.124297
0,0,0.19676,-0.117627,0.387879,-0.0455198,-0.204531,-0.12933
0,0,0.135408,0.0877224,0.203339,-0.0863416,-0.205933,-0.135539
0,0,0.130642,0.160616,0.222412,-0.0792712,-0.222313,-0.122157
0,0,0.115817,0.1798,0.215412,-0.123793,-0.204926,-0.124913
0,0,0.141198,0.160898,0.228228,-0.0959653,-0.210914,-0.124443
0,0,0.0816996,0.251948,0.154044,-0.129067,-0.238091,-0.12264
0,0,0.103455,0.126824,0.279172,-0.0715922,-0.272936,-0.122021
0,0,0.124735,0.09558,0.189207,-0.0732672,-0.266705,-0.134122
0,0,0.147795,0.0679568,0.267823,-0.0484472,-0.268439,-0.136085
0,0,0.181991,0.0853275,0.221958,-0.0419952,-0.23395,-0.117169
0,0,0.120811,0.253746,0.144804,-0.0819172,-0.229525,-0.120015
0,0,0.129567,0.214296,0.131235,-0.0580333,-0.23162,-0.104616
0,0,0.131148,0.147587,0.23787,-0.0558927,-0.250442,-0.122868
0,0,0.128957,0.0446967,0.272394,-0.0480444,-0.254462,-0.106124
0,0,0.0883039,0.158761,0.208722,-0.0638225,-0.215034,-0.115574
0,0,0.0715941,0.014272,0.385699,-0.027129,-0.284842,-0.103936
0,0,0.0795444,0.0497012,0.335861,-0.0151099,-0.201462,-0.109286
0,0,0.0490305,-0.0671542,0.435858,-0.018271,-0.276857,-0.0885409
0,0,0.092179,-0.067016,0.479247,-0.00014288,-0.255256,-0.113781
0,0,0.118207,-0.00219988,0.39525,-0.0170477,-0.285568,-0.0847093
0,0,0.113235,-0.0334661,0.442928,-0.0190024,-0.270107,-0.0992328
0,0,0.133715,-0.0417547,0.519697,0.000450552,-0.279512,-0.0832053
0,0,0.105319,-0.079836,0.438683,-0.0193146,-0.25364,-0.106851
0,0,0.0700154,-0.0522272,0.515894,-0.00846918,-0.293189,-0.0814167
0,0,0.103351,-0.0516113,0.56135,0.0156692,-0.275261,-0.0864981
0,0,0.072145,0.073893,0.413781,-0.0289509,-0.270926,-0.0741644
0,0,0.0515003,-0.0122567,0.51614,-0.0115348,-0.286796,-0.0771533
0,0,0.109368,-0.0343348,0.576234,0.0146234,-0.288322,-0.094611
0,0,0.143262,-0.0471855,0.521459,-0.00287754,-0.287213,-0.0791353
0,0,0.179584,-0.0397783,0.550718,0.0318131,-0.303241,-0.102105
0,0,0.168281,-0.0438991,0.5551,0.0113943,-0.294588,-0.086167
0,0,0.102147,0.0424778,0.486061,-0.0224405,-0.30114,-0.103005
0,0,0.0944384,0.0540727,0.561992,-0.0251442,-0.302769,-0.0938474
0,0,0.117803,-0.00223127,0.662512,-0.00164605,-0.310216,-0.0833434
0,0,0.121698,0.0668709,0.520536,-0.0057736,-0.274961,-0.109035
0,0,0.0960769,-0.0298192,0.655525,-0.013222,-0.295735,-0.0949819

