1481579383,701060130,0.509161,-1.04816,0.294524,-3.07138,2.35619,0.721138,1.02396,1.021440.0274767,0.0550002,-0.0271248,0.00838653,-0.0902625,0.0307408,0,0
1481579383,747045172,0.508199,-1.04624,0.296449,-3.07257,2.35976,0.718758,1.02396,1.021440.0519897,0.0648806,-0.0188941,0.0114183,-0.0846262,0.0418635,0,0
1481579383,747045172,0.508199,-1.04624,0.296449,-3.07257,2.35976,0.718758,1.02396,1.021440.0519897,0.0648806,-0.0188941,0.0114183,-0.0846262,0.0418635,0,0
1481579383,805060831,0.508199,-1.04527,0.298374,-3.07257,2.36095,0.717569,1.02396,1.021440.000812339,0.0130446,-0.00781478,0.000178411,-0.03107,0.0304016,0,0
1481579383,831057768,0.507236,-1.04527,0.298374,-3.07376,2.36095,0.717569,1.02396,1.021440.0483264,0.00326115,-0.00195369,0.0297945,-0.00776738,0.00760041,0,0
1481579383,857091046,0.507236,-1.04431,0.298374,-3.07376,2.36095,0.717569,1.02396,1.021440.0060408,0.048531,-0.000243946,0.00372431,-0.000970989,0.000950051,0,0
1481579383,857091046,0.507236,-1.04431,0.298374,-3.07376,2.36095,0.717569,1.02396,1.021440.0060408,0.048531,-0.000243946,0.00372431,-0.000970989,0.000950051,0,0
1481579383,909088432,0.507236,-1.04431,0.298374,-3.07376,2.36095,0.717569,1.02396,1.021440.000188775,0.00151659,-7.45685e-06,0.000116385,-3.036e-05,2.96891e-05,0,0
1481579383,935084531,0.507236,-1.04431,0.298374,-3.07376,2.36095,0.717569,1.02396,1.021442.35969e-05,0.000189574,-1.06526e-06,1.45481e-05,-3.72843e-06,3.71114e-06,0,0
1481579383,957054231,0.507236,-1.04431,0.298374,-3.07376,2.36095,0.717569,1.02396,1.021445.89922e-06,4.73935e-05,0,3.63702e-06,-1.06526e-06,9.27784e-07,0,0
1481579383,997064986,0.507236,-1.04431,0.298374,-3.07376,2.36095,0.717569,1.02396,1.021443.68701e-07,2.96209e-06,0,2.27314e-07,0,5.79865e-08,0,0
1481579384,23126349,0.507236,-1.04431,0.298374,-3.07376,2.36095,0.717569,1.02396,1.021449.21753e-08,7.40524e-07,0,5.68285e-08,0,1.44966e-08,0,0
1481579384,49087641,0.507236,-1.04431,0.298374,-3.07376,2.36095,0.717569,1.02396,1.021441.15219e-08,9.25655e-08,0,7.10356e-09,0,1.81208e-09,0,0
1481579384,75095626,0.507236,-1.04431,0.298374,-3.07376,2.36095,0.717569,1.02396,1.021441.44024e-09,1.15707e-08,0,8.87946e-10,0,2.26509e-10,0,0
1481579384,101054025,0.507236,-1.04431,0.298374,-3.07376,2.36095,0.717569,1.02396,1.021443.6006e-10,2.89267e-09,0,2.21986e-10,0,5.66276e-11,0,0
1481579384,121090655,0.507236,-1.04431,0.298374,-3.07376,2.36095,0.717569,1.02396,1.021449.00151e-11,7.23167e-10,0,5.54969e-11,0,1.41567e-11,0,0
1481579384,147064588,0.507236,-1.04431,0.298374,-3.07376,2.36095,0.717569,1.02396,1.021441.12514e-11,9.03961e-11,0,6.93667e-12,0,1.76925e-12,0,0
1481579384,173068449,0.507236,-1.04431,0.298374,-3.07376,2.36095,0.717569,1.02396,1.021442.81286e-12,2.25988e-11,0,1.73461e-12,0,4.42313e-13,0,0
1481579384,199058216,0.507236,-1.04431,0.298374,-3.07376,2.36095,0.717569,1.02396,1.021443.51719e-13,2.8253e-12,0,2.16716e-13,0,5.50671e-14,0,0
1481579384,225109000,0.507236,-1.04431,0.298374,-3.07376,2.36095,0.717569,1.02396,1.021444.35207e-14,3.53495e-13,0,2.75335e-14,0,7.10543e-15,0,0
1481579384,251098964,0.507236,-1.04431,0.298374,-3.07376,2.36095,0.717569,1.02396,1.021441.06581e-14,8.79297e-14,0,7.10543e-15,0,1.77636e-15,0,0
1481579384,271073804,0.507236,-1.04431,0.298374,-3.07376,2.36095,0.717569,1.02396,1.021442.66454e-15,2.22045e-14,0,1.77636e-15,0,0,0,0
1481579384,297056443,0.507236,-1.04431,0.298374,-3.07376,2.36095,0.717569,1.02396,1.021440,2.66454e-15,0,0,0,0,0,0
1481579384,323063192,0.507236,-1.04431,0.298374,-3.07376,2.36095,0.717569,1.02396,1.021440,8.88178e-16,0,0,0,0,0,0
1481579384,349091101,0.507236,-1.04431,0.298374,-3.07376,2.36095,0.717569,1.02396,1.021440,0,0,0,0,0,0,0
1481579384,375111135,0.507236,-1.04431,0.298374,-3.07376,2.36095,0.717569,1.02396,1.021440,0,0,0,0,0,0,0
1481579384,401073149,0.507236,-1.04431,0.298374,-3.07376,2.36095,0.717569,1.02396,1.021440,0,0,0,0,0,0,0
1481579384,447061803,0.507236,-1.04431,0.298374,-3.07376,2.36095,0.717569,1.02396,1.021440,0,0,0,0,0,0,0
1481579384,473081711,0.507236,-1.04431,0.298374,-3.07376,2.36095,0.717569,1.02396,1.021440,0,0,0,0,0,0,0
1481579384,499066681,0.507236,-1.04431,0.298374,-3.07376,2.36095,0.717569,1.02396,1.021440,0,0,0,0,0,0,0
1481579384,525074441,0.507236,-1.04431,0.298374,-3.07376,2.36095,0.717569,1.02396,1.021440,0,0,0,0,0,0,0
1481579384,551090807,0.507236,-1.04431,0.298374,-3.07376,2.36095,0.717569,1.02396,1.021440,0,0,0,0,0,0,0
1481579384,597056806,0.507236,-1.04431,0.298374,-3.07376,2.36095,0.717569,1.02396,1.021440,0,0,0,0,0,0,0
1481579384,623053713,0.507236,-1.04431,0.298374,-3.07376,2.36095,0.717569,1.02396,1.021440,0,0,0,0,0,0,0
1481579384,649074188,0.507236,-1.04431,0.298374,-3.07376,2.36095,0.717569,1.02396,1.021440,0,0,0,0,0,0,0
1481579384,675045869,0.507236,-1.04431,0.298374,-3.07376,2.36095,0.717569,1.02396,1.021440,0,0,0,0,0,0,0
1481579384,701052807,0.507236,-1.04431,0.298374,-3.07376,2.36095,0.717569,1.02396,1.021440,0,0,0,0,0,0,0
1481579384,721090014,0.507236,-1.04431,0.298374,-3.07376,2.36095,0.717569,1.02396,1.021440,0,0,0,0,0,0,0
1481579384,747098050,0.507236,-1.04431,0.298374,-3.07376,2.36095,0.717569,1.02396,1.021440,0,0,0,0,0,0,0
1481579384,773065738,0.507236,-1.04431,0.298374,-3.07376,2.36095,0.717569,1.02396,1.021440,0,0,0,0,0,0,0
1481579384,799063800,0.507236,-1.04431,0.298374,-3.07376,2.36095,0.717569,1.02396,1.021440,0,0,0,0,0,0,0
1481579384,825062399,0.507236,-1.04431,0.298374,-3.07376,2.36095,0.717569,1.02396,1.021440,0,0,0,0,0,0,0
1481579384,851051852,0.507236,-1.04431,0.298374,-3.07376,2.36095,0.717569,1.02396,1.021440,0,0,0,0,0,0,0
1481579384,871075007,0.507236,-1.04431,0.298374,-3.07376,2.36095,0.717569,1.02396,1.021440,0,0,0,0,0,0,0
1481579384,897088939,0.507236,-1.04431,0.298374,-3.07376,2.36095,0.717569,1.02396,1.021440,0,0,0,0,0,0,0
1481579384,923121385,0.507236,-1.04431,0.298374,-3.07376,2.36095,0.717569,1.02396,1.021440,0,0,0,0,0,0,0
1481579384,949092661,0.507236,-1.04431,0.298374,-3.07376,2.36095,0.717569,1.02396,1.021440,0,0,0,0,0,0,0
1481579384,975098199,0.507236,-1.04431,0.298374,-3.07376,2.36095,0.717569,1.02396,1.021440,0,0,0,0,0,0,0
1481579385,1047871,0.507236,-1.04431,0.298374,-3.07376,2.36095,0.717569,1.02396,1.021440,0,0,0,0,0,0,0
1481579385,47059190,0.507236,-1.04431,0.298374,-3.07376,2.36095,0.717569,1.02396,1.021440,0,0,0,0,0,0,0
1481579385,73071334,0.507236,-1.04431,0.298374,-3.07376,2.36095,0.717569,1.02396,1.021440,0,0,0,0,0,0,0
1481579385,99066370,0.507236,-1.04431,0.298374,-3.07376,2.36095,0.717569,1.02396,1.021440,0,0,0,0,0,0,0
1481579385,125093966,0.507236,-1.04431,0.298374,-3.07376,2.36095,0.717569,1.02396,1.021440,0,0,0,0,0,0,0
1481579385,151107634,0.507236,-1.04431,0.298374,-3.07376,2.36095,0.717569,1.02396,1.021440,0,0,0,0,0,0,0
1481579385,197075212,0.507236,-1.04431,0.298374,-3.07376,2.36095,0.717569,1.02396,1.021440,0,0,0,0,0,0,0
1481579385,223088284,0.507236,-1.04431,0.298374,-3.07376,2.36095,0.717569,1.02396,1.021440,0,0,0,0,0,0,0
1481579385,249096301,0.507236,-1.04431,0.298374,-3.07376,2.36095,0.717569,1.02396,1.021440,0,0,0,0,0,0,0
1481579385,275091569,0.507236,-1.04431,0.298374,-3.07376,2.36095,0.717569,1.02396,1.021440,0,0,0,0,0,0,0
1481579385,301047440,0.507236,-1.04431,0.298374,-3.07376,2.36095,0.717569,1.02396,1.021440,0,0,0,0,0,0,0
1481579385,321080815,0.507236,-1.04431,0.298374,-3.07376,2.36095,0.717569,1.02396,1.021440,0,0,0,0,0,0,0
1481579385,347063506,0.507236,-1.04431,0.298374,-3.07376,2.36095,0.717569,1.02396,1.021440,0,0,0,0,0,0,0
1481579385,373050587,0.507236,-1.04431,0.298374,-3.07376,2.36095,0.717569,1.02396,1.021440,0,0,0,0,0,0,0
1481579385,399053137,0.507236,-1.04431,0.298374,-3.07376,2.36095,0.717569,1.02396,1.021440,0,0,0,0,0,0,0
1481579385,425081237,0.507236,-1.04431,0.298374,-3.07376,2.36095,0.717569,1.02396,1.021440,0,0,0,0,0,0,0
1481579385,451112353,0.507236,-1.04431,0.298374,-3.07376,2.36095,0.717569,1.02396,1.021440,0,0,0,0,0,0,0
1481579385,471053892,0.507236,-1.04431,0.298374,-3.07376,2.36095,0.717569,1.02396,1.021440,0,0,0,0,0,0,0
1481579385,497082443,0.507236,-1.04431,0.298374,-3.07376,2.36095,0.717569,1.02396,1.021440,0,0,0,0,0,0,0
1481579385,523059973,0.507236,-1.04431,0.298374,-3.07376,2.36095,0.717569,1.02396,1.021440,0,0,0,0,0,0,0
1481579385,549090323,0.507236,-1.04431,0.298374,-3.07376,2.36095,0.717569,1.02396,1.021440,0,0,0,0,0,0,0
1481579385,575071601,0.507236,-1.04431,0.298374,-3.07376,2.36095,0.717569,1.02396,1.021440,0,0,0,0,0,0,0
1481579385,601053097,0.507236,-1.04431,0.298374,-3.07376,2.36095,0.717569,1.02396,1.021440,0,0,0,0,0,0,0
1481579385,647047494,0.507236,-1.04431,0.298374,-3.07376,2.36095,0.717569,1.02396,1.021440,0,0,0,0,0,0,0
1481579385,673064774,0.507236,-1.04431,0.298374,-3.07376,2.36095,0.717569,1.02396,1.021440,0,0,0,0,0,0,0
1481579385,699049440,0.507236,-1.04431,0.298374,-3.07376,2.36095,0.717569,1.02396,1.021440,0,0,0,0,0,0,0
1481579385,725056122,0.507236,-1.04431,0.298374,-3.07376,2.36095,0.717569,1.02396,1.021440,0,0,0,0,0,0,0
1481579385,751078581,0.507236,-1.04431,0.298374,-3.07376,2.36095,0.717569,1.02396,1.021440,0,0,0,0,0,0,0
1481579385,771042978,0.507236,-1.04431,0.298374,-3.07376,2.36095,0.717569,1.02396,1.021440,0,0,0,0,0,0,0
1481579385,797046543,0.507236,-1.04431,0.298374,-3.07376,2.36095,0.717569,1.02396,1.021440,0,0,0,0,0,0,0
1481579385,823049975,0.507236,-1.04431,0.298374,-3.07376,2.36095,0.717569,1.02396,1.021440,0,0,0,0,0,0,0
1481579385,849046558,0.507236,-1.04431,0.298374,-3.07376,2.36095,0.717569,1.02396,1.021440,0,0,0,0,0,0,0
1481579385,875060306,0.507236,-1.04431,0.298374,-3.07376,2.36095,0.717569,1.02396,1.021440,0,0,0,0,0,0,0
1481579385,901084006,0.507236,-1.04431,0.298374,-3.07376,2.36095,0.717569,1.02396,1.021440,0,0,0,0,0,0,0
1481579385,921055439,0.507236,-1.04431,0.298374,-3.07376,2.36095,0.717569,1.02396,1.021440,0,0,0,0,0,0,0
1481579385,947078935,0.507236,-1.04431,0.298374,-3.07376,2.36095,0.717569,1.02396,1.021440,0,0,0,0,0,0,0
1481579385,973051595,0.507236,-1.04431,0.298374,-3.07376,2.36095,0.717569,1.02396,1.021440,0,0,0,0,0,0,0
1481579385,999040282,0.507236,-1.04431,0.298374,-3.07376,2.36095,0.717569,1.02396,1.021440,0,0,0,0,0,0,0
1481579386,25036861,0.507236,-1.04431,0.298374,-3.07376,2.36095,0.717569,1.02396,1.021440,0,0,0,0,0,0,0
1481579386,51055864,0.507236,-1.04431,0.298374,-3.07376,2.36095,0.717569,1.02396,1.021440,0,0,0,0,0,0,0
1481579386,71054603,0.507236,-1.04431,0.298374,-3.07376,2.36095,0.717569,1.02396,1.021440,0,0,0,0,0,0,0
1481579386,97062816,0.507236,-1.04431,0.298374,-3.07376,2.36095,0.717569,1.02396,1.021440,0,0,0,0,0,0,0
1481579386,123054330,0.507236,-1.04431,0.298374,-3.07376,2.36095,0.717569,1.02396,1.021440,0,0,0,0,0,0,0
1481579386,149044579,0.507236,-1.04431,0.298374,-3.07376,2.36095,0.717569,1.02396,1.021440,0,0,0,0,0,0,0
1481579386,175065433,0.507236,-1.04431,0.298374,-3.07376,2.36095,0.717569,1.02396,1.021440,0,0,0,0,0,0,0
1481579386,201051666,0.507236,-1.04431,0.298374,-3.07376,2.36095,0.717569,1.02396,1.021440,0,0,0,0,0,0,0
1481579386,247046658,0.507236,-1.04431,0.298374,-3.07376,2.36095,0.717569,1.02396,1.021440,0,0,0,0,0,0,0
1481579386,273051733,0.507236,-1.04431,0.298374,-3.07376,2.36095,0.717569,1.02396,1.021440,0,0,0,0,0,0,0
1481579386,299044676,0.507236,-1.04431,0.298374,-3.07376,2.36095,0.717569,1.02396,1.021440,0,0,0,0,0,0,0
1481579386,325073589,0.507236,-1.04431,0.298374,-3.07376,2.36095,0.717569,1.02396,1.021440,0,0,0,0,0,0,0
1481579386,351073118,0.507236,-1.04431,0.298374,-3.07376,2.36095,0.717569,1.02396,1.021440,0,0,0,0,0,0,0
1481579386,371044092,0.507236,-1.04431,0.298374,-3.07376,2.36095,0.717569,1.02396,1.021440,0,0,0,0,0,0,0
1481579386,397062322,0.507236,-1.04431,0.298374,-3.07376,2.36095,0.717569,1.02396,1.021440,0,0,0,0,0,0,0
1481579386,423077934,0.507236,-1.04431,0.298374,-3.07376,2.36095,0.717569,1.02396,1.021440,0,0,0,0,0,0,0
1481579386,449059994,0.507236,-1.04431,0.298374,-3.07376,2.36095,0.717569,1.02396,1.021440,0,0,0,0,0,0,0
1481579386,475047139,0.507236,-1.04431,0.298374,-3.07376,2.36095,0.717569,1.02396,1.021440,0,0,0,0,0,0,0
1481579386,501048301,0.507236,-1.04431,0.298374,-3.07376,2.36095,0.717569,1.02396,1.021440,0,0,0,0,0,0,0
1481579386,547064588,0.507236,-1.04431,0.298374,-3.07376,2.36095,0.717569,1.02396,1.021440,0,0,0,0,0,0,0
1481579386,573029487,0.507236,-1.04431,0.298374,-3.07376,2.36095,0.717569,1.02396,1.021440,0,0,0,0,0,0,0
1481579386,599046548,0.507236,-1.04431,0.298374,-3.07376,2.36095,0.717569,1.02396,1.021440,0,0,0,0,0,0,0
1481579386,625083097,0.507236,-1.04431,0.298374,-3.07376,2.36095,0.717569,1.02396,1.021440,0,0,0,0,0,0,0
1481579386,651049755,0.507236,-1.04431,0.298374,-3.07376,2.36095,0.717569,1.02396,1.021440,0,0,0,0,0,0,0
1481579386,671047411,0.507236,-1.04431,0.298374,-3.07376,2.36095,0.717569,1.02396,1.021440,0,0,0,0,0,0,0
1481579386,697046672,0.507236,-1.04431,0.298374,-3.07376,2.36095,0.717569,1.02396,1.021440,0,0,0,0,0,0,0
1481579386,723071311,0.507236,-1.04431,0.298374,-3.07376,2.36095,0.717569,1.02396,1.021440,0,0,0,0,0,0,0
1481579386,749043660,0.507236,-1.04431,0.298374,-3.07376,2.36095,0.717569,1.02396,1.021440,0,0,0,0,0,0,0
1481579386,775052859,0.507236,-1.04431,0.298374,-3.07376,2.36095,0.717569,1.02396,1.021440,0,0,0,0,0,0,0
1481579386,801044143,0.507236,-1.04431,0.298374,-3.07376,2.36095,0.717569,1.02396,1.021440,0,0,0,0,0,0,0
1481579386,847044318,0.507236,-1.04431,0.298374,-3.07376,2.35976,0.717569,1.02396,1.021440,0,0,0,0.059495,0,0,0
1481579386,873070892,0.507236,-1.04431,0.298374,-3.07376,2.35619,0.717569,1.02396,1.021440,0,0,0,0.104116,0,0,0
1481579386,899089438,0.507236,-1.04527,0.298374,-3.07257,2.35262,0.717569,1.02396,1.021440,-0.0240617,0,-0.0297496,0.176639,0,0,0
1481579386,925064322,0.507236,-1.0472,0.297412,-3.07019,2.34548,0.717569,1.02396,1.021440,-0.0751928,0.0240617,-0.0929683,0.230326,0,0,0
1481579386,951070344,0.507236,-1.04912,0.294524,-3.06662,2.33715,0.717569,1.02396,1.021440,-0.0669215,0.0782037,-0.112492,0.236093,0,0,0
1481579386,998047322,0.507236,-1.05394,0.290674,-3.06186,2.32525,0.717569,1.02396,1.021440,-0.107367,0.1017,-0.118796,0.286277,0,0,0
1481579387,24087297,0.507236,-1.05778,0.286824,-3.05829,2.31454,0.717569,1.02396,1.021440,-0.14715,0.121678,-0.118948,0.33931,0,0,0
1481579387,50077720,0.507236,-1.06164,0.282974,-3.05591,2.30859,0.718758,1.02396,1.021440,-0.150746,0.0753639,-0.0892436,0.295301,-0.0297475,0,0
1481579387,76070495,0.507236,-1.06452,0.280087,-3.05115,2.29788,0.719948,1.02396,1.021440,-0.127121,0.153799,-0.130155,0.349275,-0.0632133,0,0
1481579387,76070495,0.507236,-1.06452,0.280087,-3.05115,2.29788,0.719948,1.02396,1.021440,-0.127121,0.153799,-0.130155,0.349275,-0.0632133,0,0
1481579387,122032516,0.507236,-1.07222,0.273349,-3.04282,2.28003,0.721138,1.02396,1.021440,-0.12826,0.111878,-0.186634,0.356506,-0.0634461,0,0
1481579387,148070160,0.507236,-1.07511,0.269499,-3.03925,2.2717,0.722328,1.02396,1.021440,-0.160402,0.18242,-0.186954,0.38668,-0.0674259,0,0
1481579387,174052415,0.507236,-1.07896,0.264687,-3.03568,2.26099,0.723518,1.02396,1.021440,-0.160422,0.141855,-0.165738,0.364411,-0.0168562,0,0
1481579387,200041351,0.507236,-1.08377,0.259874,-3.03211,2.25385,0.723518,1.02396,1.021440,-0.12833,0.162105,-0.184342,0.357933,-0.0169808,0,0
1481579387,226016386,0.507236,-1.08666,0.256987,-3.02854,2.24314,0.725898,1.02396,1.021440,-0.160425,0.140573,-0.142042,0.357124,-0.0764913,0,0
1481579387,272055620,0.507236,-1.09436,0.248324,-3.02021,2.2241,0.728278,1.02396,1.021440,-0.13635,0.177225,-0.165065,0.371887,-0.0345284,0,0
1481579387,298047846,0.507236,-1.09725,0.244474,-3.01783,2.21577,0.729468,1.02396,1.021440,-0.161417,0.190588,-0.139633,0.418363,-0.0786847,0,0
1481579387,324108635,0.507236,-1.1011,0.239662,-3.01307,2.20506,0.730658,1.02396,1.021440,-0.160663,0.143897,-0.094408,0.372345,-0.0196712,0,0
1481579387,350062334,0.507236,-1.10591,0.234849,-3.01069,2.19792,0.731848,1.02396,1.021440,-0.128367,0.186422,-0.130801,0.358932,-0.0768407,0,0
1481579387,376050091,0.506274,-1.1088,0.230999,-3.00593,2.18602,0.733038,1.02396,1.021440.0481233,-0.160416,0.179712,-0.13535,0.386976,-0.0393525,0,0
1481579387,376050091,0.506274,-1.1088,0.230999,-3.00593,2.18602,0.733038,1.02396,1.021440.0481233,-0.160416,0.179712,-0.13535,0.386976,-0.0393525,0,0
1481579387,422067902,0.506274,-1.11553,0.222337,-2.99879,2.16698,0.736608,1.02396,1.021440.00300771,-0.160413,0.143573,-0.0902716,0.418384,-0.0396438,0,0
1481579387,448041385,0.506274,-1.11842,0.218487,-2.99641,2.15865,0.737798,1.02396,1.021440.000375963,-0.152404,0.186387,-0.100534,0.424182,-0.0793244,0,0
1481579387,474053494,0.505311,-1.12227,0.212712,-2.99165,2.14794,0.738988,1.02396,1.021449.39909e-05,-0.158409,0.190973,-0.203633,0.3738,-0.079326,0,0
1481579387,500036524,0.505311,-1.12708,0.2079,-2.98808,2.1408,0.740178,1.02396,1.021440.0120426,-0.128079,0.192307,-0.144454,0.359087,-0.0396635,0,0
1481579387,526047518,0.505311,-1.12901,0.20405,-2.98332,2.1289,0.742557,1.02396,1.021440.00150532,-0.11226,0.180442,-0.151931,0.387002,-0.0793265,0,0
1481579387,572034091,0.505311,-1.13671,0.194424,-2.97618,2.10986,0.744938,1.02396,1.021449.40827e-05,-0.127338,0.191744,-0.165682,0.388638,-0.0793398,0,0
1481579387,598042639,0.505311,-1.13863,0.190575,-2.9738,2.10154,0.747318,1.02396,1.021441.17603e-05,-0.112164,0.192401,-0.124835,0.420437,-0.0991601,0,0
1481579387,624062879,0.505311,-1.14345,0.1848,-2.96904,2.08963,0.748508,1.02396,1.021442.94008e-06,-0.124288,0.192474,-0.179958,0.37285,-0.0842848,0,0
1481579387,650087155,0.505311,-1.14633,0.179025,-2.96547,2.0825,0.749698,1.02396,1.021443.6751e-07,-0.111786,0.192499,-0.186119,0.373849,-0.040283,0,0
1481579387,676053800,0.505311,-1.14922,0.175175,-2.9619,2.07178,0.752078,1.02396,1.021444.59388e-08,-0.122251,0.216559,-0.12739,0.359113,-0.0794043,0,0
1481579387,676053800,0.505311,-1.14922,0.175175,-2.9619,2.07178,0.752078,1.02396,1.021444.59388e-08,-0.122251,0.216559,-0.12739,0.359113,-0.0794043,0,0
1481579387,722032160,0.504349,-1.15596,0.16555,-2.95357,2.05155,0.755647,1.02396,1.021440.00601542,-0.109906,0.194002,-0.134399,0.364558,-0.0495838,0,0
1481579387,748048399,0.503386,-1.15788,0.1617,-2.95119,2.04442,0.756838,1.02396,1.021440.0248202,-0.109985,0.19269,-0.135799,0.372812,-0.0806203,0,0
1481579387,774045488,0.503386,-1.16173,0.155925,-2.94643,2.03251,0.759218,1.02396,1.021440.00620506,-0.12375,0.192543,-0.0934498,0.390691,-0.0499023,0,0
1481579387,800044352,0.503386,-1.16558,0.15015,-2.94405,2.02538,0.760408,1.02396,1.021440.000775633,-0.123746,0.192508,-0.130681,0.361219,-0.0508589,0,0
1481579387,826087220,0.503386,-1.16847,0.1463,-2.93929,2.01347,0.762788,1.02396,1.021449.69541e-05,-0.123752,0.192498,-0.179959,0.372408,-0.0509788,0,0
1481579387,846045062,0.503386,-1.1704,0.14245,-2.93691,2.00515,0.763978,1.02396,1.021442.42385e-05,-0.103123,0.168436,-0.13424,0.39059,-0.0424923,0,0
1481579387,872201437,0.502424,-1.17425,0.135712,-2.93215,1.99325,0.766358,1.02396,1.021440.0240677,-0.146089,0.210544,-0.15256,0.424884,-0.0998653,0,0
1481579387,898058913,0.502424,-1.17617,0.131862,-2.92858,1.98611,0.768737,1.02396,1.021440.00300846,-0.102484,0.194758,-0.152945,0.365493,-0.101726,0,0
1481579387,924062621,0.502424,-1.18002,0.125125,-2.92501,1.97421,0.771118,1.02396,1.021440.000752116,-0.121867,0.241189,-0.127486,0.418609,-0.0849799,0,0
1481579387,950037721,0.501461,-1.18387,0.11935,-2.92144,1.96588,0.772308,1.02396,1.021449.40145e-05,-0.147573,0.198584,-0.149811,0.424203,-0.0849911,0,0
1481579387,976045156,0.501461,-1.1858,0.1155,-2.91787,1.95517,0.774688,1.02396,1.021440.0120426,-0.102666,0.193263,-0.122851,0.365408,-0.0849927,0,0
1481579387,996024595,0.501461,-1.18772,0.11165,-2.9143,1.94684,0.775878,1.02396,1.021440.00301065,-0.0978515,0.192692,-0.149713,0.388854,-0.0509958,0,0
1481579388,22073435,0.501461,-1.19157,0.104912,-2.90954,1.93494,0.778258,1.02396,1.021440.000752661,-0.120709,0.216611,-0.186177,0.424449,-0.101992,0,0
1481579388,48028057,0.501461,-1.1935,0.1001,-2.90597,1.9278,0.780637,1.02396,1.021449.40827e-05,-0.0993077,0.243641,-0.186896,0.365438,-0.101992,0,0
1481579388,74044220,0.501461,-1.19638,0.0943248,-2.9024,1.9159,0.783018,1.02396,1.021442.35207e-05,-0.097012,0.205287,-0.135974,0.388848,-0.0849927,0,0
1481579388,100044472,0.500499,-1.20023,0.0875872,-2.89883,1.90757,0.784208,1.02396,1.021442.94008e-06,-0.0963425,0.194096,-0.180621,0.390736,-0.085006,0,0
1481579388,126027423,0.500499,-1.20216,0.0827748,-2.89407,1.89567,0.786588,1.02396,1.021440.0120312,-0.108293,0.252856,-0.186203,0.420719,-0.0849948,0,0
1481579388,146030386,0.500499,-1.20408,0.0789248,-2.89169,1.88734,0.788968,1.02396,1.021440.0030078,-0.0992581,0.207591,-0.1358,0.432429,-0.110491,0,0
1481579388,172034946,0.500499,-1.20697,0.0721874,-2.88693,1.87544,0.791348,1.02396,1.021440.00075195,-0.0969998,0.196274,-0.0934503,0.375848,-0.0573703,0,0
1481579388,198105589,0.500499,-1.20986,0.0683374,-2.88455,1.8683,0.792538,1.02396,1.021449.39937e-05,-0.120409,0.205,-0.130681,0.374237,-0.0517926,0,0
1481579388,224034065,0.499536,-1.21275,0.0615998,-2.87979,1.8564,0.796108,1.02396,1.021440.0481468,-0.102287,0.219692,-0.15167,0.391048,-0.102191,0,0
1481579388,250086158,0.499536,-1.21563,0.0538999,-2.87622,1.84807,0.797298,1.02396,1.021440.00601835,-0.0970019,0.219958,-0.152833,0.390997,-0.0574082,0,0
1481579388,276035682,0.499536,-1.21756,0.0500499,-2.87146,1.83617,0.800868,1.02396,1.021440.000752294,-0.0963478,0.207966,-0.152979,0.391004,-0.111292,0,0
1481579388,296014487,0.499536,-1.21948,0.0452374,-2.86789,1.82784,0.802058,1.02396,1.021440.000188074,-0.0962717,0.244491,-0.186995,0.425,-0.0873181,0,0
1481579388,322061887,0.498574,-1.22237,0.0384999,-2.86313,1.81594,0.805628,1.02396,1.021440.0241087,-0.096253,0.253619,-0.135998,0.373991,-0.111072,0,0
1481579388,348041836,0.498574,-1.2243,0.0336874,-2.86075,1.8088,0.806817,1.02396,1.021440.00301358,-0.0962605,0.248266,-0.136,0.373991,-0.0882529,0,0
1481579388,374079838,0.497611,-1.22718,0.0269499,-2.85599,1.79571,0.809198,1.02396,1.021440.0248151,-0.0962504,0.254566,-0.12325,0.390986,-0.111359,0,0
1481579388,400058169,0.497611,-1.23007,0.01925,-2.85361,1.78738,0.811578,1.02396,1.021440.00310188,-0.0962472,0.248384,-0.134406,0.435611,-0.103162,0,0
1481579388,426043195,0.497611,-1.232,0.0154,-2.84885,1.77548,0.815148,1.02396,1.021440.000387735,-0.0962466,0.211514,-0.106051,0.426329,-0.117012,0,0
1481579388,472071874,0.496649,-1.23585,0.00385,-2.83933,1.75525,0.819907,1.02396,1.021440.00603965,-0.060156,0.223768,-0.155377,0.435717,-0.111429,0,0
1481579388,498051848,0.495686,-1.23777,-0.00192507,-2.83695,1.74692,0.822288,1.02396,1.021440.0488783,-0.0917352,0.268598,-0.138422,0.426348,-0.118098,0,0
1481579388,524041894,0.495686,-1.24066,-0.00962493,-2.83219,1.73502,0.824668,1.02396,1.021440.0122196,-0.0951191,0.259649,-0.153606,0.433836,-0.118767,0,0
1481579388,550072281,0.495686,-1.24258,-0.0163625,-2.82862,1.72669,0.827048,1.02396,1.021440.00152745,-0.0961092,0.212922,-0.153075,0.396366,-0.104089,0,0
1481579388,576032232,0.495686,-1.24451,-0.0211749,-2.82386,1.71479,0.830618,1.02396,1.021440.000190931,-0.0841985,0.255206,-0.153009,0.391655,-0.117127,0,0
1481579388,576032232,0.495686,-1.24451,-0.0211749,-2.82386,1.71479,0.830618,1.02396,1.021440.000190931,-0.0841985,0.255206,-0.153009,0.391655,-0.117127,0,0
1481579388,622044597,0.494724,-1.24932,-0.0336874,-2.81553,1.69337,0.835378,1.02396,1.021440.0120461,-0.0954935,0.232516,-0.136001,0.396359,-0.0593784,0,0
1481579388,648044446,0.494724,-1.25028,-0.0385,-2.81196,1.68504,0.837758,1.02396,1.021440.00150576,-0.0720944,0.233599,-0.16575,0.436296,-0.111552,0,0
1481579388,674038024,0.493761,-1.25317,-0.0461999,-2.8072,1.67314,0.841328,1.02396,1.021440.0484998,-0.0902087,0.274961,-0.190188,0.43631,-0.117131,0,0
1481579388,700044714,0.493761,-1.2551,-0.0538999,-2.80363,1.66481,0.842518,1.02396,1.021440.00606247,-0.0714302,0.250935,-0.187397,0.396655,-0.0592628,0,0
1481579388,726040314,0.492799,-1.25606,-0.0587123,-2.79887,1.65172,0.846087,1.02396,1.021440.0248195,-0.0450213,0.259956,-0.1573,0.451207,-0.111524,0,0
1481579388,772074411,0.491836,-1.25991,-0.0712249,-2.79054,1.63149,0.852038,1.02396,1.021440.0496745,-0.0449233,0.274919,-0.188331,0.392624,-0.118537,0,0
1481579388,798038415,0.491836,-1.26183,-0.0769998,-2.78697,1.62316,0.854418,1.02396,1.021440.00620932,-0.0898311,0.27499,-0.157416,0.406068,-0.118934,0,0
1481579388,824031675,0.491836,-1.26376,-0.0846998,-2.78102,1.61007,0.857987,1.02396,1.021440.00155233,-0.0705812,0.237182,-0.158354,0.399032,-0.118976,0,0
1481579388,850053895,0.490874,-1.26568,-0.0914372,-2.77745,1.60293,0.860367,1.02396,1.021440.0242557,-0.0689769,0.234177,-0.198294,0.377142,-0.118988,0,0
1481579388,876044043,0.490874,-1.26665,-0.0952872,-2.77507,1.5946,0.862748,1.02396,1.021440.00303196,-0.0687793,0.197707,-0.114036,0.270276,-0.0892558,0,0
1481579388,896035933,0.490874,-1.26761,-0.0981748,-2.77507,1.59222,0.862748,1.02396,1.021440.000757991,-0.0653183,0.169738,-0.0285091,0.156811,-0.0223141,0,0
1481579388,922084205,0.490874,-1.26761,-0.0991372,-2.77388,1.59222,0.862748,1.02396,1.021440.000189498,-0.0163294,0.0905579,-0.0368773,0.0392029,-0.00557826,0,0
1481579388,948025086,0.490874,-1.26761,-0.0991372,-2.77388,1.59222,0.862748,1.02396,1.021442.36872e-05,-0.00204105,0.0113197,-0.0046094,0.00490036,-0.000697216,0,0
1481579388,974054711,0.490874,-1.26761,-0.0991372,-2.77388,1.59698,0.862748,1.02396,1.021445.9218e-06,-0.000510262,0.00282994,-0.00115262,-0.147512,-0.000174171,0,0
1481579389,19049,0.490874,-1.26761,-0.0981748,-2.77507,1.60055,0.862748,1.02396,1.021447.40225e-07,-6.39159e-05,0.000353742,0.029606,-0.152309,-2.18379e-05,0,0
1481579389,26023524,0.490874,-1.26761,-0.0962498,-2.77745,1.60888,0.861558,1.02396,1.021449.25282e-08,-7.98948e-06,-0.0841713,0.0631999,-0.257032,0.0594923,0,0
1481579389,72041752,0.490874,-1.26761,-0.0885498,-2.78459,1.62435,0.857987,1.02396,1.021445.78301e-09,-5.32632e-07,-0.149638,0.0857625,-0.335867,0.0483528,0,0
1481579389,98019644,0.490874,-1.26665,-0.0846998,-2.78697,1.63268,0.855608,1.02396,1.021447.22876e-10,0.0481233,-0.18714,0.12972,-0.369239,0.11016,0,0
1481579389,124083230,0.490874,-1.26568,-0.0779623,-2.79173,1.64339,0.853228,1.02396,1.021441.80719e-10,0.0601541,-0.191158,0.0919301,-0.360051,0.0870351,0,0
1481579389,150070544,0.490874,-1.26376,-0.0712249,-2.79411,1.65053,0.850848,1.02396,1.021442.25899e-11,0.0315876,-0.204366,0.130491,-0.357389,0.114996,0,0
1481579389,176025139,0.490874,-1.2628,-0.0673749,-2.79887,1.66243,0.848468,1.02396,1.021442.82352e-12,0.0641026,-0.206011,0.135311,-0.371936,0.0887432,0,0
1481579389,176025139,0.490874,-1.2628,-0.0673749,-2.79887,1.66243,0.848468,1.02396,1.021442.82352e-12,0.0641026,-0.206011,0.135311,-0.371936,0.0887432,0,0
1481579389,222054866,0.490874,-1.25991,-0.0558249,-2.8072,1.68266,0.842518,1.02396,1.021441.76748e-13,0.0822068,-0.22944,0.149768,-0.372813,0.117106,0,0
1481579389,248033766,0.490874,-1.25798,-0.0500499,-2.81077,1.69099,0.841328,1.02396,1.021442.22045e-14,0.0824608,-0.269306,0.197221,-0.433352,0.0890071,0,0
1481579389,274055820,0.490874,-1.25606,-0.0433125,-2.81553,1.70289,0.837758,1.02396,1.021445.32907e-15,0.0928135,-0.211703,0.138555,-0.435587,0.111494,0,0
1481579389,300034307,0.490874,-1.25317,-0.0356125,-2.81791,1.71003,0.835378,1.02396,1.021448.88178e-16,0.0837867,-0.23099,0.136318,-0.366831,0.118053,0,0
1481579389,326056045,0.490874,-1.25221,-0.0308,-2.82267,1.72312,0.832997,1.02396,1.021440,0.0465658,-0.257465,0.13604,-0.432605,0.0593912,0,0
1481579389,372049669,0.490874,-1.2474,-0.01925,-2.831,1.74335,0.827048,1.02396,1.021440,0.0871395,-0.232656,0.187003,-0.391465,0.115265,0,0
1481579389,398020835,0.490874,-1.24547,-0.0134749,-2.83457,1.75168,0.824668,1.02396,1.021440,0.0951082,-0.269708,0.187,-0.435684,0.118524,0,0
1481579389,424055297,0.490874,-1.24355,-0.00673753,-2.83933,1.76358,0.822288,1.02396,1.021440,0.0478387,-0.211804,0.136,-0.376662,0.118874,0,0
1481579389,450051154,0.491836,-1.24066,0,-2.84171,1.77072,0.819907,1.02396,1.02144-0.0481233,0.0901957,-0.231003,0.136,-0.374325,0.104128,0,0
1481579389,476044059,0.491836,-1.23873,0.00481247,-2.84647,1.78381,0.817528,1.02396,1.02144-0.00601555,0.0954969,-0.221374,0.136,-0.433542,0.0873848,0,0
1481579389,496072535,0.491836,-1.23777,0.00962493,-2.85004,1.79095,0.815148,1.02396,1.02144-0.00150362,0.0719976,-0.223779,0.153,-0.376126,0.111089,0,0
1481579389,522071307,0.491836,-1.23488,0.0173249,-2.8548,1.80285,0.812768,1.02396,1.02144-0.000376038,0.0901844,-0.248441,0.187,-0.421267,0.0872672,0,0
1481579389,548041835,0.491836,-1.23296,0.0211749,-2.85837,1.81118,0.810388,1.02396,1.02144-4.68716e-05,0.0954889,-0.211523,0.186998,-0.394775,0.115025,0,0
1481579389,574084827,0.492799,-1.23007,0.0288749,-2.86313,1.82308,0.808007,1.02396,1.02144-1.17179e-05,0.0960638,-0.221316,0.136,-0.425956,0.0585037,0,0
1481579389,600042339,0.492799,-1.22718,0.0356125,-2.86551,1.83141,0.805628,1.02396,1.02144-0.0120322,0.144347,-0.208135,0.136,-0.395354,0.111443,0,0
1481579389,626041217,0.493761,-1.22526,0.0404249,-2.87027,1.84331,0.803248,1.02396,1.02144-0.0496275,0.0661667,-0.254611,0.136,-0.391536,0.103173,0,0
1481579389,646023571,0.493761,-1.22333,0.0442749,-2.87265,1.85164,0.800868,1.02396,1.02144-0.0124066,0.0646717,-0.208029,0.12325,-0.42512,0.115036,0,0
1481579389,672343481,0.493761,-1.22045,0.0510123,-2.87741,1.86354,0.798488,1.02396,1.02144-0.00310152,0.0883529,-0.196384,0.149812,-0.374047,0.088254,0,0
1481579389,698006729,0.493761,-1.21852,0.0558249,-2.88098,1.87068,0.796108,1.02396,1.02144-0.000387756,0.0952599,-0.253144,0.152601,-0.373992,0.115148,0,0
1481579389,724062383,0.493761,-1.21563,0.0625623,-2.88574,1.88258,0.793727,1.02396,1.02144-9.69391e-05,0.096,-0.255786,0.1869,-0.391013,0.0883353,0,0
1481579389,750024749,0.494724,-1.21178,0.0692998,-2.88812,1.89091,0.792538,1.02396,1.02144-0.0240739,0.0962191,-0.22447,0.127487,-0.390986,0.0854107,0,0
1481579389,776009061,0.494724,-1.20986,0.0731498,-2.89288,1.90281,0.790158,1.02396,1.02144-0.00300937,0.132336,-0.196499,0.149811,-0.390989,0.0850451,0,0
1481579389,776009061,0.494724,-1.20986,0.0731498,-2.89288,1.90281,0.790158,1.02396,1.02144-0.00300937,0.132336,-0.196499,0.149811,-0.390989,0.0850451,0,0
1481579389,822058182,0.495686,-1.20505,0.0846998,-2.90121,1.92304,0.785398,1.02396,1.02144-0.0242566,0.0985089,-0.252906,0.135801,-0.374007,0.087121,0,0
1481579389,848046503,0.495686,-1.20216,0.0885498,-2.90359,1.93137,0.784208,1.02396,1.02144-0.00303228,0.144653,-0.200053,0.135975,-0.433508,0.0852589,0,0
1481579389,874030610,0.495686,-1.19927,0.0952872,-2.90835,1.94326,0.781827,1.02396,1.02144-0.000757936,0.108348,-0.218452,0.152993,-0.376132,0.0510622,0,0
1481579389,900037258,0.495686,-1.19638,0.102025,-2.91073,1.95041,0.779448,1.02396,1.02144-9.48085e-05,0.0977627,-0.195741,0.0934991,-0.374279,0.110512,0,0
1481579389,926056015,0.495686,-1.1935,0.105875,-2.91549,1.9623,0.778258,1.02396,1.02144-1.17179e-05,0.120498,-0.204938,0.130687,-0.388894,0.0435616,0,0
1481579389,972024512,0.495686,-1.18772,0.116462,-2.92263,1.98134,0.773498,1.02396,1.02144-5.32632e-07,0.097769,-0.199294,0.142043,-0.388756,0.114276,0,0
1481579389,998008524,0.496649,-1.1858,0.120312,-2.9262,1.98968,0.771118,1.02396,1.02144-0.0481233,0.108468,-0.193347,0.15163,-0.390731,0.103527,0,0
1481579390,24038529,0.496649,-1.18195,0.12705,-2.93096,2.00157,0.769928,1.02396,1.02144-0.0120311,0.147439,-0.24084,0.186657,-0.424932,0.0853768,0,0
1481579390,50047588,0.496649,-1.17906,0.132825,-2.93334,2.00871,0.767548,1.02396,1.02144-0.00150362,0.102646,-0.198543,0.127456,-0.365478,0.0999413,0,0
1481579390,76026305,0.496649,-1.17617,0.137637,-2.9381,2.02061,0.765168,1.02396,1.02144-0.000188019,0.121108,-0.241383,0.149807,-0.372927,0.101735,0,0
1481579390,76026305,0.496649,-1.17617,0.137637,-2.9381,2.02061,0.765168,1.02396,1.02144-0.000188019,0.121108,-0.241383,0.149807,-0.372927,0.101735,0,0
1481579390,122027178,0.496649,-1.1704,0.147262,-2.94524,2.03965,0.761598,1.02396,1.02144-1.17179e-05,0.109835,-0.189537,0.180425,-0.372878,0.0807272,0,0
1481579390,148024793,0.497611,-1.16751,0.151112,-2.94881,2.04798,0.760408,1.02396,1.02144-0.0481249,0.146068,-0.204163,0.186178,-0.388719,0.0844597,0,0
1481579390,174044573,0.497611,-1.16366,0.15785,-2.95357,2.05988,0.759218,1.02396,1.02144-0.0120311,0.108709,-0.219476,0.135794,-0.424442,0.0806099,0,0
1481579390,200050056,0.497611,-1.15981,0.162662,-2.95595,2.06702,0.756838,1.02396,1.02144-0.00150415,0.109835,-0.195868,0.135974,-0.365418,0.0993188,0,0
1481579390,226044477,0.497611,-1.15788,0.166512,-2.96071,2.07892,0.755647,1.02396,1.02144-0.000188019,0.109989,-0.180893,0.165746,-0.387794,0.042189,0,0
1481579390,272025277,0.498574,-1.15115,0.1771,-2.96785,2.09796,0.752078,1.02396,1.02144-0.00602727,0.15726,-0.203807,0.151671,-0.373814,0.0993162,0,0
1481579390,298025226,0.499536,-1.14826,0.18095,-2.97023,2.10629,0.750888,1.02396,1.02144-0.0488765,0.152003,-0.193911,0.123084,-0.418584,0.042162,0,0
1481579390,324042761,0.499536,-1.14441,0.185762,-2.97499,2.117,0.748508,1.02396,1.02144-0.0122191,0.110186,-0.144728,0.14977,-0.372387,0.040288,0,0
1481579390,350070929,0.499536,-1.14056,0.191537,-2.97737,2.12533,0.747318,1.02396,1.02144-0.00152759,0.11002,-0.186526,0.122846,-0.388665,0.0794048,0,0
1481579390,376048240,0.499536,-1.13863,0.195387,-2.98213,2.13723,0.744938,1.02396,1.02144-0.000190682,0.110002,-0.191756,0.134356,-0.42046,0.0991681,0,0
1481579390,376048240,0.499536,-1.13863,0.195387,-2.98213,2.13723,0.744938,1.02396,1.02144-0.000190682,0.110002,-0.191756,0.134356,-0.42046,0.0991681,0,0
1481579390,422050311,0.499536,-1.13093,0.205012,-2.98927,2.15508,0.742557,1.02396,1.02144-1.17179e-05,0.115159,-0.156363,0.186897,-0.360955,0.08062,0,0
1481579390,448031611,0.499536,-1.12805,0.2079,-2.99284,2.16341,0.741368,1.02396,1.02144-1.5979e-06,0.158765,-0.139857,0.142361,-0.416997,0.039825,0,0
1481579390,474033825,0.499536,-1.1242,0.213674,-2.9976,2.17531,0.738988,1.02396,1.02144-5.32632e-07,0.160013,-0.179341,0.18434,-0.431485,0.0397038,0,0
1481579390,500024581,0.500499,-1.12035,0.21945,-2.99998,2.18245,0.737798,1.02396,1.02144-0.0481233,0.152341,-0.190853,0.127167,-0.366304,0.0793317,0,0
1481579390,526034426,0.500499,-1.11746,0.2233,-3.00474,2.19316,0.736608,1.02396,1.02144-0.00601555,0.127333,-0.192297,0.14977,-0.35817,0.0694115,0,0
1481579390,546036369,0.500499,-1.11457,0.227149,-3.00831,2.20149,0.735418,1.02396,1.02144-0.00150362,0.152142,-0.192444,0.186192,-0.387044,0.0768479,0,0
1481579390,572039436,0.500499,-1.10976,0.230999,-3.01307,2.21339,0.734228,1.02396,1.02144-0.000376038,0.134282,-0.168423,0.135798,-0.364502,0.078707,0,0
1481579390,597998291,0.500499,-1.10687,0.234849,-3.01545,2.22053,0.733038,1.02396,1.02144-4.68716e-05,0.161162,-0.177457,0.135974,-0.372819,0.0693334,0,0
1481579390,624027690,0.500499,-1.10302,0.240624,-3.02021,2.23124,0.731848,1.02396,1.02144-1.17179e-05,0.160599,-0.188738,0.0934934,-0.360959,0.0768284,0,0
1481579390,650014706,0.500499,-1.09821,0.244474,-3.02259,2.23838,0.730658,1.02396,1.02144-1.5979e-06,0.128359,-0.192032,0.130686,-0.357502,0.0690986,0,0
1481579390,676038070,0.500499,-1.09532,0.249287,-3.02735,2.25028,0.729468,1.02396,1.021440,0.160415,-0.144316,0.135335,-0.371924,0.0384115,0,0
1481579390,676038070,0.500499,-1.09532,0.249287,-3.02735,2.25028,0.729468,1.02396,1.021440,0.160415,-0.144316,0.135335,-0.371924,0.0384115,0,0
1481579390,722028481,0.501461,-1.08762,0.256987,-3.03449,2.26932,0.727088,1.02396,1.02144-0.00601555,0.160415,-0.17746,0.149771,-0.372815,0.0693326,0,0
1481579390,748017321,0.501461,-1.08473,0.260837,-3.03925,2.27765,0.725898,1.02396,1.02144-0.000752077,0.164435,-0.17859,0.212096,-0.418486,0.0681616,0,0
1481579390,774029932,0.501461,-1.07992,0.266612,-3.04282,2.28836,0.724708,1.02396,1.02144-0.000188019,0.137355,-0.189024,0.172024,-0.372375,0.0765354,0,0

