1481575294,847085197,0.495686,-1.0318,0.309924,-3.08209,2.38475,0.691389,1.02312,1.02144-0.0824296,0.0764481,-0.117935,0.0505051,-0.0396459,-0.0805351,0,0
1481575294,873056804,0.495686,-1.03084,0.310887,-3.08328,2.38594,0.692578,1.02312,1.02144-0.0206075,0.019112,-0.0776072,0.0126263,-0.0694068,-0.0796285,0,0
1481575294,873056804,0.495686,-1.03084,0.310887,-3.08328,2.38594,0.692578,1.02312,1.02144-0.0206075,0.019112,-0.0776072,0.0126263,-0.0694068,-0.0796285,0,0
1481575294,905060771,0.496649,-1.03084,0.311849,-3.08328,2.38594,0.692578,1.02312,1.02144-0.013319,0.00720992,-0.0168812,0.00822662,-0.00433776,-0.00497692,0,0
1481575294,931026442,0.496649,-1.02987,0.311849,-3.08328,2.38594,0.692578,1.02312,1.02144-0.00332948,0.00180248,-0.00422058,0.00205665,-0.00108444,-0.00124423,0,0
1481575294,957019954,0.496649,-1.02987,0.312812,-3.08328,2.38594,0.692578,1.02312,1.02144-0.000415986,0.0122561,-0.0486506,0.000257082,-0.000135821,-0.000155529,0,0
1481575294,957019954,0.496649,-1.02987,0.312812,-3.08328,2.38594,0.692578,1.02312,1.02144-0.000415986,0.0122561,-0.0486506,0.000257082,-0.000135821,-0.000155529,0,0
1481575295,9056740,0.496649,-1.02987,0.312812,-3.08328,2.38713,0.692578,1.02312,1.02144-1.27832e-05,0.000383004,-0.00152013,8.03381e-06,-0.00744087,-4.79369e-06,0,0
1481575295,35021688,0.496649,-1.02987,0.312812,-3.08328,2.38713,0.692578,1.02312,1.02144-1.5979e-06,4.78755e-05,-0.00019015,1.00423e-06,-0.000929976,-5.32632e-07,0,0
1481575295,61013124,0.496649,-1.02987,0.312812,-3.08328,2.38713,0.692578,1.02312,1.02144-5.32632e-07,1.19689e-05,-4.74043e-05,2.51056e-07,-0.00023276,0,0,0
1481575295,61013124,0.496649,-1.02987,0.312812,-3.08328,2.38713,0.692578,1.02312,1.02144-5.32632e-07,1.19689e-05,-4.74043e-05,2.51056e-07,-0.00023276,0,0,0
1481575295,123000704,0.496649,-1.02987,0.312812,-3.08328,2.38713,0.692578,1.02312,1.021440,1.87014e-07,-5.32632e-07,3.92276e-09,-3.72843e-06,0,0,0
1481575295,149022527,0.496649,-1.02987,0.312812,-3.08328,2.38713,0.692578,1.02312,1.021440,2.33767e-08,0,4.90345e-10,-5.32632e-07,0,0,0
1481575295,175028084,0.496649,-1.02987,0.312812,-3.08328,2.38713,0.692578,1.02312,1.021440,2.92209e-09,0,6.12932e-11,0,0,0,0
1481575295,201012588,0.496649,-1.02987,0.312812,-3.08328,2.38713,0.692578,1.02312,1.021440,7.30523e-10,0,1.53229e-11,0,0,0,0
1481575295,227038693,0.496649,-1.02987,0.312812,-3.08328,2.38713,0.692578,1.02312,1.021440,9.13154e-11,0,1.9158e-12,0,0,0,0
1481575295,247048563,0.496649,-1.02987,0.312812,-3.08328,2.38713,0.692578,1.02312,1.021440,2.28288e-11,0,4.78728e-13,0,0,0,0
1481575295,273062204,0.496649,-1.02987,0.312812,-3.08328,2.38713,0.692578,1.02312,1.021440,5.70743e-12,0,1.19904e-13,0,0,0,0
1481575295,299050655,0.496649,-1.02987,0.312812,-3.08328,2.38713,0.692578,1.02312,1.021440,7.13207e-13,0,1.5099e-14,0,0,0,0
1481575295,325016983,0.496649,-1.02987,0.312812,-3.08328,2.38713,0.692578,1.02312,1.021440,8.88178e-14,0,1.77636e-15,0,0,0,0
1481575295,351038097,0.496649,-1.02987,0.312812,-3.08328,2.38713,0.692578,1.02312,1.021440,2.22045e-14,0,8.88178e-16,0,0,0,0
1481575295,371041286,0.496649,-1.02987,0.312812,-3.08328,2.38713,0.692578,1.02312,1.021440,5.32907e-15,0,0,0,0,0,0
1481575295,397019168,0.496649,-1.02987,0.312812,-3.08328,2.38713,0.692578,1.02312,1.021440,8.88178e-16,0,0,0,0,0,0
1481575295,423020124,0.496649,-1.02987,0.312812,-3.08328,2.38713,0.692578,1.02312,1.021440,0,0,0,0,0,0,0
1481575295,449018385,0.496649,-1.02987,0.312812,-3.08328,2.38713,0.692578,1.02312,1.021440,0,0,0,0,0,0,0
1481575295,475057533,0.496649,-1.02987,0.312812,-3.08328,2.38713,0.692578,1.02312,1.021440,0,0,0,0,0,0,0
1481575295,501013290,0.496649,-1.02987,0.312812,-3.08328,2.38713,0.692578,1.02312,1.021440,0,0,0,0,0,0,0
1481575295,521016382,0.496649,-1.02987,0.312812,-3.08328,2.38713,0.692578,1.02312,1.021440,0,0,0,0,0,0,0
1481575295,547051497,0.496649,-1.02987,0.312812,-3.08328,2.38713,0.692578,1.02312,1.021440,0,0,0,0,0,0,0
1481575295,573027953,0.496649,-1.02987,0.312812,-3.08328,2.38713,0.692578,1.02312,1.021440,0,0,0,0,0,0,0
1481575295,599009277,0.496649,-1.02987,0.312812,-3.08328,2.38713,0.692578,1.02312,1.021440,0,0,0,0,0,0,0
1481575295,625075488,0.496649,-1.02987,0.312812,-3.08328,2.38713,0.692578,1.02312,1.021440,0,0,0,0,0,0,0
1481575295,651039098,0.496649,-1.02987,0.312812,-3.08328,2.38713,0.692578,1.02312,1.021440,0,0,0,0,0,0,0
1481575295,677056202,0.496649,-1.02987,0.312812,-3.08328,2.38713,0.692578,1.02312,1.021440,0,0,0,0,0,0,0
1481575295,697027081,0.496649,-1.02987,0.312812,-3.08328,2.38713,0.692578,1.02312,1.021440,0,0,0,0,0,0,0
1481575295,723016848,0.496649,-1.02987,0.312812,-3.08328,2.38713,0.692578,1.02312,1.021440,0,0,0,0,0,0,0
1481575295,749049236,0.496649,-1.02987,0.312812,-3.08328,2.38713,0.692578,1.02312,1.021440,0,0,0,0,0,0,0
1481575295,775031679,0.496649,-1.02987,0.312812,-3.08328,2.38713,0.692578,1.02312,1.021440,0,0,0,0,0,0,0
1481575295,801012269,0.496649,-1.02987,0.312812,-3.08328,2.38713,0.692578,1.02312,1.021440,0,0,0,0,0,0,0
1481575295,821018567,0.496649,-1.02987,0.312812,-3.08328,2.38713,0.692578,1.02312,1.021440,0,0,0,0,0,0,0
1481575295,847038208,0.496649,-1.02987,0.312812,-3.08328,2.38713,0.692578,1.02312,1.021440,0,0,0,0,0,0,0
1481575295,873064822,0.496649,-1.02987,0.312812,-3.08328,2.38713,0.692578,1.02312,1.021440,0,0,0,0,0,0,0
1481575295,899022904,0.496649,-1.02987,0.312812,-3.08328,2.38713,0.692578,1.02312,1.021440,0,0,0,0,0,0,0
1481575295,925020690,0.496649,-1.02987,0.312812,-3.08328,2.38713,0.692578,1.02312,1.021440,0,0,0,0,0,0,0
1481575295,951015078,0.496649,-1.02987,0.312812,-3.08328,2.38713,0.692578,1.02312,1.021440,0,0,0,0,0,0,0
1481575295,977032400,0.496649,-1.02987,0.312812,-3.08328,2.38713,0.692578,1.02312,1.021440,0,0,0,0,0,0,0
1481575295,997013806,0.496649,-1.02987,0.312812,-3.08328,2.38713,0.692578,1.02312,1.021440,0,0,0,0,0,0,0
1481575296,23006692,0.496649,-1.02987,0.312812,-3.08328,2.38713,0.692578,1.02312,1.021440,0,0,0,0,0,0,0
1481575296,49018226,0.496649,-1.02987,0.312812,-3.08328,2.38713,0.692578,1.02312,1.021440,0,0,0,0,0,0,0
1481575296,75012311,0.496649,-1.02987,0.312812,-3.08328,2.38713,0.692578,1.02312,1.021440,0,0,0,0,0,0,0
1481575296,101008094,0.496649,-1.02987,0.312812,-3.08328,2.38713,0.692578,1.02312,1.021440,0,0,0,0,0,0,0
1481575296,127058937,0.496649,-1.02987,0.312812,-3.08328,2.38713,0.692578,1.02312,1.021440,0,0,0,0,0,0,0
1481575296,147048082,0.496649,-1.02987,0.312812,-3.08328,2.38713,0.692578,1.02312,1.021440,0,0,0,0,0,0,0
1481575296,173007644,0.496649,-1.02987,0.312812,-3.08328,2.38713,0.692578,1.02312,1.021440,0,0,0,0,0,0,0
1481575296,199018490,0.496649,-1.02987,0.312812,-3.08328,2.38713,0.692578,1.02312,1.021440,0,0,0,0,0,0,0
1481575296,225072182,0.496649,-1.02987,0.312812,-3.08328,2.38713,0.692578,1.02312,1.021440,0,0,0,0,0,0,0
1481575296,251012295,0.496649,-1.02987,0.312812,-3.08328,2.38713,0.692578,1.02312,1.021440,0,0,0,0,0,0,0
1481575296,277044038,0.496649,-1.02987,0.312812,-3.08328,2.38713,0.692578,1.02312,1.021440,0,0,0,0,0,0,0
1481575296,297029461,0.496649,-1.02987,0.312812,-3.08328,2.38713,0.692578,1.02312,1.021440,0,0,0,0,0,0,0
1481575296,323014764,0.496649,-1.02987,0.312812,-3.08328,2.38713,0.692578,1.02312,1.021440,0,0,0,0,0,0,0
1481575296,349045282,0.496649,-1.02987,0.312812,-3.08328,2.38713,0.692578,1.02312,1.021440,0,0,0,0,0,0,0
1481575296,375047227,0.496649,-1.02987,0.312812,-3.08328,2.38713,0.692578,1.02312,1.021440,0,0,0,0,0,0,0
1481575296,400987295,0.496649,-1.02987,0.312812,-3.08328,2.38713,0.692578,1.02312,1.021440,0,0,0,0,0,0,0
1481575296,421014546,0.496649,-1.02987,0.312812,-3.08328,2.38713,0.692578,1.02312,1.021440,0,0,0,0,0,0,0
1481575296,447008747,0.496649,-1.02987,0.312812,-3.08328,2.38713,0.692578,1.02312,1.021440,0,0,0,0,0,0,0
1481575296,473043253,0.496649,-1.02987,0.312812,-3.08328,2.38713,0.692578,1.02312,1.021440,0,0,0,0,0,0,0
1481575296,499048669,0.496649,-1.02987,0.312812,-3.08328,2.38713,0.692578,1.02312,1.021440,0,0,0,0,0,0,0
1481575296,524990123,0.496649,-1.02987,0.312812,-3.08328,2.38713,0.692578,1.02312,1.021440,0,0,0,0,0,0,0
1481575296,552030436,0.496649,-1.02987,0.312812,-3.08328,2.38713,0.692578,1.02312,1.021440,0,0,0,0,0,0,0
1481575296,572004654,0.496649,-1.02987,0.312812,-3.08328,2.38713,0.692578,1.02312,1.021440,0,0,0,0,0,0,0
1481575296,598010142,0.496649,-1.02987,0.312812,-3.08328,2.38713,0.692578,1.02312,1.021440,0,0,0,0,0,0,0
1481575296,624040277,0.496649,-1.02987,0.312812,-3.08328,2.38713,0.692578,1.02312,1.021440,0,0,0,0,0,0,0
1481575296,650037588,0.496649,-1.02987,0.312812,-3.08328,2.38713,0.692578,1.02312,1.021440,0,0,0,0,0,0,0
1481575296,676038045,0.496649,-1.02987,0.312812,-3.08328,2.38713,0.692578,1.02312,1.021440,0,0,0,0,0,0,0
1481575296,696011578,0.496649,-1.02987,0.312812,-3.08328,2.38713,0.692578,1.02312,1.021440,0,0,0,0,0,0,0
1481575296,722080761,0.496649,-1.02987,0.312812,-3.08328,2.38713,0.692578,1.02312,1.021440,0,0,0,0,0,0,0
1481575296,748042221,0.496649,-1.02987,0.312812,-3.08328,2.38713,0.692578,1.02312,1.021440,0,0,0,0,0,0,0
1481575296,774006392,0.496649,-1.02987,0.312812,-3.08328,2.38713,0.692578,1.02312,1.021440,0,0,0,0,0,0,0
1481575296,799999776,0.496649,-1.02987,0.312812,-3.08328,2.38713,0.692578,1.02312,1.021440,0,0,0,0,0,0,0
1481575296,826142402,0.496649,-1.02987,0.312812,-3.08328,2.38713,0.692578,1.02312,1.021440,0,0,0,0,0,0,0
1481575296,846005531,0.496649,-1.02987,0.312812,-3.08328,2.38713,0.692578,1.02312,1.021440,0,0,0,0,0,0,0
1481575296,872003392,0.496649,-1.02987,0.312812,-3.08328,2.38713,0.692578,1.02312,1.021440,0,0,0,0,0,0,0
1481575296,898037896,0.496649,-1.02987,0.312812,-3.08328,2.38713,0.692578,1.02312,1.021440,0,0,0,0,0,0,0
1481575296,924034680,0.496649,-1.02987,0.312812,-3.08328,2.38713,0.692578,1.02312,1.021440,0,0,0,0,0,0,0
1481575296,950020078,0.496649,-1.02987,0.312812,-3.08328,2.38713,0.692578,1.02312,1.021440,0,0,0,0,0,0,0
1481575296,976017988,0.496649,-1.02987,0.312812,-3.08328,2.38713,0.692578,1.02312,1.021440,0,0,0,0,0,0,0
1481575297,2026526,0.496649,-1.02987,0.312812,-3.08328,2.38713,0.692578,1.02312,1.021440,0,0,0,0,0,0,0
1481575297,22023450,0.496649,-1.02987,0.312812,-3.08328,2.38713,0.692578,1.02312,1.021440,0,0,0,0,0,0,0
1481575297,48030159,0.496649,-1.02987,0.312812,-3.08328,2.38713,0.692578,1.02312,1.021440,0,0,0,0,0,0,0
1481575297,74044545,0.496649,-1.02987,0.312812,-3.08328,2.38713,0.692578,1.02312,1.021440,0,0,0,0,0,0,0
1481575297,99988591,0.496649,-1.02987,0.312812,-3.08328,2.38713,0.692578,1.02312,1.021440,0,0,0,0,0,0,0
1481575297,126043433,0.496649,-1.02987,0.312812,-3.08328,2.38713,0.692578,1.02312,1.021440,0,0,0,0,0,0,0
1481575297,146011456,0.496649,-1.02987,0.312812,-3.08328,2.38713,0.692578,1.02312,1.021440,0,0,0,0,0,0,0
1481575297,172017476,0.496649,-1.02987,0.312812,-3.08328,2.38713,0.692578,1.02312,1.021440,0,0,0,0,0,0,0
1481575297,198004017,0.496649,-1.02987,0.312812,-3.08328,2.38713,0.692578,1.02312,1.021440,0,0,0,0,0,0,0
1481575297,224025916,0.496649,-1.02987,0.312812,-3.08328,2.38713,0.692578,1.02312,1.021440,0,0,0,0,0,0,0
1481575297,250022018,0.496649,-1.02987,0.312812,-3.08328,2.38713,0.692578,1.02312,1.021440,0,0,0,0,0,0,0
1481575297,276078404,0.496649,-1.02987,0.312812,-3.08328,2.38713,0.692578,1.02312,1.021440,0,0,0,0,0,0,0
1481575297,296029087,0.496649,-1.02987,0.312812,-3.08328,2.38713,0.692578,1.02312,1.021440,0,0,0,0,0,0,0
1481575297,322017552,0.496649,-1.02987,0.312812,-3.08328,2.38713,0.692578,1.02312,1.021440,0,0,0,0,0,0,0
1481575297,350508503,0.496649,-1.02987,0.312812,-3.08328,2.38713,0.692578,1.02312,1.021440,0,0,0,0,0,0,0
1481575297,376025997,0.496649,-1.02987,0.312812,-3.08328,2.38713,0.692578,1.02312,1.021440,0,0,0,0,0,0,0
1481575297,401996896,0.496649,-1.02987,0.312812,-3.08328,2.38713,0.692578,1.02312,1.021440,0,0,0,0,0,0,0
1481575297,421993942,0.496649,-1.02987,0.312812,-3.08328,2.38713,0.692578,1.02312,1.021440,0,0,0,0,0,0,0
1481575297,448084501,0.496649,-1.02987,0.312812,-3.08328,2.38713,0.692578,1.02312,1.021440,0,0,0,0,0,0,0
1481575297,474028572,0.496649,-1.02987,0.312812,-3.08328,2.38713,0.692578,1.02312,1.021440,0,0,0,0,0,0,0
1481575297,500019743,0.496649,-1.02987,0.312812,-3.08328,2.38713,0.692578,1.02312,1.021440,0,0,0,0,0,0,0
1481575297,526038952,0.496649,-1.02987,0.312812,-3.08328,2.38713,0.692578,1.02312,1.021440,0,0,0,0,0,0,0
1481575297,552026019,0.496649,-1.02987,0.312812,-3.08328,2.38713,0.692578,1.02312,1.021440,0,0,0,0,0,0,0
1481575297,572000455,0.496649,-1.02987,0.312812,-3.08328,2.38713,0.692578,1.02312,1.021440,0,0,0,0,0,0,0
1481575297,598022251,0.496649,-1.02987,0.312812,-3.08328,2.38713,0.692578,1.02312,1.021440,0,0,0,0,0,0,0
1481575297,624003128,0.496649,-1.02987,0.312812,-3.08328,2.38713,0.692578,1.02312,1.021440,0,0,0,0,0,0,0
1481575297,650027090,0.496649,-1.02987,0.312812,-3.08328,2.38713,0.692578,1.02312,1.021440,0,0,0,0,0,0,0
1481575297,676064808,0.496649,-1.02987,0.312812,-3.08328,2.38713,0.692578,1.02312,1.021440,0,0,0,0,0,0,0
1481575297,702046057,0.496649,-1.02987,0.312812,-3.08328,2.38713,0.692578,1.02312,1.021440,0,0,0,0,0,0,0
1481575297,722005882,0.496649,-1.02987,0.312812,-3.08328,2.38713,0.692578,1.02312,1.021440,0,0,0,0,0,0,0
1481575297,748011468,0.496649,-1.02987,0.312812,-3.08328,2.38713,0.692578,1.02312,1.021440,0,0,0,0,0,0,0
1481575297,774036264,0.496649,-1.02987,0.312812,-3.08328,2.38713,0.692578,1.02312,1.021440,0,0,0,0,0,0,0
1481575297,799998047,0.496649,-1.02987,0.312812,-3.08328,2.38713,0.692578,1.02312,1.021440,0,0,0,0,0,0,0
1481575297,825995466,0.496649,-1.02987,0.312812,-3.08328,2.38713,0.692578,1.02312,1.021440,0,0,0,0,0,0,0
1481575297,851979553,0.496649,-1.02987,0.312812,-3.08328,2.38713,0.692578,1.02312,1.021440,0,0,0,0,0,0,0
1481575297,872050049,0.496649,-1.02987,0.312812,-3.08328,2.38713,0.692578,1.02312,1.021440,0,0,0,0,0,0,0
1481575297,898008888,0.496649,-1.02987,0.312812,-3.08328,2.38713,0.692578,1.02312,1.021440,0,0,0,0,0,0,0
1481575297,924005301,0.496649,-1.02987,0.312812,-3.08328,2.38713,0.692578,1.02312,1.021440,0,0,0,0,0,0,0
1481575297,950037222,0.496649,-1.02987,0.312812,-3.08328,2.38713,0.692578,1.02312,1.021440,0,0,0,0,0,0,0
1481575297,976008950,0.496649,-1.02987,0.312812,-3.08328,2.38594,0.692578,1.02312,1.021440,0,0,0,0.059495,0,0,0
1481575298,1993205,0.496649,-1.02987,0.312812,-3.08328,2.38237,0.692578,1.02312,1.021440,0,0,0,0.0743688,0,0,0
1481575298,21980556,0.496649,-1.03084,0.312812,-3.08328,2.3788,0.693768,1.02312,1.021440,0,0,0,0.137609,0,0,0
1481575298,48020769,0.496649,-1.03084,0.310887,-3.08209,2.37404,0.693768,1.02312,1.021440,-0.0120306,0.072185,-0.0297496,0.22546,-0.0148738,0,0
1481575298,73997768,0.496649,-1.03372,0.308962,-3.07852,2.36571,0.694958,1.02312,1.021440,-0.0751928,0.0661696,-0.0669375,0.23485,-0.00371831,0,0
1481575298,100034912,0.496649,-1.03661,0.307999,-3.07614,2.36095,0.694958,1.02312,1.021440,-0.0936149,0.0443654,-0.112492,0.252496,-0.0153387,0,0
1481575298,125998699,0.496649,-1.0395,0.304149,-3.07257,2.35143,0.696148,1.02312,1.021440,-0.144045,0.101799,-0.118186,0.314177,-0.031665,0,0
1481575298,146014847,0.496649,-1.04142,0.302224,-3.069,2.34548,0.696148,1.02312,1.021440,-0.108196,0.0976347,-0.148546,0.28679,-0.00791598,0,0
1481575298,171997954,0.496649,-1.04527,0.298374,-3.06543,2.33477,0.697338,1.02312,1.021440,-0.123309,0.0966003,-0.126386,0.339438,-0.0317268,0,0
1481575298,197997126,0.496649,-1.04816,0.295487,-3.06305,2.32882,0.698528,1.02312,1.021440,-0.123691,0.156452,-0.090173,0.295317,-0.0337135,0,0
1481575298,224005828,0.496649,-1.05297,0.291637,-3.05829,2.31811,0.699718,1.02312,1.021440,-0.12717,0.159428,-0.141543,0.341583,-0.00842837,0,0
1481575298,250026974,0.496649,-1.05682,0.288749,-3.05591,2.31097,0.699718,1.02312,1.021440,-0.16027,0.128206,-0.0920676,0.35506,-0.0159273,0,0
1481575298,276005856,0.496649,-1.05971,0.283937,-3.04996,2.29907,0.700908,1.02312,1.021440,-0.128311,0.136342,-0.190008,0.41626,-0.0168647,0,0
1481575298,302050538,0.496649,-1.06452,0.279124,-3.04639,2.28836,0.702098,1.02312,1.021440,-0.176455,0.154394,-0.136752,0.371806,-0.0339638,0,0
1481575298,322000819,0.496649,-1.06741,0.276237,-3.04282,2.28122,0.703288,1.02312,1.021440,-0.164422,0.134848,-0.182938,0.360692,-0.0679857,0,0
1481575298,348001443,0.496649,-1.0703,0.273349,-3.03925,2.27289,0.704479,1.02312,1.021440,-0.128837,0.161228,-0.186492,0.416964,-0.0680464,0,0
1481575298,374031815,0.496649,-1.07511,0.267574,-3.03449,2.26218,0.705668,1.02312,1.021440,-0.176579,0.18468,-0.135872,0.371982,-0.0765068,0,0
1481575298,400016406,0.496649,-1.07992,0.264687,-3.03211,2.25504,0.706858,1.02312,1.021440,-0.130356,0.167457,-0.165734,0.35888,-0.0393109,0,0
1481575298,426005803,0.496649,-1.08281,0.259874,-3.02735,2.24314,0.708048,1.02312,1.021440,-0.136603,0.16531,-0.184341,0.416744,-0.0346616,0,0
1481575298,452026993,0.496649,-1.08762,0.255062,-3.02259,2.23243,0.709238,1.02312,1.021440,-0.130411,0.185698,-0.135335,0.37194,-0.0681604,0,0
1481575298,472005882,0.496649,-1.09051,0.252174,-3.02021,2.22529,0.710428,1.02312,1.021440,-0.128849,0.166736,-0.0933337,0.360739,-0.076535,0,0
1481575298,498016243,0.496649,-1.0934,0.248324,-3.01783,2.21696,0.711618,1.02312,1.021440,-0.136428,0.177246,-0.130666,0.387229,-0.0393146,0,0
1481575298,524030051,0.496649,-1.09821,0.242549,-3.01307,2.20625,0.712808,1.02312,1.021440,-0.130354,0.188685,-0.211166,0.364561,-0.0395762,0,0
1481575298,550053939,0.496649,-1.10206,0.238699,-3.0095,2.19792,0.713998,1.02312,1.021440,-0.160664,0.192026,-0.145396,0.387706,-0.0346946,0,0
1481575298,576017794,0.496649,-1.10495,0.233887,-3.00593,2.18721,0.716378,1.02312,1.021440,-0.128364,0.180411,-0.0925491,0.360825,-0.0787055,0,0
1481575298,602000410,0.496649,-1.10976,0.229074,-3.00117,2.17531,0.717569,1.02312,1.021440,-0.128338,0.165418,-0.142137,0.357947,-0.0792248,0,0
1481575298,621998030,0.496649,-1.11265,0.225224,-2.99879,2.16817,0.718758,1.02312,1.021440,-0.128338,0.185731,-0.124785,0.387002,-0.0198059,0,0
1481575298,647981844,0.496649,-1.11553,0.221374,-2.99522,2.15984,0.719948,1.02312,1.021440,-0.160412,0.191655,-0.149473,0.420232,-0.0470969,0,0
1481575298,674025006,0.496649,-1.11938,0.2156,-2.99046,2.14913,0.721138,1.02312,1.021440,-0.160425,0.19229,-0.156368,0.372799,-0.0712694,0,0
1481575298,700017026,0.496649,-1.12323,0.212712,-2.98689,2.1408,0.722328,1.02312,1.021440,-0.128331,0.16841,-0.183171,0.388716,-0.0386563,0,0
1481575298,726012615,0.496649,-1.12612,0.2079,-2.98332,2.13009,0.724708,1.02312,1.021440,-0.124332,0.141361,-0.127021,0.360972,-0.0792008,0,0
1481575298,746079422,0.496649,-1.12901,0.20405,-2.97975,2.12176,0.725898,1.02312,1.021440,-0.127329,0.179714,-0.180505,0.387731,-0.0792951,0,0
1481575298,771997987,0.496649,-1.13286,0.198274,-2.97499,2.11105,0.728278,1.02312,1.021440,-0.128079,0.189302,-0.134376,0.364674,-0.0495715,0,0
1481575298,797994414,0.496649,-1.13575,0.194424,-2.97261,2.10272,0.729468,1.02312,1.021440,-0.124294,0.192103,-0.165546,0.417461,-0.0805654,0,0
1481575298,824006303,0.496649,-1.1396,0.18865,-2.96904,2.09201,0.730658,1.02312,1.021440,-0.12732,0.192396,-0.130637,0.372106,-0.0796898,0,0
1481575298,850087778,0.496649,-1.14345,0.1848,-2.96547,2.08368,0.733038,1.02312,1.021440,-0.124206,0.192489,-0.179954,0.38863,-0.0992038,0,0
1481575298,875983662,0.496649,-1.14633,0.179025,-2.96071,2.07297,0.734228,1.02312,1.021440,-0.123803,0.192496,-0.186119,0.360961,-0.0421477,0,0
1481575298,896021146,0.496649,-1.14922,0.175175,-2.95833,2.06464,0.735418,1.02312,1.021440,-0.151259,0.192497,-0.135779,0.387742,-0.0402846,0,0
1481575298,922036846,0.496649,-1.15307,0.1694,-2.95357,2.05274,0.737798,1.02312,1.021440,-0.110013,0.192498,-0.152945,0.364676,-0.0993135,0,0
1481575298,948015254,0.496649,-1.155,0.16555,-2.95119,2.0456,0.740178,1.02312,1.021440,-0.109998,0.192502,-0.0934929,0.37284,-0.101657,0,0
1481575298,974055448,0.496649,-1.15885,0.159775,-2.94643,2.0337,0.741368,1.02312,1.021440,-0.123746,0.192502,-0.142373,0.420459,-0.084909,0,0
1481575298,999997622,0.496649,-1.1627,0.155925,-2.94405,2.02656,0.742557,1.02312,1.021440,-0.123749,0.192501,-0.121921,0.36494,-0.0403613,0,0
1481575299,26067365,0.496649,-1.16558,0.15015,-2.93929,2.01466,0.744938,1.02312,1.021440,-0.123746,0.192498,-0.134239,0.372873,-0.0496797,0,0
1481575299,52010828,0.496649,-1.16943,0.144375,-2.93453,2.00277,0.747318,1.02312,1.021440,-0.103135,0.192498,-0.15256,0.39072,-0.101662,0,0
1481575299,72007547,0.496649,-1.17136,0.139562,-2.93215,1.99443,0.749698,1.02312,1.021440,-0.12203,0.192498,-0.12739,0.365434,-0.0849106,0,0
1481575299,98003177,0.496649,-1.17425,0.135712,-2.92858,1.98611,0.750888,1.02312,1.021440,-0.147593,0.204533,-0.149799,0.43243,-0.0849825,0,0
1481575299,124028356,0.496649,-1.17713,0.128975,-2.92382,1.97539,0.753268,1.02312,1.021440,-0.10909,0.19551,-0.186199,0.375848,-0.0807407,0,0
1481575299,150040487,0.496649,-1.18098,0.125125,-2.92025,1.96707,0.754458,1.02312,1.021440,-0.121914,0.204903,-0.1869,0.389111,-0.0547141,0,0
1481575299,176026144,0.496649,-1.18291,0.11935,-2.91668,1.95517,0.756838,1.02312,1.021440,-0.0994552,0.194053,-0.127487,0.390775,-0.081261,0,0
1481575299,195999114,0.496649,-1.1858,0.1155,-2.91311,1.94803,0.758028,1.02312,1.021440,-0.121117,0.19289,-0.180622,0.365448,-0.0500626,0,0
1481575299,221989303,0.496649,-1.18868,0.108762,-2.90954,1.93613,0.761598,1.02312,1.021440,-0.102464,0.240722,-0.134405,0.418611,-0.101758,0,0
1481575299,248004656,0.496649,-1.19061,0.10395,-2.90597,1.9278,0.762788,1.02312,1.021440,-0.0970238,0.246655,-0.150675,0.424204,-0.0870886,0,0
1481575299,273991767,0.495686,-1.19446,0.0981748,-2.90121,1.9159,0.765168,1.02312,1.021440,-0.120509,0.20604,-0.126919,0.373805,-0.0515194,0,0
1481575299,300014961,0.495686,-1.19735,0.0943248,-2.89883,1.90876,0.767548,1.02312,1.021440.0120308,-0.0992794,0.19419,-0.134864,0.373982,-0.110556,0,0
1481575299,325997149,0.495686,-1.20023,0.0875872,-2.89407,1.89686,0.769928,1.02312,1.021440.00150385,-0.144763,0.240837,-0.135858,0.388884,-0.103115,0,0
1481575299,346033283,0.495686,-1.20216,0.0827748,-2.89169,1.88853,0.771118,1.02312,1.021440.000375963,-0.108376,0.252709,-0.0934642,0.42447,-0.0555264,0,0
1481575299,372011446,0.495686,-1.20505,0.0769998,-2.88693,1.87663,0.773498,1.02312,1.021449.39909e-05,-0.0992789,0.207554,-0.142366,0.433367,-0.103124,0,0
1481575299,398012433,0.494724,-1.20697,0.0721874,-2.88336,1.8683,0.775878,1.02312,1.021440.0481484,-0.0966259,0.242503,-0.15167,0.426048,-0.102133,0,0
1481575299,423997548,0.494724,-1.20986,0.0654498,-2.8786,1.8564,0.778258,1.02312,1.021440.0120371,-0.0963478,0.253129,-0.186667,0.374253,-0.0552808,0,0
1481575299,450052230,0.494724,-1.21371,0.0615998,-2.87503,1.84926,0.780637,1.02312,1.021440.00150464,-0.120321,0.200076,-0.186958,0.374038,-0.111026,0,0
1481575299,475989309,0.494724,-1.21563,0.0538999,-2.87027,1.83736,0.783018,1.02312,1.021440.00018808,-0.099256,0.253604,-0.201869,0.374011,-0.103174,0,0
1481575299,502058071,0.493761,-1.21852,0.0481249,-2.8667,1.82546,0.785398,1.02312,1.021440.0481703,-0.0970056,0.207778,-0.169468,0.391004,-0.0555413,0,0
1481575299,522037478,0.493761,-1.22045,0.0423499,-2.86313,1.81713,0.787778,1.02312,1.021440.0120426,-0.0964363,0.244444,-0.191116,0.424987,-0.103128,0,0
1481575299,547980217,0.493761,-1.22237,0.0384999,-2.86075,1.8088,0.790158,1.02312,1.021440.00150532,-0.0962706,0.211026,-0.128014,0.39524,-0.117007,0,0
1481575299,573978626,0.492799,-1.22526,0.0307999,-2.85599,1.7969,0.792538,1.02312,1.021440.000376331,-0.0962658,0.221195,-0.151004,0.396298,-0.0589991,0,0
1481575299,600028131,0.492799,-1.22815,0.0269499,-2.85242,1.78857,0.794917,1.02312,1.021440.0120779,-0.0962493,0.20812,-0.15275,0.391654,-0.111491,0,0
1481575299,626012843,0.491836,-1.23007,0.01925,-2.84766,1.77667,0.797298,1.02312,1.021440.0255714,-0.0962472,0.254604,-0.152969,0.391086,-0.0883184,0,0
1481575299,652013010,0.491836,-1.23296,0.0125125,-2.84171,1.76477,0.800868,1.02312,1.021440.00639285,-0.0962466,0.208024,-0.186992,0.39526,-0.111322,0,0
1481575299,672004805,0.491836,-1.23392,0.0077,-2.83933,1.75644,0.802058,1.02312,1.021440.00159821,-0.0481302,0.268571,-0.165747,0.426078,-0.117073,0,0
1481575299,697993287,0.491836,-1.23585,0.00288753,-2.83576,1.74811,0.804438,1.02312,1.021440.000199777,-0.0902322,0.25013,-0.154593,0.395369,-0.103877,0,0
1481575299,724050849,0.490874,-1.23873,-0.00385,-2.83219,1.73502,0.808007,1.02312,1.021444.99441e-05,-0.094743,0.230974,-0.127898,0.396357,-0.115212,0,0
1481575299,750281624,0.490874,-1.24162,-0.00962493,-2.82862,1.72788,0.809198,1.02312,1.021440.0120371,-0.0960719,0.269492,-0.149861,0.376781,-0.0888233,0,0
1481575299,775975362,0.490874,-1.24258,-0.0163625,-2.82267,1.71479,0.812768,1.02312,1.021440.00150463,-0.0481015,0.25025,-0.212108,0.433835,-0.115219,0,0
1481575299,801984584,0.489911,-1.24547,-0.0231,-2.81791,1.70289,0.816338,1.02312,1.021440.0244378,-0.0842102,0.255059,-0.142277,0.376226,-0.118047,0,0
1481575299,822009151,0.489911,-1.2474,-0.0288749,-2.81553,1.69456,0.818718,1.02312,1.021440.00610945,-0.0932378,0.256261,-0.154568,0.391558,-0.118755,0,0
1481575299,847976886,0.489911,-1.24932,-0.0336874,-2.81196,1.68623,0.821097,1.02312,1.021440.000763682,-0.0958839,0.260623,-0.153196,0.435696,-0.118961,0,0
1481575299,874028121,0.488949,-1.25125,-0.0413874,-2.80601,1.67314,0.823478,1.02312,1.021440.00019092,-0.0720944,0.233597,-0.157299,0.436173,-0.0892883,0,0
1481575299,900018334,0.488949,-1.25317,-0.0461999,-2.80363,1.666,0.825858,1.02312,1.021440.0120547,-0.0932277,0.257789,-0.138661,0.381778,-0.115278,0,0
1481575299,926015956,0.488949,-1.2551,-0.0538999,-2.79887,1.65291,0.829428,1.02312,1.021440.00150684,-0.0838384,0.272845,-0.136333,0.434473,-0.118526,0,0
1481575299,951993358,0.487986,-1.25702,-0.0615998,-2.79411,1.64101,0.832997,1.02312,1.021440.000376709,-0.0450213,0.260708,-0.153083,0.435868,-0.118874,0,0
1481575299,971983739,0.487986,-1.25798,-0.0654498,-2.79054,1.63506,0.834187,1.02312,1.021440.0241558,-0.083447,0.233619,-0.187021,0.376708,-0.118961,0,0
1481575299,997969735,0.487986,-1.25895,-0.0683374,-2.78935,1.6303,0.835378,1.02312,1.021440.00301948,-0.0344927,0.149514,-0.0680022,0.22558,-0.0446442,0,0
1481575300,24009419,0.487986,-1.25991,-0.0712249,-2.78816,1.62911,0.835378,1.02312,1.021440.00075487,-0.032685,0.109563,-0.0765004,0.0861559,-0.0111613,0,0
1481575300,49981736,0.487986,-1.25991,-0.0721874,-2.78816,1.62792,0.835378,1.02312,1.021449.43587e-05,-0.00408582,0.0738513,-0.00956235,0.040517,-0.00139496,0,0
1481575300,76022619,0.487986,-1.25991,-0.0721874,-2.78816,1.6303,0.835378,1.02312,1.021441.17948e-05,-0.000510794,0.00923141,-0.00119523,-0.0842044,-0.000174171,0,0
1481575300,101987324,0.487986,-1.25991,-0.0721874,-2.78935,1.63506,0.835378,1.02312,1.021442.94871e-06,-0.000127832,0.00230785,-0.000298807,-0.110294,-4.36758e-05,0,0
1481575300,121991498,0.487986,-1.25991,-0.0712249,-2.79054,1.63982,0.835378,1.02312,1.021447.37178e-07,-3.19579e-05,0.000576963,0.0296753,-0.206085,-1.06526e-05,0,0
1481575300,148006301,0.487986,-1.25991,-0.0692998,-2.79292,1.64577,0.834187,1.02312,1.021449.21472e-08,-3.72843e-06,-0.0841468,0.107834,-0.293515,0.0595469,0,0
1481575300,174017397,0.487986,-1.25991,-0.0654498,-2.79649,1.65529,0.832997,1.02312,1.021442.30368e-08,-1.06526e-06,-0.11729,0.116208,-0.281624,0.0743817,0,0
1481575300,199984793,0.487986,-1.25991,-0.0615998,-2.79887,1.66124,0.830618,1.02312,1.021442.8796e-09,0,-0.171069,0.118651,-0.28807,0.0985402,0,0
1481575300,225999956,0.487986,-1.25895,-0.0558249,-2.80244,1.67195,0.828238,1.02312,1.021443.5995e-10,0.0481233,-0.189818,0.118956,-0.348391,0.0866863,0,0
1481575300,251995411,0.487986,-1.25702,-0.0500499,-2.8072,1.68385,0.824668,1.02312,1.021448.99876e-11,0.0360925,-0.191828,0.178487,-0.354839,0.110914,0,0
1481575300,272030576,0.487986,-1.25606,-0.0461999,-2.81077,1.69099,0.823478,1.02312,1.021442.24967e-11,0.0812214,-0.240454,0.133872,-0.386198,0.057476,0,0
1481575300,297989569,0.487986,-1.25413,-0.0404249,-2.81315,1.69932,0.821097,1.02312,1.021442.81197e-12,0.0823377,-0.258651,0.135734,-0.420152,0.111354,0,0
1481575300,324049246,0.487986,-1.25221,-0.0336874,-2.81791,1.71122,0.818718,1.02312,1.021447.03437e-13,0.0687077,-0.20904,0.152934,-0.372779,0.057586,0,0
1481575300,349979960,0.487986,-1.25028,-0.0288749,-2.82029,1.71836,0.816338,1.02312,1.021448.79297e-14,0.0928043,-0.254724,0.123241,-0.37384,0.111315,0,0
1481575300,376010197,0.487986,-1.24836,-0.0221375,-2.82505,1.73026,0.813958,1.02312,1.021441.06581e-14,0.0837988,-0.248399,0.104655,-0.38886,0.0882831,0,0
1481575300,401995573,0.487986,-1.24643,-0.0154,-2.82981,1.74216,0.810388,1.02312,1.021442.66454e-15,0.0931347,-0.254603,0.145164,-0.424464,0.111313,0,0
1481575300,422000323,0.487986,-1.24451,-0.0105875,-2.83338,1.75049,0.808007,1.02312,1.021448.88178e-16,0.071407,-0.256151,0.185039,-0.373857,0.117071,0,0
1481575300,448002318,0.487986,-1.24258,-0.00577506,-2.83695,1.75882,0.806817,1.02312,1.021440,0.0931417,-0.224516,0.186755,-0.43347,0.0890159,0,0
1481575300,474001467,0.487986,-1.2397,0.00192493,-2.84171,1.77072,0.803248,1.02312,1.021440,0.119532,-0.296759,0.225189,-0.524886,0.141244,0,0
1481575300,499994966,0.487986,-1.23777,0.00577493,-2.84528,1.77905,0.800868,1.02312,1.021440,0.0510373,-0.217561,0.191772,-0.437468,0.121772,0,0
1481575300,525996338,0.487986,-1.23585,0.0134749,-2.85004,1.79095,0.798488,1.02312,1.021440,0.0905955,-0.255789,0.187597,-0.426561,0.104464,0,0
1481575300,552163283,0.487986,-1.23296,0.0202125,-2.85361,1.80166,0.794917,1.02312,1.021440,0.0948339,-0.20832,0.136149,-0.374381,0.115359,0,0
1481575300,571983863,0.487986,-1.23103,0.0250249,-2.85718,1.80999,0.793727,1.02312,1.021440,0.0959068,-0.268645,0.182787,-0.420858,0.0586138,0,0
1481575300,597986731,0.487986,-1.22911,0.0288749,-2.86075,1.81832,0.792538,1.02312,1.021440,0.0962042,-0.202019,0.186473,-0.394717,0.051948,0,0
1481575300,623994611,0.488949,-1.22622,0.0365749,-2.86551,1.83022,0.788968,1.02312,1.021440,0.096236,-0.267063,0.135868,-0.396194,0.10223,0,0
1481575300,649981771,0.488949,-1.22333,0.0404249,-2.86789,1.83855,0.787778,1.02312,1.02144-0.0120306,0.0962453,-0.201823,0.135983,-0.391634,0.0574,0,0
1481575300,675995826,0.488949,-1.22141,0.0481249,-2.87265,1.85045,0.784208,1.02312,1.02144-0.00150362,0.0962498,-0.253824,0.135998,-0.39107,0.111291,0,0
1481575300,695980979,0.489911,-1.21948,0.0519749,-2.87503,1.85878,0.783018,1.02312,1.02144-0.0484994,0.0962474,-0.207833,0.0934991,-0.42503,0.0873178,0,0
1481575300,722050484,0.489911,-1.2166,0.0596748,-2.87979,1.87068,0.780637,1.02312,1.02144-0.0121248,0.0962468,-0.244458,0.142375,-0.374012,0.111099,0,0
1481575300,747985906,0.489911,-1.21467,0.0635248,-2.88336,1.87782,0.778258,1.02312,1.02144-0.00151534,0.0962533,-0.211023,0.151671,-0.373987,0.10313,0,0
1481575300,773997344,0.489911,-1.21178,0.0692998,-2.88693,1.88972,0.775878,1.02312,1.02144-0.000378702,0.0962483,-0.197129,0.186667,-0.391012,0.05553,0,0
1481575300,799983734,0.489911,-1.2089,0.0741123,-2.8905,1.89805,0.773498,1.02312,1.02144-4.74043e-05,0.0962468,-0.217139,0.142333,-0.391013,0.111058,0,0
1481575300,826003762,0.490874,-1.20601,0.0808498,-2.89645,1.90995,0.771118,1.02312,1.02144-0.0481292,0.144383,-0.219646,0.211166,-0.390986,0.088251,0,0
1481575300,846019525,0.490874,-1.20408,0.0856623,-2.89883,1.91709,0.769928,1.02312,1.02144-0.0120322,0.108281,-0.247411,0.142042,-0.365487,0.0518103,0,0
1481575300,872001609,0.490874,-1.2012,0.0914372,-2.90359,1.93018,0.766358,1.02312,1.02144-0.00300831,0.0992552,-0.206229,0.12476,-0.388887,0.102222,0,0
1481575300,898001879,0.490874,-1.19831,0.0962497,-2.90597,1.93732,0.765168,1.02312,1.02144-0.000376038,0.120691,-0.242337,0.134595,-0.375873,0.0871465,0,0
1481575300,923986367,0.491836,-1.19542,0.102025,-2.91073,1.94922,0.762788,1.02312,1.02144-9.37433e-05,0.102358,-0.204957,0.152648,-0.39147,0.0515341,0,0
1481575300,950019861,0.491836,-1.19157,0.106837,-2.91311,1.95635,0.761598,1.02312,1.02144-0.0120428,0.0970105,-0.242183,0.123205,-0.361296,0.051063,0,0
1481575300,975985349,0.491836,-1.18965,0.113575,-2.91787,1.96826,0.759218,1.02312,1.02144-0.00150522,0.10838,-0.246836,0.134401,-0.372405,0.0510041,0,0
1481575300,995998798,0.491836,-1.18772,0.116462,-2.92025,1.97659,0.758028,1.02312,1.02144-0.000376571,0.0992799,-0.157956,0.122849,-0.390616,0.0424985,0,0
1481575301,21995503,0.491836,-1.18387,0.1232,-2.92501,1.98848,0.755647,1.02312,1.02144-9.42759e-05,0.121067,-0.207931,0.209212,-0.424903,0.0999204,0,0
1481575301,47995367,0.491836,-1.18098,0.12705,-2.92858,1.99562,0.753268,1.02312,1.02144-1.17179e-05,0.147479,-0.194426,0.145151,-0.365475,0.101733,0,0
1481575301,73994083,0.491836,-1.1781,0.133787,-2.93215,2.00752,0.750888,1.02312,1.02144-3.19579e-06,0.109055,-0.217042,0.185038,-0.388884,0.0849282,0,0
1481575301,100000187,0.491836,-1.17425,0.137637,-2.93572,2.01586,0.749698,1.02312,1.02144-5.32632e-07,0.121909,-0.19557,0.142129,-0.420494,0.0849848,0,0
1481575301,125956768,0.492799,-1.17136,0.143412,-2.94048,2.02775,0.747318,1.02312,1.02144-0.0240617,0.147581,-0.192881,0.15164,-0.424419,0.0998656,0,0
1481575301,146018876,0.492799,-1.16943,0.148225,-2.94286,2.03489,0.746128,1.02312,1.02144-0.00601555,0.10908,-0.24072,0.12716,-0.373845,0.0844614,0,0
1481575301,174978693,0.493761,-1.16558,0.154,-2.94762,2.04679,0.743748,1.02312,1.02144-0.0248137,0.145987,-0.19853,0.14977,-0.418595,0.0849265,0,0
1481575301,200975328,0.493761,-1.16173,0.159775,-2.95238,2.05869,0.741368,1.02312,1.02144-0.00620357,0.156805,-0.194009,0.186192,-0.37239,0.0510058,0,0
1481575301,220970218,0.493761,-1.15981,0.163625,-2.95476,2.06583,0.740178,1.02312,1.02144-0.00155103,0.111386,-0.192873,0.135797,-0.390612,0.0424989,0,0
1481575301,246999648,0.493761,-1.15692,0.167475,-2.95833,2.07416,0.738988,1.02312,1.02144-0.000193878,0.122207,-0.192549,0.1806,-0.390936,0.0499336,0,0
1481575301,272987018,0.493761,-1.15307,0.17325,-2.96309,2.08606,0.736608,1.02312,1.02144-4.84695e-05,0.15086,-0.192514,0.1344,-0.365502,0.0422309,0,0
1481575301,298978503,0.493761,-1.15018,0.1771,-2.96547,2.0932,0.735418,1.02312,1.02144-5.85895e-06,0.127148,-0.192499,0.1358,-0.372924,0.0796476,0,0
1481575301,325018364,0.494724,-1.14633,0.182875,-2.97023,2.1051,0.734228,1.02312,1.02144-0.0240622,0.124171,-0.192502,0.1806,-0.418492,0.0397035,0,0
1481575301,350975371,0.494724,-1.14248,0.18865,-2.97499,2.11581,0.731848,1.02312,1.02144-0.00601555,0.151351,-0.192502,0.1344,-0.372364,0.0991684,0,0
1481575301,377023982,0.494724,-1.1396,0.1925,-2.97737,2.12414,0.730658,1.02312,1.02144-0.000752077,0.127203,-0.192498,0.16555,-0.388662,0.0421436,0,0
1481575301,396997680,0.494724,-1.13671,0.19635,-2.97975,2.13128,0.729468,1.02312,1.02144-0.000188019,0.152109,-0.192501,0.130637,-0.364906,0.04031,0,0
1481575301,422993917,0.494724,-1.13286,0.202124,-2.98451,2.14318,0.727088,1.02312,1.02144-4.68716e-05,0.158349,-0.192502,0.151659,-0.388742,0.039825,0,0
1481575301,448998381,0.494724,-1.12997,0.205012,-2.98689,2.15032,0.725898,1.02312,1.02144-5.85895e-06,0.128071,-0.144374,0.093332,-0.360955,0.0793469,0,0
1481575301,474990090,0.495686,-1.12612,0.210787,-2.99165,2.16222,0.724708,1.02312,1.02144-0.0240691,0.124286,-0.18648,0.130667,-0.387249,0.0396659,0,0
1481575301,501016117,0.495686,-1.12227,0.2156,-2.99641,2.17412,0.722328,1.02312,1.02144-0.00601715,0.151387,-0.166932,0.151666,-0.364553,0.039664,0,0
1481575301,521013696,0.495686,-1.11938,0.21945,-2.99879,2.18126,0.721138,1.02312,1.02144-0.00150415,0.158155,-0.186106,0.127167,-0.388627,0.0396635,0,0
1481575301,547008488,0.495686,-1.1165,0.2233,-3.00236,2.1884,0.719948,1.02312,1.02144-0.000188019,0.128053,-0.191703,0.14977,-0.360961,0.0793267,0,0
1481575301,572994063,0.495686,-1.11168,0.229074,-3.00712,2.2003,0.718758,1.02312,1.02144-4.68716e-05,0.12826,-0.192296,0.186192,-0.387729,0.0793267,0,0
1481575301,598981633,0.495686,-1.1088,0.231962,-3.01069,2.20744,0.717569,1.02312,1.02144-5.85895e-06,0.160416,-0.168415,0.186899,-0.360848,0.0396633,0,0
1481575301,624982910,0.495686,-1.10398,0.236774,-3.01545,2.21934,0.715188,1.02312,1.02144-5.32632e-07,0.164422,-0.165429,0.186987,-0.387242,0.07934,0,0
1481575301,650978406,0.495686,-1.10013,0.242549,-3.01902,2.23005,0.713998,1.02312,1.021440,0.11329,-0.185734,0.165746,-0.364565,0.019835,0,0
1481575301,671021519,0.495686,-1.09725,0.246399,-3.02259,2.23838,0.712808,1.02312,1.021440,0.172699,-0.19081,0.130687,-0.418391,0.0347063,0,0
1481575301,696981114,0.495686,-1.09436,0.249287,-3.02497,2.24552,0.711618,1.02312,1.021440,0.129865,-0.144163,0.135335,-0.364681,0.0787071,0,0
1481575301,722979418,0.495686,-1.08955,0.254099,-3.02973,2.25742,0.710428,1.02312,1.021440,0.12872,-0.180417,0.123083,-0.418419,0.0196768,0,0
1481575301,749020541,0.495686,-1.08666,0.257949,-3.03211,2.26456,0.709238,1.02312,1.021440,0.136398,-0.178956,0.134385,-0.364685,0.0768284,0,0
1481575301,774996616,0.496649,-1.08185,0.262762,-3.03687,2.27646,0.708048,1.02312,1.02144-0.0481233,0.137361,-0.166743,0.135798,-0.417443,0.0690986,0,0
1481575301,801009979,0.496649,-1.07704,0.268537,-3.04163,2.28717,0.706858,1.02312,1.02144-0.0120306,0.154649,-0.186059,0.152949,-0.372128,0.0172746,0,0
1481575301,821020885,0.496649,-1.07415,0.271424,-3.0452,2.29431,0.706858,1.02312,1.02144-0.00300777,0.134922,-0.190888,0.186987,-0.360786,0.0340662,0,0
1481575301,846988562,0.496649,-1.07126,0.274312,-3.04877,2.30264,0.705668,1.02312,1.02144-0.000376038,0.137174,-0.132142,0.186998,-0.387208,0.0340058,0,0
1481575301,873011063,0.496649,-1.06645,0.279124,-3.05353,2.31335,0.704479,1.02312,1.02144-9.37433e-05,0.130553,-0.129289,0.135999,-0.36457,0.0679965,0,0
1481575301,898994412,0.496649,-1.06356,0.282012,-3.05591,2.32168,0.703288,1.02312,1.02144-1.17179e-05,0.136627,-0.136473,0.16575,-0.417428,0.0680478,0,0

