0,0,-0.00102633,1.54361,-0.22266,-0.25783,-0.0910171,-0.0514274
0,0,0.0122726,1.61138,-0.321782,-0.297089,-0.116277,-0.0506492
0,0,-0.0293237,1.70473,-0.332944,-0.334337,-0.121796,-0.0547185
0,0,-0.123253,1.9102,-0.255447,-0.342183,-0.121043,-0.0646198
0,0,-0.0644633,2.04126,-0.280065,-0.349232,-0.129339,-0.0639157
0,0,-0.104868,2.10136,-0.335077,-0.37371,-0.143636,-0.0602162
0,0,-0.161121,2.08713,-0.359586,-0.378671,-0.138801,-0.051026
0,0,-0.156137,2.11701,-0.361498,-0.370881,-0.137066,-0.057922
0,0,-0.134085,2.13055,-0.336493,-0.375166,-0.156635,-0.0595652
0,0,-0.128382,2.19423,-0.38464,-0.394408,-0.14956,-0.059064
0,0,-0.126914,2.19859,-0.383608,-0.403779,-0.154032,-0.0606372
0,0,-0.105143,2.22128,-0.401035,-0.408562,-0.155946,-0.0534761
0,0,-0.119479,2.24071,-0.402467,-0.414007,-0.167199,-0.0603342
0,0,-0.132846,2.24427,-0.413938,-0.433679,-0.180926,-0.0605527
0,0,-0.139027,2.21251,-0.427632,-0.430062,-0.171459,-0.0607879
0,0,-0.137393,2.10409,-0.389574,-0.408715,-0.144643,-0.0622959
0,0,-0.144185,1.92517,-0.32061,-0.378081,-0.094636,-0.0659817
0,0,-0.113068,1.82201,-0.285834,-0.363999,-0.0935859,-0.0639786
0,0,-0.067874,1.75646,-0.2864,-0.348399,-0.0792743,-0.0629924
0,0,-0.0561569,1.7597,-0.289309,-0.340296,-0.0731508,-0.0631825
0,0,-0.0726949,1.72752,-0.298559,-0.338895,-0.0768886,-0.0586386
0,0,-0.0501607,1.74775,-0.320757,-0.332396,-0.0744254,-0.0599643
0,0,-0.0376569,1.73562,-0.319663,-0.340312,-0.0753106,-0.0607356
0,0,-0.0354107,1.73657,-0.313176,-0.336303,-0.0813475,-0.0593143
0,0,-0.0251042,1.74562,-0.30631,-0.340986,-0.0852707,-0.0570832
0,0,-0.0335813,1.73622,-0.304595,-0.346824,-0.0847196,-0.0547043
0,0,-0.0591056,1.73039,-0.278967,-0.345882,-0.0838239,-0.0552943
0,0,-0.0856719,1.72898,-0.282587,-0.342965,-0.0876946,-0.0543786
0,0,-0.0878966,1.72316,-0.275769,-0.343315,-0.0903827,-0.0558102
0,0,-0.0748633,1.72449,-0.272064,-0.339724,-0.0870903,-0.0556807
0,0,-0.0513327,1.7255,-0.262311,-0.33568,-0.0915445,-0.0602689
0,0,-0.0440967,1.70903,-0.267717,-0.335701,-0.0899753,-0.0673715
0,0,-0.0303204,1.70851,-0.270897,-0.334603,-0.0904966,-0.0684631
0,0,-0.0357844,1.7105,-0.285989,-0.337222,-0.0891715,-0.0635768
0,0,-0.0354028,1.7231,-0.292945,-0.339953,-0.0772974,-0.0601969
0,0,-0.0642671,1.72444,-0.301374,-0.346212,-0.0780319,-0.0609882
0,0,-0.0693105,1.7152,-0.294211,-0.350447,-0.0788411,-0.0573169
0,0,-0.0599043,1.70678,-0.287039,-0.339072,-0.0864657,-0.0556892
0,0,-0.0634082,1.70277,-0.273196,-0.330001,-0.0954358,-0.0534767
0,0,-0.0699932,1.69387,-0.267687,-0.334306,-0.0901031,-0.0557815
0,0,-0.0657902,1.70613,-0.260827,-0.340373,-0.0958498,-0.0635598
0,0,-0.0659469,1.69727,-0.256729,-0.337316,-0.0929945,-0.0667759
0,0,-0.0484128,1.6894,-0.260754,-0.336156,-0.0923063,-0.0672825
0,0,-0.0363968,1.71004,-0.294128,-0.33809,-0.0981165,-0.0554089
0,0,-0.0396106,1.70122,-0.285221,-0.339506,-0.097585,-0.0579178
0,0,-0.037993,1.69948,-0.279029,-0.336543,-0.099236,-0.0609052
0,0,-0.0561921,1.71801,-0.263327,-0.331269,-0.093595,-0.0586656
0,0,-0.0597223,1.71517,-0.269881,-0.328793,-0.0858124,-0.0691278
0,0,-0.0595774,1.69682,-0.263799,-0.319537,-0.0826082,-0.0675183
0,0,-0.0585029,1.67374,-0.25475,-0.320622,-0.0748031,-0.0669472
0,0,-0.0738978,1.68268,-0.259531,-0.319595,-0.0807201,-0.066976
0,0,-0.0802306,1.67893,-0.257701,-0.318152,-0.0885081,-0.0628269
0,0,-0.0825351,1.70214,-0.263602,-0.329831,-0.0889994,-0.0591847
0,0,-0.0715914,1.71176,-0.265429,-0.331578,-0.0913524,-0.0627923
0,0,-0.0581389,1.69325,-0.262428,-0.335393,-0.0880399,-0.060298
0,0,-0.0433541,1.69051,-0.281162,-0.331628,-0.0882039,-0.0603119
0,0,-0.0345591,1.69238,-0.273473,-0.332946,-0.0838984,-0.0641512
0,0,-0.0417525,1.69218,-0.263808,-0.326603,-0.092748,-0.0636063
0,0,-0.0365024,1.66956,-0.246754,-0.331404,-0.091201,-0.0614453
0,0,-0.055642,1.66392,-0.234781,-0.332501,-0.0879886,-0.0660021
0,0,-0.0579809,1.65661,-0.236715,-0.336445,-0.0883667,-0.0721285
0,0,-0.0618484,1.66799,-0.237528,-0.333965,-0.0875132,-0.0691154
0,0,-0.0611523,1.6737,-0.253576,-0.335119,-0.0896939,-0.0720116
0,0,-0.0488839,1.68518,-0.263946,-0.341504,-0.0883128,-0.0678044
0,0,-0.0481731,1.69452,-0.275287,-0.341681,-0.0957322,-0.0675279
0,0,-0.0625455,1.68621,-0.274259,-0.332119,-0.0925896,-0.0659203
0,0,-0.0479708,1.68246,-0.274528,-0.330803,-0.0906011,-0.0593635
0,0,-0.0501687,1.6703,-0.286891,-0.327185,-0.0934623,-0.0492106
0,0,-0.0545176,1.65132,-0.277097,-0.32972,-0.0912911,-0.0544816
0,0,-0.0585746,1.65374,-0.279349,-0.33262,-0.0895566,-0.0509858
0,0,-0.0538189,1.65655,-0.274444,-0.333046,-0.0911293,-0.051348
0,0,-0.0672542,1.62729,-0.263829,-0.328266,-0.0901329,-0.0553929
0,0,-0.0687256,1.64516,-0.261284,-0.331385,-0.0892448,-0.0609841
0,0,-0.0539141,1.63675,-0.266836,-0.327689,-0.0891143,-0.064592
0,0,-0.0470088,1.63922,-0.258835,-0.326365,-0.0981929,-0.0640779
0,0,-0.0488248,1.63835,-0.253011,-0.327261,-0.0986049,-0.057337
0,0,-0.0551661,1.65376,-0.266083,-0.328486,-0.0906476,-0.0581296
0,0,-0.0459287,1.65104,-0.250015,-0.326148,-0.0899451,-0.0625555
0,0,-0.0459782,1.64847,-0.250312,-0.329032,-0.0891034,-0.0564192
0,0,-0.0442812,1.65379,-0.25191,-0.322071,-0.0958197,-0.06134
0,0,-0.0604577,1.66374,-0.234205,-0.321849,-0.0930522,-0.0614293
0,0,-0.0679419,1.66824,-0.244667,-0.328297,-0.0988194,-0.0596447
0,0,-0.0689801,1.65373,-0.245361,-0.333746,-0.0974249,-0.0563722
0,0,-0.0758115,1.66054,-0.262165,-0.330335,-0.0999984,-0.0579634
0,0,-0.0724239,1.67071,-0.267669,-0.330754,-0.0975967,-0.0631634
0,0,-0.0676867,1.67173,-0.267132,-0.323989,-0.0873729,-0.0592136
0,0,-0.0631132,1.66834,-0.247828,-0.33174,-0.089753,-0.0663769
0,0,-0.057293,1.67937,-0.236536,-0.328814,-0.0883286,-0.0676196
0,0,-0.0511551,1.67381,-0.254749,-0.32641,-0.0884563,-0.068598
0,0,-0.049176,1.6636,-0.237411,-0.326202,-0.0887571,-0.064448
0,0,-0.041333,1.64344,-0.228443,-0.320707,-0.0880319,-0.0632919
0,0,-0.048283,1.63544,-0.230576,-0.323752,-0.0899784,-0.0646624
0,0,-0.0366932,1.63427,-0.239743,-0.320208,-0.0917016,-0.0698182
0,0,-0.0402462,1.64437,-0.240125,-0.318227,-0.0940434,-0.0673922
0,0,-0.0511035,1.66689,-0.239133,-0.323926,-0.092883,-0.0644352
0,0,-0.0527087,1.69015,-0.2453,-0.32402,-0.094591,-0.0637997
0,0,-0.0662394,1.68846,-0.255077,-0.334877,-0.097571,-0.0708139
0,0,-0.061054,1.68813,-0.25816,-0.333175,-0.101714,-0.0688523
0,0,-0.058079,1.69481,-0.230971,-0.332324,-0.106738,-0.0662794
0,0,-0.0656473,1.69205,-0.240033,-0.330955,-0.101411,-0.0656822
0,0,-0.0625573,1.69436,-0.243845,-0.324223,-0.0979223,-0.0654227
0,0,-0.0529833,1.69433,-0.250928,-0.323272,-0.0957443,-0.0703178
0,0,-0.0502187,1.67731,-0.224736,-0.326226,-0.0935242,-0.0718098
0,0,-0.042104,1.682,-0.238389,-0.326601,-0.0944819,-0.0752466
0,0,-0.0394627,1.67575,-0.239406,-0.326531,-0.0958899,-0.072096
0,0,-0.0426801,1.67038,-0.242253,-0.32538,-0.0966059,-0.068841
0,0,-0.0612732,1.68176,-0.26178,-0.331455,-0.098216,-0.0638916
0,0,-0.067575,1.69029,-0.28344,-0.329311,-0.100806,-0.0644529
0,0,-0.0578924,1.68706,-0.256233,-0.329853,-0.106672,-0.0595229
0,0,-0.0560311,1.69114,-0.249555,-0.327571,-0.106234,-0.063748
0,0,-0.0625793,1.70797,-0.253867,-0.332794,-0.102708,-0.0647499
0,0,-0.063339,1.70292,-0.255374,-0.334169,-0.0988241,-0.0646357
0,0,-0.0490712,1.69546,-0.250113,-0.322763,-0.103603,-0.0700443
0,0,-0.0507749,1.68057,-0.242613,-0.315365,-0.0929971,-0.0686224
0,0,-0.0640801,1.66403,-0.24039,-0.324875,-0.0991435,-0.0580496
0,0,-0.0736462,1.66364,-0.238277,-0.323249,-0.106723,-0.0571093
0,0,-0.0678969,1.6804,-0.236241,-0.331822,-0.107895,-0.0598516
0,0,-0.0782223,1.68549,-0.241477,-0.334437,-0.106793,-0.0618449
0,0,-0.0794833,1.67938,-0.242667,-0.336829,-0.106729,-0.0588174
0,0,-0.0748507,1.66373,-0.228379,-0.33962,-0.100862,-0.0604376
0,0,-0.0570852,1.64316,-0.246613,-0.332369,-0.101135,-0.0578863
0,0,-0.0501808,1.62149,-0.240421,-0.330172,-0.104445,-0.0529828
0,0,-0.0567192,1.62787,-0.230627,-0.327134,-0.0975733,-0.0538065
0,0,-0.0651873,1.63161,-0.224853,-0.32162,-0.102132,-0.0634078
0,0,-0.0824974,1.63131,-0.235187,-0.328759,-0.10043,-0.0629348
0,0,-0.0712043,1.6204,-0.255664,-0.346355,-0.0811701,-0.0585847
0,0,-0.0686696,1.42526,-0.148987,-0.338755,-0.0553022,-0.0572045
0,0,-0.0611394,1.17503,-0.10004,-0.277091,-0.0449611,-0.0581176
0,0,0.0948345,0.779596,-0.0550181,-0.171414,0.0144087,-0.0595833
0,0,0.167161,0.499839,0.0110979,-0.151146,0.0657129,-0.0653117
0,0,0.183472,0.361305,0.083492,-0.110123,0.093807,-0.0639812
0,0,0.19976,0.214496,0.0829534,-0.117776,0.0952942,-0.0613871
0,0,0.178185,0.215912,0.112127,-0.0907171,0.0993261,-0.0636727
0,0,0.181806,0.147243,0.0987359,-0.109534,0.0993638,-0.0655116
0,0,0.22384,0.1078,0.134793,-0.0835591,0.0758367,-0.0738114
0,0,0.255164,0.172172,0.0834164,-0.108582,0.0890616,-0.0874816
0,0,0.239241,0.105385,0.0887029,-0.0959629,0.0811188,-0.0961918
0,0,0.156678,0.168243,0.163149,-0.111929,0.0491073,-0.109214
0,0,0.125916,0.220228,0.182688,-0.0911396,0.0206181,-0.0931385
0,0,0.144178,0.137798,0.247408,-0.100251,-0.000186017,-0.0778569
0,0,0.18835,0.158349,0.298532,-0.0762772,-0.0153155,-0.0824724
0,0,0.197307,0.200922,0.282939,-0.117724,-0.01688,-0.0951746
0,0,0.198333,0.149171,0.378554,-0.097405,-0.0469411,-0.121038
0,0,0.194628,0.199935,0.333601,-0.119735,-0.0425439,-0.121889
0,0,0.18966,0.139411,0.403319,-0.0865462,-0.0547923,-0.107407
0,0,0.192681,0.0648274,0.425208,-0.107168,-0.0605895,-0.101123
0,0,0.177011,0.0556041,0.467873,-0.072999,-0.069994,-0.103549
0,0,0.157228,0.040511,0.40409,-0.101074,-0.0624595,-0.114698
0,0,0.167191,0.0858374,0.422239,-0.0760632,-0.0807673,-0.128509
0,0,0.126454,0.0706824,0.450241,-0.093561,-0.117357,-0.125832
0,0,0.160589,0.0148153,0.501556,-0.0669054,-0.108486,-0.101515
0,0,0.155856,0.00806527,0.513314,-0.0778156,-0.124311,-0.0987696
0,0,0.159069,-0.0276634,0.503142,-0.0791083,-0.125324,-0.119374
0,0,0.19177,-0.0329854,0.544726,-0.0751259,-0.12736,-0.128945
0,0,0.257162,-0.0469894,0.505954,-0.0543395,-0.120021,-0.118535
0,0,0.233058,-0.105988,0.653229,-0.050013,-0.170875,-0.0883114
0,0,0.152862,-0.0181967,0.624336,-0.059826,-0.183969,-0.115283
0,0,0.16628,-0.0203587,0.551288,-0.0823431,-0.176326,-0.131221
0,0,0.176097,-0.0540045,0.582965,-0.0716751,-0.168014,-0.124484
0,0,0.162296,-0.0676563,0.563532,-0.0690116,-0.163292,-0.107377
0,0,0.179987,-0.0420345,0.574512,-0.0543102,-0.177086,-0.103377
0,0,0.183868,-0.0982995,0.645396,-0.0381723,-0.194129,-0.137358
0,0,0.148653,-0.167682,0.619677,-0.081068,-0.187191,-0.137881
0,0,0.17349,-0.0227683,0.607912,-0.0575084,-0.184818,-0.119596
0,0,0.224667,-0.0561059,0.548556,-0.0688586,-0.168068,-0.125183
0,0,0.190671,-0.0574878,0.57289,-0.0538549,-0.166631,-0.145784
0,0,0.153696,-0.0907418,0.605763,-0.0643866,-0.188641,-0.140223
0,0,0.160106,-0.0119596,0.570823,-0.0595087,-0.16827,-0.121392
0,0,0.150511,-0.0467493,0.557383,-0.072961,-0.15747,-0.136681
0,0,0.122464,-0.0601184,0.594997,-0.0489159,-0.173716,-0.144874
0,0,0.145772,-0.127646,0.652084,-0.0429456,-0.192409,-0.123971
0,0,0.128267,-0.0586053,0.599364,-0.0438769,-0.193631,-0.117017
0,0,0.133362,-0.0386799,0.588881,-0.0667564,-0.190676,-0.1363
0,0,0.17879,0.0108324,0.574869,-0.0569236,-0.17888,-0.144196
0,0,0.144203,-0.0697328,0.599497,-0.0686612,-0.190256,-0.116649
0,0,0.144865,-0.103605,0.626287,-0.0427335,-0.197216,-0.129669
0,0,0.20243,-0.162666,0.546832,-0.0599566,-0.184886,-0.136274
0,0,0.206353,-0.125597,0.512036,-0.0587676,-0.184201,-0.121652
0,0,0.183266,-0.210584,0.557832,-0.0509322,-0.201648,-0.117386
0,0,0.142301,-0.118755,0.548797,-0.0414478,-0.209169,-0.141821
0,0,0.166497,-0.144824,0.518977,-0.0525877,-0.174922,-0.127187
0,0,0.130253,-0.14361,0.521269,-0.0752953,-0.180357,-0.11151
0,0,0.168999,-0.210297,0.565627,-0.0507196,-0.174995,-0.145815
0,0,0.204165,-0.178594,0.569392,-0.0633353,-0.16877,-0.145672
0,0,0.191214,-0.157796,0.567097,-0.0603949,-0.185543,-0.123617
0,0,0.17517,-0.218241,0.523636,-0.0647659,-0.196623,-0.141801
0,0,0.212376,-0.202539,0.488737,-0.0495078,-0.19743,-0.14011
0,0,0.250206,-0.280145,0.512443,-0.0478233,-0.183435,-0.119896
0,0,0.185122,-0.131389,0.410163,-0.0655633,-0.171547,-0.141615
0,0,0.181294,-0.115966,0.42733,-0.0614854,-0.183606,-0.131651
0,0,0.181967,-0.125194,0.408992,-0.0564633,-0.185744,-0.111798
0,0,0.16989,-0.173702,0.485837,-0.0458546,-0.189639,-0.136727
0,0,0.190306,-0.208899,0.447747,-0.0535346,-0.172016,-0.128583
0,0,0.217644,-0.130373,0.397484,-0.0541036,-0.161277,-0.124199
0,0,0.214396,-0.213021,0.446035,-0.0642498,-0.168059,-0.143663
0,0,0.163463,-0.286858,0.430483,-0.0495208,-0.176644,-0.122732
0,0,0.151044,-0.165205,0.37854,-0.070602,-0.179318,-0.12133
0,0,0.185037,-0.18795,0.350581,-0.0656865,-0.185402,-0.144408
0,0,0.185419,-0.258499,0.385222,-0.0473016,-0.196621,-0.128096
0,0,0.181199,-0.250157,0.455289,-0.0536921,-0.210042,-0.146547
0,0,0.242016,-0.209821,0.38074,-0.0496262,-0.203126,-0.120025
0,0,0.206271,-0.15503,0.31611,-0.0858199,-0.202028,-0.113028
0,0,0.217029,-0.148242,0.391627,-0.0424618,-0.201291,-0.139337
0,0,0.207046,-0.214443,0.39693,-0.0645505,-0.209241,-0.124429
0,0,0.212657,-0.16866,0.353529,-0.0569879,-0.183887,-0.139587
0,0,0.225739,-0.17287,0.349752,-0.0467679,-0.183031,-0.127977
0,0,0.22302,-0.269746,0.445402,-0.0465454,-0.181041,-0.123807
0,0,0.191546,-0.154412,0.267821,-0.0685214,-0.179802,-0.138623
0,0,0.157891,-0.0374382,0.235861,-0.0848787,-0.191525,-0.134726
0,0,0.161654,0.0532239,0.225238,-0.0942451,-0.198479,-0.130534
0,0,0.177065,0.0594349,0.209362,-0.0955561,-0.204539,-0.123139
0,0,0.191618,-0.0507571,0.256621,-0.0713041,-0.233644,-0.121805
0,0,0.195622,-0.117493,0.276852,-0.0385422,-0.242014,-0.113566
0,0,0.217314,-0.0656732,0.160642,-0.0497648,-0.234423,-0.0985508
0,0,0.214167,-0.0048211,0.183279,-0.0390195,-0.237118,-0.0914376
0,0,0.19311,0.00959607,0.164961,-0.0728088,-0.231276,-0.108369
0,0,0.180029,-0.0569232,0.286826,-0.0333986,-0.241334,-0.108187
0,0,0.209102,0.00805289,0.208159,-0.0550146,-0.237491,-0.0861501
0,0,0.211263,-0.0211468,0.270753,-0.0288866,-0.246254,-0.110214
0,0,0.202089,0.0076315,0.226465,-0.0536506,-0.23683,-0.106978
0,0,0.201857,-0.0257508,0.247496,-0.0334278,-0.246325,-0.0874674
0,0,0.204761,-0.133036,0.381642,-0.0146013,-0.264351,-0.105367
0,0,0.175286,-0.208855,0.375679,-0.0274472,-0.263796,-0.106875
0,0,0.182629,-0.0602481,0.309296,-0.0558805,-0.246372,-0.0939946
0,0,0.194561,-0.00652439,0.343332,-0.03158,-0.238539,-0.107594
0,0,0.157318,-0.110386,0.445685,-0.0160368,-0.259676,-0.108496
0,0,0.178564,-0.207922,0.403598,-0.00885138,-0.231003,-0.0979001
0,0,0.192482,-0.116636,0.342498,-0.0258071,-0.242409,-0.115751
0,0,0.196497,-0.0370328,0.344853,-0.0278154,-0.255817,-0.100033
0,0,0.18739,-0.114305,0.490305,0.00801537,-0.259033,-0.0914841
0,0,0.201261,-0.159687,0.498951,-0.00768319,-0.246141,-0.112608
0,0,0.178117,-0.118206,0.403892,-0.0141705,-0.252797,-0.0984685
0,0,0.13015,0.0242863,0.34104,-0.0537491,-0.255829,-0.085566
0,0,0.150529,-0.00890416,0.496865,0.0065888,-0.27869,-0.108629
0,0,0.183223,-0.100588,0.411241,-0.00575105,-0.251472,-0.0894381
0,0,0.183639,-0.0479376,0.375727,-0.00890931,-0.251208,-0.0939948
0,0,0.141292,-0.0992084,0.402021,-0.0297673,-0.260099,-0.113636
0,0,0.145382,-0.0544577,0.559705,0.0141855,-0.268864,-0.0913124
0,0,0.170769,-0.0274368,0.496047,7.50162e-05,-0.25196,-0.0910193
0,0,0.188567,-0.165075,0.476114,-0.00295816,-0.24288,-0.106843
0,0,0.195485,-0.0663603,0.43111,0.00999802,-0.243692,-0.0921565
0,0,0.202438,-0.0791859,0.551587,0.00415826,-0.257147,-0.08316
0,0,0.134929,0.0127388,0.567408,0.0165789,-0.254646,-0.111082
0,0,0.148871,-0.00880557,0.516376,-0.0154356,-0.258162,-0.113234
0,0,0.207958,0.0326533,0.447524,0.0012218,-0.230143,-0.0986087
0,0,0.198878,-0.0942452,0.570922,-0.00182603,-0.253765,-0.108904
0,0,0.140988,-0.0494082,0.642314,0.0285492,-0.246417,-0.113071
0,0,0.183224,0.0476164,0.535617,-0.0164134,-0.231868,-0.0913561
0,0,0.213598,-0.0816856,0.512776,0.00527081,-0.224865,-0.0972955
0,0,0.193944,-0.0900679,0.546717,-0.00942527,-0.220274,-0.111782
0,0,0.140363,0.00086407,0.602172,-0.0136051,-0.263092,-0.0909843
0,0,0.136763,0.0341275,0.607438,-0.011002,-0.253878,-0.0904818
0,0,0.153688,0.0622142,0.553357,-0.00948032,-0.233604,-0.112315
0,0,0.159016,0.0245051,0.554299,-0.0271699,-0.227762,-0.106915
0,0,0.160106,-0.0508799,0.660926,0.0264699,-0.246083,-0.0809866
0,0,0.164564,0.0726215,0.641402,0.0082519,-0.243405,-0.0753752
0,0,0.170917,0.0476145,0.611563,-0.0142447,-0.243715,-0.101651
0,0,0.161519,-0.012892,0.582584,-0.00565067,-0.24383,-0.0978016
0,0,0.159755,0.0136597,0.642275,-0.00197688,-0.259106,-0.0832344
0,0,0.145308,-0.0102691,0.654266,0.0104216,-0.255893,-0.0877642
0,0,0.148692,0.0629584,0.676007,0.0230924,-0.255981,-0.104207
0,0,0.149633,0.0294392,0.634905,-0.00546352,-0.235711,-0.110805
0,0,0.17006,0.0758443,0.562582,-0.0163631,-0.221905,-0.0798176
0,0,0.148427,0.0318326,0.655453,0.0149781,-0.247044,-0.0851649
0,0,0.160918,0.0324512,0.654836,0.0127779,-0.24419,-0.101112
0,0,0.147739,0.0883951,0.644879,0.0145655,-0.251985,-0.0983944
0,0,0.111978,0.0935113,0.624914,-0.00966783,-0.24926,-0.0850767
0,0,0.10666,0.163025,0.586635,-0.00771792,-0.216736,-0.0759392
0,0,0.150293,0.106267,0.688618,-0.0191485,-0.255186,-0.0977236
0,0,0.152685,0.170766,0.630882,-0.00154381,-0.244101,-0.098866
0,0,0.126985,0.171774,0.575716,-0.0348196,-0.262898,-0.0893016
0,0,0.129455,0.249623,0.535052,-0.0369962,-0.252143,-0.0831734
0,0,0.172038,0.35039,0.455853,-0.0587169,-0.239257,-0.0857752
0,0,0.16285,0.351573,0.513163,-0.043653,-0.250698,-0.10115
0,0,0.135038,0.441947,0.480053,-0.068017,-0.250931,-0.101333
0,0,0.0994549,0.430439,0.500425,-0.0798664,-0.259694,-0.0944844
0,0,0.121519,0.447604,0.445838,-0.110158,-0.246815,-0.0873455
0,0,0.145705,0.47898,0.379347,-0.105935,-0.248302,-0.0900962
0,0,0.144875,0.53831,0.384565,-0.113645,-0.227242,-0.0977774
0,0,0.141826,0.574499,0.45157,-0.0909487,-0.229686,-0.105752
0,0,0.114871,0.728245,0.387546,-0.10687,-0.241206,-0.100438
0,0,0.149467,0.765846,0.288708,-0.136938,-0.235735,-0.0847947
0,0,0.200411,0.872387,0.199958,-0.130848,-0.207792,-0.0788965
0,0,0.17642,0.956634,0.150334,-0.157763,-0.187746,-0.0991018
0,0,0.171845,0.97527,0.176841,-0.170118,-0.171813,-0.102363
0,0,0.138786,0.962354,0.183761,-0.1475,-0.186374,-0.102418
0,0,0.181584,0.845126,0.170377,-0.14556,-0.180062,-0.100182
0,0,0.211357,0.647702,0.204293,-0.110558,-0.187342,-0.0904473
0,0,0.191942,0.770625,0.0591806,-0.164244,-0.159083,-0.0849388
0,0,0.11623,1.4719,-0.105871,-0.283316,-0.199246,-0.0854751
0,0,0.101063,1.71936,-0.156199,-0.307508,-0.181696,-0.0839527
0,0,0.162319,1.87523,-0.278968,-0.324273,-0.173911,-0.0830864
0,0,0.235963,1.85733,-0.325004,-0.323985,-0.170699,-0.082544
0,0,0.221915,1.83004,-0.32128,-0.312723,-0.157485,-0.0806329
0,0,0.183393,1.92124,-0.27076,-0.300146,-0.156539,-0.0836995
0,0,0.157819,1.98144,-0.307009,-0.315284,-0.171763,-0.0926481
0,0,0.176349,2.01017,-0.35781,-0.333065,-0.161665,-0.0983992
0,0,0.103235,1.98475,-0.336413,-0.339029,-0.169509,-0.0977793
0,0,0.10075,1.96628,-0.295553,-0.329711,-0.173733,-0.101508
0,0,0.133868,2.00026,-0.330163,-0.338455,-0.175445,-0.0948736
0,0,0.128765,1.95051,-0.346902,-0.339448,-0.164285,-0.0882318
0,0,0.128607,1.91713,-0.298337,-0.3273,-0.169519,-0.0880524
0,0,0.201979,1.92811,-0.314993,-0.325884,-0.169327,-0.0922626
0,0,0.215112,1.90249,-0.340883,-0.332706,-0.164697,-0.0981167
0,0,0.15534,1.85583,-0.315216,-0.324716,-0.165884,-0.0971079
0,0,0.128868,1.83036,-0.287575,-0.317004,-0.166367,-0.0872006
0,0,0.138487,1.8132,-0.29739,-0.315255,-0.16147,-0.086665
0,0,0.10389,1.74647,-0.257766,-0.300715,-0.156144,-0.0898651
0,0,0.118669,1.70116,-0.224644,-0.290751,-0.158735,-0.090045
0,0,0.142708,1.67684,-0.21393,-0.299587,-0.158774,-0.0836673
0,0,0.170674,1.6734,-0.232097,-0.29792,-0.1556,-0.0932877
0,0,0.152811,1.70819,-0.233964,-0.30707,-0.160393,-0.102428
0,0,0.164734,1.7343,-0.240463,-0.307651,-0.155911,-0.0981831
0,0,0.148889,1.75519,-0.265578,-0.311579,-0.161748,-0.0943244
0,0,0.139183,1.7412,-0.255506,-0.307755,-0.169587,-0.0869896
0,0,0.138188,1.73447,-0.245609,-0.307018,-0.167058,-0.0893811
0,0,0.149246,1.70135,-0.250408,-0.305701,-0.167649,-0.0907365
0,0,0.161914,1.66915,-0.237634,-0.301657,-0.159569,-0.0922415
0,0,0.153696,1.62779,-0.201762,-0.278812,-0.158544,-0.0907956
0,0,0.174347,1.60471,-0.21415,-0.280548,-0.156948,-0.094255
0,0,0.182178,1.5864,-0.192087,-0.284772,-0.153765,-0.088178
0,0,0.176933,1.56927,-0.194775,-0.283013,-0.153575,-0.0923318
0,0,0.154356,1.57296,-0.18097,-0.286102,-0.153061,-0.0905045
0,0,0.15144,1.5876,-0.190512,-0.287805,-0.158395,-0.0936719
0,0,0.157721,1.59326,-0.191334,-0.287351,-0.163209,-0.0896753
0,0,0.143955,1.59288,-0.189096,-0.280771,-0.163671,-0.0945644
0,0,0.133217,1.58466,-0.155947,-0.273361,-0.161681,-0.0911384
0,0,0.145305,1.57392,-0.184439,-0.28699,-0.162429,-0.0918497
0,0,0.147103,1.56213,-0.184122,-0.294854,-0.161075,-0.0929787
0,0,0.140606,1.54491,-0.192806,-0.296986,-0.164727,-0.0964498
0,0,0.155636,1.54995,-0.204642,-0.287759,-0.165039,-0.0924019
0,0,0.14863,1.55182,-0.198494,-0.282746,-0.16013,-0.0854363
0,0,0.154923,1.55285,-0.179508,-0.283417,-0.164676,-0.0872849
0,0,0.149472,1.54212,-0.152931,-0.273861,-0.162991,-0.0915906
0,0,0.150236,1.54489,-0.150191,-0.271572,-0.162686,-0.0856318
0,0,0.13452,1.54966,-0.1524,-0.272491,-0.163831,-0.0866031
0,0,0.12499,1.5421,-0.148659,-0.270367,-0.166852,-0.0953424
0,0,0.129084,1.54871,-0.152386,-0.274422,-0.166727,-0.0964801
0,0,0.135568,1.54235,-0.170409,-0.276149,-0.169058,-0.0967186
0,0,0.146918,1.51973,-0.1625,-0.265635,-0.168912,-0.0985083
0,0,0.146273,1.50792,-0.149893,-0.269179,-0.164058,-0.0946302
0,0,0.165542,1.49437,-0.146308,-0.270177,-0.159414,-0.0940762
0,0,0.17307,1.48425,-0.143332,-0.272577,-0.159604,-0.0917961
0,0,0.158302,1.49011,-0.150485,-0.272056,-0.160366,-0.0863255
0,0,0.148817,1.50174,-0.157178,-0.277438,-0.160663,-0.0829067
0,0,0.156445,1.49995,-0.153624,-0.279256,-0.156381,-0.0823238
0,0,0.152076,1.48639,-0.144734,-0.268825,-0.162057,-0.0939443
0,0,0.14244,1.48934,-0.153497,-0.26688,-0.15719,-0.0942708
0,0,0.149977,1.48806,-0.150553,-0.259147,-0.1644,-0.0957081
0,0,0.163529,1.48411,-0.136542,-0.261856,-0.167124,-0.0958427
0,0,0.166721,1.48704,-0.125398,-0.268173,-0.161488,-0.0866942
0,0,0.16645,1.48066,-0.134198,-0.271921,-0.162506,-0.0862474
0,0,0.171084,1.47602,-0.130452,-0.270399,-0.164633,-0.0929772
0,0,0.153517,1.46297,-0.13091,-0.265785,-0.163855,-0.0954717
0,0,0.151657,1.44981,-0.119654,-0.262447,-0.161994,-0.0960046
0,0,0.138408,1.45058,-0.139694,-0.258826,-0.165241,-0.0941218
0,0,0.123179,1.44988,-0.127338,-0.252549,-0.160332,-0.0939691
0,0,0.121997,1.45322,-0.122335,-0.262467,-0.162322,-0.094315
0,0,0.140052,1.45667,-0.11522,-0.262751,-0.167181,-0.0921979
0,0,0.14983,1.46051,-0.127029,-0.262761,-0.171086,-0.0977708
0,0,0.138332,1.47204,-0.106084,-0.264891,-0.165788,-0.0886767
0,0,0.154365,1.46023,-0.132403,-0.26772,-0.165641,-0.0936138
0,0,0.16628,1.46135,-0.14275,-0.265326,-0.165603,-0.0921471
0,0,0.153594,1.46996,-0.138982,-0.264976,-0.166317,-0.0942731
0,0,0.14486,1.47795,-0.14027,-0.266807,-0.164246,-0.0991109
0,0,0.136343,1.46681,-0.126241,-0.270142,-0.156082,-0.0961297
0,0,0.121578,1.46287,-0.131405,-0.268751,-0.161366,-0.09292
0,0,0.127472,1.45366,-0.123343,-0.264095,-0.161427,-0.0938198
0,0,0.138211,1.47179,-0.127562,-0.264596,-0.163301,-0.0938663
0,0,0.141381,1.46261,-0.129062,-0.265569,-0.158289,-0.0895216
0,0,0.139756,1.45657,-0.136071,-0.262149,-0.161474,-0.0858015
0,0,0.15026,1.45489,-0.140982,-0.260419,-0.161442,-0.0866955
0,0,0.153026,1.43701,-0.121567,-0.258977,-0.156843,-0.0812219
0,0,0.158245,1.44976,-0.107021,-0.25746,-0.158036,-0.0813418
0,0,0.157263,1.44929,-0.122249,-0.259688,-0.156327,-0.0890387
0,0,0.149012,1.46386,-0.123366,-0.26242,-0.157911,-0.085745
0,0,0.155766,1.49335,-0.132686,-0.268013,-0.156587,-0.0859866
0,0,0.158478,1.50553,-0.138618,-0.260295,-0.159936,-0.0903037
0,0,0.152609,1.52063,-0.143725,-0.267761,-0.15577,-0.0962841
0,0,0.15537,1.52258,-0.138158,-0.26026,-0.146542,-0.0913521
0,0,0.149977,1.5156,-0.135579,-0.265312,-0.14546,-0.0975675
0,0,0.162695,1.52428,-0.140777,-0.267478,-0.153354,-0.094078
0,0,0.156636,1.50824,-0.153604,-0.268855,-0.154266,-0.0929989
0,0,0.156232,1.51248,-0.130131,-0.263402,-0.15714,-0.0964011
0,0,0.157492,1.49446,-0.134648,-0.27028,-0.160758,-0.0955112
0,0,0.145561,1.49527,-0.154644,-0.26334,-0.153693,-0.0962014
0,0,0.156457,1.498,-0.169271,-0.261908,-0.149067,-0.0959088
0,0,0.143672,1.51224,-0.170365,-0.276772,-0.15782,-0.0918679
0,0,0.14977,1.50869,-0.168933,-0.28114,-0.160128,-0.0945837
0,0,0.156251,1.52032,-0.165775,-0.276581,-0.154139,-0.0907417
0,0,0.161164,1.54044,-0.16298,-0.269702,-0.161766,-0.101029
0,0,0.162097,1.54341,-0.176321,-0.274525,-0.165024,-0.10056
0,0,0.157607,1.53191,-0.165823,-0.274549,-0.168529,-0.101898
0,0,0.150487,1.53653,-0.153369,-0.275392,-0.170537,-0.0983483
0,0,0.157328,1.52371,-0.145638,-0.273854,-0.164254,-0.0935207
0,0,0.151982,1.51977,-0.150882,-0.265502,-0.160338,-0.0907653
0,0,0.1522,1.51893,-0.155826,-0.268784,-0.152798,-0.0913763
0,0,0.170423,1.53187,-0.149168,-0.262466,-0.145088,-0.0955649
0,0,0.16567,1.5587,-0.202957,-0.280179,-0.145852,-0.0966425
0,0,0.150874,1.67501,-0.29172,-0.303308,-0.143634,-0.0956768
0,0,0.0708554,1.77798,-0.303641,-0.320427,-0.171345,-0.0965084
0,0,0.0326175,1.99537,-0.419781,-0.363028,-0.137381,-0.0975031
0,0,0.0454688,1.84237,-0.517241,-0.394616,-0.147104,-0.0990764
0,0,0.0961839,1.74213,-0.501353,-0.380299,-0.139157,-0.097359
0,0,0.138054,1.59348,-0.423493,-0.346864,-0.103425,-0.0983988
0,0,0.0919095,1.40392,-0.235864,-0.286011,-0.14276,-0.1064
0,0,0.117376,1.25059,-0.184247,-0.24595,-0.117255,-0.116852
0,0,0.0930219,0.970854,-0.186534,-0.264026,-0.0975246,-0.123822
0,0,0.100787,0.837953,-0.0889396,-0.224411,-0.124052,-0.116203
0,0,0.0896829,0.619943,-0.0158823,-0.181551,-0.0909867,-0.110305
0,0,0.0927774,0.367846,0.0152143,-0.165817,-0.0691611,-0.101384
0,0,0.0620099,0.205527,0.103359,-0.126961,-0.0464255,-0.115559
0,0,0.0828086,0.176175,-0.0343133,-0.131629,-0.0306973,-0.126394
0,0,0.0748335,0.272979,-0.0414898,-0.157745,-0.0278963,-0.114405
0,0,0.0671874,0.222074,-0.00531216,-0.136297,-0.00760068,-0.104513
0,0,0.0404549,0.222957,-0.092932,-0.172459,0.0252322,-0.106215
0,0,0.0831869,0.311573,-0.0647281,-0.186497,0.000596592,-0.117071
0,0,0.0884457,0.277601,-0.048556,-0.153559,0.019926,-0.127767
0,0,0.0771688,0.219131,-0.158524,-0.181113,0.0455127,-0.107367
0,0,0.0532368,0.290212,-0.201858,-0.194904,0.0374693,-0.0914993
0,0,0.038708,0.236553,-0.181348,-0.160792,0.0330709,-0.101113
0,0,-0.000477356,0.315513,-0.279161,-0.200766,0.0671396,-0.131341
0,0,0.0426124,0.387666,-0.28598,-0.218161,0.0492905,-0.119242
0,0,0.0183068,0.277863,-0.303278,-0.19785,0.0636551,-0.0994307
0,0,0.0226201,0.335786,-0.355977,-0.218856,0.0992747,-0.108459
0,0,-0.0403452,0.363889,-0.36614,-0.222046,0.0843428,-0.115564
0,0,0.00041333,0.294573,-0.362781,-0.202037,0.0880939,-0.107913
0,0,-0.00656485,0.381351,-0.46972,-0.246643,0.0844905,-0.117374
0,0,-0.0424475,0.304619,-0.47365,-0.217464,0.105243,-0.136722
0,0,-0.0274772,0.407586,-0.523278,-0.256746,0.116778,-0.116696
0,0,0.0143246,0.345032,-0.480823,-0.233341,0.0945554,-0.112385
0,0,-0.0563735,0.35456,-0.511848,-0.228255,0.111513,-0.131856
0,0,-0.0407499,0.415214,-0.493531,-0.246513,0.085118,-0.0971122
0,0,-0.0292839,0.392244,-0.473279,-0.215355,0.113701,-0.117599
0,0,-0.0106296,0.476087,-0.607984,-0.268639,0.131047,-0.12635
0,0,-0.0538773,0.366438,-0.580599,-0.225759,0.100576,-0.100832
0,0,-0.0597743,0.413784,-0.581372,-0.236056,0.124775,-0.1288
0,0,-0.0579878,0.45529,-0.644502,-0.259296,0.11936,-0.101744
0,0,-0.0357943,0.411366,-0.589151,-0.262889,0.117752,-0.117594
0,0,-0.0652315,0.465905,-0.669068,-0.290032,0.12537,-0.104308
0,0,-0.075584,0.436854,-0.593329,-0.255024,0.110752,-0.115972
0,0,-0.0526085,0.396541,-0.595717,-0.269559,0.10482,-0.113773
0,0,-0.0684938,0.511606,-0.570736,-0.272213,0.112865,-0.125923
0,0,-0.0418839,0.361623,-0.46761,-0.239355,0.0961438,-0.107511
0,0,-0.0445395,0.425696,-0.526178,-0.263743,0.109198,-0.129757
0,0,-0.0443502,0.434609,-0.556952,-0.276869,0.0765499,-0.103187
0,0,-0.069287,0.296025,-0.445068,-0.237393,0.0658411,-0.119816
0,0,-0.0761264,0.451729,-0.609207,-0.265493,0.0941553,-0.117475
0,0,-0.0629416,0.367374,-0.60338,-0.266182,0.0880651,-0.106068
0,0,-0.0776706,0.344089,-0.497962,-0.252541,0.0750903,-0.142161
0,0,-0.0645947,0.393137,-0.545925,-0.276653,0.0950369,-0.115877
0,0,-0.0515169,0.326742,-0.619356,-0.293637,0.115147,-0.137399
0,0,-0.0323936,0.306124,-0.491042,-0.266166,0.0945257,-0.13542
0,0,-0.0783704,0.282228,-0.41941,-0.255097,0.0865446,-0.132931
0,0,-0.154935,0.307425,-0.473822,-0.275306,0.104929,-0.133265
0,0,-0.0966458,0.208373,-0.469287,-0.272184,0.0790835,-0.13029
0,0,-0.0906412,0.153228,-0.442973,-0.268914,0.0720061,-0.138935
0,0,-0.100026,0.247232,-0.330732,-0.246474,0.0326095,-0.145324
0,0,-0.0654627,0.207398,-0.348047,-0.24929,0.0388683,-0.15135
0,0,-0.0705073,0.142325,-0.280977,-0.2627,0.0308757,-0.14366
0,0,-0.021094,0.125294,-0.188338,-0.234193,-0.00749859,-0.137771
0,0,0.00181507,0.119747,-0.203704,-0.217198,-0.00696813,-0.139906
0,0,-0.00730042,0.0533379,-0.176227,-0.231602,-0.0236377,-0.12158
0,0,-0.00191455,0.0226915,-0.22223,-0.230138,-0.0225754,-0.132699
0,0,-0.0232598,0.019186,-0.152153,-0.226275,-0.0484694,-0.125737
0,0,-0.012584,0.115483,-0.147144,-0.22792,-0.0474866,-0.122767
0,0,0.0304618,0.0499988,-0.139768,-0.240157,-0.0284219,-0.114194
0,0,0.0079073,-0.0337494,-0.105708,-0.227629,-0.0432712,-0.097991
0,0,0.0610564,-0.0131065,-0.114598,-0.234209,-0.0445166,-0.0973494
0,0,0.0445951,-0.0175974,-0.104922,-0.240277,-0.0446765,-0.116983
0,0,0.0700337,-0.00405332,-0.0676605,-0.227036,-0.0612748,-0.145758
0,0,0.117359,0.0982613,0.0186536,-0.226561,-0.0820493,-0.149062
0,0,0.215231,0.0644149,-0.00909558,-0.203982,-0.0936102,-0.143104
0,0,0.283916,0.129646,-0.0244744,-0.193926,-0.114483,-0.148364
0,0,0.415067,0.112467,0.098129,-0.15256,-0.114832,-0.124942
0,0,0.369012,0.0472661,0.153738,-0.13393,-0.125255,-0.123131
0,0,0.31639,0.0717766,0.192759,-0.113942,-0.143212,-0.128619
0,0,0.349971,0.0630704,0.1468,-0.114698,-0.158574,-0.13627
0,0,0.353367,0.112403,0.147308,-0.101263,-0.151546,-0.126256
0,0,0.219262,0.209289,0.212346,-0.12996,-0.186187,-0.117381
0,0,0.249334,0.218262,0.175728,-0.139751,-0.180577,-0.119411
0,0,0.222822,0.151815,0.153032,-0.147352,-0.1602,-0.0986028
0,0,0.305861,0.25003,0.060282,-0.124594,-0.15374,-0.120701
0,0,0.310753,0.102325,0.122137,-0.0948199,-0.174473,-0.106327
0,0,0.207983,0.168773,0.0543637,-0.14334,-0.1587,-0.118459
0,0,0.190622,0.117331,0.0524621,-0.151884,-0.151769,-0.110808
0,0,0.199644,0.0737804,0.0870984,-0.116611,-0.155865,-0.113414
0,0,0.161485,0.172742,0.105191,-0.105596,-0.173008,-0.121628
0,0,0.182522,0.104009,0.0739229,-0.107099,-0.154873,-0.103174
0,0,0.19369,0.121222,0.264006,-0.0517249,-0.189108,-0.111939
0,0,0.175936,0.165189,0.183592,-0.0537312,-0.172808,-0.0970551
0,0,0.183857,0.152415,0.143228,-0.0683061,-0.179375,-0.115336
0,0,0.173965,0.118273,0.180978,-0.0809773,-0.191633,-0.0918082
0,0,0.141418,0.00431853,0.240758,-0.0576143,-0.214459,-0.0834623
0,0,0.171336,0.105261,0.16254,-0.0576981,-0.207814,-0.102902
0,0,0.148511,0.014621,0.220195,-0.0521847,-0.204058,-0.0832821
0,0,0.118418,0.132717,0.163692,-0.0749257,-0.211066,-0.105256
0,0,0.166276,0.144087,0.157253,-0.0417156,-0.195006,-0.110456
0,0,0.18868,-0.0590494,0.24699,-0.00823565,-0.219915,-0.0941634
0,0,0.120738,0.0219408,0.255394,-0.0459179,-0.209552,-0.110193
0,0,0.13429,0.112201,0.19012,-0.0740716,-0.205274,-0.117876
0,0,0.0820771,0.0324687,0.281567,-0.0515072,-0.232478,-0.101382
0,0,0.115436,0.0352915,0.281753,0.000585442,-0.234405,-0.0936044
0,0,0.118309,0.118726,0.19006,-0.0382145,-0.209306,-0.117146
0,0,0.16682,0.0113988,0.279697,-0.0234528,-0.224063,-0.109209
0,0,0.112825,0.0689784,0.329158,-0.00882204,-0.227731,-0.100231
0,0,0.151756,0.0658517,0.313163,-0.0123395,-0.232123,-0.118206
0,0,0.142086,0.0103903,0.41702,-0.018761,-0.238761,-0.115759
0,0,0.11081,0.0918857,0.342645,-0.0208418,-0.229366,-0.0890369
0,0,0.0702904,0.0890081,0.40853,-0.0234246,-0.240529,-0.105122
0,0,0.025445,0.110845,0.488695,-0.0348349,-0.23341,-0.101202
0,0,0.0871139,0.130895,0.432036,-0.0313266,-0.21288,-0.0841922
0,0,0.124086,0.127957,0.45185,0.00567981,-0.239963,-0.0964912
0,0,0.0564619,0.105207,0.491323,-0.0011452,-0.242052,-0.120173
0,0,0.0810797,0.103497,0.505637,-0.02939,-0.273791,-0.118193
0,0,0.156047,0.0811435,0.602477,-9.35504e-05,-0.260434,-0.100652
0,0,0.12852,0.0618986,0.60732,0.0102321,-0.279632,-0.107904
0,0,0.0933519,0.166566,0.420759,-0.0155469,-0.251556,-0.112776
0,0,0.115938,0.212708,0.404265,-0.0326037,-0.258343,-0.115134
0,0,0.0599329,0.143687,0.549343,-0.0106494,-0.268991,-0.10133
0,0,0.0691462,0.130982,0.519289,-0.00748813,-0.252563,-0.0912329
0,0,0.0591468,0.205958,0.531562,-0.018893,-0.273713,-0.0833144
0,0,0.100513,0.21677,0.574819,-0.012704,-0.269827,-0.0910537
0,0,0.0644602,0.205443,0.551691,-0.000396277,-0.283744,-0.102404
0,0,0.0915499,0.316882,0.511165,0.00727787,-0.283148,-0.100673
0,0,0.1589,0.237066,0.633086,0.00941725,-0.299595,-0.0902344
0,0,0.108343,0.226548,0.625522,0.00470917,-0.311566,-0.0836196
0,0,0.138669,0.308647,0.590281,0.0110259,-0.306813,-0.0760221
0,0,0.170754,0.287915,0.636893,0.034962,-0.33661,-0.100372
0,0,0.0987446,0.236103,0.685096,0.0111049,-0.323972,-0.119621
0,0,0.0688028,0.283871,0.663345,0.00439887,-0.307164,-0.114325
0,0,0.105263,0.149964,0.740336,0.039107,-0.307096,-0.096732
0,0,0.0990079,0.086779,0.696614,0.0234218,-0.268491,-0.0948836
0,0,0.04527,0.192265,0.607379,-0.0293589,-0.25417,-0.0895029
0,0,0.0658854,0.191399,0.643096,-0.0347273,-0.249358,-0.0925138
0,0,0.0825856,0.163422,0.695478,0.00646841,-0.230218,-0.102858
0,0,0.135829,0.218453,0.631546,-0.00662429,-0.240725,-0.108821
0,0,0.0771572,0.156994,0.691781,-0.0220792,-0.255457,-0.10544
0,0,0.12258,0.167014,0.716571,-0.00665339,-0.265731,-0.0925628
0,0,0.187547,0.190643,0.737648,0.00604415,-0.281425,-0.0977345
0,0,0.137482,0.274748,0.777603,0.00723265,-0.309135,-0.0960013
0,0,0.152806,0.168646,0.854749,0.0466864,-0.310169,-0.0980412
0,0,0.187894,0.0614736,0.833639,0.0342101,-0.32765,-0.102888
0,0,0.149034,0.111759,0.834616,0.01588,-0.311097,-0.114059
0,0,0.129333,0.0565657,0.842883,0.0198335,-0.336846,-0.115206
0,0,0.0795074,-0.0584518,0.77719,0.0172265,-0.301572,-0.107106
0,0,0.0660189,-0.0438355,0.726798,0.00848698,-0.297994,-0.0999053
0,0,0.0479266,0.0789304,0.580955,-0.0460661,-0.26593,-0.0943837
0,0,0.0662173,-0.0429512,0.684814,-0.0266959,-0.245485,-0.0967033
0,0,0.0340503,-0.121035,0.66363,-0.0269942,-0.219012,-0.097738
0,0,0.0483979,-0.0595888,0.599163,-0.058862,-0.20644,-0.0907432
0,0,0.133407,-0.0585881,0.686552,-0.0199678,-0.210145,-0.0932632
0,0,0.121036,0.0220346,0.635331,-0.0454377,-0.20973,-0.0946787
0,0,0.12252,0.000957165,0.592602,-0.0468979,-0.203711,-0.0959421
0,0,0.113158,-0.101776,0.678442,-0.0191101,-0.219225,-0.0997045
0,0,0.111796,0.00926668,0.662306,-0.0285537,-0.220843,-0.0970856
0,0,0.0950965,0.0765281,0.704392,-0.0219403,-0.232188,-0.102315
0,0,0.136291,0.0559078,0.741098,-0.0204783,-0.238107,-0.109226
0,0,0.137708,0.0399645,0.72128,-0.0226884,-0.231919,-0.107181
0,0,0.0989376,0.0113318,0.697466,-0.0292538,-0.239827,-0.0952387
0,0,0.0923589,0.0557492,0.71372,-0.0256022,-0.245058,-0.0968379
0,0,0.103308,0.111977,0.697243,-0.0269502,-0.243058,-0.091354
0,0,0.119335,0.0359858,0.690402,-0.0186091,-0.232658,-0.0926023
0,0,0.0938834,-0.0337066,0.71221,-0.0171141,-0.235215,-0.094643
0,0,0.0759546,0.00576053,0.718544,-0.0238173,-0.239856,-0.0960827
0,0,0.0784112,0.0435592,0.705807,-0.0241584,-0.243832,-0.100808
0,0,0.111799,0.0270785,0.715087,-0.0238101,-0.246356,-0.0998828
0,0,0.154363,-0.0117816,0.707042,-0.0146789,-0.235907,-0.0980373
0,0,0.131294,-0.0456691,0.703928,-0.00823965,-0.233851,-0.0961752
0,0,0.120703,0.0405352,0.718205,-0.00947095,-0.239756,-0.0987501
0,0,0.127364,0.0418206,0.71687,-0.0103484,-0.236193,-0.0961356
0,0,0.127609,0.00644743,0.700134,-0.0130497,-0.235471,-0.0947278
0,0,0.123164,0.00730436,0.696936,-0.0121294,-0.234438,-0.0922313
0,0,0.0854705,0.0464795,0.732028,-0.0145059,-0.233345,-0.0905552
0,0,0.0794932,0.0788113,0.717603,-0.0161046,-0.232474,-0.0964522
0,0,0.0909408,0.0379634,0.709203,-0.0119225,-0.229183,-0.103117
0,0,0.109,-0.0063076,0.702051,-0.00867136,-0.230623,-0.102915
0,0,0.105156,0.0445333,0.702459,-0.0173505,-0.242297,-0.102164
0,0,0.0892289,0.0600124,0.698286,-0.0196775,-0.241682,-0.0992318
0,0,0.0762118,0.0519835,0.69195,-0.024241,-0.238483,-0.0997848
0,0,0.0669811,0.0377769,0.678364,-0.0231836,-0.248008,-0.099873
0,0,0.0928967,0.0403976,0.706037,-0.014201,-0.241775,-0.0958452
0,0,0.0911056,0.0384874,0.706764,-0.0117812,-0.242157,-0.0930416
0,0,0.0841552,0.0487143,0.683254,-0.0159526,-0.240982,-0.0943088
0,0,0.082704,0.0275134,0.689575,-0.017764,-0.236592,-0.0941099
0,0,0.0940287,0.0186947,0.692029,-0.0137433,-0.239264,-0.0917044
0,0,0.0917148,0.0479438,0.701302,-0.0242364,-0.244287,-0.0918087
0,0,0.100181,0.0418431,0.699786,-0.0222843,-0.245075,-0.0927655
0,0,0.107439,0.0337055,0.702135,-0.0218425,-0.249073,-0.0945728
0,0,0.105261,0.0353541,0.682941,-0.0245721,-0.243245,-0.0937982
0,0,0.115231,0.042917,0.693626,-0.0267281,-0.24634,-0.0936538
0,0,0.0995029,0.0462205,0.705067,-0.0245209,-0.2455,-0.0936593
0,0,0.0919162,0.0432007,0.697588,-0.021679,-0.238341,-0.0970076
0,0,0.0924815,0.0179041,0.687189,-0.0233181,-0.236382,-0.0973597
0,0,0.0753919,0.0321423,0.692356,-0.0257094,-0.239253,-0.0992008
0,0,0.0861098,0.029049,0.670176,-0.0205603,-0.239932,-0.104714
0,0,0.0925273,0.012645,0.678435,-0.0191937,-0.240505,-0.111243
0,0,0.0776856,-0.00615333,0.695312,-0.0191251,-0.241189,-0.115268
0,0,0.0863944,-0.00699908,0.694028,-0.0193562,-0.238389,-0.10607
0,0,0.100544,0.0299995,0.701613,-0.0255837,-0.237098,-0.102505
0,0,0.105664,0.0336187,0.703073,-0.0266526,-0.231957,-0.101424
0,0,0.106457,0.032452,0.712316,-0.0242637,-0.229982,-0.0969911
0,0,0.102886,0.049861,0.711402,-0.021889,-0.23484,-0.0953956
0,0,0.100337,0.0446304,0.710368,-0.0141668,-0.239573,-0.0972872
0,0,0.0965811,0.0319286,0.700984,-0.0178146,-0.240027,-0.0959496
0,0,0.103997,0.0230366,0.682208,-0.0168535,-0.242071,-0.094807
0,0,0.109152,0.0146473,0.677372,-0.0158928,-0.241351,-0.0945372
0,0,0.109738,0.0172299,0.695174,-0.0205667,-0.242931,-0.100643
0,0,0.102603,0.0121572,0.698232,-0.019582,-0.244706,-0.100199
0,0,0.103091,0.0121685,0.693749,-0.0200489,-0.239335,-0.103087
0,0,0.097679,0.0267061,0.690567,-0.0210761,-0.23976,-0.100219
0,0,0.10026,0.039022,0.698601,-0.016966,-0.238469,-0.100698
0,0,0.0990133,0.0378995,0.716183,-0.0172041,-0.233147,-0.0988321
0,0,0.100706,0.0484126,0.711521,-0.0171154,-0.231165,-0.0986017
0,0,0.0987539,0.0349392,0.709213,-0.0180477,-0.230098,-0.0991247
0,0,0.102171,0.0483362,0.711849,-0.0115113,-0.2379,-0.0988315
0,0,0.11277,0.0425501,0.712224,-0.010705,-0.240563,-0.0947358
0,0,0.119463,0.0337423,0.727253,-0.0191153,-0.238705,-0.0911854
0,0,0.121782,0.0478626,0.718521,-0.0207596,-0.239854,-0.0917402
0,0,0.109622,0.0314423,0.715012,-0.0194136,-0.243896,-0.101834
0,0,0.106728,0.0292592,0.70135,-0.0182585,-0.248105,-0.09414
0,0,0.0979159,0.0237433,0.697284,-0.0157558,-0.25152,-0.0977421
0,0,0.101383,0.0206106,0.692401,-0.0152367,-0.249797,-0.100135
0,0,0.123982,0.0229576,0.674994,-0.0125665,-0.238135,-0.103346
0,0,0.118073,0.0227877,0.68072,-0.00762658,-0.23936,-0.0999237
0,0,0.124842,0.0189167,0.690284,-0.00977772,-0.242964,-0.102827
0,0,0.110039,0.0273976,0.689433,-0.00413915,-0.244236,-0.0979413
0,0,0.104328,0.0347636,0.687394,-0.00639387,-0.241713,-0.0934652
0,0,0.110282,0.036329,0.688456,-0.00473221,-0.235773,-0.0983388
0,0,0.110662,0.0406819,0.699089,-0.0117072,-0.2338,-0.108905
0,0,0.10406,0.0310574,0.701907,-0.0107408,-0.241138,-0.106957
0,0,0.0950078,0.0230474,0.694006,-0.0121286,-0.236887,-0.103072
0,0,0.104501,0.0360477,0.689052,-0.0202258,-0.239996,-0.102138
0,0,0.106239,0.0544307,0.678263,-0.0238971,-0.241172,-0.102971
0,0,0.111968,0.0435246,0.669822,-0.0192375,-0.240674,-0.0983919
0,0,0.122867,0.0346669,0.662911,-0.0246823,-0.240789,-0.0965555
0,0,0.099251,0.045863,0.67165,-0.0233831,-0.24431,-0.0934243
0,0,0.0860513,0.0420955,0.685373,-0.0171943,-0.245811,-0.0968932
0,0,0.0861459,0.0423747,0.680658,-0.0202068,-0.243803,-0.0903576
0,0,0.0853337,0.0584427,0.69059,-0.0194339,-0.238497,-0.0947214
0,0,0.0955458,0.0529781,0.706513,-0.0264125,-0.236786,-0.0993028
0,0,0.111814,0.0584855,0.704148,-0.0193935,-0.236347,-0.107232
0,0,0.111732,0.0450884,0.712205,-0.0169077,-0.239249,-0.110843
0,0,0.111343,0.0402088,0.703094,-0.0210953,-0.236093,-0.109614
0,0,0.109968,0.0520481,0.710879,-0.0182152,-0.239572,-0.105515
0,0,0.121619,0.050762,0.705836,-0.0209548,-0.232335,-0.106673
0,0,0.12838,0.0388732,0.696493,-0.0174951,-0.235432,-0.10306
0,0,0.108567,0.0517384,0.686693,-0.0195995,-0.232048,-0.106666
0,0,0.0938691,0.0456284,0.683646,-0.0199465,-0.231522,-0.103775
0,0,0.0925821,0.0258779,0.684147,-0.0224684,-0.229662,-0.101681
0,0,0.0875883,0.0352851,0.684923,-0.0193278,-0.227838,-0.100275
0,0,0.0790347,0.0246506,0.694358,-0.0241349,-0.22333,-0.0985113
0,0,0.084523,0.0333779,0.693564,-0.0215803,-0.221734,-0.098149
0,0,0.0976124,0.033459,0.704158,-0.0298874,-0.228525,-0.0993085
0,0,0.100894,0.035189,0.713616,-0.0305195,-0.23185,-0.0997008
0,0,0.108104,0.0333308,0.708366,-0.0246677,-0.228331,-0.0999647
0,0,0.104546,0.0296526,0.706832,-0.024183,-0.234462,-0.106759
0,0,0.111405,0.0307944,0.693953,-0.0253103,-0.237368,-0.100087
0,0,0.106895,0.0389148,0.677943,-0.0295319,-0.235081,-0.0998279
0,0,0.089466,0.0424566,0.685823,-0.0261255,-0.234025,-0.102628
0,0,0.0839446,0.050384,0.69834,-0.0272502,-0.237503,-0.101091
0,0,0.0970717,0.0672016,0.701825,-0.0187913,-0.233399,-0.0994836
0,0,0.0965915,0.0639478,0.692107,-0.00845226,-0.236124,-0.0986961
0,0,0.0912802,0.0457874,0.69907,-0.0158913,-0.23546,-0.1012
0,0,0.0746575,0.0382252,0.704698,-0.0161295,-0.234759,-0.101389
0,0,0.0740607,0.056414,0.696253,-0.0208151,-0.232828,-0.103263
0,0,0.0598143,0.0432928,0.692417,-0.0168648,-0.228133,-0.10326
0,0,0.0696888,0.0486686,0.702052,-0.0124283,-0.230722,-0.101709
0,0,0.0871231,0.0486451,0.714202,-0.0120851,-0.236156,-0.105632
0,0,0.0921093,0.0477642,0.696898,-0.0234793,-0.232894,-0.107615
0,0,0.0663512,0.0880954,0.68611,-0.0259906,-0.235088,-0.109233
0,0,0.0283961,0.0737307,0.728478,-0.0252166,-0.238374,-0.109376
0,0,-0.0174191,-0.0370294,0.777652,-0.0188126,-0.24378,-0.105716
0,0,-0.0042143,-0.000371574,0.717237,-0.0220161,-0.233354,-0.102027
0,0,0.0143893,0.12323,0.625711,-0.0556207,-0.230785,-0.0978441
0,0,-0.0363865,0.0844548,0.688316,-0.0254163,-0.249527,-0.0938957
0,0,-0.0526289,0.0113208,0.733934,-0.0133809,-0.266345,-0.0973121
0,0,0.0595813,0.0466677,0.606167,-0.0506408,-0.237961,-0.104928
0,0,0.0784312,-0.0475996,0.712638,-0.0298879,-0.258592,-0.106998
0,0,0.0470431,-0.0335966,0.64841,-0.0484987,-0.240646,-0.109977
0,0,0.053773,0.0493013,0.665799,-0.0445846,-0.241098,-0.106324
0,0,0.039498,-0.0370612,0.731486,-0.0285548,-0.250408,-0.101497
0,0,-0.00595166,-0.0233761,0.70064,-0.0405031,-0.240434,-0.102225
0,0,0.048069,0.0369918,0.686077,-0.0542146,-0.244354,-0.0956169
0,0,0.0428754,-0.0175515,0.701915,-0.0520124,-0.247025,-0.090588
0,0,-0.0451984,0.0247008,0.692615,-0.0499068,-0.246326,-0.0916132
0,0,0.0207977,0.0663757,0.658127,-0.0528613,-0.245068,-0.0983548
0,0,0.021399,0.0512305,0.663333,-0.0667601,-0.23229,-0.100581
0,0,-0.0129906,0.0414586,0.678633,-0.0619968,-0.229392,-0.1066
0,0,0.0829108,0.0543347,0.650498,-0.0495927,-0.218715,-0.104371
0,0,0.0623597,0.0139372,0.649723,-0.0427562,-0.221523,-0.0971498
0,0,-0.00186991,-0.0173847,0.647695,-0.0430606,-0.226019,-0.100947
0,0,0.0137901,0.0268697,0.628428,-0.0529726,-0.220455,-0.103084
0,0,-0.00450432,0.0144325,0.62579,-0.0508547,-0.225075,-0.0996259
0,0,0.0357098,-0.0158256,0.610108,-0.0455586,-0.215828,-0.0943562
0,0,0.0069439,-0.0196891,0.590495,-0.0492253,-0.218321,-0.097821
0,0,-0.0519002,0.0081733,0.602323,-0.052879,-0.221438,-0.0970788
0,0,0.0355075,0.0493273,0.611259,-0.049897,-0.221416,-0.100297
0,0,0.00942211,0.00143646,0.595643,-0.0526087,-0.211872,-0.102801
0,0,0.0356981,-0.0398441,0.577797,-0.0427363,-0.199819,-0.106463
0,0,0.0696228,-0.0214559,0.537623,-0.0547772,-0.195671,-0.102711
0,0,0.0333007,0.0454746,0.448379,-0.067559,-0.192081,-0.0991908
0,0,0.0345791,0.0323816,0.505242,-0.0577734,-0.209419,-0.0994246
0,0,0.0297324,0.00676758,0.547061,-0.0551662,-0.202714,-0.102627
0,0,0.000481813,-0.0133636,0.594251,-0.0420078,-0.2139,-0.104304
0,0,0.0466944,-0.0455048,0.632534,-0.0220073,-0.239128,-0.108831
0,0,0.0355172,-0.0372598,0.53312,-0.0526516,-0.222843,-0.108681
0,0,0.0152239,-0.00345753,0.59379,-0.0396715,-0.232763,-0.107269
0,0,0.048676,-0.023871,0.584769,-0.04907,-0.213643,-0.102223
0,0,0.0222886,-0.174166,0.650752,-0.034242,-0.206432,-0.0998787
0,0,0.0312801,-0.192711,0.605737,-0.0114502,-0.203795,-0.0969501
0,0,0.0784576,0.00259228,0.567467,-0.0237957,-0.213121,-0.0995285
0,0,0.0149874,0.0741206,0.556397,-0.0364153,-0.218848,-0.100895
0,0,0.0183806,0.00934125,0.548541,-0.0356138,-0.232744,-0.104732
0,0,0.0437096,-0.0717377,0.502228,-0.0336053,-0.229118,-0.102853
0,0,0.0436686,-0.079745,0.556174,-0.025077,-0.212664,-0.106908
0,0,0.0497211,-0.019335,0.550311,-0.0369189,-0.201506,-0.109112
0,0,-0.0187179,0.0471952,0.552959,-0.027842,-0.214689,-0.106261
0,0,0.0410168,-0.00307711,0.585097,-0.0163927,-0.227143,-0.106791
0,0,0.0304006,-0.16326,0.605471,-0.0103941,-0.258055,-0.111877
0,0,-0.0249746,-0.0931929,0.610785,-0.0217415,-0.241355,-0.110693
0,0,0.00516687,0.000863718,0.620454,-0.0286375,-0.230972,-0.109346
0,0,0.0360312,-0.037977,0.573218,-0.0314013,-0.215153,-0.106786
0,0,0.0119036,-0.154025,0.628464,-0.0234919,-0.225896,-0.102367
0,0,0.064915,-0.121994,0.579142,-0.025581,-0.225524,-0.108624
0,0,0.0616595,-0.0415486,0.534492,-0.0284702,-0.229055,-0.106459
0,0,0.0423302,-0.0392853,0.592511,-0.0284006,-0.224129,-0.10685
0,0,0.0607256,-0.0930386,0.566633,-0.015094,-0.212334,-0.101072
0,0,0.00182812,-0.0712871,0.558818,-0.0358949,-0.212623,-0.10958
0,0,0.00380953,-0.081002,0.584225,-0.0250366,-0.25396,-0.109078
0,0,0.0575023,-0.0244534,0.622828,-0.0314348,-0.249685,-0.111055
0,0,0.0241446,-0.0787036,0.602272,-0.0335918,-0.230807,-0.114885
0,0,-0.0239619,-0.0565908,0.586167,-0.0424082,-0.227031,-0.112884
0,0,0.07319,-0.0561241,0.564349,-0.0443585,-0.243828,-0.114431
0,0,0.0382598,-0.0650676,0.546033,-0.0375838,-0.244777,-0.110694
0,0,0.063458,0.00276947,0.535976,-0.0313519,-0.223659,-0.11412
0,0,0.0845852,0.00424639,0.499651,-0.0412061,-0.196654,-0.117284
0,0,0.0245296,-0.0870008,0.59425,-0.00508877,-0.225428,-0.117409
0,0,0.0239017,-0.109229,0.565551,-0.0254335,-0.230841,-0.116519
0,0,0.053914,-0.0488976,0.590132,-0.032567,-0.240833,-0.120211
0,0,0.0126555,-0.06532,0.548567,-0.0493593,-0.214189,-0.118919
0,0,0.00908981,-0.143445,0.541598,-0.0422008,-0.222424,-0.117492
0,0,0.0538446,-0.0965221,0.488661,-0.0657199,-0.223495,-0.117238
0,0,0.0228811,-0.0760596,0.494304,-0.0544072,-0.210706,-0.120102
0,0,-0.00630678,-0.0709563,0.53885,-0.0407788,-0.198507,-0.126906
0,0,0.0862636,-0.151441,0.534669,-0.0442411,-0.223949,-0.135453
0,0,0.0676051,-0.127002,0.560989,-0.0240962,-0.227245,-0.132636
0,0,0.0256584,-0.059129,0.562575,-0.0275415,-0.204908,-0.136871
0,0,0.0591458,-0.0310099,0.496296,-0.0409258,-0.209962,-0.138894
0,0,0.111764,-0.033494,0.491769,-0.0468229,-0.221598,-0.138349
0,0,0.0641162,-0.0245132,0.483441,-0.0531359,-0.216885,-0.133437
0,0,0.0656263,-0.111348,0.562797,-0.0279747,-0.227078,-0.123728
0,0,0.104693,-0.114241,0.575155,-0.0244966,-0.238399,-0.113096
0,0,0.0490749,-0.0975526,0.601095,-0.00651362,-0.261064,-0.106394
0,0,0.0173878,-0.0923777,0.53007,-0.0333395,-0.212306,-0.107817
0,0,0.0928316,-0.061295,0.512098,-0.0240017,-0.216831,-0.115744
0,0,0.0959841,-0.0179039,0.458922,-0.0436516,-0.231641,-0.112611
0,0,0.0652647,-0.0969502,0.506434,-0.0294774,-0.220303,-0.118625
0,0,0.0543395,-0.106903,0.539955,-0.0325225,-0.227112,-0.123825
0,0,0.057308,-0.0580811,0.534086,-0.0320143,-0.256876,-0.133291
0,0,0.0990133,-0.0535845,0.530311,-0.0252365,-0.228276,-0.129618
0,0,0.0769953,-0.0286588,0.428349,-0.0411956,-0.204259,-0.135955
0,0,0.0481648,-0.00341704,0.454064,-0.0175938,-0.23649,-0.136765
0,0,0.0414737,-0.101064,0.471242,-0.0242566,-0.214305,-0.127979
0,0,0.0269175,-0.101212,0.545782,-0.0357817,-0.223618,-0.125832
0,0,0.0733175,-0.0633518,0.52858,-0.0137792,-0.2383,-0.127241
0,0,0.0550848,-0.114784,0.478873,-0.0314906,-0.238063,-0.122122
0,0,0.0950706,-0.116471,0.439455,-0.0210832,-0.195899,-0.113206
0,0,0.124654,-0.116249,0.415317,-0.023132,-0.213979,-0.113058
0,0,0.0937711,-0.126151,0.487008,-2.07331e-05,-0.248873,-0.11793
0,0,0.136217,-0.0894335,0.508887,0.0117545,-0.220666,-0.127461
0,0,0.0790009,-0.0728745,0.489232,-0.0139928,-0.234255,-0.139079
0,0,0.103706,-0.106564,0.468472,-0.0175449,-0.264821,-0.130457
0,0,0.0900648,-0.0172811,0.356187,-0.056788,-0.230048,-0.128506
0,0,0.121234,-0.05571,0.383233,-0.0415394,-0.220626,-0.128704
0,0,0.116791,-0.0962734,0.403608,-0.00814428,-0.233486,-0.129492
0,0,0.0460801,-0.0898093,0.477806,-0.0185258,-0.257419,-0.110154
0,0,0.0835232,-0.0437799,0.481625,0.00668815,-0.241376,-0.110919
0,0,0.138614,-0.14586,0.39361,-0.00733262,-0.223761,-0.108809
0,0,0.103173,-0.0612838,0.334173,-0.0435957,-0.232366,-0.11855
0,0,0.117499,-0.0948942,0.353774,-0.0199245,-0.213669,-0.129563
0,0,0.0868221,-0.111792,0.36497,-0.0349643,-0.221789,-0.143523
0,0,0.099547,-0.0599367,0.434163,-0.00599747,-0.246026,-0.142873
0,0,0.0612424,-0.0810473,0.404692,-0.00293191,-0.247123,-0.143894
0,0,0.0318116,-0.0886708,0.348734,-0.0144387,-0.227725,-0.132814
0,0,0.0924175,-0.0497375,0.270678,-0.00956181,-0.211149,-0.12081
0,0,0.0996054,-0.109865,0.274658,-0.0241181,-0.235106,-0.118743
0,0,0.0897265,-0.0744219,0.337343,-0.0114299,-0.22599,-0.118178
0,0,0.0922229,-0.0932566,0.394704,-0.00743704,-0.212256,-0.121397
0,0,0.0769744,-0.183575,0.350651,-0.0203304,-0.237965,-0.139327
0,0,0.0918757,-0.161306,0.34332,-0.00449895,-0.235396,-0.143645
0,0,0.0764233,-0.087051,0.24946,-0.0228631,-0.197183,-0.145703
0,0,0.0811339,-0.0910917,0.239389,-0.0214391,-0.2071,-0.13479
0,0,0.111075,-0.0923455,0.273434,-0.0165721,-0.219712,-0.133969
0,0,0.071053,-0.0818627,0.326375,-0.0193119,-0.236427,-0.126922
0,0,0.0588816,-0.0485265,0.360534,-0.0208525,-0.224619,-0.12065
0,0,0.0891415,-0.113995,0.270196,-0.0415249,-0.199567,-0.121536
0,0,0.0886182,-0.0981737,0.270075,-0.0346307,-0.229687,-0.127058
0,0,0.0977168,-0.094383,0.234873,-0.0199348,-0.225773,-0.132282
0,0,0.089373,-0.111153,0.186608,-0.0337165,-0.192458,-0.145974
0,0,0.123573,-0.0783154,0.190358,-0.0415347,-0.167328,-0.149789
0,0,0.158312,-0.0791307,0.211447,-0.000807313,-0.179673,-0.147533
0,0,0.174715,-0.114618,0.248493,-0.00647276,-0.198107,-0.144386
0,0,0.193454,-0.0869624,0.151932,-0.0254561,-0.186277,-0.134094
0,0,0.17387,-0.0375155,0.21993,-0.0171621,-0.173282,-0.130292
0,0,0.145481,-0.0348425,0.0758234,-0.0459003,-0.147449,-0.118808
0,0,0.128015,-0.0305642,0.102112,-0.0489534,-0.155198,-0.119694
0,0,0.126404,-0.0465929,0.0686211,-0.05897,-0.171026,-0.129363
0,0,0.135706,0.0437688,0.145819,-0.0346045,-0.169178,-0.142551
0,0,0.128415,-0.00977444,0.145428,-0.0267226,-0.1638,-0.150803
0,0,0.124652,-0.0555553,0.193224,-0.0222994,-0.168888,-0.148823
0,0,0.104611,-0.0149755,0.106935,-0.025051,-0.171094,-0.145572
0,0,0.129698,0.0170877,0.126942,-0.0222659,-0.183836,-0.140626
0,0,0.149081,0.0271626,0.143974,-0.0261543,-0.181687,-0.137502
0,0,0.148074,-0.0346014,0.060761,-0.037099,-0.158641,-0.136391
0,0,0.156818,-0.0172784,0.0640908,-0.0575698,-0.136856,-0.122683
0,0,0.174952,-0.00969412,0.0449004,-0.0502701,-0.140283,-0.127639
0,0,0.138431,0.0641364,0.0280161,-0.0669021,-0.13788,-0.139103
0,0,0.130512,0.0211795,0.0606303,-0.0511079,-0.150657,-0.136142
0,0,0.150786,-0.000833822,0.00200928,-0.0586882,-0.142997,-0.139442
0,0,0.141329,-0.00382781,0.067738,-0.0551319,-0.150478,-0.142981
0,0,0.126719,0.0439868,-0.00815405,-0.0556017,-0.1324,-0.153337
0,0,0.158251,0.0400635,-0.00652074,-0.0553443,-0.130647,-0.149091
0,0,0.140403,0.0542874,0.0099503,-0.0601747,-0.125991,-0.147285
0,0,0.109384,-0.00970086,0.0835622,-0.0466525,-0.146125,-0.142643
0,0,0.132533,-0.0204727,0.059158,-0.0470888,-0.149475,-0.139305
0,0,0.123148,-0.0754515,0.0489119,-0.0496725,-0.159453,-0.137765
0,0,0.145919,-0.00795985,0.0260231,-0.0489345,-0.151759,-0.140629
0,0,0.132579,0.0485945,0.0295548,-0.0502721,-0.149321,-0.130759
0,0,0.10306,0.113905,0.01367,-0.0373318,-0.148569,-0.120157
0,0,0.15739,0.0830464,-0.0393165,-0.0527645,-0.138725,-0.125007
0,0,0.122309,0.0872215,-0.0236581,-0.0504803,-0.132561,-0.128844
0,0,0.141354,0.123302,-0.0117426,-0.046594,-0.120233,-0.129958
0,0,0.0984097,0.121924,-0.0379022,-0.0521729,-0.120506,-0.118819
0,0,0.102033,0.203668,-0.03343,-0.0490654,-0.121841,-0.123312
0,0,0.093288,0.162644,-0.105706,-0.0671593,-0.102456,-0.125749
0,0,0.110182,0.139525,-0.0701123,-0.0496144,-0.102935,-0.129467
0,0,0.086093,0.113017,-0.065035,-0.0493189,-0.101563,-0.131144
0,0,0.0960816,0.0300769,-0.0863139,-0.0509418,-0.0926106,-0.139346
0,0,0.151906,0.0773594,-0.0718865,-0.0460622,-0.0996618,-0.144171
0,0,0.121311,0.0238947,-0.0316295,-0.0539963,-0.105047,-0.134467
0,0,0.127676,0.116817,-0.052864,-0.0514141,-0.103174,-0.127133
0,0,0.107506,0.0725745,-0.00511461,-0.0408235,-0.122437,-0.129857
0,0,0.126645,0.0407603,-0.0314084,-0.0400431,-0.10444,-0.127216
0,0,0.144546,0.0279565,-0.0170216,-0.0392432,-0.110921,-0.127328
0,0,0.0760161,0.0667586,-0.000894342,-0.0522588,-0.129745,-0.135564
0,0,0.0795894,0.103133,0.00804303,-0.0440655,-0.127151,-0.131032
0,0,0.100084,0.0963675,-0.00173251,-0.046741,-0.12721,-0.12882
0,0,0.129196,0.0607891,0.0111087,-0.0476557,-0.125041,-0.124017
0,0,0.0901368,0.0609481,0.0254437,-0.0493646,-0.139121,-0.117693
0,0,0.098758,0.112175,0.0332566,-0.0521465,-0.145152,-0.123691
0,0,0.0754777,0.126277,0.0350183,-0.0602597,-0.148955,-0.128972
0,0,0.0918503,0.0453433,0.0385709,-0.0580401,-0.15647,-0.130777
0,0,0.0556619,0.0706634,0.0464386,-0.0551635,-0.158518,-0.126773
0,0,0.0754139,0.0924489,0.0459221,-0.053467,-0.167172,-0.124428
0,0,0.0725979,0.0409868,0.0930508,-0.0438841,-0.180614,-0.124433
0,0,0.0563392,0.053297,0.125794,-0.0378957,-0.186428,-0.12483
0,0,0.0419299,0.0141963,0.167272,-0.0377762,-0.196187,-0.128165
0,0,0.0484963,0.0308833,0.254565,-0.0237173,-0.210291,-0.120061
0,0,0.082975,0.0194079,0.19666,-0.0343471,-0.193518,-0.114113
0,0,0.0285422,-0.0125656,0.273459,-0.0321458,-0.210621,-0.1177
0,0,0.0695216,0.11863,0.220585,-0.0385964,-0.20513,-0.118051
0,0,0.0534017,0.0735203,0.24149,-0.0402315,-0.217949,-0.119952
0,0,0.0849728,0.0284006,0.249611,-0.0320912,-0.214847,-0.117687
0,0,0.0522161,0.0759341,0.230787,-0.0446461,-0.199879,-0.119337
0,0,0.0477554,0.0641472,0.262618,-0.0280792,-0.209034,-0.120102
0,0,0.0642857,0.0564036,0.192252,-0.0375862,-0.184563,-0.118764
0,0,0.0296537,0.0112122,0.238681,-0.0388729,-0.19539,-0.118455
0,0,0.0908412,0.060635,0.239241,-0.0413056,-0.186929,-0.1194
0,0,0.070329,0.0728292,0.255267,-0.0380205,-0.209967,-0.122994
0,0,0.0529172,0.0939024,0.224596,-0.0459195,-0.231035,-0.122813
0,0,0.0527755,0.050634,0.248061,-0.0385495,-0.230022,-0.125764
0,0,0.0586059,0.0206444,0.235323,-0.0457365,-0.216332,-0.114153
0,0,0.097711,0.00599254,0.283133,-0.0372067,-0.203926,-0.107569
0,0,0.11313,0.0296265,0.269263,-0.0452265,-0.204588,-0.103876
0,0,0.0609296,0.0526642,0.259105,-0.0599808,-0.210772,-0.0974229
0,0,0.120932,0.020163,0.310061,-0.0333396,-0.230775,-0.0897526
0,0,0.079964,-0.0250531,0.303529,-0.0355291,-0.238001,-0.0865247
0,0,0.0983494,0.0418811,0.32885,-0.0311254,-0.219121,-0.0932679
0,0,0.0788597,0.0380073,0.310041,-0.00546019,-0.223382,-0.0979232
0,0,0.109027,0.0292278,0.354435,-0.00532294,-0.234786,-0.105012
0,0,0.080333,0.0930235,0.31572,-0.0210544,-0.259709,-0.109192
0,0,0.0661512,0.0627235,0.373093,-0.0192004,-0.269759,-0.117084
0,0,0.0498721,0.0414372,0.327778,-0.0166292,-0.249833,-0.114767
0,0,0.116997,0.0595719,0.277133,-0.0342237,-0.215655,-0.10537
0,0,0.0698942,0.0656799,0.280525,-0.0469084,-0.221017,-0.1011
0,0,0.128216,0.166113,0.301094,-0.0395778,-0.2247,-0.0968798
0,0,0.143786,0.10799,0.334959,-0.0311917,-0.230619,-0.10944
0,0,0.133579,0.0606178,0.307722,-0.0297065,-0.199567,-0.110831
0,0,0.152565,0.0523815,0.372205,-0.00516144,-0.211668,-0.118145
0,0,0.114404,0.100054,0.36672,-0.0214761,-0.224034,-0.119546
0,0,0.143356,0.111144,0.346102,-0.0269301,-0.2314,-0.122716
0,0,0.121635,0.0722899,0.351533,-0.0204616,-0.214096,-0.121407
0,0,0.169345,0.0292681,0.341848,-0.0289198,-0.20567,-0.118578
0,0,0.17918,0.0182288,0.313259,-0.040738,-0.219372,-0.107051
0,0,0.157704,0.0829523,0.344009,-0.0365518,-0.223678,-0.101036
0,0,0.183049,0.114062,0.378097,-0.0245077,-0.210351,-0.108482
0,0,0.170857,0.101598,0.377198,-0.0116232,-0.204973,-0.127179
0,0,0.156409,0.0616042,0.39676,-0.0046612,-0.220808,-0.135204
0,0,0.166571,0.162026,0.366119,-0.0232533,-0.215941,-0.136871
0,0,0.167277,0.194797,0.363296,-0.0377191,-0.187186,-0.128666
0,0,0.144438,0.0639276,0.394195,-0.0242033,-0.19977,-0.115646
0,0,0.171266,0.055392,0.388996,-0.0452863,-0.214018,-0.108375
0,0,0.138111,0.16737,0.396585,-0.06321,-0.200296,-0.101091
0,0,0.129325,0.11404,0.444519,-0.0339743,-0.19723,-0.094977
0,0,0.155768,0.0849602,0.389371,-0.0469116,-0.208758,-0.0971717
0,0,0.177521,0.0541975,0.352854,-0.0389794,-0.209193,-0.0993653
0,0,0.210512,0.0972661,0.344158,-0.0277521,-0.189542,-0.109281
0,0,0.134336,0.162212,0.450665,-0.0318508,-0.196593,-0.11416
0,0,0.206257,0.117582,0.47247,-0.0202131,-0.215538,-0.112051
0,0,0.20632,0.0438069,0.460313,-0.0393351,-0.210895,-0.111778
0,0,0.169084,0.0811904,0.468304,-0.045805,-0.196118,-0.108651
0,0,0.148737,0.126666,0.431793,-0.0374104,-0.21041,-0.101062
0,0,0.130407,0.0799049,0.451057,-0.0416329,-0.224643,-0.0941194
0,0,0.212709,0.114874,0.480656,-0.0108128,-0.192133,-0.0913584
0,0,0.179185,0.0743194,0.488562,-0.0316137,-0.223361,-0.099529
0,0,0.197888,0.128146,0.53645,-0.023629,-0.238324,-0.0999547
0,0,0.191729,0.113272,0.543612,-0.0506463,-0.216239,-0.103657
0,0,0.221865,0.0853088,0.524269,-0.0490695,-0.204342,-0.117156
0,0,0.255079,0.0992967,0.452359,-0.0412396,-0.210698,-0.128211
0,0,0.231528,0.0791034,0.53154,-0.027492,-0.216652,-0.121431
0,0,0.226054,0.127613,0.550444,-0.0177207,-0.208179,-0.107399
0,0,0.218565,0.102114,0.572276,-0.0190323,-0.227233,-0.105254
0,0,0.231187,0.0550539,0.592948,-0.0245774,-0.22006,-0.0958597
0,0,0.220536,0.0773379,0.580246,-0.0343867,-0.196143,-0.100937
0,0,0.162302,0.115536,0.555511,-0.0606199,-0.221646,-0.0877638
0,0,0.232072,0.150106,0.597398,-0.0326696,-0.219761,-0.100177
0,0,0.169004,0.0712098,0.620008,-0.0384433,-0.201444,-0.102419
0,0,0.216349,0.104668,0.684106,-0.00718702,-0.220489,-0.107125
0,0,0.210791,0.0601877,0.662595,-0.0211075,-0.227436,-0.109777
0,0,0.161438,0.140232,0.596536,-0.052492,-0.215417,-0.109361
0,0,0.192572,0.118339,0.646141,-0.0378218,-0.215905,-0.114766
0,0,0.222415,0.0472149,0.682431,-0.0454458,-0.240194,-0.1133
0,0,0.214077,0.127305,0.650961,-0.0569819,-0.221465,-0.103683
0,0,0.190179,0.0958421,0.696097,-0.0320942,-0.219091,-0.0960483
0,0,0.200194,0.133675,0.662514,-0.0346698,-0.216579,-0.0894912
0,0,0.200177,0.109685,0.617893,-0.0284136,-0.239687,-0.0974711
0,0,0.231553,0.0735919,0.640119,-0.0147307,-0.204756,-0.100648
0,0,0.199055,0.143067,0.635773,-0.0362944,-0.214048,-0.0996486
0,0,0.199173,0.122761,0.68035,-0.0335706,-0.241767,-0.100352
0,0,0.186215,0.0644778,0.693395,-0.039917,-0.230611,-0.10521
0,0,0.191327,0.0512044,0.6944,-0.0502264,-0.214366,-0.104657
0,0,0.233488,0.086507,0.655206,-0.0208604,-0.233888,-0.117009
0,0,0.181755,0.137052,0.715396,-0.02783,-0.249069,-0.121893
0,0,0.220994,0.11612,0.729232,-0.013015,-0.226937,-0.124607
0,0,0.185578,0.0208424,0.766029,-0.0232271,-0.26052,-0.116889
0,0,0.168511,0.0837469,0.736411,-0.0353001,-0.278054,-0.108068
0,0,0.176475,0.0911037,0.797365,-0.00692692,-0.288142,-0.108484
0,0,0.118477,0.107987,0.718818,-0.0470048,-0.271483,-0.109071
0,0,0.115442,0.0546398,0.746355,-0.027641,-0.297603,-0.0995675
0,0,0.118881,0.0240557,0.76726,-0.0166031,-0.309529,-0.100903
0,0,0.176375,0.155743,0.754915,-0.0178674,-0.282083,-0.104914
0,0,0.147928,0.13591,0.773909,-0.0122159,-0.298229,-0.103287
0,0,0.134584,0.101811,0.773638,-0.0261987,-0.307404,-0.10399
0,0,0.141595,0.0905975,0.769539,-0.0344922,-0.316311,-0.102689
0,0,0.178885,0.104964,0.780578,-0.0320178,-0.297283,-0.0991989
0,0,0.203332,0.180066,0.777775,-0.0427689,-0.296908,-0.10606
0,0,0.170578,0.184105,0.81778,-0.0697153,-0.343699,-0.113421
0,0,0.171866,0.174808,0.834287,-0.0564315,-0.340385,-0.110468
0,0,0.156905,0.102427,0.843375,-0.0544839,-0.335503,-0.112776
0,0,0.116766,0.0832236,0.800263,-0.0488985,-0.334291,-0.120333
0,0,0.118991,0.170909,0.838168,-0.0320148,-0.365036,-0.115035
0,0,0.143816,0.172532,0.819777,-0.0363671,-0.359724,-0.116404
0,0,0.113993,0.0820533,0.819647,-0.0526699,-0.327131,-0.108595
0,0,0.0920656,0.0893307,0.820551,-0.0617439,-0.324174,-0.106548
0,0,0.107285,0.0938457,0.892318,-0.0502372,-0.349525,-0.109892
0,0,0.161864,0.152434,0.820824,-0.0482892,-0.360945,-0.109178
0,0,0.126998,0.0950348,0.855172,-0.0561743,-0.357961,-0.115647
0,0,0.0747818,0.0958137,0.826057,-0.0628674,-0.350743,-0.119377
0,0,0.0535814,0.0768686,0.883423,-0.0477126,-0.346855,-0.118478
0,0,0.135403,0.0328461,0.870346,-0.0238703,-0.329058,-0.116204
0,0,0.160361,0.00754653,0.780714,-0.0450568,-0.296863,-0.113518
0,0,0.106017,0.00737835,0.717165,-0.0448939,-0.278368,-0.115213
0,0,0.0539634,0.081746,0.677049,-0.0572203,-0.259673,-0.109683
0,0,0.0463654,0.113538,0.726484,-0.0551055,-0.268816,-0.108756
0,0,0.0787998,0.103084,0.693964,-0.0390951,-0.276554,-0.109868
0,0,0.117227,0.0544686,0.672406,-0.0429677,-0.277554,-0.108825
0,0,0.183805,-0.0386221,0.759817,-0.0316261,-0.288909,-0.107307
0,0,0.117398,0.0618123,0.766465,-0.0472237,-0.287185,-0.102717
0,0,0.0783222,0.119596,0.729958,-0.0542675,-0.269156,-0.0983064
0,0,0.118995,0.0563088,0.761847,-0.0548775,-0.274842,-0.104431
0,0,0.0890159,-0.0088967,0.743882,-0.0449375,-0.280916,-0.105947
0,0,0.051895,0.0431491,0.704558,-0.0429938,-0.293139,-0.108912
0,0,0.0734811,0.104162,0.735987,-0.0488804,-0.305553,-0.111935
0,0,0.06958,0.0734573,0.748963,-0.074136,-0.31309,-0.106262
0,0,0.0456891,0.0438146,0.751853,-0.0609011,-0.320474,-0.0986598
0,0,0.0810853,0.0481032,0.733434,-0.0629756,-0.310379,-0.109867
0,0,0.121109,0.0326092,0.73702,-0.0589079,-0.301242,-0.109533
0,0,0.0942523,-0.0466752,0.782572,-0.0451246,-0.30531,-0.102201
0,0,0.139298,-0.0108034,0.703064,-0.0538603,-0.271104,-0.104668
0,0,0.156151,-0.0205939,0.718154,-0.0500003,-0.271446,-0.100615
0,0,0.147957,-0.0179797,0.786309,-0.0334047,-0.300004,-0.100555
0,0,0.154577,0.0369518,0.716553,-0.051841,-0.294637,-0.0973681
0,0,0.136803,0.0115569,0.713826,-0.0521051,-0.294867,-0.109088
0,0,0.108035,-0.0312343,0.748896,-0.0474012,-0.296561,-0.114411
0,0,0.0946766,-0.0312735,0.771083,-0.0499715,-0.29674,-0.113414
0,0,0.0909418,0.00356823,0.796753,-0.047779,-0.301426,-0.108721
0,0,0.0393682,-0.0255693,0.797179,-0.0436636,-0.312774,-0.107123
0,0,0.0392174,-0.018907,0.821252,-0.0339051,-0.316258,-0.107781
0,0,0.0699758,0.0453969,0.773435,-0.0377992,-0.308382,-0.105707
0,0,0.0894395,0.0595583,0.756827,-0.0380178,-0.308007,-0.106542
0,0,0.101236,0.0310334,0.757841,-0.0356404,-0.312489,-0.100201
0,0,0.113837,0.00688779,0.767716,-0.0321663,-0.311043,-0.0972302
0,0,0.114583,-0.00592315,0.772358,-0.0321455,-0.305062,-0.103143
0,0,0.0885415,-0.00524784,0.750257,-0.0366644,-0.304075,-0.10315
0,0,0.078754,0.0187902,0.746091,-0.0414011,-0.307958,-0.104102
0,0,0.065449,0.0050569,0.748733,-0.0434987,-0.314436,-0.103802
0,0,0.0363198,-0.00929654,0.751786,-0.0397938,-0.316117,-0.106497
0,0,0.0392056,-0.0123412,0.767781,-0.0421382,-0.316125,-0.102035
0,0,0.0778414,-0.0061968,0.759133,-0.0362147,-0.308597,-0.109349
0,0,0.0959204,-0.0132818,0.757983,-0.0345982,-0.311408,-0.104875
0,0,0.095602,-0.0152311,0.760991,-0.0327283,-0.306955,-0.11015
0,0,0.0898442,-0.00215701,0.766687,-0.0316256,-0.301461,-0.113476
0,0,0.09595,0.00813392,0.764073,-0.0351222,-0.299568,-0.106444
0,0,0.0983145,0.00406333,0.750518,-0.0418702,-0.305106,-0.10297
0,0,0.0875846,0.00448596,0.7525,-0.0393847,-0.303027,-0.104487
0,0,0.0827253,0.0196995,0.755203,-0.0408356,-0.303078,-0.101432
0,0,0.0723599,0.0228914,0.762884,-0.0441922,-0.307901,-0.104361
0,0,0.0795056,0.00491727,0.763833,-0.0428282,-0.305334,-0.103877
0,0,0.092987,0.00886919,0.769457,-0.042526,-0.307271,-0.103806
0,0,0.0906726,0.00723983,0.775781,-0.0342467,-0.300553,-0.0975029
0,0,0.0865896,-0.00681579,0.783189,-0.0350139,-0.294179,-0.104176
0,0,0.0805704,-0.00616697,0.78772,-0.0398386,-0.292561,-0.101332
0,0,0.0918799,-0.0225224,0.781884,-0.0355101,-0.300876,-0.101919
0,0,0.0916216,-0.0277194,0.774075,-0.0343413,-0.308757,-0.105981
0,0,0.0860867,-0.0265315,0.76054,-0.0391339,-0.308339,-0.102233
0,0,0.0774519,-0.0292197,0.738313,-0.0395966,-0.310626,-0.104959
0,0,0.0781757,-0.0343158,0.756761,-0.0406398,-0.312246,-0.10996
0,0,0.084265,-0.0200014,0.752415,-0.0354131,-0.310145,-0.114771
0,0,0.0789435,-0.0210014,0.755657,-0.0386081,-0.316054,-0.105517
0,0,0.0681576,-0.0217152,0.758357,-0.0373407,-0.321266,-0.106819
0,0,0.0562581,-0.029608,0.770717,-0.0392459,-0.318556,-0.10571
0,0,0.0883005,-0.0241091,0.769675,-0.0362401,-0.313992,-0.105516
0,0,0.0818965,-0.0146834,0.775871,-0.0379926,-0.310521,-0.102599
0,0,0.0870633,-0.0134141,0.782938,-0.0390308,-0.308936,-0.102451
0,0,0.104099,-0.000151383,0.778942,-0.0385938,-0.300483,-0.108197
0,0,0.0952582,0.00336598,0.759675,-0.0382697,-0.29563,-0.103732
0,0,0.0795006,-0.00191083,0.746946,-0.0362436,-0.297544,-0.107979
0,0,0.0750223,0.00369202,0.762244,-0.036386,-0.299028,-0.108228
0,0,0.0640152,0.00615816,0.765162,-0.027991,-0.303347,-0.114947
0,0,0.0708132,0.0147785,0.766072,-0.0257732,-0.307854,-0.111306
0,0,0.0562431,0.0248191,0.761507,-0.0267742,-0.299859,-0.113162
0,0,0.0631665,0.0073735,0.764518,-0.0258402,-0.294358,-0.109566
0,0,0.070561,0.00525615,0.759304,-0.0327221,-0.303198,-0.111097
0,0,0.0863521,0.00106339,0.759301,-0.0364375,-0.302717,-0.112012
0,0,0.0738033,0.00413989,0.768244,-0.0375054,-0.304789,-0.113255
0,0,0.0839213,0.00516654,0.768767,-0.0314656,-0.296396,-0.110716
0,0,0.0872408,0.0156513,0.760299,-0.0319084,-0.295853,-0.110473
0,0,0.0908699,0.0202382,0.756987,-0.030882,-0.296804,-0.110817
0,0,0.083347,0.0157102,0.755573,-0.0353845,-0.301008,-0.108104
0,0,0.0703791,0.0100693,0.757022,-0.0341183,-0.305625,-0.10608
0,0,0.0700348,0.0170074,0.769048,-0.0355362,-0.307278,-0.105283
0,0,0.0784169,0.0075282,0.765331,-0.0291494,-0.3084,-0.104583
0,0,0.0557506,-0.00461319,0.750594,-0.0406919,-0.304094,-0.11424
0,0,0.0426794,0.00800308,0.763097,-0.0361779,-0.303974,-0.119409
0,0,0.0336301,0.0109811,0.769356,-0.0328818,-0.297487,-0.119614
0,0,0.0668341,0.00726516,0.785139,-0.034843,-0.294239,-0.110678
0,0,0.0806249,0.00919792,0.779782,-0.0336428,-0.290137,-0.107852
0,0,0.0768639,0.0106881,0.776398,-0.0385594,-0.289552,-0.107937
0,0,0.105498,0.0176445,0.79743,-0.0359343,-0.289914,-0.113848
0,0,0.125813,0.0159752,0.796249,-0.0410017,-0.28826,-0.112112
0,0,0.116146,0.00342823,0.784023,-0.0387209,-0.290313,-0.110501
0,0,0.0926466,-0.000283755,0.762416,-0.0402974,-0.298064,-0.108986
0,0,0.059426,-0.0120232,0.776896,-0.0363798,-0.30259,-0.099663
0,0,0.0543911,-0.0125752,0.775677,-0.0351679,-0.306208,-0.103121
0,0,0.0591329,-0.0273896,0.785796,-0.034921,-0.2997,-0.105356
0,0,0.059421,-0.0161632,0.78185,-0.0368267,-0.296728,-0.105626
0,0,0.0537594,-0.00811902,0.799451,-0.0347549,-0.299349,-0.113909
0,0,0.0632776,-0.00170946,0.787412,-0.0314584,-0.299459,-0.107781
0,0,0.0846654,-0.0165911,0.777567,-0.0340107,-0.29221,-0.107557
0,0,0.0880989,-0.0207503,0.772654,-0.038557,-0.294139,-0.114553
0,0,0.0907679,-0.0106627,0.760021,-0.0457753,-0.287467,-0.111391
0,0,0.0905983,-0.000630004,0.75388,-0.0421816,-0.289501,-0.111185
0,0,0.0748235,0.00138513,0.748334,-0.0457143,-0.296901,-0.109045
0,0,0.0687346,0.0259674,0.743306,-0.0526109,-0.305836,-0.113379
0,0,0.0702943,0.0334195,0.751035,-0.0571672,-0.312589,-0.11581
0,0,0.0570043,0.0355187,0.737579,-0.050587,-0.30923,-0.123558
0,0,0.0640675,0.0121593,0.756085,-0.0392374,-0.301762,-0.118138
0,0,0.0710565,-0.000899317,0.773385,-0.0397159,-0.301859,-0.115492
0,0,0.0685607,-0.0101706,0.781485,-0.0331451,-0.299966,-0.114485
0,0,0.0874636,-0.0028986,0.778082,-0.0353296,-0.302741,-0.107015
0,0,0.0849515,-0.0116889,0.796142,-0.0285903,-0.299671,-0.10532
0,0,0.0761147,-0.00785032,0.79627,-0.025195,-0.294386,-0.103675
0,0,0.0794454,0.00560503,0.761465,-0.0333784,-0.294444,-0.107296
0,0,0.0789477,0.00223737,0.760562,-0.0440331,-0.298461,-0.108718
0,0,0.073986,0.0197882,0.748762,-0.0467684,-0.301323,-0.108095
0,0,0.0785336,0.0184062,0.738725,-0.0440308,-0.302548,-0.106661
0,0,0.0687556,0.0224282,0.739048,-0.0465416,-0.301426,-0.107162
0,0,0.0793876,0.01797,0.732077,-0.0493252,-0.300675,-0.108767
0,0,0.0681986,0.0250477,0.741505,-0.0438514,-0.304501,-0.103735
0,0,0.0783617,0.0260722,0.767388,-0.0392805,-0.305142,-0.104884
0,0,0.0835146,0.00250224,0.769244,-0.0341617,-0.308448,-0.109994
0,0,0.0823565,-0.0140042,0.761998,-0.0331612,-0.312513,-0.107404
0,0,0.0665649,0.0110475,0.762709,-0.0337922,-0.304727,-0.110587
0,0,0.069674,0.0108473,0.754845,-0.0324501,-0.302855,-0.111798
0,0,0.0900543,0.00884716,0.746328,-0.0365097,-0.29829,-0.107537
0,0,0.0780236,-0.00106927,0.751089,-0.0325624,-0.297099,-0.100424
0,0,0.0797871,0.014252,0.750119,-0.0333935,-0.29744,-0.104175
0,0,0.0668921,0.0108999,0.738937,-0.0392454,-0.291567,-0.109097
0,0,0.0561191,-0.00128188,0.752005,-0.0429266,-0.2976,-0.115646
0,0,0.0585542,-0.0116283,0.742723,-0.0463001,-0.301354,-0.118254
0,0,0.062966,-0.0190389,0.746693,-0.0421239,-0.302688,-0.115138
0,0,0.0635101,-0.0226651,0.762755,-0.0392518,-0.305844,-0.107924
0,0,0.0582178,-0.00137921,0.762061,-0.0320834,-0.304647,-0.106257
0,0,0.0738143,0.00792909,0.764953,-0.0264268,-0.307426,-0.105876
0,0,0.090778,0.0101949,0.765013,-0.0360807,-0.306957,-0.111682
0,0,0.101388,0.00841529,0.744074,-0.0399963,-0.309963,-0.11521
0,0,0.089511,0.00429124,0.735683,-0.0473594,-0.282739,-0.116469
0,0,0.0751091,-0.0469933,0.763826,-0.0159985,-0.298655,-0.111445
0,0,0.068901,-0.144137,0.771497,-0.0170064,-0.26271,-0.10888
0,0,0.0938154,-0.274969,0.806041,-0.0180509,-0.249256,-0.11363
0,0,0.103379,-0.405514,0.727397,-0.0365604,-0.186824,-0.121224
0,0,0.128981,-0.354303,0.738609,-0.00796728,-0.204931,-0.127561
0,0,0.10256,-0.334599,0.665104,-0.0478429,-0.192854,-0.11529
0,0,0.12466,-0.274699,0.656339,-0.0371816,-0.197198,-0.103217
0,0,0.109997,-0.206643,0.601502,-0.0683728,-0.17699,-0.114123
0,0,0.132543,-0.197553,0.555449,-0.055997,-0.157374,-0.141424
0,0,0.115631,-0.192011,0.582968,-0.0474332,-0.180147,-0.114092
0,0,0.131312,-0.110094,0.522982,-0.0528158,-0.157807,-0.130257
0,0,0.155056,-0.101019,0.544507,-0.0536815,-0.163507,-0.144059
0,0,0.121064,-0.164467,0.599983,-0.0480706,-0.177332,-0.117662
0,0,0.0985004,-0.15569,0.548778,-0.0493131,-0.172046,-0.131271
0,0,0.107992,-0.0165566,0.473559,-0.0702458,-0.18081,-0.137137
0,0,0.109397,-0.0913272,0.512554,-0.042737,-0.168545,-0.128618
0,0,0.110944,-0.125346,0.477614,-0.0567336,-0.192895,-0.155687
0,0,0.155187,-0.0592812,0.468313,-0.0612754,-0.159884,-0.125988
0,0,0.182002,-0.0786998,0.463827,-0.0607483,-0.18382,-0.145424
0,0,0.134209,-0.0814276,0.553751,-0.0646996,-0.162976,-0.13847
0,0,0.149904,-0.0737007,0.423672,-0.0713866,-0.172589,-0.132947
0,0,0.187383,-0.0558335,0.433665,-0.0649177,-0.160932,-0.149762
0,0,0.15316,-0.120825,0.525438,-0.0389076,-0.199895,-0.137476
0,0,0.11632,0.00949011,0.418925,-0.0810186,-0.166687,-0.157343
0,0,0.124594,-0.0271995,0.404034,-0.100483,-0.17082,-0.133405
0,0,0.12471,-0.0866541,0.455246,-0.0469792,-0.161941,-0.153533
0,0,0.127378,-0.0633141,0.370297,-0.0514219,-0.13608,-0.131487
0,0,0.166571,-0.114308,0.412317,-0.022278,-0.143331,-0.153774
0,0,0.18025,-0.151341,0.39615,-0.0369845,-0.137391,-0.121206
0,0,0.178951,-0.144527,0.344871,-0.0693768,-0.164164,-0.149426
0,0,0.146004,-0.132089,0.349599,-0.0752343,-0.157277,-0.132958
0,0,0.170319,-0.12369,0.355612,-0.0433572,-0.175326,-0.157967
0,0,0.160538,-0.148184,0.300911,-0.0535008,-0.139219,-0.136582
0,0,0.149347,-0.156746,0.339136,-0.0257651,-0.171548,-0.147743
0,0,0.116156,-0.172059,0.317952,-0.058381,-0.171357,-0.124576
0,0,0.100386,-0.173685,0.429099,-0.0429778,-0.165805,-0.130307
0,0,0.109181,-0.157501,0.38848,-0.063931,-0.167627,-0.134252
0,0,0.107646,-0.165787,0.398272,-0.0689763,-0.190381,-0.137295
0,0,0.183286,-0.121044,0.413683,-0.0326953,-0.164645,-0.144947
0,0,0.114584,-0.0916009,0.23709,-0.0784199,-0.168726,-0.135887
0,0,0.139573,0.0199276,0.205423,-0.0801643,-0.182907,-0.150948
0,0,0.111376,0.20246,0.196706,-0.0906147,-0.186787,-0.161957
0,0,0.139536,0.250727,0.17729,-0.0688124,-0.170412,-0.152544
0,0,0.141889,0.267334,0.167622,-0.0875717,-0.181297,-0.150975
0,0,0.157294,0.282339,0.128438,-0.0852402,-0.207344,-0.132528
0,0,0.120489,0.137568,0.171702,-0.0851647,-0.233434,-0.11263
0,0,0.103918,0.196727,0.12336,-0.0579679,-0.237256,-0.100444
0,0,0.166106,0.333572,0.0826429,-0.0819191,-0.217274,-0.12081
0,0,0.155238,0.298383,0.126651,-0.0585474,-0.199122,-0.127109
0,0,0.126933,0.187459,0.159149,-0.0644408,-0.210539,-0.113725
0,0,0.100958,0.276928,0.107791,-0.0728558,-0.213039,-0.129373
0,0,0.134548,-0.0261024,0.292718,-0.0325856,-0.229311,-0.120163
0,0,0.0859816,-0.0562119,0.338311,-0.020273,-0.254556,-0.131592
0,0,0.146927,0.162041,0.174335,-0.039264,-0.197978,-0.12403
0,0,0.122569,0.150266,0.279118,-0.0149773,-0.241577,-0.127077
0,0,0.0810107,-0.0265804,0.379464,-0.00646564,-0.260524,-0.104928
0,0,0.0370847,0.143672,0.29574,-0.0419234,-0.23775,-0.111165
0,0,0.103768,-0.0562549,0.400252,-0.00330073,-0.263557,-0.0950108
0,0,0.089099,-0.0102343,0.344381,0.0147208,-0.212714,-0.104459
0,0,0.0536159,0.00878993,0.349094,-0.03361,-0.258236,-0.0888065
0,0,0.0841354,-0.0197074,0.432772,0.0113188,-0.250354,-0.0964944
0,0,0.136121,0.0291614,0.349618,-0.00183637,-0.221765,-0.0774899
0,0,0.100299,0.0617667,0.430544,-0.0149778,-0.227343,-0.105076
0,0,0.173048,-0.0151311,0.440667,0.0110543,-0.239452,-0.0916007
0,0,0.165266,0.064152,0.399,-0.00255825,-0.229478,-0.0985848
0,0,0.141602,0.0385816,0.44869,-0.0218721,-0.24103,-0.0826462
0,0,0.113567,-0.0850035,0.520082,0.00715358,-0.257733,-0.10111
0,0,0.156364,0.0296192,0.469161,-0.00256417,-0.219353,-0.100426
0,0,0.175603,0.0736335,0.511083,0.0268034,-0.248807,-0.103126
0,0,0.140207,-0.0179727,0.539109,0.00979752,-0.248665,-0.0948434
0,0,0.103074,0.106562,0.51251,-0.00249545,-0.256078,-0.0897229
0,0,0.0679938,0.0402358,0.5532,0.00210505,-0.256573,-0.0968628
0,0,0.0704194,-0.0150963,0.620409,0.0309507,-0.250215,-0.0779875
0,0,0.119891,0.0586496,0.538709,0.00632232,-0.200444,-0.0902305
0,0,0.158102,0.128749,0.537459,-0.000717869,-0.218967,-0.106482

