1481576039,947643117,0.496649,-1.04238,0.303187,-3.07733,2.37761,0.715188,1.029,1.02480,0.0960399,-0.0600101,0.0889842,-0.103824,0.0891203,0,0
1481576039,973657904,0.497611,-1.04046,0.305112,-3.07733,2.37999,0.712808,1.029,1.0248-0.0240617,0.08419,-0.0917235,0.025998,-0.102221,0.100383,0,0
1481576040,5660907,0.497611,-1.03854,0.307999,-3.07971,2.38118,0.711618,1.029,1.0248-0.00300777,0.0706779,-0.0956815,0.0478746,-0.0722723,0.0274216,0,0
1481576040,31653191,0.497611,-1.03757,0.308962,-3.07971,2.38118,0.710428,1.029,1.0248-0.000376038,0.0569581,-0.0600836,0.00598432,-0.00903398,0.0183015,0,0
1481576040,57652185,0.497611,-1.03757,0.309924,-3.07971,2.38118,0.710428,1.029,1.0248-9.37433e-05,0.0142395,-0.063151,0.00149608,-0.00225836,0.00457536,0,0
1481576040,83688196,0.497611,-1.03661,0.309924,-3.07971,2.38237,0.710428,1.029,1.0248-1.17179e-05,0.0499033,-0.00789361,0.00018701,-0.0300431,0.00057192,0,0
1481576040,109650974,0.497611,-1.03661,0.309924,-3.07971,2.38237,0.710428,1.029,1.0248-3.19579e-06,0.0124758,-0.0019734,4.67525e-05,-0.00751065,0.00014298,0,0
1481576040,135647963,0.497611,-1.03661,0.309924,-3.07971,2.38237,0.710428,1.029,1.0248-5.32632e-07,0.00155948,-0.000246609,5.84407e-06,-0.000939031,1.78725e-05,0,0
1481576040,161646797,0.497611,-1.03661,0.309924,-3.07971,2.38237,0.710428,1.029,1.02480,0.000194935,-3.08927e-05,7.30508e-07,-0.000117179,2.23406e-06,0,0
1481576040,187666988,0.497611,-1.03661,0.309924,-3.07971,2.38237,0.710428,1.029,1.02480,4.87337e-05,-7.45685e-06,1.82627e-07,-2.92948e-05,5.58516e-07,0,0
1481576040,209661558,0.497611,-1.03661,0.309924,-3.07971,2.38237,0.710428,1.029,1.02480,1.21834e-05,-2.13053e-06,4.56568e-08,-7.45685e-06,1.39629e-07,0,0
1481576040,229659614,0.497611,-1.03661,0.309924,-3.07971,2.38237,0.710428,1.029,1.02480,3.04585e-06,-5.32632e-07,1.14142e-08,-1.5979e-06,3.49072e-08,0,0
1481576040,249654294,0.497611,-1.03661,0.309924,-3.07971,2.38237,0.710428,1.029,1.02480,7.61463e-07,0,2.85355e-09,-5.32632e-07,8.72681e-09,0,0
1481576040,275649154,0.497611,-1.03661,0.309924,-3.07971,2.38237,0.710428,1.029,1.02480,9.51829e-08,0,3.56693e-10,0,1.09085e-09,0,0
1481576040,301657982,0.497611,-1.03661,0.309924,-3.07971,2.38237,0.710428,1.029,1.02480,1.18979e-08,0,4.45866e-11,0,1.36357e-10,0,0
1481576040,321647117,0.497611,-1.03661,0.309924,-3.07971,2.38237,0.710428,1.029,1.02480,2.97447e-09,0,1.11466e-11,0,3.40892e-11,0,0
1481576040,347650703,0.497611,-1.03661,0.309924,-3.07971,2.38237,0.710428,1.029,1.02480,7.43617e-10,0,2.7871e-12,0,8.52207e-12,0,0
1481576040,373659471,0.497611,-1.03661,0.309924,-3.07971,2.38237,0.710428,1.029,1.02480,9.29523e-11,0,3.48166e-13,0,1.06493e-12,0,0
1481576040,399642397,0.497611,-1.03661,0.309924,-3.07971,2.38237,0.710428,1.029,1.02480,2.32383e-11,0,8.70415e-14,0,2.66454e-13,0,0
1481576040,425682181,0.497611,-1.03661,0.309924,-3.07971,2.38237,0.710428,1.029,1.02480,2.90434e-12,0,1.06581e-14,0,3.28626e-14,0,0
1481576040,451685498,0.497611,-1.03661,0.309924,-3.07971,2.38237,0.710428,1.029,1.02480,3.63265e-13,0,1.77636e-15,0,4.44089e-15,0,0
1481576040,471673409,0.497611,-1.03661,0.309924,-3.07971,2.38237,0.710428,1.029,1.02480,9.05942e-14,0,0,0,8.88178e-16,0,0
1481576040,497666131,0.497611,-1.03661,0.309924,-3.07971,2.38237,0.710428,1.029,1.02480,2.30926e-14,0,0,0,0,0,0
1481576040,523671226,0.497611,-1.03661,0.309924,-3.07971,2.38237,0.710428,1.029,1.02480,2.66454e-15,0,0,0,0,0,0
1481576040,549678650,0.497611,-1.03661,0.309924,-3.07971,2.38237,0.710428,1.029,1.02480,8.88178e-16,0,0,0,0,0,0
1481576040,575656545,0.497611,-1.03661,0.309924,-3.07971,2.38237,0.710428,1.029,1.02480,0,0,0,0,0,0,0
1481576040,601646282,0.497611,-1.03661,0.309924,-3.07971,2.38237,0.710428,1.029,1.02480,0,0,0,0,0,0,0
1481576040,621653498,0.497611,-1.03661,0.309924,-3.07971,2.38237,0.710428,1.029,1.02480,0,0,0,0,0,0,0
1481576040,647654547,0.497611,-1.03661,0.309924,-3.07971,2.38237,0.710428,1.029,1.02480,0,0,0,0,0,0,0
1481576040,673660121,0.497611,-1.03661,0.309924,-3.07971,2.38237,0.710428,1.029,1.02480,0,0,0,0,0,0,0
1481576040,699665501,0.497611,-1.03661,0.309924,-3.07971,2.38237,0.710428,1.029,1.02480,0,0,0,0,0,0,0
1481576040,725657322,0.497611,-1.03661,0.309924,-3.07971,2.38237,0.710428,1.029,1.02480,0,0,0,0,0,0,0
1481576040,751618674,0.497611,-1.03661,0.309924,-3.07971,2.38237,0.710428,1.029,1.02480,0,0,0,0,0,0,0
1481576040,771675555,0.497611,-1.03661,0.309924,-3.07971,2.38237,0.710428,1.029,1.02480,0,0,0,0,0,0,0
1481576040,797651950,0.497611,-1.03661,0.309924,-3.07971,2.38237,0.710428,1.029,1.02480,0,0,0,0,0,0,0
1481576040,823710109,0.497611,-1.03661,0.309924,-3.07971,2.38237,0.710428,1.029,1.02480,0,0,0,0,0,0,0
1481576040,849648388,0.497611,-1.03661,0.309924,-3.07971,2.38237,0.710428,1.029,1.02480,0,0,0,0,0,0,0
1481576040,875646732,0.497611,-1.03661,0.309924,-3.07971,2.38237,0.710428,1.029,1.02480,0,0,0,0,0,0,0
1481576040,901650440,0.497611,-1.03661,0.309924,-3.07971,2.38237,0.710428,1.029,1.02480,0,0,0,0,0,0,0
1481576040,927675235,0.497611,-1.03661,0.309924,-3.07971,2.38237,0.710428,1.029,1.02480,0,0,0,0,0,0,0
1481576040,947654859,0.497611,-1.03661,0.309924,-3.07971,2.38237,0.710428,1.029,1.02480,0,0,0,0,0,0,0
1481576040,973672306,0.497611,-1.03661,0.309924,-3.07971,2.38237,0.710428,1.029,1.02480,0,0,0,0,0,0,0
1481576040,999643092,0.497611,-1.03661,0.309924,-3.07971,2.38237,0.710428,1.029,1.02480,0,0,0,0,0,0,0
1481576041,25658797,0.497611,-1.03661,0.309924,-3.07971,2.38237,0.710428,1.029,1.02480,0,0,0,0,0,0,0
1481576041,51678849,0.497611,-1.03661,0.309924,-3.07971,2.38237,0.710428,1.029,1.02480,0,0,0,0,0,0,0
1481576041,71685411,0.497611,-1.03661,0.309924,-3.07971,2.38237,0.710428,1.029,1.02480,0,0,0,0,0,0,0
1481576041,97637639,0.497611,-1.03661,0.309924,-3.07971,2.38237,0.710428,1.029,1.02480,0,0,0,0,0,0,0
1481576041,123642890,0.497611,-1.03661,0.309924,-3.07971,2.38237,0.710428,1.029,1.02480,0,0,0,0,0,0,0
1481576041,149658124,0.497611,-1.03661,0.309924,-3.07971,2.38237,0.710428,1.029,1.02480,0,0,0,0,0,0,0
1481576041,175652670,0.497611,-1.03661,0.309924,-3.07971,2.38237,0.710428,1.029,1.02480,0,0,0,0,0,0,0
1481576041,201696300,0.497611,-1.03661,0.309924,-3.07971,2.38237,0.710428,1.029,1.02480,0,0,0,0,0,0,0
1481576041,227630728,0.497611,-1.03661,0.309924,-3.07971,2.38237,0.710428,1.029,1.02480,0,0,0,0,0,0,0
1481576041,247645650,0.497611,-1.03661,0.309924,-3.07971,2.38237,0.710428,1.029,1.02480,0,0,0,0,0,0,0
1481576041,273652768,0.497611,-1.03661,0.309924,-3.07971,2.38237,0.710428,1.029,1.02480,0,0,0,0,0,0,0
1481576041,299648514,0.497611,-1.03661,0.309924,-3.07971,2.38237,0.710428,1.029,1.02480,0,0,0,0,0,0,0
1481576041,325822175,0.497611,-1.03661,0.309924,-3.07971,2.38237,0.710428,1.029,1.02480,0,0,0,0,0,0,0
1481576041,351677831,0.497611,-1.03661,0.309924,-3.07971,2.38237,0.710428,1.029,1.02480,0,0,0,0,0,0,0
1481576041,371655288,0.497611,-1.03661,0.309924,-3.07971,2.38237,0.710428,1.029,1.02480,0,0,0,0,0,0,0
1481576041,397648061,0.497611,-1.03661,0.309924,-3.07971,2.38237,0.710428,1.029,1.02480,0,0,0,0,0,0,0
1481576041,423689811,0.497611,-1.03661,0.309924,-3.07971,2.38237,0.710428,1.029,1.02480,0,0,0,0,0,0,0
1481576041,449669799,0.497611,-1.03661,0.309924,-3.07971,2.38237,0.710428,1.029,1.02480,0,0,0,0,0,0,0
1481576041,475646629,0.497611,-1.03661,0.309924,-3.07971,2.38237,0.710428,1.029,1.02480,0,0,0,0,0,0,0
1481576041,501659300,0.497611,-1.03661,0.309924,-3.07971,2.38237,0.710428,1.029,1.02480,0,0,0,0,0,0,0
1481576041,527660239,0.497611,-1.03661,0.309924,-3.07971,2.38237,0.710428,1.029,1.02480,0,0,0,0,0,0,0
1481576041,547640359,0.497611,-1.03661,0.309924,-3.07971,2.38237,0.710428,1.029,1.02480,0,0,0,0,0,0,0
1481576041,573668915,0.497611,-1.03661,0.309924,-3.07971,2.38237,0.710428,1.029,1.02480,0,0,0,0,0,0,0
1481576041,599638970,0.497611,-1.03661,0.309924,-3.07971,2.38237,0.710428,1.029,1.02480,0,0,0,0,0,0,0
1481576041,625655200,0.497611,-1.03661,0.309924,-3.07971,2.38237,0.710428,1.029,1.02480,0,0,0,0,0,0,0
1481576041,651668115,0.497611,-1.03661,0.309924,-3.07971,2.38237,0.710428,1.029,1.02480,0,0,0,0,0,0,0
1481576041,671640762,0.497611,-1.03661,0.309924,-3.07971,2.38237,0.710428,1.029,1.02480,0,0,0,0,0,0,0
1481576041,697679638,0.497611,-1.03661,0.309924,-3.07971,2.38237,0.710428,1.029,1.02480,0,0,0,0,0,0,0
1481576041,723680567,0.497611,-1.03661,0.309924,-3.07971,2.38237,0.710428,1.029,1.02480,0,0,0,0,0,0,0
1481576041,749641103,0.497611,-1.03661,0.309924,-3.07971,2.38237,0.710428,1.029,1.02480,0,0,0,0,0,0,0
1481576041,775650699,0.497611,-1.03661,0.309924,-3.07971,2.38237,0.710428,1.029,1.02480,0,0,0,0,0,0,0
1481576041,801675686,0.497611,-1.03661,0.309924,-3.07971,2.38237,0.710428,1.029,1.02480,0,0,0,0,0,0,0
1481576041,827669002,0.497611,-1.03661,0.309924,-3.07971,2.38237,0.710428,1.029,1.02480,0,0,0,0,0,0,0
1481576041,847666152,0.497611,-1.03661,0.309924,-3.07971,2.38237,0.710428,1.029,1.02480,0,0,0,0,0,0,0
1481576041,873696614,0.497611,-1.03661,0.309924,-3.07971,2.38237,0.710428,1.029,1.02480,0,0,0,0,0,0,0
1481576041,899660238,0.497611,-1.03661,0.309924,-3.07971,2.38237,0.710428,1.029,1.02480,0,0,0,0,0,0,0
1481576041,925653091,0.497611,-1.03661,0.309924,-3.07971,2.38237,0.710428,1.029,1.02480,0,0,0,0,0,0,0
1481576041,951670961,0.497611,-1.03661,0.309924,-3.07971,2.38237,0.710428,1.029,1.02480,0,0,0,0,0,0,0
1481576041,977640275,0.497611,-1.03661,0.309924,-3.07971,2.38237,0.710428,1.029,1.02480,0,0,0,0,0,0,0
1481576041,997637133,0.497611,-1.03661,0.309924,-3.07971,2.38237,0.710428,1.029,1.02480,0,0,0,0,0,0,0
1481576042,23672041,0.497611,-1.03661,0.309924,-3.07971,2.38237,0.710428,1.029,1.02480,0,0,0,0,0,0,0
1481576042,49656661,0.497611,-1.03661,0.309924,-3.07971,2.38237,0.710428,1.029,1.02480,0,0,0,0,0,0,0
1481576042,75651688,0.497611,-1.03661,0.309924,-3.07971,2.38237,0.710428,1.029,1.02480,0,0,0,0,0,0,0
1481576042,101656758,0.497611,-1.03661,0.309924,-3.07971,2.38237,0.710428,1.029,1.02480,0,0,0,0,0,0,0
1481576042,121643534,0.497611,-1.03661,0.309924,-3.07971,2.38237,0.710428,1.029,1.02480,0,0,0,0,0,0,0
1481576042,147648207,0.497611,-1.03661,0.309924,-3.07971,2.38237,0.710428,1.029,1.02480,0,0,0,0,0,0,0
1481576042,173667111,0.497611,-1.03661,0.309924,-3.07971,2.38237,0.710428,1.029,1.02480,0,0,0,0,0,0,0
1481576042,199635287,0.497611,-1.03661,0.309924,-3.07971,2.38237,0.710428,1.029,1.02480,0,0,0,0,0,0,0
1481576042,225653337,0.497611,-1.03661,0.309924,-3.07971,2.38237,0.710428,1.029,1.02480,0,0,0,0,0,0,0
1481576042,251661818,0.497611,-1.03661,0.309924,-3.07971,2.38237,0.710428,1.029,1.02480,0,0,0,0,0,0,0
1481576042,271673904,0.497611,-1.03661,0.309924,-3.07971,2.38237,0.710428,1.029,1.02480,0,0,0,0,0,0,0
1481576042,297659149,0.497611,-1.03661,0.309924,-3.07971,2.38237,0.710428,1.029,1.02480,0,0,0,0,0,0,0
1481576042,323668120,0.497611,-1.03661,0.309924,-3.07971,2.38237,0.710428,1.029,1.02480,0,0,0,0,0,0,0
1481576042,349650749,0.497611,-1.03661,0.309924,-3.07971,2.38237,0.710428,1.029,1.02480,0,0,0,0,0,0,0
1481576042,375669027,0.497611,-1.03661,0.309924,-3.07971,2.38237,0.710428,1.029,1.02480,0,0,0,0,0,0,0
1481576042,401644053,0.497611,-1.03661,0.309924,-3.07971,2.38237,0.710428,1.029,1.02480,0,0,0,0,0,0,0
1481576042,427662751,0.497611,-1.03661,0.309924,-3.07971,2.38237,0.710428,1.029,1.02480,0,0,0,0,0,0,0
1481576042,447638690,0.497611,-1.03661,0.309924,-3.07971,2.38237,0.710428,1.029,1.02480,0,0,0,0,0,0,0
1481576042,473645657,0.497611,-1.03661,0.309924,-3.07971,2.38237,0.710428,1.029,1.02480,0,0,0,0,0,0,0
1481576042,499625485,0.497611,-1.03661,0.309924,-3.07971,2.38237,0.710428,1.029,1.02480,0,0,0,0,0,0,0
1481576042,525674482,0.497611,-1.03661,0.309924,-3.07971,2.38237,0.710428,1.029,1.02480,0,0,0,0,0,0,0
1481576042,551659584,0.497611,-1.03661,0.309924,-3.07971,2.38237,0.710428,1.029,1.02480,0,0,0,0,0,0,0
1481576042,571661760,0.497611,-1.03661,0.309924,-3.07971,2.38237,0.710428,1.029,1.02480,0,0,0,0,0,0,0
1481576042,597685934,0.497611,-1.03661,0.309924,-3.07971,2.38237,0.710428,1.029,1.02480,0,0,0,0,0,0,0
1481576042,623645403,0.497611,-1.03661,0.309924,-3.07971,2.38237,0.710428,1.029,1.02480,0,0,0,0,0,0,0
1481576042,649706211,0.497611,-1.03661,0.309924,-3.07971,2.38237,0.710428,1.029,1.02480,0,0,0,0,0,0,0
1481576042,675663486,0.497611,-1.03661,0.309924,-3.07971,2.38237,0.710428,1.029,1.02480,0,0,0,0,0,0,0
1481576042,701642582,0.497611,-1.03661,0.309924,-3.07971,2.38237,0.710428,1.029,1.02480,0,0,0,0,0,0,0
1481576042,727676257,0.497611,-1.03661,0.309924,-3.07971,2.38237,0.710428,1.029,1.02480,0,0,0,0,0,0,0
1481576042,747652875,0.497611,-1.03661,0.309924,-3.07971,2.38237,0.710428,1.029,1.02480,0,0,0,0,0,0,0
1481576042,773672974,0.497611,-1.03661,0.309924,-3.07971,2.38237,0.710428,1.029,1.02480,0,0,0,0,0,0,0
1481576042,799632753,0.497611,-1.03661,0.309924,-3.07971,2.38237,0.710428,1.029,1.02480,0,0,0,0,0,0,0
1481576042,825665154,0.497611,-1.03661,0.309924,-3.07971,2.38237,0.710428,1.029,1.02480,0,0,0,0,0,0,0
1481576042,851654217,0.497611,-1.03661,0.309924,-3.07971,2.38237,0.710428,1.029,1.02480,0,0,0,0,0,0,0
1481576042,871633287,0.497611,-1.03661,0.309924,-3.07971,2.38237,0.710428,1.029,1.02480,0,0,0,0,0,0,0
1481576042,897700905,0.497611,-1.03661,0.309924,-3.07971,2.38237,0.710428,1.029,1.02480,0,0,0,0,0,0,0
1481576042,923631324,0.497611,-1.03661,0.309924,-3.07971,2.38237,0.710428,1.029,1.02480,0,0,0,0,0,0,0
1481576042,949626115,0.497611,-1.03661,0.309924,-3.07971,2.38237,0.710428,1.029,1.02480,0,0,0,0,0,0,0
1481576042,975612349,0.497611,-1.03661,0.309924,-3.07971,2.38237,0.710428,1.029,1.02480,0,0,0,0,0,0,0
1481576043,1634271,0.497611,-1.03661,0.309924,-3.07971,2.38237,0.710428,1.029,1.02480,0,0,0,0,0,0,0
1481576043,21646847,0.497611,-1.03661,0.309924,-3.07971,2.38237,0.710428,1.029,1.02480,0,0,0,0,0,0,0
1481576043,47640654,0.497611,-1.03661,0.309924,-3.07971,2.38237,0.710428,1.029,1.02480,0,0,0,0,0,0,0
1481576043,73620876,0.497611,-1.03661,0.309924,-3.07971,2.38118,0.710428,1.029,1.02480,0,0,0,0.0595217,0,0,0
1481576043,99662547,0.497611,-1.03661,0.309924,-3.07971,2.37761,0.710428,1.029,1.02480,0,0,0,0.0446279,0,0,0
1481576043,125646538,0.497611,-1.03757,0.308962,-3.07971,2.37404,0.710428,1.029,1.02480,-0.0481233,0.04813,0,0.18409,0,0,0
1481576043,151640045,0.497611,-1.0395,0.307999,-3.07614,2.36809,0.710428,1.029,1.02480,-0.0782005,0.0300779,-0.104125,0.216397,0,0,0
1481576043,177638471,0.497611,-1.04142,0.306074,-3.07257,2.35857,0.710428,1.029,1.02480,-0.0676736,0.0797045,-0.055781,0.262332,0,0,0
1481576043,197636455,0.497611,-1.04431,0.304149,-3.07019,2.35262,0.710428,1.029,1.02480,-0.0891035,0.116179,-0.132945,0.273829,0,0,0
1481576043,223663786,0.497611,-1.04624,0.302224,-3.06781,2.34667,0.710428,1.029,1.02480,-0.107388,0.0626457,-0.120743,0.316863,0,0,0
1481576043,249635749,0.497611,-1.05008,0.298374,-3.06305,2.33596,0.710428,1.029,1.02480,-0.0990318,0.111911,-0.0896857,0.34697,0,0,0
1481576043,275613394,0.497611,-1.05201,0.296449,-3.06067,2.33001,0.710428,1.029,1.02480,-0.108626,0.0982114,-0.13021,0.296238,0,0,0
1481576043,301659590,0.497611,-1.05682,0.291637,-3.05591,2.3193,0.710428,1.029,1.02480,-0.157952,0.156653,-0.179901,0.349412,0,0,0
1481576043,327639443,0.497611,-1.06067,0.287787,-3.05234,2.30859,0.712808,1.029,1.02480,-0.159796,0.159472,-0.134225,0.355094,-0.0297475,0,0
1481576043,347641210,0.497611,-1.06356,0.284899,-3.04877,2.30026,0.712808,1.029,1.02480,-0.160264,0.16018,-0.122806,0.356514,-0.0371841,0,0
1481576043,373636983,0.497611,-1.06645,0.281049,-3.04639,2.29312,0.713998,1.029,1.02480,-0.128311,0.176427,-0.13435,0.37182,-0.0641433,0,0
1481576043,399632470,0.497611,-1.07126,0.277199,-3.04163,2.28241,0.715188,1.029,1.02480,-0.128338,0.140357,-0.152587,0.360696,-0.075531,0,0
1481576043,427669350,0.497611,-1.07607,0.272387,-3.03687,2.2717,0.716378,1.029,1.02480,-0.136351,0.173949,-0.152948,0.357469,-0.0689365,0,0
1481576043,447646922,0.497611,-1.07896,0.269499,-3.03449,2.26337,0.717569,1.029,1.02480,-0.130347,0.163802,-0.186987,0.416617,-0.0172338,0,0
1481576043,473625317,0.497611,-1.08185,0.265649,-3.03092,2.25623,0.717569,1.029,1.02480,-0.160663,0.176879,-0.142373,0.364459,-0.0170416,0,0
1481576043,499656198,0.497611,-1.08666,0.260837,-3.02616,2.24433,0.719948,1.029,1.02480,-0.160474,0.188593,-0.184343,0.388617,-0.034008,0,0
1481576043,525642996,0.497611,-1.08955,0.256987,-3.02378,2.23719,0.719948,1.029,1.02480,-0.164433,0.179978,-0.127168,0.360966,-0.0191247,0,0
1481576043,551635883,0.497611,-1.0934,0.252174,-3.01902,2.22529,0.722328,1.029,1.02480,-0.128845,0.178901,-0.149771,0.416978,-0.0767592,0,0
1481576043,571661700,0.497611,-1.09628,0.249287,-3.01545,2.21815,0.723518,1.029,1.02480,-0.128458,0.140975,-0.186192,0.401733,-0.0786847,0,0
1481576043,597639963,0.497611,-1.1011,0.243512,-3.01069,2.20744,0.724708,1.029,1.02480,-0.128361,0.179617,-0.135798,0.368201,-0.0196712,0,0
1481576043,623659181,0.497611,-1.10398,0.240624,-3.00831,2.2003,0.725898,1.029,1.02480,-0.160422,0.142762,-0.135975,0.358387,-0.0768279,0,0
1481576043,649638184,0.497611,-1.10783,0.234849,-3.00355,2.1884,0.727088,1.029,1.02480,-0.160414,0.180064,-0.123244,0.387085,-0.0787017,0,0
1481576043,675661807,0.497611,-1.11072,0.231962,-3.00117,2.18126,0.728278,1.029,1.02480,-0.128336,0.142818,-0.164155,0.360754,-0.0395852,0,0
1481576043,701638229,0.497611,-1.11553,0.226187,-2.99641,2.16936,0.730658,1.029,1.02480,-0.160412,0.186292,-0.184144,0.387224,-0.0793702,0,0
1481576043,721655528,0.497611,-1.11842,0.2233,-2.99403,2.16222,0.731848,1.029,1.02480,-0.160425,0.14282,-0.135286,0.36456,-0.0793377,0,0
1481576043,747637914,0.497611,-1.12227,0.217524,-2.98927,2.15032,0.733038,1.029,1.02480,-0.160414,0.180078,-0.152821,0.388628,-0.0793292,0,0
1481576043,773636714,0.497611,-1.12516,0.213674,-2.9857,2.14318,0.734228,1.029,1.02480,-0.152391,0.19095,-0.152977,0.360961,-0.0396635,0,0
1481576043,799630091,0.497611,-1.12901,0.2079,-2.98213,2.13128,0.736608,1.029,1.02480,-0.158413,0.192114,-0.127494,0.387729,-0.0396635,0,0
1481576043,825979973,0.497611,-1.1319,0.20405,-2.97856,2.12295,0.737798,1.029,1.02480,-0.128079,0.216514,-0.149811,0.420343,-0.0793265,0,0
1481576043,851630783,0.497611,-1.13671,0.198274,-2.97499,2.11224,0.740178,1.029,1.02480,-0.160387,0.219566,-0.122852,0.364925,-0.0842848,0,0
1481576043,871626300,0.497611,-1.13863,0.195387,-2.97261,2.10391,0.741368,1.029,1.02480,-0.112282,0.1752,-0.0902125,0.41848,-0.0805659,0,0
1481576043,897670266,0.497611,-1.14248,0.189612,-2.96785,2.0932,0.742557,1.029,1.02480,-0.124317,0.164112,-0.141553,0.372361,-0.0796365,0,0
1481576043,923639804,0.497611,-1.14537,0.185762,-2.96428,2.08487,0.743748,1.029,1.02480,-0.12382,0.188954,-0.151569,0.388675,-0.0397285,0,0
1481576043,949625734,0.497611,-1.14922,0.179987,-2.95952,2.07297,0.746128,1.029,1.02480,-0.151263,0.191615,-0.186642,0.364923,-0.0991745,0,0
1481576043,975671456,0.497611,-1.15211,0.176137,-2.95595,2.06583,0.747318,1.029,1.02480,-0.127192,0.192387,-0.186955,0.372871,-0.0421445,0,0
1481576044,1646625,0.497611,-1.15596,0.170362,-2.95238,2.05393,0.749698,1.029,1.02480,-0.124176,0.192483,-0.142368,0.373865,-0.0498895,0,0
1481576044,27629520,0.497611,-1.15981,0.164587,-2.94881,2.04204,0.752078,1.029,1.02480,-0.151366,0.192494,-0.184342,0.36122,-0.0422196,0,0
1481576044,47627224,0.497611,-1.1627,0.160737,-2.94524,2.03489,0.753268,1.029,1.02480,-0.110026,0.192497,-0.165086,0.387807,-0.0403027,0,0
1481576044,73617102,0.497611,-1.16462,0.155925,-2.94167,2.02656,0.754458,1.029,1.02480,-0.11,0.216564,-0.18426,0.390606,-0.0496589,0,0
1481576044,99646105,0.497611,-1.16847,0.15015,-2.93691,2.01466,0.756838,1.029,1.02480,-0.12376,0.198518,-0.135314,0.424901,-0.10171,0,0
1481576044,125644106,0.497611,-1.17136,0.1463,-2.93453,2.00752,0.759218,1.029,1.02480,-0.147809,0.19325,-0.135914,0.365495,-0.101956,0,0
1481576044,152660843,0.497611,-1.17425,0.140525,-2.92977,1.99562,0.761598,1.029,1.02480,-0.102692,0.192596,-0.180614,0.372949,-0.101987,0,0
1481576044,172686313,0.497611,-1.17713,0.136675,-2.92739,1.9873,0.762788,1.029,1.02480,-0.145988,0.192526,-0.134403,0.420487,-0.0849916,0,0
1481576044,198627639,0.497611,-1.18098,0.129937,-2.92263,1.97539,0.765168,1.029,1.02480,-0.108682,0.240631,-0.0931004,0.372876,-0.0509953,0,0
1481576044,224648984,0.497611,-1.18291,0.126087,-2.92025,1.96826,0.766358,1.029,1.02480,-0.109832,0.198514,-0.130638,0.373865,-0.0509958,0,0
1481576044,250624833,0.497611,-1.1858,0.11935,-2.91549,1.95635,0.768737,1.029,1.02480,-0.0996496,0.218063,-0.0921592,0.420716,-0.101992,0,0
1481576044,276643064,0.497611,-1.18965,0.113575,-2.91073,1.94922,0.771118,1.029,1.02480,-0.120734,0.195698,-0.13052,0.364972,-0.102018,0,0
1481576044,302612548,0.497611,-1.19157,0.109725,-2.90835,1.93732,0.773498,1.029,1.02480,-0.099321,0.192897,-0.135315,0.372857,-0.101995,0,0
1481576044,322669208,0.496649,-1.1935,0.104912,-2.90478,1.92899,0.774688,1.029,1.02480.0240617,-0.0970152,0.240721,-0.152828,0.390729,-0.0849937,0,0
1481576044,348627581,0.496649,-1.19735,0.0981748,-2.90002,1.91709,0.777068,1.029,1.02480.00601542,-0.120501,0.252683,-0.186957,0.424932,-0.110491,0,0
1481576044,374617230,0.496649,-1.19927,0.0943248,-2.89764,1.90876,0.778258,1.029,1.02480.000751927,-0.0992784,0.20002,-0.127494,0.424994,-0.0435587,0,0
1481576044,400655084,0.495686,-1.20312,0.0875872,-2.89288,1.89686,0.781827,1.029,1.02480.0242496,-0.145134,0.194378,-0.180624,0.374003,-0.100132,0,0
1481576044,426643268,0.495686,-1.20601,0.0808498,-2.88931,1.88972,0.783018,1.029,1.02480.00303121,-0.102358,0.204768,-0.186203,0.374006,-0.0869384,0,0
1481576044,452621550,0.495686,-1.20793,0.0769998,-2.88574,1.87782,0.785398,1.029,1.02480.000378901,-0.0970238,0.206062,-0.142275,0.374013,-0.0554886,0,0
1481576044,472619999,0.495686,-1.20986,0.0731498,-2.88217,1.86949,0.787778,1.029,1.02489.47252e-05,-0.0964411,0.195889,-0.184318,0.391005,-0.103115,0,0
1481576044,498632920,0.495686,-1.21275,0.0654498,-2.87741,1.85759,0.790158,1.029,1.02482.36813e-05,-0.0962951,0.217407,-0.135329,0.425,-0.115021,0,0
1481576044,524688396,0.495686,-1.21467,0.0615998,-2.87503,1.85045,0.792538,1.029,1.02482.96016e-06,-0.0962525,0.207643,-0.135916,0.365507,-0.10362,0,0
1481576044,550612459,0.494724,-1.21852,0.0538999,-2.87027,1.83736,0.794917,1.029,1.02480.0240691,-0.144385,0.220346,-0.152979,0.388879,-0.0556526,0,0
1481576044,576660828,0.494724,-1.22141,0.0481249,-2.86551,1.83022,0.797298,1.029,1.02480.00300863,-0.102264,0.208014,-0.152996,0.375866,-0.1111,0,0
1481576044,602630815,0.494724,-1.22333,0.0433123,-2.86194,1.81832,0.799678,1.029,1.02480.000376079,-0.0969987,0.218505,-0.153,0.374239,-0.0882561,0,0
1481576044,622677481,0.493761,-1.22526,0.0384999,-2.85956,1.80999,0.802058,1.029,1.02480.0241557,-0.0964416,0.223065,-0.1275,0.391062,-0.111307,0,0
1481576044,648632777,0.493761,-1.22815,0.0317625,-2.8548,1.79809,0.804438,1.029,1.02480.00603892,-0.0962951,0.248266,-0.180624,0.395254,-0.0575743,0,0
1481576044,674633148,0.493761,-1.23007,0.0269499,-2.85123,1.78976,0.806817,1.029,1.02480.000754865,-0.0962525,0.223537,-0.186203,0.391536,-0.111313,0,0
1481576044,700645860,0.492799,-1.23296,0.0202125,-2.84647,1.77786,0.809198,1.029,1.02480.0242504,-0.0962482,0.248384,-0.165551,0.42512,-0.0575759,0,0
1481576044,726624430,0.491836,-1.23488,0.0125125,-2.84171,1.76953,0.811578,1.029,1.02480.0030313,-0.0962504,0.223545,-0.154567,0.395256,-0.111327,0,0
1481576044,746627731,0.491836,-1.23681,0.0077,-2.83814,1.7612,0.813958,1.029,1.02480.0248195,-0.072186,0.224328,-0.187392,0.396302,-0.117074,0,0
1481576044,772662286,0.491836,-1.23873,0.00385,-2.83457,1.7493,0.816338,1.029,1.02480.00310244,-0.0932389,0.208507,-0.187049,0.391654,-0.103877,0,0
1481576044,798628062,0.491836,-1.24066,-0.00385,-2.831,1.7374,0.819907,1.029,1.02480.000775609,-0.0955079,0.220562,-0.165762,0.395402,-0.115212,0,0
1481576044,824616026,0.490874,-1.24258,-0.00866246,-2.82743,1.72907,0.822288,1.029,1.02480.0482203,-0.0600617,0.256161,-0.184345,0.421289,-0.118571,0,0
1481576044,850637713,0.490874,-1.24547,-0.0154,-2.82267,1.71717,0.824668,1.029,1.02480.0120551,-0.0872004,0.232475,-0.194836,0.432585,-0.0891376,0,0
1481576044,876632339,0.490874,-1.24836,-0.0231,-2.81791,1.70884,0.827048,1.029,1.02480.00150688,-0.0951159,0.269681,-0.15823,0.396183,-0.115258,0,0
1481576044,902628988,0.489911,-1.24932,-0.0288749,-2.81434,1.69575,0.830618,1.029,1.02480.02425,-0.0479886,0.274335,-0.153653,0.43626,-0.118523,0,0
1481576044,922633263,0.489911,-1.25125,-0.0327249,-2.81077,1.68742,0.832997,1.029,1.02480.00606251,-0.084182,0.212957,-0.187163,0.436328,-0.118873,0,0
1481576044,948630226,0.489911,-1.25413,-0.0404249,-2.80601,1.67552,0.835378,1.029,1.02480.00151563,-0.0932303,0.269804,-0.165791,0.436331,-0.0594657,0,0
1481576044,974641495,0.489911,-1.2551,-0.0461999,-2.80244,1.66719,0.837758,1.029,1.02480.000189453,-0.0718079,0.274345,-0.154598,0.396678,-0.111563,0,0
1481576045,617240,0.488949,-1.25798,-0.0538999,-2.79768,1.6541,0.841328,1.029,1.02480.024109,-0.0901501,0.26109,-0.1874,0.396671,-0.117133,0,0
1481576045,26664877,0.488949,-1.25991,-0.0615998,-2.79173,1.64577,0.843708,1.029,1.02480.00301363,-0.0714228,0.261225,-0.18705,0.436335,-0.118758,0,0
1481576045,52641431,0.487986,-1.26087,-0.0664123,-2.78935,1.63387,0.847277,1.029,1.02480.0485,-0.0690819,0.261244,-0.142381,0.396672,-0.118961,0,0
1481576045,72655312,0.487986,-1.26183,-0.0712249,-2.78578,1.62554,0.849658,1.029,1.02480.012125,-0.0413323,0.233753,-0.154595,0.396656,-0.119009,0,0
1481576045,98643595,0.487986,-1.26472,-0.0769998,-2.78221,1.61721,0.852038,1.029,1.02480.00303125,-0.082518,0.202808,-0.127899,0.30741,-0.0892473,0,0
1481576045,124668015,0.487986,-1.26472,-0.0798874,-2.78102,1.61483,0.852038,1.029,1.02480.000378906,-0.0223455,0.145668,-0.0903621,0.15743,-0.0260297,0,0
1481576045,150636363,0.487986,-1.26568,-0.0818123,-2.78102,1.61364,0.852038,1.029,1.02489.47266e-05,-0.0296548,0.0604786,-0.0225905,0.0988524,-0.00650717,0,0
1481576045,176626046,0.487986,-1.26568,-0.0818123,-2.78102,1.61483,0.852038,1.029,1.02481.18408e-05,-0.00370659,0.0195907,-0.00282402,-0.0471385,-0.000813329,0,0
1481576045,202618663,0.487986,-1.26568,-0.0818123,-2.78102,1.6184,0.852038,1.029,1.02481.4801e-06,-0.00046339,0.00244883,-0.000353135,-0.110022,-0.000101733,0,0
1481576045,222663205,0.487986,-1.26568,-0.0808498,-2.78221,1.62316,0.852038,1.029,1.02483.70026e-07,-0.000115581,-0.0234497,0.0296618,-0.206017,-2.55663e-05,0,0
1481576045,248633595,0.487986,-1.26568,-0.0779623,-2.78459,1.6303,0.850848,1.029,1.02489.25065e-08,-2.87621e-05,-0.102116,0.0966655,-0.22999,-6.39159e-06,0,0
1481576045,274603894,0.487986,-1.26568,-0.0760374,-2.78697,1.63625,0.849658,1.029,1.02481.15633e-08,-3.72843e-06,-0.0969801,0.101333,-0.266762,0.074368,0,0
1481576045,300637275,0.487986,-1.26568,-0.0712249,-2.79173,1.64696,0.847277,1.029,1.02482.89083e-09,-1.06526e-06,-0.120495,0.114583,-0.334445,0.078087,0,0
1481576045,326609351,0.487986,-1.26472,-0.0654498,-2.7953,1.65291,0.846087,1.029,1.02483.61354e-10,0.0481365,-0.183497,0.133323,-0.294673,0.084143,0,0
1481576045,346635688,0.487986,-1.26376,-0.0615998,-2.79887,1.66124,0.843708,1.029,1.02489.03384e-11,0.0601575,-0.190248,0.122581,-0.371157,0.110278,0,0
1481576045,372668094,0.487986,-1.2628,-0.0577498,-2.80125,1.67195,0.841328,1.029,1.02481.12923e-11,0.0315813,-0.192221,0.134323,-0.358777,0.0881536,0,0
1481576045,398625057,0.487986,-1.26087,-0.0500499,-2.80601,1.68266,0.837758,1.029,1.02482.82263e-12,0.031957,-0.216494,0.122831,-0.357435,0.111281,0,0
1481576045,424665027,0.487986,-1.25895,-0.0461999,-2.80839,1.69099,0.836568,1.029,1.02483.52607e-13,0.0882104,-0.207533,0.134353,-0.386809,0.0585314,0,0
1481576045,450611114,0.487986,-1.25702,-0.0394625,-2.81315,1.70289,0.832997,1.029,1.02488.79297e-14,0.0701759,-0.244383,0.152588,-0.423951,0.103929,0,0
1481576045,476615812,0.487986,-1.2551,-0.0317625,-2.81791,1.71122,0.830618,1.029,1.02481.06581e-14,0.0929945,-0.223045,0.152949,-0.424871,0.117107,0,0
1481576045,502636567,0.487986,-1.25317,-0.02695,-2.82148,1.72312,0.827048,1.029,1.02481.77636e-15,0.0838093,-0.23241,0.152993,-0.395239,0.118755,0,0
1481576045,522620782,0.487986,-1.25125,-0.0221375,-2.82505,1.73026,0.825858,1.029,1.02480,0.0931373,-0.250599,0.186998,-0.366564,0.0594362,0,0
1481576045,548625403,0.487986,-1.24932,-0.0154,-2.82981,1.74335,0.822288,1.029,1.02480,0.0954693,-0.255153,0.136,-0.389129,0.104102,0,0
1481576045,574659914,0.487986,-1.2474,-0.0105875,-2.83219,1.75168,0.819907,1.029,1.02480,0.0841253,-0.22439,0.135999,-0.435392,0.117156,0,0
1481576045,600613339,0.487986,-1.24451,-0.00288753,-2.83695,1.76358,0.817528,1.029,1.02480,0.0932163,-0.224533,0.153,-0.376589,0.0590364,0,0
1481576045,626648128,0.487986,-1.24162,0.00385,-2.84171,1.77191,0.815148,1.029,1.02480,0.0958678,-0.256657,0.153,-0.433811,0.111496,0,0
1481576045,652623648,0.487986,-1.2397,0.00866246,-2.84647,1.78381,0.812768,1.029,1.02480,0.0962126,-0.248646,0.212499,-0.396343,0.10318,0,0
1481576045,672672632,0.487986,-1.23873,0.0134749,-2.84885,1.79214,0.810388,1.029,1.02480,0.0721765,-0.230596,0.172125,-0.426321,0.115037,0,0
1481576045,698643003,0.487986,-1.23585,0.0211749,-2.85361,1.80404,0.808007,1.029,1.02480,0.0902291,-0.226084,0.132281,-0.374321,0.0585069,0,0
1481576045,724632257,0.487986,-1.23392,0.0250249,-2.85599,1.81118,0.805628,1.029,1.02480,0.0954944,-0.208728,0.135535,-0.374032,0.111443,0,0
1481576045,750614657,0.488949,-1.23103,0.0327249,-2.86075,1.82427,0.803248,1.029,1.0248-0.0481233,0.0960719,-0.244682,0.152883,-0.391023,0.117103,0,0
1481576045,776613014,0.488949,-1.22815,0.0394625,-2.86551,1.83141,0.800868,1.029,1.0248-0.00601555,0.0962248,-0.211056,0.152985,-0.376114,0.10388,0,0
1481576045,796625062,0.489911,-1.22622,0.0442749,-2.86908,1.83974,0.798488,1.029,1.0248-0.00150362,0.0962412,-0.221199,0.186996,-0.391543,0.115213,0,0
1481576045,822662188,0.489911,-1.2243,0.0481249,-2.87146,1.85164,0.796108,1.029,1.0248-0.0122186,0.096246,-0.208121,0.127499,-0.376179,0.103644,0,0
1481576045,848636282,0.489911,-1.22141,0.0548623,-2.87622,1.86354,0.793727,1.029,1.0248-0.00305465,0.0962531,-0.196407,0.180624,-0.421307,0.0556852,0,0
1481576045,874633447,0.489911,-1.21948,0.0596748,-2.87979,1.87187,0.792538,1.029,1.0248-0.000381897,0.0962475,-0.25314,0.186203,-0.424547,0.0515819,0,0
1481576045,900617304,0.489911,-1.2166,0.0664123,-2.88455,1.88377,0.788968,1.029,1.0248-9.53412e-05,0.0962468,-0.207658,0.1358,-0.373891,0.102138,0,0
1481576045,926671899,0.490874,-1.21371,0.0731498,-2.88812,1.89091,0.787778,1.029,1.0248-0.048135,0.0962533,-0.206425,0.165724,-0.373972,0.087136,0,0
1481576045,952625107,0.490874,-1.21082,0.0769998,-2.89169,1.90281,0.785398,1.029,1.0248-0.00601715,0.120309,-0.206274,0.184341,-0.373989,0.0555133,0,0
1481576045,972662542,0.490874,-1.2089,0.0818123,-2.89407,1.91114,0.783018,1.029,1.0248-0.00150415,0.102262,-0.244069,0.135334,-0.391012,0.103121,0,0
1481576045,998614294,0.490874,-1.20601,0.0885498,-2.89883,1.92304,0.780637,1.029,1.0248-0.000376038,0.0977639,-0.253517,0.152834,-0.395255,0.0555544,0,0
1481576046,24627931,0.490874,-1.20312,0.0923997,-2.9024,1.93137,0.779448,1.029,1.0248-4.68716e-05,0.120498,-0.200123,0.152979,-0.391543,0.0515656,0,0
1481576046,50625725,0.491836,-1.20023,0.0981748,-2.90716,1.94326,0.775878,1.029,1.0248-0.048135,0.102309,-0.194404,0.186995,-0.425135,0.102134,0,0
1481576046,76667208,0.491836,-1.19638,0.105875,-2.91073,1.9516,0.774688,1.029,1.0248-0.00601715,0.0970112,-0.216799,0.127499,-0.425026,0.0871355,0,0
1481576046,96617860,0.491836,-1.19446,0.109725,-2.9143,1.95874,0.772308,1.029,1.0248-0.00150415,0.120499,-0.222634,0.180624,-0.374011,0.111026,0,0
1481576046,122659076,0.491836,-1.19253,0.113575,-2.91668,1.97064,0.771118,1.029,1.0248-0.000188019,0.0992782,-0.196269,0.126703,-0.418635,0.0436258,0,0
1481576046,148627384,0.491836,-1.18868,0.11935,-2.92144,1.98134,0.767548,1.029,1.0248-4.68716e-05,0.0970179,-0.193444,0.180425,-0.372413,0.100202,0,0
1481576046,174639866,0.491836,-1.18676,0.124162,-2.92501,1.98968,0.766358,1.029,1.0248-5.85895e-06,0.108374,-0.240739,0.186178,-0.388688,0.0868941,0,0
1481576046,200646788,0.492799,-1.18291,0.1309,-2.92977,2.00157,0.763978,1.029,1.0248-0.0481249,0.0992785,-0.204558,0.135794,-0.424421,0.0812185,0,0
1481576046,226613955,0.492799,-1.17906,0.136675,-2.93334,2.00871,0.762788,1.029,1.0248-0.00601555,0.10866,-0.20604,0.165724,-0.365415,0.0845211,0,0
1481576046,252617959,0.493761,-1.17713,0.140525,-2.93691,2.02061,0.760408,1.029,1.0248-0.0488754,0.109829,-0.19419,0.18434,-0.372919,0.0849339,0,0
1481576046,272647302,0.493761,-1.17425,0.144375,-2.93929,2.02895,0.759218,1.029,1.0248-0.0122186,0.123717,-0.192921,0.135335,-0.390745,0.0807285,0,0
1481576046,298631645,0.493761,-1.17136,0.15015,-2.94405,2.04084,0.756838,1.029,1.0248-0.00305465,0.103114,-0.192604,0.123083,-0.424936,0.0499296,0,0
1481576046,324698341,0.493761,-1.16847,0.154962,-2.94643,2.04798,0.755647,1.029,1.0248-0.000381897,0.121167,-0.216577,0.134385,-0.365479,0.0806632,0,0
1481576046,350591097,0.493761,-1.16462,0.160737,-2.95119,2.05988,0.753268,1.029,1.0248-9.53412e-05,0.150613,-0.198521,0.122846,-0.418632,0.0499133,0,0
1481576046,376588557,0.493761,-1.16077,0.166512,-2.95595,2.06822,0.752078,1.029,1.0248-1.17179e-05,0.103042,-0.217315,0.104605,-0.424213,0.0508604,0,0
1481576046,402614269,0.493761,-1.15788,0.170362,-2.95833,2.07892,0.749698,1.029,1.0248-1.5979e-06,0.157264,-0.195604,0.132076,-0.365389,0.0807263,0,0
1481576046,422638063,0.494724,-1.15596,0.174212,-2.9619,2.08725,0.748508,1.029,1.0248-0.0240622,0.111501,-0.193278,0.152019,-0.388835,0.0796766,0,0
1481576046,448636955,0.494724,-1.15211,0.179987,-2.96547,2.09915,0.746128,1.029,1.0248-0.00601555,0.124122,-0.168628,0.127255,-0.364977,0.0496667,0,0
1481576046,474601526,0.494724,-1.14922,0.183837,-2.96904,2.10629,0.744938,1.029,1.0248-0.000752077,0.123799,-0.189519,0.149781,-0.372858,0.0805771,0,0
1481576046,500618439,0.494724,-1.14537,0.189612,-2.97261,2.11819,0.742557,1.029,1.0248-0.000188019,0.151258,-0.167694,0.126695,-0.360955,0.0796393,0,0
1481576046,526648355,0.495686,-1.14152,0.195387,-2.97737,2.12533,0.741368,1.029,1.0248-0.0481601,0.151246,-0.177366,0.149712,-0.372362,0.084337,0,0
1481576046,546630533,0.495686,-1.13863,0.199237,-2.98094,2.13367,0.740178,1.029,1.0248-0.0120402,0.158127,-0.212776,0.186177,-0.420353,0.0805793,0,0
1481576046,572603401,0.495686,-1.13575,0.203087,-2.98332,2.14437,0.738988,1.029,1.0248-0.00150522,0.152105,-0.195037,0.127397,-0.364906,0.0398199,0,0
1481576046,598621358,0.495686,-1.1319,0.2079,-2.98808,2.15627,0.736608,1.029,1.0248-0.000376038,0.158348,-0.169068,0.180598,-0.358967,0.0397025,0,0
1481576046,624650873,0.495686,-1.12901,0.21175,-2.99165,2.16341,0.735418,1.029,1.0248-4.68716e-05,0.128071,-0.189573,0.1862,-0.372113,0.0793316,0,0
1481576046,650621347,0.495686,-1.12516,0.217524,-2.99522,2.17531,0.734228,1.029,1.0248-1.17179e-05,0.128264,-0.14364,0.1358,-0.420264,0.0793279,0,0
1481576046,676594963,0.495686,-1.12035,0.2233,-2.99998,2.18245,0.733038,1.029,1.0248-1.5979e-06,0.124314,-0.198423,0.1806,-0.364902,0.0396635,0,0
1481576046,696630606,0.495686,-1.11746,0.226187,-3.00236,2.19078,0.731848,1.029,1.0248-5.32632e-07,0.127325,-0.145855,0.1344,-0.418461,0.0694109,0,0
1481576046,722613554,0.495686,-1.11553,0.229074,-3.00593,2.20149,0.730658,1.029,1.02480,0.112166,-0.138543,0.180425,-0.36469,0.0384239,0,0
1481576046,748616291,0.495686,-1.11072,0.234849,-3.01069,2.21339,0.728278,1.029,1.02480,0.172411,-0.179012,0.134356,-0.358913,0.0393801,0,0
1481576046,774615536,0.495686,-1.10783,0.238699,-3.01307,2.22053,0.728278,1.029,1.02480,0.153904,-0.190812,0.135794,-0.37212,0.0197963,0,0
1481576046,800610625,0.495686,-1.10302,0.243512,-3.01783,2.23243,0.725898,1.029,1.02480,0.134723,-0.192076,0.152948,-0.360784,0.0346966,0,0
1481576046,826681770,0.496649,-1.09821,0.249287,-3.02259,2.23957,0.724708,1.029,1.02480,0.161224,-0.180414,0.123243,-0.372354,0.0787058,0,0
1481576046,852611828,0.496649,-1.09532,0.252174,-3.02497,2.25147,0.723518,1.029,1.0248-0.0120306,0.164523,-0.16693,0.134405,-0.418428,0.0395857,0,0
1481576046,872637889,0.496649,-1.09243,0.255062,-3.02854,2.25861,0.722328,1.029,1.0248-0.00300777,0.161452,-0.137979,0.152601,-0.372361,0.0693915,0,0
1481576046,898622309,0.496649,-1.08762,0.260837,-3.0333,2.27051,0.721138,1.029,1.0248-0.000752077,0.160671,-0.178868,0.1869,-0.360844,0.0768429,0,0
1481576046,924644744,0.496649,-1.08473,0.264687,-3.03568,2.27765,0.719948,1.029,1.0248-9.37433e-05,0.164467,-0.190798,0.127487,-0.372362,0.0691004,0,0
1481576046,950607593,0.496649,-1.07992,0.269499,-3.04044,2.28955,0.718758,1.029,1.0248-2.34358e-05,0.137363,-0.168008,0.150872,-0.360844,0.0767701,0,0
1481576046,976632880,0.496649,-1.07607,0.274312,-3.04401,2.29669,0.717569,1.029,1.0248-3.19579e-06,0.16154,-0.141317,0.182483,-0.372368,0.0690913,0,0
1481576046,996624562,0.496649,-1.07222,0.277199,-3.04877,2.30383,0.716378,1.029,1.0248-5.32632e-07,0.1607,-0.131576,0.134871,-0.360846,0.0768211,0,0

