0,0,0.182,0.590725,0.0509139,-0.126088,-0.0110422,-0.0939442
0,0,0.186462,0.487082,0.0560502,-0.126358,0.0179125,-0.0995318
0,0,0.18837,0.367786,0.0312108,-0.118963,0.0229639,-0.0989625
0,0,0.178755,0.443886,-0.0200722,-0.132215,0.0324196,-0.091915
0,0,0.17214,0.455714,-0.0399941,-0.143109,0.0375406,-0.0937202
0,0,0.189698,0.496602,-0.0480875,-0.141698,0.0441124,-0.100538
0,0,0.180924,0.508273,-0.0601143,-0.148505,0.0503024,-0.108014
0,0,0.209643,0.521657,-0.0567442,-0.148275,0.0534503,-0.112325
0,0,0.192054,0.547816,-0.067328,-0.149316,0.0499369,-0.103534
0,0,0.196675,0.554347,-0.0699217,-0.146413,0.0509156,-0.0990393
0,0,0.152989,0.590646,-0.0749637,-0.150601,0.0515367,-0.0938679
0,0,0.187874,0.568024,-0.0483605,-0.142997,0.0565638,-0.0898821
0,0,0.196198,0.56785,-0.0417753,-0.146261,0.0580182,-0.0846134
0,0,0.183008,0.569519,-0.0601172,-0.147976,0.0496158,-0.0865794
0,0,0.158076,0.538818,-0.0777158,-0.155459,0.0427451,-0.088824
0,0,0.179278,0.506449,-0.0402757,-0.15355,0.0422406,-0.090342
0,0,0.182531,0.48578,-0.0388721,-0.144109,0.0438281,-0.0949465
0,0,0.173906,0.468608,-0.032961,-0.14184,0.0456879,-0.0920198
0,0,0.170221,0.452407,-0.0223399,-0.142467,0.0438927,-0.091684
0,0,0.182448,0.46449,-2.68556e-05,-0.140282,0.0474487,-0.0976735
0,0,0.161471,0.482589,-0.0213789,-0.136236,0.0416849,-0.0944075
0,0,0.167651,0.493005,-0.0301755,-0.132445,0.0390625,-0.100013
0,0,0.165957,0.480185,-0.0576474,-0.138679,0.0403207,-0.095507
0,0,0.158193,0.480997,-0.0676123,-0.148254,0.0353614,-0.100624
0,0,0.18116,0.487464,-0.0446198,-0.142669,0.031397,-0.0962885
0,0,0.169143,0.487953,-0.0349583,-0.143386,0.0287605,-0.102138
0,0,0.184611,0.473216,-0.0162055,-0.13805,0.0371384,-0.0963623
0,0,0.183503,0.465368,0.00111138,-0.140234,0.0363906,-0.09854
0,0,0.157465,0.449399,-0.0176991,-0.136813,0.0395877,-0.0927434
0,0,0.155017,0.449521,-0.0224965,-0.136435,0.0410359,-0.095374
0,0,0.174211,0.451838,-0.0218925,-0.130006,0.0277369,-0.0916885
0,0,0.159128,0.441943,-0.0395053,-0.140806,0.0358812,-0.0852454
0,0,0.167361,0.448401,-0.0553725,-0.146193,0.0371449,-0.0838685
0,0,0.165585,0.472378,-0.0562977,-0.14812,0.0355768,-0.0881896
0,0,0.174899,0.469808,-0.0485826,-0.146641,0.0373499,-0.0957533
0,0,0.17106,0.45425,-0.0266458,-0.136407,0.0371352,-0.0920395
0,0,0.170363,0.432929,0.0117632,-0.139433,0.0335442,-0.0983266
0,0,0.166212,0.438594,0.0153882,-0.142848,0.0336762,-0.0951832
0,0,0.165403,0.420244,0.0185311,-0.136843,0.0325267,-0.0904307
0,0,0.165325,0.427673,0.00854637,-0.133725,0.0336218,-0.0923949
0,0,0.146946,0.463315,0.00772493,-0.130912,0.032753,-0.0814095
0,0,0.150632,0.458663,-0.00437486,-0.141395,0.0383116,-0.0889534
0,0,0.156062,0.468367,-0.00853526,-0.14429,0.0465898,-0.0957483
0,0,0.164346,0.460974,-0.00335746,-0.138295,0.0459634,-0.0983608
0,0,0.158073,0.465592,-0.00303486,-0.133885,0.0443941,-0.0941955
0,0,0.172081,0.458071,0.0118272,-0.137086,0.0332863,-0.089002
0,0,0.177118,0.463919,0.00666937,-0.142848,0.0314135,-0.0882307
0,0,0.155731,0.467717,0.00845172,-0.142957,0.0327125,-0.0957404
0,0,0.169901,0.464135,-0.00684532,-0.147598,0.035523,-0.0998304
0,0,0.163524,0.459334,-0.00628797,-0.142367,0.0416745,-0.103242
0,0,0.184235,0.46756,-0.00196789,-0.149162,0.0305378,-0.101712
0,0,0.180165,0.456426,-0.0152319,-0.149431,0.0279091,-0.100597
0,0,0.169157,0.459259,-0.00899516,-0.155014,0.027231,-0.0987005
0,0,0.154298,0.439402,-0.0244947,-0.152159,0.0296699,-0.0964035
0,0,0.135164,0.431226,-0.00727427,-0.147861,0.027662,-0.0993486
0,0,0.165738,0.444588,0.00890154,-0.139021,0.032677,-0.094347
0,0,0.154539,0.444813,0.0136569,-0.137193,0.0446555,-0.102012
0,0,0.160442,0.444068,0.00721564,-0.134611,0.0389423,-0.0933594
0,0,0.169797,0.450621,0.00638792,-0.132425,0.0429336,-0.088396
0,0,0.185682,0.445755,-0.00548074,-0.13277,0.0344946,-0.0966419
0,0,0.19009,0.459083,-0.0242703,-0.13816,0.0372985,-0.101516
0,0,0.181931,0.465034,-0.031043,-0.132626,0.032088,-0.0990383
0,0,0.182179,0.463445,-0.0315749,-0.135021,0.0369905,-0.0990924
0,0,0.158326,0.4649,-0.0381914,-0.134621,0.0356098,-0.0951172
0,0,0.153657,0.442257,-0.0162979,-0.138249,0.0344131,-0.0926078
0,0,0.162163,0.43174,-0.00672036,-0.130959,0.0281159,-0.0841245
0,0,0.159937,0.438718,-0.00474252,-0.137577,0.0287659,-0.0867345
0,0,0.16338,0.431291,0.0133725,-0.141162,0.0361044,-0.0896015
0,0,0.163012,0.452126,0.0251851,-0.147038,0.0402611,-0.0910005
0,0,0.165953,0.456413,0.00119098,-0.143766,0.0434433,-0.0963924
0,0,0.169517,0.460984,-0.0127304,-0.145931,0.0370185,-0.0936501
0,0,0.159221,0.442418,-0.0131911,-0.141616,0.0358544,-0.0887773
0,0,0.161286,0.44137,-0.0183929,-0.140748,0.0358422,-0.0937615
0,0,0.15514,0.453441,-0.0140088,-0.135593,0.0299055,-0.0947872
0,0,0.183934,0.437145,-0.0164164,-0.131158,0.0286719,-0.0918231
0,0,0.185862,0.436443,-0.015669,-0.136597,0.0298243,-0.0962254
0,0,0.16574,0.456817,-0.0338277,-0.135422,0.0301521,-0.0976056
0,0,0.165049,0.455957,-0.0382758,-0.134198,0.0303018,-0.0948276
0,0,0.160744,0.461709,-0.024635,-0.135969,0.0310047,-0.0918519
0,0,0.166873,0.470397,-0.0112701,-0.13845,0.0361778,-0.0926668
0,0,0.174714,0.445282,-0.0196287,-0.136447,0.0352903,-0.0942106
0,0,0.168315,0.433423,0.0066493,-0.137723,0.0374642,-0.0919624
0,0,0.173335,0.440283,0.0177382,-0.134133,0.0394464,-0.0997311
0,0,0.167178,0.451914,0.0207751,-0.135688,0.0308041,-0.10256
0,0,0.168859,0.451633,0.0105938,-0.141986,0.0304681,-0.0968945
0,0,0.162826,0.462489,-0.00975963,-0.136139,0.0370874,-0.100463
0,0,0.143517,0.450811,0.00848337,-0.13768,0.030365,-0.102399
0,0,0.124278,0.457454,0.0243705,-0.134583,0.0291114,-0.100416
0,0,0.139501,0.471278,0.00716571,-0.132205,0.0270685,-0.0994697
0,0,0.155868,0.467237,0.00509009,-0.131063,0.0227839,-0.090044
0,0,0.155899,0.446921,0.0031895,-0.140164,0.0329578,-0.0926341
0,0,0.158214,0.441454,0.00387928,-0.13677,0.0345057,-0.0924406
0,0,0.132305,0.445042,-0.0140088,-0.137038,0.0352435,-0.0938126
0,0,0.140827,0.442198,-0.00861306,-0.137768,0.0317601,-0.0913379
0,0,0.13188,0.451289,-0.00491507,-0.143643,0.0330872,-0.0957925
0,0,0.140325,0.475822,-0.0149616,-0.146506,0.0341879,-0.101359
0,0,0.147479,0.448033,-0.0200766,-0.140986,0.0300802,-0.0991432
0,0,0.146251,0.434686,-0.0206788,-0.140556,0.0222619,-0.0981881
0,0,0.163376,0.447288,-0.00732411,-0.146224,0.0234522,-0.09589
0,0,0.185482,0.453146,-0.00875259,-0.149593,0.0298244,-0.0923825
0,0,0.171179,0.457475,-0.0102719,-0.146967,0.0295398,-0.0930033
0,0,0.174097,0.443191,-0.0109145,-0.152168,0.0302393,-0.0961803
0,0,0.172987,0.441638,0.0123515,-0.14565,0.0361643,-0.0943646
0,0,0.159557,0.458893,0.0175755,-0.139402,0.0285356,-0.0974737
0,0,0.163633,0.453193,0.00551215,-0.136429,0.0224146,-0.0976926
0,0,0.187372,0.449409,-0.0266834,-0.145096,0.0732784,-0.0937524
0,0,0.207972,0.397643,-0.085335,-0.14991,0.0839928,-0.0900107
0,0,0.210434,0.398931,-0.134473,-0.178884,0.101897,-0.0861577
0,0,0.204002,0.217043,-0.0567449,-0.145356,0.11817,-0.0988811
0,0,0.192947,0.172135,-0.0698513,-0.167074,0.151018,-0.101925
0,0,0.198181,0.232418,-0.0668655,-0.143064,0.148419,-0.0969259
0,0,0.194711,0.191679,0.0409775,-0.146198,0.112522,-0.105405
0,0,0.184456,0.155664,0.0680884,-0.118405,0.085918,-0.101479
0,0,0.148941,0.167467,0.117813,-0.137462,0.0650555,-0.104329
0,0,0.143125,0.100603,0.129867,-0.114669,0.0347229,-0.105161
0,0,0.152972,0.0642316,0.336209,-0.0904973,-0.0666514,-0.0974793
0,0,0.153563,-0.0482654,0.398479,-0.0822454,-0.0888276,-0.103317
0,0,0.146406,0.0108705,0.423387,-0.0741667,-0.0926144,-0.110402
0,0,0.121332,0.0578053,0.489337,-0.071291,-0.110121,-0.123419
0,0,0.153767,0.0403423,0.513675,-0.0746871,-0.120313,-0.135977
0,0,0.147978,-0.030801,0.509786,-0.0693961,-0.145671,-0.119513
0,0,0.143596,-0.159461,0.581685,-0.0365779,-0.149296,-0.102283
0,0,0.112328,-0.106995,0.557603,-0.0641053,-0.158515,-0.10284
0,0,0.0763059,-0.0777273,0.54906,-0.0611338,-0.168311,-0.128359
0,0,0.155676,-0.0492844,0.525077,-0.0599741,-0.148996,-0.138806
0,0,0.163104,-0.098442,0.550449,-0.0709568,-0.169729,-0.118972
0,0,0.16416,-0.107644,0.61556,-0.0310399,-0.159006,-0.105736
0,0,0.136368,-0.0911554,0.640239,-0.0437773,-0.172275,-0.119666
0,0,0.119016,-0.0349962,0.585497,-0.0488599,-0.179197,-0.140339
0,0,0.149646,0.0272051,0.567166,-0.0731408,-0.168496,-0.134349
0,0,0.1815,-0.086564,0.633642,-0.0534985,-0.195665,-0.118537
0,0,0.165807,-0.0946961,0.669194,-0.0344231,-0.179358,-0.132189
0,0,0.147742,-0.0966438,0.608399,-0.0502016,-0.175011,-0.146071
0,0,0.149506,-0.0237612,0.565962,-0.0704157,-0.165463,-0.13595
0,0,0.174226,-0.0917552,0.612381,-0.0505912,-0.155698,-0.110723
0,0,0.147484,-0.0854679,0.646817,-0.057459,-0.187578,-0.134401
0,0,0.137313,-0.085438,0.580912,-0.0665813,-0.168225,-0.13715
0,0,0.153637,-0.0710117,0.595567,-0.0530262,-0.18193,-0.108855
0,0,0.16201,-0.137873,0.656866,-0.0498137,-0.169137,-0.106042
0,0,0.17342,-0.0491821,0.643288,-0.0337453,-0.163477,-0.12689
0,0,0.139921,-0.0920653,0.62996,-0.034448,-0.174847,-0.12359
0,0,0.147382,-0.0416269,0.588786,-0.0645843,-0.174116,-0.117388
0,0,0.144432,-0.119931,0.645775,-0.026865,-0.185572,-0.138528
0,0,0.141852,-0.117062,0.689819,-0.0361172,-0.176291,-0.138887
0,0,0.153166,-0.207305,0.617902,-0.0346771,-0.168563,-0.118797
0,0,0.131576,-0.126946,0.63088,-0.0497369,-0.155339,-0.14748
0,0,0.177707,-0.142337,0.6372,-0.0420891,-0.178288,-0.137304
0,0,0.179447,-0.230086,0.647145,-0.0274655,-0.188961,-0.119407
0,0,0.176338,-0.139882,0.548059,-0.0490347,-0.186198,-0.134618
0,0,0.152845,-0.177655,0.514213,-0.0525106,-0.19117,-0.145338
0,0,0.138823,-0.191594,0.623495,-0.0270158,-0.191325,-0.122066
0,0,0.204344,-0.118259,0.58587,-0.0389044,-0.154737,-0.14543
0,0,0.212447,-0.138171,0.57216,-0.048785,-0.167481,-0.129395
0,0,0.195109,-0.102932,0.579965,-0.0318453,-0.175695,-0.11498
0,0,0.131961,-0.183856,0.571048,-0.0459798,-0.168182,-0.136837
0,0,0.160149,-0.176817,0.531137,-0.0664447,-0.171356,-0.102844
0,0,0.185321,-0.261085,0.552032,-0.0350979,-0.188965,-0.128467
0,0,0.19745,-0.22806,0.553722,-0.045307,-0.188564,-0.135826
0,0,0.201421,-0.304263,0.548485,-0.0420035,-0.167716,-0.117078
0,0,0.159759,-0.147915,0.53499,-0.0395531,-0.180084,-0.148696
0,0,0.181883,-0.182984,0.505625,-0.0475016,-0.192324,-0.125254
0,0,0.137645,-0.18895,0.471736,-0.0658291,-0.210127,-0.14391
0,0,0.132991,-0.217524,0.461661,-0.0464471,-0.190266,-0.137485
0,0,0.181117,-0.204722,0.470457,-0.0516933,-0.201877,-0.121947
0,0,0.168786,-0.282514,0.496756,-0.034903,-0.200571,-0.140731
0,0,0.166149,-0.233062,0.426726,-0.0443955,-0.180434,-0.101912
0,0,0.165433,-0.292964,0.419936,-0.0394565,-0.200408,-0.141686
0,0,0.176732,-0.275958,0.471147,-0.0508836,-0.192998,-0.126303
0,0,0.22319,-0.205926,0.404239,-0.0253105,-0.168723,-0.133276
0,0,0.194643,-0.214314,0.373336,-0.0535652,-0.173277,-0.149594
0,0,0.185721,-0.29161,0.494801,-0.0253606,-0.196327,-0.140265
0,0,0.186189,-0.242328,0.406305,-0.0512169,-0.157841,-0.126768
0,0,0.183464,-0.154684,0.341379,-0.0462639,-0.168193,-0.118389
0,0,0.182742,-0.134113,0.310867,-0.0657584,-0.206834,-0.142893
0,0,0.167894,-0.0576861,0.271983,-0.0581403,-0.200132,-0.142378
0,0,0.15793,0.064857,0.169334,-0.0896806,-0.191699,-0.134591
0,0,0.167649,-0.0758194,0.284957,-0.0443416,-0.206495,-0.130966
0,0,0.175938,-0.114542,0.271809,-0.0182609,-0.213036,-0.120232
0,0,0.182376,-0.0667572,0.252048,-0.0222244,-0.214344,-0.114167
0,0,0.188077,-0.0775738,0.309988,-0.0238625,-0.252493,-0.107796
0,0,0.184076,-0.0121004,0.283847,-0.028114,-0.251991,-0.11832
0,0,0.147329,0.0304684,0.256125,-0.0161127,-0.243858,-0.0987166
0,0,0.151125,-0.0174337,0.26148,-0.0320825,-0.247358,-0.0976815
0,0,0.182239,-0.0947653,0.36268,-0.0099392,-0.244088,-0.111042
0,0,0.157892,-0.174143,0.353186,-0.00665091,-0.242811,-0.105371
0,0,0.182328,-0.0273023,0.263311,-0.0398006,-0.217452,-0.125869
0,0,0.144975,-0.0407035,0.391302,-0.00812979,-0.267629,-0.0946642
0,0,0.16361,-0.153491,0.492614,0.0218996,-0.276083,-0.101563
0,0,0.141616,-0.141186,0.436257,0.0175283,-0.253231,-0.104208
0,0,0.171412,-0.159321,0.427903,-0.00310694,-0.234861,-0.103001
0,0,0.147123,-0.218439,0.520939,0.0327988,-0.261954,-0.105431
0,0,0.138314,-0.175999,0.455244,0.00142683,-0.243975,-0.0826409
0,0,0.148687,-0.0949494,0.419437,-0.016151,-0.241341,-0.0964102
0,0,0.176747,-0.240612,0.547739,0.0353212,-0.255955,-0.0864223
0,0,0.0904952,-0.068855,0.4943,-0.0183479,-0.264287,-0.0885849
0,0,0.0980133,-0.0528498,0.470009,0.00284022,-0.257898,-0.0981512
0,0,0.139111,-0.0301154,0.492983,0.0063307,-0.254579,-0.0843692
0,0,0.156992,-0.12003,0.583697,0.0187732,-0.280935,-0.0882168
0,0,0.118932,-0.0713298,0.49916,-0.00479144,-0.237629,-0.0878534
0,0,0.118988,0.0100926,0.471827,-0.00368721,-0.232893,-0.0920183
0,0,0.123006,-0.0808301,0.606331,0.00362981,-0.265169,-0.105866
0,0,0.136879,-0.150026,0.566461,0.0191055,-0.252814,-0.100108
0,0,0.166908,-0.0561769,0.527992,-0.00176142,-0.22523,-0.0882246
0,0,0.16918,-0.0313817,0.631952,0.0104954,-0.271958,-0.100966
0,0,0.126022,-0.117342,0.691613,0.0365135,-0.272911,-0.0894633
0,0,0.137808,-0.117605,0.611191,0.0118469,-0.249375,-0.0866703
0,0,0.192802,-0.0426098,0.539471,0.0152815,-0.218768,-0.106637
0,0,0.175102,-0.0327591,0.617833,0.0114763,-0.243851,-0.0979719
0,0,0.179514,0.00474622,0.650146,0.0184231,-0.232518,-0.099432
0,0,0.130694,-0.0471287,0.597961,-0.0136606,-0.251186,-0.112442
0,0,0.100174,0.0525612,0.573481,-0.0255489,-0.241092,-0.0980571
0,0,0.148856,-0.0144374,0.699987,0.0207579,-0.24922,-0.0834988
0,0,0.167089,-0.0830182,0.72171,0.0356224,-0.25762,-0.103342
0,0,0.0961553,0.00336418,0.601488,-0.00705554,-0.224718,-0.102492
0,0,0.099939,0.0579709,0.635738,-0.0113806,-0.239954,-0.0803685
0,0,0.113298,-0.00858949,0.706729,0.0204177,-0.249584,-0.101949
0,0,0.143772,-0.0401988,0.6835,0.0157001,-0.25229,-0.116081
0,0,0.181765,-0.024939,0.60707,0.0167675,-0.246623,-0.107668
0,0,0.161411,0.0371825,0.630767,0.0148146,-0.243887,-0.0885392
0,0,0.0766938,-0.0115822,0.7029,-0.0049747,-0.26468,-0.117012
0,0,0.0400967,-6.97598e-05,0.732159,0.00537308,-0.267987,-0.12166
0,0,0.128517,0.0204846,0.654393,-0.00515259,-0.262219,-0.105313
0,0,0.177513,0.0804476,0.571154,0.00809105,-0.250713,-0.0903045
0,0,0.147891,0.00272746,0.662771,0.0227232,-0.24538,-0.0893179
0,0,0.137482,0.0780789,0.665929,0.0162414,-0.244165,-0.107632
0,0,0.129186,0.059074,0.645887,0.00523966,-0.244433,-0.0986769
0,0,0.185327,0.113944,0.586249,-0.00462182,-0.238143,-0.0889134
0,0,0.241006,0.0405787,0.613887,0.0145516,-0.2434,-0.0909169
0,0,0.136879,-0.000183586,0.734011,0.0346742,-0.248628,-0.115159
0,0,0.101044,0.142703,0.612,0.0139393,-0.247545,-0.104217
0,0,0.0897602,0.1108,0.607949,-0.000660176,-0.245075,-0.0896435
0,0,0.10488,0.153623,0.596996,0.0290139,-0.238116,-0.0814685
0,0,0.165585,0.0805269,0.681375,0.0163069,-0.255408,-0.0817837
0,0,0.154261,0.0932703,0.585071,-0.000431846,-0.209257,-0.10013
0,0,0.141886,0.221618,0.440978,-0.020539,-0.187334,-0.100712
0,0,0.182756,0.209638,0.421264,-0.0214881,-0.181652,-0.0945917
0,0,0.188777,0.228065,0.44097,-0.00723654,-0.184482,-0.09127
0,0,0.220729,0.207995,0.46723,0.000639406,-0.179775,-0.0884008
0,0,0.201273,0.295673,0.396764,-0.0133087,-0.164245,-0.0922144
0,0,0.187618,0.489411,0.307004,-0.0285428,-0.163721,-0.097045
0,0,0.201762,0.710376,0.18357,-0.10303,-0.152971,-0.102133
0,0,0.17799,0.617084,0.182851,-0.095312,-0.131856,-0.0973164
0,0,0.157886,0.596505,0.154701,-0.114986,-0.0854293,-0.0931263
0,0,0.131504,0.47016,0.195564,-0.107642,-0.113392,-0.0965841
0,0,0.135678,0.339805,0.217907,-0.101803,-0.0870148,-0.096768
0,0,0.169838,0.329733,0.240048,-0.0886092,-0.0984577,-0.0945699
0,0,0.202953,0.48656,0.1255,-0.124314,-0.084073,-0.09591
0,0,0.217052,0.647049,0.08801,-0.128218,-0.0811431,-0.096595
0,0,0.143704,0.467924,0.176203,-0.11356,-0.0883385,-0.0943212
0,0,0.122306,0.348806,0.180289,-0.111311,-0.0827919,-0.0950671
0,0,0.107297,0.321677,0.175424,-0.130067,-0.0821876,-0.0958222
0,0,0.121988,0.337272,0.195839,-0.125075,-0.077939,-0.102374
0,0,0.146028,0.379111,0.187869,-0.123474,-0.0706363,-0.10345
0,0,0.129971,0.345753,0.170875,-0.125504,-0.0658309,-0.100745
0,0,0.112701,0.368807,0.181981,-0.120859,-0.0702039,-0.095929
0,0,0.118742,0.35304,0.187348,-0.115541,-0.0735134,-0.0964126
0,0,0.136101,0.35857,0.181068,-0.110615,-0.074325,-0.0971126
0,0,0.15259,0.379571,0.149424,-0.117807,-0.0820394,-0.0896406
0,0,0.152963,0.374092,0.134699,-0.118143,-0.0856782,-0.0886687
0,0,0.142104,0.378177,0.142637,-0.123698,-0.0827689,-0.093464
0,0,0.121321,0.403242,0.158467,-0.121689,-0.089333,-0.0952069
0,0,0.118855,0.416286,0.152974,-0.118693,-0.0850464,-0.0920318
0,0,0.141332,0.398378,0.149124,-0.122418,-0.0746664,-0.0994319
0,0,0.155469,0.39095,0.172749,-0.117535,-0.0716652,-0.0933709
0,0,0.12927,0.366101,0.189789,-0.108901,-0.0834314,-0.0938469
0,0,0.119585,0.33567,0.185194,-0.10596,-0.0874636,-0.0947712
0,0,0.126345,0.322036,0.194489,-0.104886,-0.0877722,-0.0969176
0,0,0.147962,0.30944,0.200379,-0.0996553,-0.088323,-0.0963523
0,0,0.15027,0.303249,0.181877,-0.100359,-0.0916283,-0.101002
0,0,0.149134,0.304659,0.17597,-0.108772,-0.0909962,-0.102155
0,0,0.140284,0.338595,0.177945,-0.10679,-0.0908518,-0.101126
0,0,0.133743,0.363361,0.176859,-0.108949,-0.0804919,-0.0987974
0,0,0.126031,0.373765,0.166716,-0.121228,-0.0826113,-0.0931422
0,0,0.120926,0.378313,0.159006,-0.119965,-0.0868639,-0.0927924
0,0,0.117199,0.377905,0.172291,-0.117463,-0.086956,-0.0939065
0,0,0.111289,0.35903,0.173602,-0.110499,-0.086026,-0.0934534
0,0,0.138873,0.324942,0.163925,-0.109783,-0.0826581,-0.0956366
0,0,0.142134,0.307885,0.160033,-0.111364,-0.0811017,-0.0908338
0,0,0.14117,0.298756,0.161983,-0.106802,-0.0804205,-0.087244
0,0,0.147521,0.300589,0.166795,-0.100563,-0.078996,-0.0883266
0,0,0.127523,0.303048,0.162898,-0.101814,-0.0756775,-0.0924865
0,0,0.109205,0.30101,0.162118,-0.105159,-0.0796397,-0.0898527
0,0,0.127436,0.328395,0.149454,-0.0946231,-0.0805287,-0.0963149
0,0,0.131318,0.338521,0.166433,-0.100882,-0.078414,-0.09712
0,0,0.133363,0.327576,0.173337,-0.105174,-0.0877278,-0.0935794
0,0,0.119613,0.316089,0.172231,-0.111218,-0.0873361,-0.0912788
0,0,0.12341,0.310696,0.178867,-0.109076,-0.0832402,-0.0894055
0,0,0.127731,0.315386,0.165534,-0.112785,-0.0738796,-0.0910977
0,0,0.114994,0.313606,0.18751,-0.11304,-0.0754353,-0.0899976
0,0,0.116433,0.286524,0.188278,-0.107641,-0.0774972,-0.0896955
0,0,0.130072,0.296122,0.178542,-0.104688,-0.091182,-0.0935043
0,0,0.131764,0.307851,0.189434,-0.11161,-0.0905886,-0.0868559
0,0,0.141828,0.316591,0.192082,-0.108794,-0.083813,-0.0886026
0,0,0.13735,0.327035,0.20278,-0.108615,-0.0879756,-0.0844982
0,0,0.123798,0.331403,0.185191,-0.108398,-0.0854014,-0.082381
0,0,0.121134,0.338854,0.194388,-0.105652,-0.0807037,-0.0856162
0,0,0.121382,0.328711,0.197033,-0.109001,-0.0823966,-0.0907976
0,0,0.120355,0.32872,0.196075,-0.107474,-0.0843186,-0.086233
0,0,0.136134,0.324385,0.207002,-0.109363,-0.0865429,-0.0880393
0,0,0.143215,0.313603,0.212858,-0.102457,-0.0822383,-0.100951
0,0,0.124795,0.297096,0.217527,-0.102315,-0.0840448,-0.0987789
0,0,0.125915,0.294765,0.223351,-0.0996698,-0.0844069,-0.0962099
0,0,0.122008,0.295769,0.232741,-0.110247,-0.0921547,-0.101227
0,0,0.12181,0.307069,0.226116,-0.109046,-0.0942897,-0.0950671
0,0,0.132933,0.316656,0.224632,-0.11206,-0.0943306,-0.0881332
0,0,0.120938,0.319114,0.226751,-0.112585,-0.0907473,-0.0940845
0,0,0.121439,0.347146,0.2109,-0.114328,-0.0901996,-0.0954246
0,0,0.127172,0.365595,0.203464,-0.116396,-0.0896427,-0.0947278
0,0,0.125621,0.350806,0.212969,-0.106552,-0.0839767,-0.0955695
0,0,0.122047,0.348937,0.214818,-0.100457,-0.089659,-0.0894562
0,0,0.136812,0.335249,0.22107,-0.102927,-0.0967784,-0.0886528
0,0,0.147163,0.324535,0.218125,-0.104428,-0.0914703,-0.0935215
0,0,0.147996,0.30318,0.208188,-0.106508,-0.0980989,-0.0935881
0,0,0.146114,0.32432,0.193076,-0.103811,-0.094031,-0.0941275
0,0,0.14257,0.329942,0.17752,-0.106649,-0.0900471,-0.0895283
0,0,0.130738,0.323834,0.183208,-0.108539,-0.0924738,-0.0930748
0,0,0.101057,0.320846,0.175083,-0.11004,-0.085762,-0.0892523
0,0,0.10754,0.318005,0.186391,-0.103157,-0.0871507,-0.0852339
0,0,0.122375,0.332239,0.183358,-0.112145,-0.0883027,-0.0941588
0,0,0.124542,0.331026,0.178597,-0.114766,-0.0910677,-0.0985877
0,0,0.116891,0.323879,0.195995,-0.113452,-0.0930528,-0.0998748
0,0,0.111615,0.327889,0.204694,-0.111308,-0.0964242,-0.0938953
0,0,0.139814,0.316477,0.200862,-0.114648,-0.0923063,-0.0965093
0,0,0.14363,0.322523,0.215178,-0.113523,-0.0859675,-0.0977413
0,0,0.127317,0.30525,0.21053,-0.100533,-0.0895175,-0.0965606
0,0,0.113656,0.314728,0.194988,-0.100715,-0.0927356,-0.0962261
0,0,0.111648,0.321336,0.203457,-0.0953939,-0.0976544,-0.0979765
0,0,0.118212,0.323412,0.197179,-0.0985185,-0.0966343,-0.0981708
0,0,0.123484,0.324382,0.180408,-0.0997917,-0.0886711,-0.0935977
0,0,0.134284,0.320881,0.179658,-0.0988584,-0.089928,-0.0940972
0,0,0.139728,0.319197,0.189022,-0.0989228,-0.099427,-0.099487
0,0,0.141087,0.316221,0.182899,-0.101591,-0.100644,-0.0946428
0,0,0.147691,0.323373,0.194904,-0.0978048,-0.0957928,-0.0868811
0,0,0.151781,0.326982,0.188404,-0.106377,-0.0908922,-0.0866733
0,0,0.156684,0.334959,0.217975,-0.103083,-0.0864611,-0.0894563
0,0,0.159502,0.349942,0.218057,-0.104657,-0.0902759,-0.0941008
0,0,0.145525,0.348547,0.194068,-0.101543,-0.0872957,-0.0998387
0,0,0.140445,0.337048,0.175505,-0.104866,-0.0923167,-0.100618
0,0,0.147737,0.330037,0.180647,-0.106489,-0.0880575,-0.0871078
0,0,0.147224,0.330358,0.183046,-0.106176,-0.0948819,-0.0890039
0,0,0.126444,0.336236,0.202857,-0.104071,-0.0891766,-0.0911404
0,0,0.110441,0.333477,0.193553,-0.099728,-0.0869958,-0.0922877
0,0,0.111759,0.34487,0.201108,-0.102137,-0.0892947,-0.0917109
0,0,0.127545,0.350916,0.194153,-0.0990441,-0.0823338,-0.0887647
0,0,0.135501,0.338556,0.180042,-0.104168,-0.0822647,-0.0877045
0,0,0.139501,0.33694,0.186409,-0.100908,-0.0892743,-0.080846
0,0,0.136011,0.334049,0.206074,-0.0997794,-0.0882827,-0.0819583
0,0,0.131058,0.340672,0.200741,-0.0995318,-0.0924546,-0.0910107
0,0,0.128018,0.32541,0.199928,-0.102958,-0.0987503,-0.0928702
0,0,0.127181,0.305453,0.210129,-0.109537,-0.0941987,-0.0945885
0,0,0.117381,0.312206,0.218488,-0.108068,-0.0958688,-0.0941709
0,0,0.118904,0.317115,0.216812,-0.107222,-0.0869774,-0.0949153
0,0,0.102428,0.323352,0.201177,-0.10588,-0.0877822,-0.0949708
0,0,0.103807,0.319867,0.195655,-0.106962,-0.0802398,-0.0920675
0,0,0.133213,0.329197,0.206487,-0.0967099,-0.0854764,-0.0879941
0,0,0.123539,0.339356,0.2264,-0.0985431,-0.0856824,-0.0865102
0,0,0.119412,0.326834,0.228841,-0.104313,-0.0864262,-0.0905196
0,0,0.136135,0.322162,0.226969,-0.105544,-0.0945458,-0.0918082
0,0,0.142405,0.314762,0.200045,-0.100963,-0.0947896,-0.0947594
0,0,0.143207,0.321133,0.186652,-0.0989761,-0.0936883,-0.0963139
0,0,0.141694,0.328972,0.184442,-0.103522,-0.0890206,-0.0928997
0,0,0.151442,0.316711,0.196546,-0.111913,-0.0863233,-0.0916937
0,0,0.15239,0.339912,0.130476,-0.120249,-0.0878516,-0.0915115
0,0,0.120682,0.398063,0.031001,-0.13231,-0.0795882,-0.0942004
0,0,0.0486414,0.401956,0.0166603,-0.157478,-0.0463145,-0.0852808
0,0,0.032185,0.425777,-0.0331496,-0.18282,-0.0554607,-0.0836049
0,0,0.0495802,0.210222,-0.0842513,-0.177329,-0.0258383,-0.0913233
0,0,0.0675453,0.241859,-0.0436626,-0.155111,-0.041375,-0.0941221
0,0,0.0341377,0.274184,0.0188441,-0.164663,-0.0415748,-0.0982992
0,0,0.0260791,0.251999,-0.0467961,-0.183733,-0.0277835,-0.0997743
0,0,0.0597683,0.299242,-0.135513,-0.190578,0.000342378,-0.0954603
0,0,0.0206775,0.200531,-0.122516,-0.194001,0.0337197,-0.0920447
0,0,0.0996982,0.256546,-0.141999,-0.204664,0.0373149,-0.0983627
0,0,0.089562,0.308898,-0.232506,-0.232708,0.0626956,-0.119712
0,0,0.0243113,0.417814,-0.2582,-0.23173,0.0716034,-0.131767
0,0,0.0280478,0.323282,-0.216756,-0.23603,0.061578,-0.120847
0,0,-0.00539056,0.470154,-0.394453,-0.258539,0.0819292,-0.0972953
0,0,0.023851,0.503272,-0.428092,-0.268386,0.108672,-0.100702
0,0,-0.0136517,0.453679,-0.356605,-0.272026,0.115292,-0.1259
0,0,-0.00234796,0.527886,-0.498095,-0.285308,0.123802,-0.128854
0,0,-0.0349109,0.566535,-0.513896,-0.313961,0.148052,-0.106424
0,0,-0.0153635,0.579813,-0.434525,-0.305045,0.152534,-0.103089
0,0,0.0131059,0.524131,-0.579217,-0.31394,0.157639,-0.126227
0,0,0.0194596,0.573991,-0.658593,-0.354868,0.174776,-0.132503
0,0,-0.015483,0.539194,-0.558369,-0.313755,0.17534,-0.118086
0,0,0.00885358,0.545401,-0.673345,-0.337485,0.203245,-0.110465
0,0,0.000761461,0.644426,-0.699445,-0.363828,0.207738,-0.128495
0,0,-0.0243004,0.539578,-0.606626,-0.320839,0.193721,-0.127078
0,0,-0.042419,0.515121,-0.706653,-0.340104,0.217942,-0.105399
0,0,0.0132428,0.545193,-0.677598,-0.328791,0.1992,-0.104494
0,0,-0.0819443,0.48904,-0.619996,-0.28748,0.170645,-0.131275
0,0,-0.036164,0.581981,-0.719688,-0.325701,0.211981,-0.115335
0,0,-0.0505932,0.579245,-0.735375,-0.31619,0.204613,-0.0911252
0,0,-0.0744332,0.511144,-0.705534,-0.304866,0.18773,-0.117487
0,0,-0.00258326,0.631445,-0.809725,-0.335729,0.2252,-0.109493
0,0,-0.0356958,0.536909,-0.759967,-0.313564,0.20362,-0.100585
0,0,-0.0247885,0.610642,-0.758701,-0.33831,0.201701,-0.134407
0,0,-0.0527853,0.661884,-0.809581,-0.333499,0.22811,-0.120025
0,0,-0.0169528,0.633552,-0.774843,-0.303374,0.200199,-0.127935
0,0,-0.0197364,0.648605,-0.746149,-0.307271,0.204078,-0.14507
0,0,0.000882789,0.625589,-0.832509,-0.326149,0.194923,-0.122064
0,0,0.0119537,0.701519,-0.87506,-0.326602,0.223111,-0.142812
0,0,-0.0613403,0.549135,-0.75892,-0.291026,0.197247,-0.146731
0,0,-0.0149931,0.647488,-0.803303,-0.310242,0.185182,-0.129288
0,0,-0.0172088,0.679763,-0.871188,-0.341458,0.227057,-0.142845
0,0,-0.000165029,0.601576,-0.884129,-0.334108,0.225105,-0.122945
0,0,0.00108707,0.585153,-0.723177,-0.284262,0.168661,-0.148283
0,0,-0.0713996,0.554436,-0.812903,-0.293117,0.169593,-0.132191
0,0,-0.0211901,0.574574,-0.773583,-0.267102,0.16601,-0.130184
0,0,-0.0319974,0.372306,-0.662152,-0.255185,0.154307,-0.152713
0,0,0.00942027,0.423265,-0.603655,-0.233532,0.117469,-0.122928
0,0,-0.0212134,0.476332,-0.632979,-0.25411,0.106386,-0.13961
0,0,-0.0300569,0.47043,-0.675836,-0.275268,0.122845,-0.118315
0,0,-0.0578626,0.441404,-0.689487,-0.273995,0.137757,-0.129378
0,0,-0.00418818,0.409981,-0.612263,-0.260603,0.139631,-0.12826
0,0,-0.0369045,0.425479,-0.657776,-0.272449,0.131998,-0.117666
0,0,-0.0180024,0.471564,-0.770315,-0.309579,0.150473,-0.141775
0,0,-0.00887682,0.482732,-0.736471,-0.298666,0.138801,-0.115807
0,0,-0.0353725,0.421914,-0.620774,-0.260064,0.103437,-0.145711
0,0,-0.0648374,0.375977,-0.535871,-0.25404,0.0805519,-0.127
0,0,-0.0115715,0.406986,-0.584149,-0.261181,0.0993554,-0.133504
0,0,-0.00324755,0.296564,-0.58916,-0.261812,0.112839,-0.137908
0,0,0.00845359,0.354479,-0.518928,-0.247207,0.113965,-0.147508
0,0,-0.0580648,0.33673,-0.501428,-0.239558,0.0903428,-0.124082
0,0,-0.122217,0.259502,-0.456374,-0.229636,0.0765323,-0.118091
0,0,-0.0966555,0.242816,-0.501616,-0.246179,0.100074,-0.141919
0,0,-0.053639,0.15247,-0.483889,-0.254012,0.111649,-0.128622
0,0,-0.0276777,0.163032,-0.439212,-0.249835,0.071035,-0.123281
0,0,-0.0271573,0.19034,-0.386462,-0.256013,0.0700939,-0.12872
0,0,-0.0655591,0.166369,-0.349069,-0.243805,0.0346999,-0.135872
0,0,-0.0980034,0.113912,-0.304335,-0.249503,0.00523977,-0.142386
0,0,-0.074335,0.108201,-0.278272,-0.265491,0.00307665,-0.143171
0,0,0.0212652,0.0798615,-0.179357,-0.221933,-0.0219963,-0.151609
0,0,0.0263192,0.0983512,-0.2105,-0.258176,-0.0406804,-0.142499
0,0,0.00462519,0.143645,-0.176424,-0.22479,-0.0413605,-0.128577
0,0,0.0186309,0.0389104,-0.150177,-0.223224,-0.0623801,-0.131935
0,0,0.0157103,0.0317343,-0.146041,-0.217985,-0.0633092,-0.136252
0,0,0.0680493,0.0115243,-0.13363,-0.210621,-0.0740037,-0.145473
0,0,0.10788,-0.0164172,-0.124932,-0.210012,-0.0584443,-0.15106
0,0,0.110731,-0.0594024,-0.0922726,-0.217329,-0.0680428,-0.147709
0,0,0.114715,-0.106782,-0.0599909,-0.192122,-0.0748883,-0.151791
0,0,0.12432,-0.0583686,-0.0169561,-0.197327,-0.0932292,-0.136165
0,0,0.148225,0.0272999,0.0371264,-0.188367,-0.107132,-0.123706
0,0,0.213321,0.0967831,0.0324044,-0.164861,-0.122572,-0.140157
0,0,0.278842,0.059929,-0.00467462,-0.177394,-0.130468,-0.132637
0,0,0.268074,0.137994,-0.00418296,-0.177555,-0.123426,-0.140815
0,0,0.359027,0.161436,0.0964786,-0.147491,-0.109654,-0.136012
0,0,0.327226,0.13998,0.124903,-0.133509,-0.127255,-0.1286
0,0,0.278678,0.0969892,0.194661,-0.108809,-0.174712,-0.116857
0,0,0.35742,0.108675,0.182676,-0.0902471,-0.174682,-0.119373
0,0,0.313857,0.140836,0.148278,-0.116357,-0.153182,-0.0992977
0,0,0.368533,0.173793,0.251425,-0.095437,-0.180375,-0.102362
0,0,0.282365,0.158857,0.276264,-0.0823059,-0.204326,-0.120782
0,0,0.271046,0.160052,0.295704,-0.0621411,-0.194785,-0.107207
0,0,0.241884,0.0572547,0.269079,-0.0638408,-0.201932,-0.0936848
0,0,0.272596,0.0353624,0.253563,-0.0633901,-0.174336,-0.118335
0,0,0.289604,-0.0618615,0.303276,-0.0673226,-0.18582,-0.0992817
0,0,0.245835,-0.0978268,0.314404,-0.0584768,-0.210629,-0.0969644
0,0,0.247178,0.0294763,0.196904,-0.0615086,-0.177532,-0.117407
0,0,0.219586,-0.0098064,0.241369,-0.0397442,-0.192868,-0.104584
0,0,0.257012,-0.00392304,0.271616,-0.0499316,-0.193205,-0.125982
0,0,0.249851,0.0182899,0.306399,-0.0553638,-0.189745,-0.116168
0,0,0.197062,0.00574729,0.255906,-0.0667776,-0.192858,-0.104968
0,0,0.195808,0.019514,0.221832,-0.0508982,-0.169108,-0.120767
0,0,0.194011,0.1231,0.250923,-0.0473865,-0.196293,-0.112227
0,0,0.222374,0.148458,0.168999,-0.0744288,-0.159899,-0.0966202
0,0,0.205835,0.179388,0.0918795,-0.0931515,-0.156137,-0.106204
0,0,0.136838,0.100898,0.138144,-0.0622362,-0.139639,-0.0983259
0,0,0.157956,0.0555344,0.112516,-0.0699271,-0.152515,-0.0896454
0,0,0.183708,0.0860042,0.0738107,-0.085708,-0.138068,-0.108146
0,0,0.17996,0.0346563,0.162299,-0.0669055,-0.178424,-0.111754
0,0,0.160139,-0.0196415,0.241032,-0.0256102,-0.192571,-0.0984312
0,0,0.142433,0.0959816,0.133809,-0.047751,-0.186923,-0.109267
0,0,0.112517,0.0440569,0.186968,-0.0481985,-0.185695,-0.101683
0,0,0.125825,-0.00656566,0.302803,-0.0382843,-0.214379,-0.0853605
0,0,0.154406,-0.0122547,0.26963,-0.0296606,-0.209007,-0.0946154
0,0,0.155106,0.098938,0.205231,-0.0444718,-0.209165,-0.124879
0,0,0.0807845,0.0872414,0.277122,-0.0388517,-0.225725,-0.116757
0,0,0.0816745,0.0862018,0.305286,-0.0368905,-0.222635,-0.100817
0,0,0.126105,0.0959879,0.253967,-0.0425835,-0.200212,-0.104369
0,0,0.141896,0.0536629,0.278756,-0.0245153,-0.209315,-0.117818
0,0,0.0983865,-0.0195251,0.384868,-0.0124653,-0.2234,-0.103774
0,0,0.0842901,0.0580386,0.225121,-0.0662476,-0.217443,-0.0909337
0,0,0.0720145,0.091393,0.219908,-0.0453803,-0.200111,-0.102181
0,0,0.0712676,0.0729154,0.274111,-0.00265055,-0.220031,-0.114608
0,0,0.118469,0.0826336,0.246651,-0.0357675,-0.187529,-0.104738
0,0,0.115275,0.138826,0.289342,-0.0552437,-0.204626,-0.0950744
0,0,0.0667285,0.0322211,0.409573,-0.0193478,-0.225384,-0.111657
0,0,0.0303033,0.114429,0.439091,-0.0191796,-0.24455,-0.114847
0,0,0.123305,0.193191,0.429955,-0.0486551,-0.234934,-0.106356
0,0,0.105689,0.122968,0.470209,-0.0484923,-0.225092,-0.0843175
0,0,0.134149,0.129073,0.502108,-0.0128068,-0.228367,-0.0881938
0,0,0.135979,0.195802,0.399321,-0.0339666,-0.201755,-0.114829
0,0,0.0928186,0.0564341,0.439396,-0.0334917,-0.228122,-0.117304
0,0,0.0201249,0.0891967,0.502128,-0.0517875,-0.20679,-0.0999238
0,0,0.0611679,0.178613,0.439052,-0.0532197,-0.207426,-0.0904485
0,0,0.0939692,0.0928524,0.439453,-0.0274703,-0.18526,-0.0931733
0,0,0.131257,0.0972508,0.483533,-0.0229725,-0.193232,-0.105243
0,0,0.0813187,0.183227,0.411992,-0.0721937,-0.195887,-0.104858
0,0,0.0321824,0.123628,0.435586,-0.0559403,-0.18109,-0.0970879
0,0,0.0331138,0.0557952,0.548818,-0.0222197,-0.209624,-0.0877587
0,0,0.0327148,0.135999,0.484437,-0.0601016,-0.184539,-0.0886096
0,0,0.121336,0.153009,0.472192,-0.0514433,-0.188391,-0.105134
0,0,0.112264,0.14063,0.541002,-0.0129673,-0.201875,-0.108813
0,0,0.108929,0.177977,0.462736,-0.0428894,-0.17548,-0.103635
0,0,0.107769,0.161443,0.487497,-0.0692653,-0.190389,-0.103292
0,0,0.0691035,0.0985934,0.623979,-0.0314712,-0.206911,-0.083949
0,0,0.116054,0.143516,0.546027,-0.0308913,-0.194928,-0.0855278
0,0,0.0699843,0.166257,0.574717,-0.0545377,-0.202312,-0.0980803
0,0,0.0895255,0.140865,0.629394,-0.0410081,-0.189802,-0.107978
0,0,0.100267,0.125569,0.579134,-0.0409112,-0.190562,-0.111179
0,0,0.108289,0.202384,0.520477,-0.0501184,-0.18816,-0.100027
0,0,0.0367575,0.0340501,0.649957,-0.0306552,-0.208002,-0.0895589
0,0,0.0608033,0.0776523,0.559217,-0.0506905,-0.204347,-0.0849559
0,0,0.0715099,0.192002,0.575821,-0.0436968,-0.205916,-0.0879813
0,0,0.052312,0.183428,0.664203,-0.0267978,-0.200224,-0.0900884
0,0,0.111695,0.167511,0.604437,-0.0466182,-0.192275,-0.106276
0,0,0.131153,0.21471,0.580451,-0.052221,-0.183965,-0.110273
0,0,0.0950339,0.0689915,0.689047,-0.0204235,-0.197848,-0.108773
0,0,0.0792329,0.132853,0.623089,-0.0425691,-0.200401,-0.106411
0,0,0.101186,0.182419,0.632749,-0.0855084,-0.197405,-0.100129
0,0,0.0744519,0.158164,0.701801,-0.053067,-0.201195,-0.091151
0,0,0.145558,0.148189,0.677397,-0.0483963,-0.206231,-0.0877193
0,0,0.121986,0.202737,0.66837,-0.0723553,-0.223762,-0.0879229
0,0,0.0165034,-0.00529647,0.678099,-0.0782277,-0.212033,-0.0990369
0,0,0.0516135,-0.00850378,0.644951,-0.0728603,-0.202152,-0.0945171
0,0,0.0575209,0.0757872,0.532288,-0.0842539,-0.170382,-0.0946401
0,0,0.0158932,0.0570764,0.570895,-0.0508719,-0.167525,-0.096241
0,0,0.0725622,-0.0867313,0.632739,-0.043977,-0.174932,-0.0990513
0,0,0.0833378,-0.113115,0.552989,-0.0618028,-0.16825,-0.0996738
0,0,0.0124477,0.0130443,0.489783,-0.0797873,-0.159599,-0.0975561
0,0,0.0063701,-0.0492623,0.637641,-0.0517135,-0.19268,-0.102236
0,0,0.0267212,0.0147482,0.562197,-0.0656315,-0.177515,-0.10394
0,0,0.0422983,-0.0890793,0.648814,-0.0423521,-0.186413,-0.100633
0,0,0.100924,-0.0634912,0.648953,-0.0208039,-0.181644,-0.0950543
0,0,0.150387,0.00561522,0.610768,-0.0291194,-0.184318,-0.094223
0,0,0.0982788,0.0727608,0.626492,-0.02475,-0.199916,-0.100001
0,0,0.0882876,0.00263342,0.645094,-0.0136885,-0.200083,-0.0997874
0,0,0.102156,0.00871255,0.612018,-0.0244383,-0.188119,-0.0900607
0,0,0.118347,-0.0141988,0.632999,-0.0186561,-0.189194,-0.0896321
0,0,0.13571,0.0331442,0.625888,-0.0185491,-0.196078,-0.0938693
0,0,0.140663,0.0245395,0.60785,-0.0257699,-0.185796,-0.100694
0,0,0.0672093,-0.058069,0.615746,-0.0293248,-0.188677,-0.106729
0,0,0.0547902,-0.0709043,0.635431,-0.0340369,-0.194256,-0.102865
0,0,0.0575744,0.00550281,0.616603,-0.0384404,-0.195842,-0.107432
0,0,0.0691461,0.00206443,0.630387,-0.0378107,-0.199168,-0.105141
0,0,0.0984864,-0.0420067,0.669015,-0.0239023,-0.198932,-0.103305
0,0,0.106858,-0.0030471,0.639485,-0.0215947,-0.20301,-0.104563
0,0,0.101798,0.0418835,0.638472,-0.0238431,-0.200696,-0.0941427
0,0,0.0981046,0.0305441,0.656663,-0.023047,-0.205022,-0.0979596
0,0,0.112012,0.0385402,0.652294,-0.0251557,-0.197714,-0.0994499
0,0,0.114001,0.0524342,0.628006,-0.0317929,-0.200834,-0.102206
0,0,0.101243,0.0256036,0.629785,-0.0286964,-0.20185,-0.102017
0,0,0.107746,0.028758,0.631674,-0.0328699,-0.200463,-0.105012
0,0,0.0858725,0.0302586,0.638223,-0.0421561,-0.208857,-0.102665
0,0,0.0774092,0.0040697,0.63657,-0.0394313,-0.201458,-0.102325
0,0,0.0655338,-0.0243557,0.62369,-0.0387008,-0.19043,-0.0978353
0,0,0.0652342,-0.00372485,0.628994,-0.0433889,-0.192386,-0.105227
0,0,0.0829601,0.00216257,0.623794,-0.0320563,-0.194703,-0.104262
0,0,0.0845362,-0.00208718,0.624804,-0.0342273,-0.192169,-0.101273
0,0,0.093168,0.00533701,0.62416,-0.0383699,-0.19082,-0.100207
0,0,0.113323,0.00454945,0.632547,-0.0330055,-0.188505,-0.101136
0,0,0.136518,0.0123279,0.63598,-0.0349764,-0.193899,-0.106712
0,0,0.128081,0.0458492,0.652459,-0.0387836,-0.198428,-0.108642
0,0,0.13416,0.0441598,0.643363,-0.0348549,-0.195406,-0.10855
0,0,0.12813,0.0236819,0.655478,-0.027335,-0.196644,-0.111084
0,0,0.102844,0.00664173,0.649329,-0.0261561,-0.189813,-0.10158
0,0,0.114451,0.0138106,0.63824,-0.0346936,-0.195815,-0.102378
0,0,0.0929212,0.0162569,0.637146,-0.0367559,-0.191881,-0.0987734
0,0,0.0998145,-0.00566094,0.620859,-0.0367414,-0.197512,-0.0995365
0,0,0.10987,-0.0385353,0.619263,-0.0385203,-0.200483,-0.0993966
0,0,0.101538,-0.0425762,0.611975,-0.0397072,-0.199594,-0.0994574
0,0,0.0883984,-0.0249785,0.608291,-0.0387139,-0.200353,-0.093632
0,0,0.0925444,-0.0170653,0.618218,-0.0340812,-0.195825,-0.0984678
0,0,0.094445,-0.0229914,0.622323,-0.0301669,-0.196852,-0.0975029
0,0,0.0968587,-0.00128957,0.622184,-0.0274103,-0.196331,-0.101494
0,0,0.102808,0.0267844,0.646332,-0.0365045,-0.20188,-0.100002
0,0,0.10816,0.0345467,0.656975,-0.0375966,-0.200881,-0.0991505
0,0,0.107463,0.0405883,0.63091,-0.033939,-0.203448,-0.0992492
0,0,0.114773,0.0304024,0.624077,-0.0399162,-0.201343,-0.105116
0,0,0.107109,0.024509,0.621665,-0.0326486,-0.208473,-0.1078
0,0,0.100802,0.027688,0.618739,-0.0338993,-0.207877,-0.108638
0,0,0.115683,-0.00514987,0.62152,-0.03429,-0.203689,-0.113852
0,0,0.109263,-0.0197556,0.622491,-0.0343235,-0.200097,-0.113744
0,0,0.100763,-0.0136688,0.617653,-0.0287333,-0.199336,-0.108902
0,0,0.0896048,0.000437781,0.613905,-0.0293479,-0.195128,-0.108128
0,0,0.0846272,0.0194286,0.61334,-0.0234196,-0.190901,-0.109115
0,0,0.0816403,0.0105733,0.614355,-0.0249997,-0.195131,-0.113616
0,0,0.0903316,0.0260531,0.61907,-0.0312626,-0.203128,-0.108658
0,0,0.0943535,0.0261189,0.618425,-0.0299941,-0.204325,-0.105361
0,0,0.104891,0.033459,0.624774,-0.0286879,-0.205265,-0.104431
0,0,0.106075,0.0342035,0.639373,-0.0310004,-0.208193,-0.101683
0,0,0.100895,0.0211312,0.636516,-0.0289451,-0.202874,-0.103637
0,0,0.115489,0.0313244,0.634036,-0.0256259,-0.196229,-0.100502
0,0,0.127845,0.0374175,0.635257,-0.027335,-0.204376,-0.101979
0,0,0.113793,0.0344944,0.63908,-0.0264044,-0.204613,-0.10285
0,0,0.101292,0.00186703,0.613984,-0.0332944,-0.194303,-0.106349
0,0,0.101304,-0.00590072,0.596769,-0.0383606,-0.19639,-0.106303
0,0,0.112757,-0.00984357,0.602246,-0.0405532,-0.201631,-0.106108
0,0,0.085949,0.00455434,0.621471,-0.0372796,-0.196445,-0.11033
0,0,0.0779527,0.0247997,0.614951,-0.040927,-0.192472,-0.109192
0,0,0.0666737,0.0164293,0.615733,-0.0381471,-0.188904,-0.110921
0,0,0.0805057,0.0141559,0.61955,-0.0302051,-0.190951,-0.0986115
0,0,0.0880823,0.026156,0.619339,-0.0320212,-0.19516,-0.104039
0,0,0.0853206,0.0172536,0.629505,-0.0352916,-0.19883,-0.103487
0,0,0.0942811,0.00176063,0.626232,-0.0331565,-0.199604,-0.104579
0,0,0.102323,-0.00298745,0.617426,-0.0266455,-0.199296,-0.0983865
0,0,0.0921618,-0.00580452,0.628581,-0.0302392,-0.198944,-0.101317
0,0,0.0866281,-0.00795666,0.634253,-0.03134,-0.197801,-0.102959
0,0,0.0858961,-0.0158003,0.643745,-0.0365643,-0.194257,-0.102788
0,0,0.0970659,-0.0165253,0.644305,-0.0383542,-0.191076,-0.101521
0,0,0.0980319,-0.00273044,0.633232,-0.0376896,-0.193607,-0.0979361
0,0,0.0945175,-0.00183523,0.624769,-0.043193,-0.200612,-0.103228
0,0,0.099925,0.00825308,0.625904,-0.041016,-0.200244,-0.101962
0,0,0.10475,0.0131657,0.632306,-0.0337318,-0.198346,-0.096765
0,0,0.126518,0.0171658,0.619079,-0.028977,-0.200033,-0.0958594
0,0,0.117806,0.0161542,0.630278,-0.0244136,-0.196842,-0.0982286
0,0,0.108957,0.0240247,0.647532,-0.0268015,-0.196177,-0.10567
0,0,0.0933552,0.0302426,0.626677,-0.0265669,-0.20144,-0.100561
0,0,0.10139,0.0169799,0.641829,-0.0261854,-0.193567,-0.101978
0,0,0.104494,0.0238522,0.640618,-0.0333559,-0.184436,-0.0990553
0,0,0.114577,0.0205063,0.634485,-0.0339178,-0.186964,-0.100912
0,0,0.0932305,0.0190792,0.635452,-0.0350473,-0.186835,-0.101237
0,0,0.0915266,0.00996875,0.649887,-0.0314492,-0.197182,-0.103406
0,0,0.0997757,0.0156671,0.652857,-0.0205091,-0.205994,-0.106944
0,0,0.0855097,0.0136505,0.638913,-0.0258566,-0.207102,-0.104408
0,0,0.0811549,-0.00495727,0.615402,-0.0247907,-0.204924,-0.102407
0,0,0.0800908,-0.00517211,0.609697,-0.027112,-0.207821,-0.0988054
0,0,0.102539,-0.000363431,0.624726,-0.0287623,-0.205832,-0.0978327
0,0,0.0898037,0.00906943,0.617947,-0.0376571,-0.201088,-0.0976103
0,0,0.104221,0.0110574,0.629277,-0.0390424,-0.200567,-0.0949667
0,0,0.115775,0.0130598,0.645245,-0.0338821,-0.199115,-0.0998624
0,0,0.103897,0.00283003,0.643413,-0.0326321,-0.199708,-0.0991199
0,0,0.106582,0.00125622,0.634718,-0.0384165,-0.193173,-0.101598
0,0,0.0953939,-0.00150311,0.64129,-0.044788,-0.193273,-0.101031
0,0,0.0884127,0.021535,0.641581,-0.0463422,-0.190729,-0.0956527
0,0,0.0989462,-0.00120588,0.640092,-0.041597,-0.193833,-0.0996822
0,0,0.110022,-0.0165859,0.645307,-0.0360409,-0.194625,-0.102257
0,0,0.124052,0.00444252,0.641737,-0.031935,-0.191207,-0.101081
0,0,0.113081,0.0161523,0.631823,-0.0302063,-0.197509,-0.100362
0,0,0.0988323,0.0173231,0.610402,-0.0267912,-0.198404,-0.105285
0,0,0.0993078,0.0283232,0.621884,-0.0317508,-0.200747,-0.102243
0,0,0.117276,0.0137881,0.617321,-0.0285246,-0.195961,-0.0998429
0,0,0.113211,0.0197112,0.61892,-0.0296631,-0.198875,-0.0984614
0,0,0.10914,0.0230666,0.611841,-0.0324487,-0.204088,-0.106982
0,0,0.112901,0.00438284,0.606864,-0.0319489,-0.204866,-0.104697
0,0,0.120088,-0.0141271,0.617054,-0.0284228,-0.207045,-0.106517
0,0,0.117318,0.00731704,0.641632,-0.0275222,-0.208959,-0.108242
0,0,0.0912279,0.00719969,0.701384,-0.0182266,-0.213166,-0.107222
0,0,0.046044,0.0836873,0.607777,-0.051119,-0.195945,-0.102541
0,0,-0.00685606,0.095236,0.648815,-0.0520919,-0.210518,-0.105293
0,0,-0.00430425,-0.00539178,0.648593,-0.0376801,-0.211526,-0.105964
0,0,0.00928465,-0.0546002,0.686464,-0.0252956,-0.219795,-0.10177
0,0,0.0108485,0.120598,0.615354,-0.0526196,-0.214461,-0.10024
0,0,-0.00367603,0.107565,0.643286,-0.0553786,-0.210789,-0.0989829
0,0,-0.0072311,-0.0349928,0.727215,-0.0280662,-0.218681,-0.0977897
0,0,0.0353444,-0.00392263,0.645358,-0.0419174,-0.188174,-0.102633
0,0,0.0248185,0.159115,0.601063,-0.0540396,-0.190125,-0.10983
0,0,0.0314015,0.0269313,0.696412,-0.0237571,-0.201385,-0.105272
0,0,0.037658,0.015576,0.661804,-0.0388177,-0.206403,-0.10558
0,0,-0.0109458,0.0663296,0.567747,-0.064471,-0.196842,-0.105032
0,0,0.0149661,0.0695007,0.67061,-0.0328571,-0.221304,-0.104771
0,0,0.0868569,0.0282376,0.666842,-0.0403762,-0.224029,-0.0983611
0,0,0.0188312,0.0403224,0.616006,-0.0587393,-0.216463,-0.0989536
0,0,0.061418,0.0468837,0.649826,-0.0591533,-0.21438,-0.0980235
0,0,0.0162947,0.0366015,0.652008,-0.0608831,-0.214763,-0.10151
0,0,0.0236354,0.0881386,0.642135,-0.0621564,-0.215325,-0.0976263
0,0,0.0468751,0.0605974,0.666344,-0.0543459,-0.223653,-0.0990173
0,0,0.0223601,0.0179944,0.659882,-0.0449558,-0.223964,-0.0982556
0,0,0.033096,0.01795,0.653028,-0.0438814,-0.228431,-0.0988039
0,0,-0.00530976,0.050953,0.667183,-0.046178,-0.236912,-0.0967538
0,0,0.0170821,0.0365308,0.653545,-0.0498777,-0.234066,-0.0944837
0,0,0.0200144,0.00215157,0.648584,-0.0497187,-0.23191,-0.0944622
0,0,0.00195901,-0.0181647,0.656589,-0.0433237,-0.230958,-0.100302
0,0,0.0568806,0.0564925,0.638114,-0.0438187,-0.221173,-0.0999459
0,0,-0.0171384,0.0232605,0.634389,-0.0477626,-0.227081,-0.102195
0,0,0.00849078,-0.033651,0.619639,-0.0456076,-0.2236,-0.102518
0,0,0.00930097,-0.0386426,0.618925,-0.0441012,-0.226682,-0.101633
0,0,-0.016051,-0.0100612,0.634032,-0.0425817,-0.229957,-0.102944
0,0,0.0213352,-0.0126369,0.634071,-0.0470262,-0.231631,-0.0965759
0,0,0.00383843,-0.0376349,0.595299,-0.0518307,-0.21891,-0.0913417
0,0,0.0626385,0.029875,0.536625,-0.0606744,-0.209283,-0.0907557
0,0,-0.0192849,-0.00251614,0.563655,-0.069442,-0.211816,-0.0952599
0,0,0.0167341,0.0329813,0.5039,-0.0773839,-0.192236,-0.10188
0,0,0.0291337,0.0440073,0.516885,-0.0863696,-0.176429,-0.098407
0,0,-0.0303799,0.0274951,0.575648,-0.0690936,-0.191359,-0.105541
0,0,0.017335,-0.0313667,0.497916,-0.0773607,-0.191439,-0.116868
0,0,-0.0137293,-0.186265,0.518916,-0.0690643,-0.203582,-0.117645
0,0,0.021218,-0.13247,0.538832,-0.0630994,-0.205995,-0.110851
0,0,-0.0198576,-0.0765436,0.517945,-0.0618898,-0.213781,-0.10981
0,0,-0.0336686,-0.0170854,0.519762,-0.0579251,-0.208562,-0.107115
0,0,-0.0151012,0.0219771,0.547031,-0.0640104,-0.191594,-0.110418
0,0,-0.0106315,-0.0471909,0.53774,-0.0696086,-0.173262,-0.115499
0,0,0.0589406,-0.0594856,0.517812,-0.0568231,-0.180825,-0.111337
0,0,-0.00361312,-0.0626818,0.542673,-0.0588203,-0.204607,-0.105762
0,0,0.0176036,0.0100792,0.505364,-0.0779195,-0.20495,-0.102602
0,0,0.0338264,-0.0243103,0.526325,-0.0610025,-0.206929,-0.0996213
0,0,-0.0157213,-0.0459509,0.496154,-0.0702685,-0.189604,-0.0989061
0,0,0.0600868,-0.0351445,0.483617,-0.0725701,-0.189548,-0.100762
0,0,0.0333869,-0.0370426,0.45883,-0.0749865,-0.203279,-0.0997303
0,0,0.0670054,-0.0532686,0.493054,-0.0739654,-0.214439,-0.111423
0,0,-5.66784e-05,-0.0734092,0.503523,-0.0687087,-0.208217,-0.110928
0,0,-0.00850923,-0.0116063,0.544019,-0.0736898,-0.183574,-0.109961
0,0,0.00428275,0.00557339,0.505277,-0.0878323,-0.181527,-0.108378
0,0,-0.0467954,-0.061756,0.530918,-0.0838101,-0.212689,-0.106932
0,0,0.00458801,-0.00853759,0.490998,-0.0992354,-0.208915,-0.108213
0,0,-0.0338707,0.0373868,0.417423,-0.113109,-0.185512,-0.112744
0,0,-0.0200369,0.0496847,0.470709,-0.116553,-0.180563,-0.113627
0,0,-0.00134419,0.0499166,0.394475,-0.137369,-0.199564,-0.113015
0,0,-0.0355986,0.0315441,0.451611,-0.12732,-0.209087,-0.111446
0,0,0.04176,0.0281358,0.505783,-0.0930202,-0.195885,-0.112927
0,0,0.00888666,0.0321143,0.483231,-0.104218,-0.175497,-0.109024
0,0,0.0266347,-0.0398313,0.50899,-0.0987549,-0.194463,-0.107687
0,0,0.0361465,-0.0158193,0.485965,-0.104171,-0.199009,-0.111857
0,0,-0.00574004,0.0691012,0.387348,-0.123551,-0.15963,-0.116631
0,0,0.0159126,0.0935564,0.38506,-0.132511,-0.156907,-0.114613
0,0,0.0147649,0.0517028,0.354881,-0.145965,-0.158409,-0.120982
0,0,-0.0180904,0.0505485,0.380667,-0.141727,-0.171042,-0.132919
0,0,0.0167973,0.0526315,0.436926,-0.137078,-0.158884,-0.133649
0,0,-0.00918142,0.00279634,0.455222,-0.120888,-0.170833,-0.130048
0,0,0.00122764,-0.022192,0.448439,-0.125552,-0.183109,-0.132224
0,0,0.0511037,0.024299,0.34968,-0.140559,-0.169375,-0.127257
0,0,0.00334477,0.113995,0.376295,-0.118253,-0.14415,-0.12894
0,0,0.0292791,0.0746401,0.350903,-0.127198,-0.147789,-0.131925
0,0,0.0582953,-0.00555068,0.463349,-0.091869,-0.195474,-0.124823
0,0,0.0113914,-0.0339489,0.522127,-0.0723906,-0.1817,-0.117119
0,0,0.00609563,-0.0782732,0.557639,-0.0416313,-0.193799,-0.112903
0,0,0.0594371,-0.136305,0.540415,-0.0474018,-0.219155,-0.113875
0,0,0.0380395,-0.0471677,0.506592,-0.0510504,-0.179396,-0.110418
0,0,0.0409743,-0.013134,0.43928,-0.0597079,-0.165875,-0.111933
0,0,0.0939441,-0.028964,0.433234,-0.0694418,-0.171339,-0.114613
0,0,0.0452951,-0.0756483,0.514301,-0.0436604,-0.202861,-0.121488
0,0,0.0523182,-0.0462253,0.496642,-0.0478847,-0.185816,-0.132483
0,0,0.0919278,-0.085886,0.468464,-0.068151,-0.188905,-0.139006
0,0,0.089655,-0.0665874,0.398338,-0.087171,-0.187284,-0.13352
0,0,0.0443899,-0.00322459,0.351389,-0.0991161,-0.173205,-0.136869
0,0,0.0759084,0.0263065,0.38244,-0.0850849,-0.15948,-0.129455
0,0,0.0927931,-0.0478759,0.416177,-0.0663891,-0.187977,-0.133091
0,0,0.0496209,-0.0271025,0.479658,-0.0525848,-0.183688,-0.126638
0,0,0.0504367,-0.0520138,0.431611,-0.0552928,-0.177712,-0.12131
0,0,0.0629512,-0.0504798,0.396796,-0.0670644,-0.200962,-0.119755
0,0,0.103681,0.0164603,0.342716,-0.0709367,-0.177638,-0.119588
0,0,0.112263,0.00838427,0.361536,-0.0802809,-0.163785,-0.126066
0,0,0.0943436,-0.111283,0.452512,-0.0455528,-0.198981,-0.123598
0,0,0.0899943,-0.0707992,0.434748,-0.0432828,-0.201014,-0.123199
0,0,0.0942622,-0.0920782,0.444889,-0.0493505,-0.18932,-0.126854
0,0,0.107729,-0.0403934,0.371307,-0.0579134,-0.202005,-0.13697
0,0,0.0891077,0.0382564,0.31101,-0.0868299,-0.199959,-0.13701
0,0,0.11515,0.0245734,0.33521,-0.0765463,-0.169226,-0.143288
0,0,0.0964124,-0.000470328,0.342415,-0.0875911,-0.167713,-0.142811
0,0,0.096076,0.037704,0.33215,-0.0840971,-0.186752,-0.137231
0,0,0.109429,0.0130015,0.297362,-0.0718779,-0.150404,-0.131108
0,0,0.0664676,0.0670035,0.233021,-0.0976949,-0.163619,-0.121239
0,0,0.122351,0.0878455,0.206551,-0.0779928,-0.167358,-0.115414
0,0,0.100745,-0.00201461,0.168514,-0.097128,-0.125542,-0.11471
0,0,0.135449,0.0496142,0.215414,-0.0959396,-0.129603,-0.121087
0,0,0.0711649,0.0557758,0.230648,-0.112127,-0.161766,-0.129223
0,0,0.0758208,0.0138922,0.214117,-0.110474,-0.163928,-0.138389
0,0,0.151098,0.05741,0.186489,-0.0835541,-0.14859,-0.142974
0,0,0.130368,0.0501416,0.182577,-0.0809086,-0.168761,-0.142303
0,0,0.135835,0.00486047,0.215635,-0.0527505,-0.156828,-0.14465
0,0,0.0857799,0.0210142,0.253582,-0.0641101,-0.130746,-0.138179
0,0,0.0548975,0.0412007,0.220283,-0.0766791,-0.172443,-0.124697
0,0,0.0645726,-0.00425791,0.230508,-0.0666723,-0.185079,-0.115481
0,0,0.0850514,0.0586489,0.162725,-0.091918,-0.139605,-0.125783
0,0,0.130793,0.0592019,0.10836,-0.0794428,-0.130754,-0.130325
0,0,0.115378,-0.0355343,0.135943,-0.0741103,-0.15089,-0.146003
0,0,0.119839,-0.00436713,0.203765,-0.0771049,-0.14634,-0.153739
0,0,0.118212,-0.0124421,0.202338,-0.064094,-0.129424,-0.148191
0,0,0.0844166,-0.0238871,0.190797,-0.0860804,-0.142495,-0.138647
0,0,0.123804,0.02911,0.154477,-0.097497,-0.151304,-0.121676
0,0,0.132693,0.0457439,0.10054,-0.0943844,-0.135217,-0.119604
0,0,0.122931,0.0249141,0.163363,-0.087903,-0.147913,-0.116129
0,0,0.118325,-0.0487989,0.230895,-0.057613,-0.184096,-0.119044
0,0,0.103147,-0.016516,0.220217,-0.0487607,-0.177529,-0.124084
0,0,0.106207,-0.0163716,0.202376,-0.0528011,-0.154485,-0.131977
0,0,0.138382,-0.0351436,0.123982,-0.0457203,-0.166527,-0.140797
0,0,0.145803,0.00907996,0.108863,-0.0713943,-0.16603,-0.141327
0,0,0.14498,-0.0214512,0.0805885,-0.0782335,-0.159864,-0.136658
0,0,0.129311,-0.030279,0.0820104,-0.0890495,-0.140731,-0.131804
0,0,0.126267,0.00343657,0.144801,-0.0842962,-0.155906,-0.124671
0,0,0.116396,0.0141865,0.13314,-0.0698627,-0.17043,-0.118913
0,0,0.143293,-0.08173,0.132428,-0.056818,-0.155671,-0.126283
0,0,0.135999,-0.0702695,0.0842086,-0.0552228,-0.142105,-0.127083
0,0,0.174314,0.0913081,0.0323595,-0.0664185,-0.124768,-0.148012
0,0,0.216099,0.0411715,0.0347465,-0.0498881,-0.141552,-0.154187
0,0,0.1784,0.00206905,0.0377155,-0.0683201,-0.143173,-0.153259
0,0,0.134583,0.0315695,0.0469955,-0.0716274,-0.135805,-0.151381
0,0,0.100481,0.0293964,0.134135,-0.0606912,-0.130144,-0.14216
0,0,0.142735,-0.00361418,0.0460104,-0.0710494,-0.116619,-0.132274
0,0,0.154099,0.0123515,0.0547156,-0.0865011,-0.137638,-0.125465
0,0,0.156104,-0.00871507,0.0128808,-0.0813963,-0.142589,-0.123218
0,0,0.133278,0.0559299,-0.00681508,-0.0786399,-0.112627,-0.125489
0,0,0.122119,0.0387884,0.00729258,-0.0769734,-0.113426,-0.122788
0,0,0.136329,0.0119158,-0.0105517,-0.0859908,-0.119908,-0.125571
0,0,0.151006,0.0205063,0.00786281,-0.0765593,-0.118816,-0.130376
0,0,0.131022,0.0557365,-0.0404803,-0.0759533,-0.120147,-0.137461
0,0,0.166911,0.0742107,-0.0027557,-0.0839714,-0.1163,-0.139688
0,0,0.162361,0.0642802,-0.0776913,-0.0987426,-0.102878,-0.143107
0,0,0.120875,0.0796233,-0.0721168,-0.101368,-0.0949565,-0.144781
0,0,0.144883,0.0958468,-0.042249,-0.0938829,-0.0975743,-0.144053
0,0,0.159579,0.148079,-0.0888885,-0.111123,-0.100941,-0.144427
0,0,0.146629,0.190565,-0.132898,-0.115523,-0.095382,-0.13821
0,0,0.13796,0.144566,-0.115668,-0.110002,-0.0895104,-0.134342
0,0,0.144205,0.118316,-0.0926312,-0.0936445,-0.0960686,-0.123282
0,0,0.116991,0.120611,-0.0710417,-0.0853003,-0.110747,-0.129556
0,0,0.126332,0.0212581,0.033927,-0.063323,-0.127617,-0.132789
0,0,0.115152,0.0181615,0.0188272,-0.0610006,-0.129798,-0.134131
0,0,0.13131,0.0306393,-0.0245113,-0.0495848,-0.125196,-0.13409
0,0,0.131169,-0.0310459,0.0739016,-0.0381426,-0.147546,-0.134091
0,0,0.127373,-0.0526466,0.127799,-0.0166745,-0.161861,-0.135053
0,0,0.165113,0.00933791,0.0343169,-0.0363595,-0.140449,-0.136152
0,0,0.137918,-0.103888,0.0805732,-0.0151856,-0.160236,-0.141722
0,0,0.183553,0.00941186,-0.0308814,-0.0455381,-0.138826,-0.14116
0,0,0.173404,-0.0572163,0.0240143,-0.0372173,-0.157024,-0.141279
0,0,0.136351,-0.0382229,0.0182682,-0.0392082,-0.152885,-0.143277
0,0,0.122938,-0.0474677,0.0100496,-0.0558091,-0.147773,-0.138582
0,0,0.127091,0.00715532,0.0109758,-0.0544102,-0.135003,-0.13782
0,0,0.12572,0.0445588,0.0115218,-0.0529724,-0.130204,-0.138895
0,0,0.0901536,-0.017339,-0.000710364,-0.0578218,-0.13109,-0.137716
0,0,0.14912,-0.0429995,0.0359479,-0.0449278,-0.139409,-0.135673
0,0,0.0961474,0.0580754,-0.00910229,-0.0618018,-0.146397,-0.138286
0,0,0.114307,0.0328698,0.0343868,-0.0645526,-0.150753,-0.133369
0,0,0.0786195,-0.00328495,0.0213077,-0.0618777,-0.156633,-0.12783
0,0,0.0879875,-0.0825028,0.035593,-0.0593008,-0.162348,-0.132846
0,0,0.0968563,-0.0861969,0.0353646,-0.0483305,-0.154702,-0.137197
0,0,0.0681097,0.0142428,0.0521352,-0.0451195,-0.160436,-0.125578
0,0,0.0604316,-0.0111706,0.0876977,-0.0422975,-0.166482,-0.123694
0,0,0.0902204,-0.0534187,0.0568884,-0.039597,-0.151252,-0.116359
0,0,0.116825,-0.0940173,0.0642412,-0.0407843,-0.156467,-0.115303
0,0,0.075682,-0.051245,0.0961727,-0.0409739,-0.164128,-0.125242
0,0,0.0991495,-0.0683335,0.133776,-0.0308767,-0.17131,-0.129456
0,0,0.0419203,-0.0588899,0.137954,-0.0332729,-0.180021,-0.127766
0,0,0.0872337,-0.0713256,0.150017,-0.0296815,-0.185489,-0.125918
0,0,0.0983983,-0.0439371,0.138954,-0.0276558,-0.187172,-0.128654
0,0,0.127158,-0.0366034,0.133855,-0.0263963,-0.181363,-0.125205
0,0,0.0899375,-0.0523714,0.12826,-0.0218038,-0.176212,-0.12383
0,0,0.095759,-0.00167255,0.113785,-0.0226917,-0.167786,-0.119594
0,0,0.0954551,0.0142371,0.127534,-0.032262,-0.170696,-0.123047
0,0,0.0759546,0.0334655,0.150791,-0.0236249,-0.172005,-0.122218
0,0,0.100901,-4.44027e-05,0.243671,-0.00746004,-0.185479,-0.121863
0,0,0.0518288,0.0280584,0.184459,-0.0193074,-0.179272,-0.12305
0,0,0.105873,0.0199465,0.215459,-0.000567947,-0.173328,-0.118576
0,0,0.0825679,0.0594042,0.229694,0.00647294,-0.173421,-0.116025
0,0,0.0912199,0.0769838,0.282253,0.0139348,-0.177701,-0.116924
0,0,0.0853555,-0.000714159,0.284085,0.0236284,-0.180962,-0.120755
0,0,0.0723593,0.0402699,0.282964,0.0100739,-0.187779,-0.117839
0,0,0.0670467,0.0651131,0.285279,0.00430796,-0.194635,-0.119833
0,0,0.0546652,-0.00614246,0.321074,-0.00171879,-0.230132,-0.114948
0,0,0.0886436,0.0379935,0.262091,-0.0100633,-0.224007,-0.115922
0,0,0.0407543,0.0303187,0.270058,-0.0165859,-0.2296,-0.110317
0,0,0.07971,-0.0427962,0.266281,-0.00783727,-0.212641,-0.105693
0,0,0.0544009,-0.0474876,0.2217,-0.0178829,-0.198907,-0.101473
0,0,0.0754726,0.0316028,0.2487,-0.0254146,-0.208732,-0.106262
0,0,0.0506017,0.00543322,0.313211,-0.0213774,-0.227855,-0.106422
0,0,0.0721931,-0.0237734,0.334127,-0.00598712,-0.241662,-0.116044
0,0,0.0516885,-0.0344478,0.369369,-0.00177276,-0.238634,-0.121792
0,0,0.134747,0.0517465,0.298664,0.00393816,-0.212437,-0.129628
0,0,0.107593,0.0124584,0.353992,0.01601,-0.212408,-0.13247
0,0,0.118342,-0.0330076,0.358893,0.0221769,-0.23852,-0.127939
0,0,0.0787851,-0.0131169,0.325384,0.00836206,-0.245539,-0.116537
0,0,0.0866171,0.0431562,0.296184,-0.0115403,-0.240869,-0.110651
0,0,0.128482,0.0858593,0.279202,-0.0216351,-0.218695,-0.100689
0,0,0.166256,0.0440687,0.311387,-0.00911472,-0.210365,-0.0950924
0,0,0.0911764,0.0220158,0.287495,-0.0285396,-0.214622,-0.0983973
0,0,0.0983236,-0.00612675,0.344939,-0.0119576,-0.236871,-0.106779
0,0,0.0886929,-0.038581,0.406143,0.0159044,-0.24047,-0.111167
0,0,0.114456,0.0150052,0.363553,0.00970131,-0.220123,-0.113712
0,0,0.0949796,0.0717549,0.36237,0.0126063,-0.22365,-0.121573
0,0,0.104019,0.00404418,0.42593,0.031927,-0.243079,-0.109417
0,0,0.10892,0.0381491,0.344011,-0.0101893,-0.234795,-0.0923084
0,0,0.142304,0.0648709,0.356191,-0.0081524,-0.221036,-0.0961083
0,0,0.154534,0.114454,0.407996,-0.000643658,-0.226846,-0.0961854
0,0,0.124022,0.11752,0.371562,-0.0143787,-0.241609,-0.104777
0,0,0.159335,0.0155942,0.438273,0.00209673,-0.23918,-0.115321
0,0,0.145059,0.0189272,0.433268,0.0100071,-0.222743,-0.12154
0,0,0.117721,0.154877,0.367807,0.00485466,-0.20675,-0.122873
0,0,0.142814,0.129505,0.339836,-0.00108467,-0.212801,-0.122084
0,0,0.0915663,0.0728885,0.348149,-0.0100427,-0.216994,-0.113481
0,0,0.114413,0.0794723,0.397548,-0.0124559,-0.199997,-0.115769
0,0,0.17036,0.0159185,0.419087,-0.0103698,-0.208228,-0.104875
0,0,0.147228,0.111707,0.364937,-0.0401947,-0.214404,-0.0958573
0,0,0.175066,0.104767,0.423901,-0.0291599,-0.206182,-0.102185
0,0,0.168383,0.0733352,0.407336,-0.0293432,-0.196734,-0.105527
0,0,0.149079,0.0701537,0.434855,-0.021015,-0.233555,-0.109757
0,0,0.138867,0.137625,0.47096,-0.00883234,-0.244547,-0.110746
0,0,0.16179,0.0686077,0.476657,-0.0117154,-0.227631,-0.115965
0,0,0.150663,0.0198412,0.484819,-0.00853443,-0.239637,-0.12016
0,0,0.120518,0.0719391,0.510728,-0.00398724,-0.24407,-0.114391
0,0,0.111684,0.114957,0.435813,-0.0328343,-0.216292,-0.107468
0,0,0.126921,0.126281,0.458534,-0.0423295,-0.208782,-0.0961905
0,0,0.14832,0.0450336,0.449604,-0.023459,-0.220287,-0.0895864
0,0,0.111142,0.0186582,0.469492,-0.0155637,-0.211327,-0.0994584
0,0,0.131888,0.0773451,0.503246,-0.00712232,-0.213499,-0.103176
0,0,0.167176,0.081701,0.534249,-0.00346073,-0.244189,-0.104716
0,0,0.169216,0.0521661,0.537208,-0.00606918,-0.246216,-0.109141
0,0,0.187938,0.0477163,0.462881,-0.0310899,-0.21178,-0.111948
0,0,0.175033,0.113799,0.495544,-0.0422519,-0.236074,-0.105785
0,0,0.192234,0.0660001,0.592086,-0.00175642,-0.258942,-0.0983802
0,0,0.152108,0.0530921,0.540966,-0.0142796,-0.238087,-0.0901113
0,0,0.170317,0.0618085,0.594025,-0.00365531,-0.257517,-0.0862845
0,0,0.172508,0.0911444,0.504229,-0.016711,-0.258989,-0.0881
0,0,0.221587,0.134252,0.547627,-0.0277744,-0.221034,-0.0944799
0,0,0.211971,0.0658435,0.561011,-0.0394416,-0.212416,-0.1046
0,0,0.17855,0.0138226,0.565382,-0.0272405,-0.235104,-0.113101
0,0,0.141811,0.0642205,0.586319,-0.0201907,-0.208558,-0.112949
0,0,0.115241,0.108476,0.560821,-0.0341851,-0.20297,-0.110165
0,0,0.135076,0.0529144,0.540237,-0.0201041,-0.213176,-0.107566
0,0,0.206593,0.100471,0.506453,-0.0312401,-0.186332,-0.104071
0,0,0.195001,0.120988,0.574912,-0.0359787,-0.181448,-0.100203
0,0,0.210952,0.0441734,0.593579,-0.0268318,-0.210529,-0.0879686
0,0,0.151489,0.0327072,0.598994,-0.0442278,-0.22398,-0.0910938
0,0,0.125179,0.117191,0.564006,-0.0382315,-0.195972,-0.0918629
0,0,0.140003,0.114292,0.540018,-0.0393061,-0.209073,-0.101313
0,0,0.170804,0.138187,0.560924,-0.0398978,-0.228186,-0.0984492
0,0,0.199519,0.0575866,0.61194,-0.0314275,-0.196305,-0.0986952
0,0,0.162686,0.0335122,0.6475,-0.0402367,-0.209778,-0.105349
0,0,0.163213,0.162159,0.607506,-0.0447358,-0.222975,-0.109045
0,0,0.134708,0.122924,0.665447,-0.0492076,-0.211365,-0.110314
0,0,0.153412,0.107179,0.621745,-0.0587448,-0.196127,-0.110583
0,0,0.19266,0.0941275,0.602897,-0.0336638,-0.207292,-0.109134
0,0,0.198888,0.123451,0.660821,-0.0288934,-0.20713,-0.11166
0,0,0.189518,0.0681248,0.703393,-0.0107468,-0.211878,-0.111226
0,0,0.145832,0.034225,0.729443,-0.00249207,-0.23272,-0.103087
0,0,0.106946,0.0451722,0.723917,-0.0297252,-0.225494,-0.10373
0,0,0.150029,0.128015,0.66265,-0.0351198,-0.207421,-0.105343
0,0,0.171577,0.12327,0.629007,-0.0528103,-0.2127,-0.0920469
0,0,0.146373,0.0992855,0.598039,-0.0669161,-0.217362,-0.0884993
0,0,0.122677,0.0295565,0.722624,-0.0355659,-0.206634,-0.097272
0,0,0.107043,0.0741674,0.67677,-0.0465334,-0.202231,-0.0982746
0,0,0.133756,0.169089,0.689104,-0.0158369,-0.241475,-0.0998949
0,0,0.13117,0.11016,0.718504,-0.00870101,-0.239597,-0.102154
0,0,0.13781,0.0654972,0.653798,-0.0389598,-0.20295,-0.0995062
0,0,0.113268,0.0670184,0.663914,-0.0437893,-0.201361,-0.0996512
0,0,0.144299,0.129597,0.656303,-0.0413107,-0.213188,-0.106186
0,0,0.132227,0.160582,0.638478,-0.0513621,-0.209787,-0.103108
0,0,0.123896,-0.000607163,0.690399,-0.0309436,-0.18935,-0.112716
0,0,0.131554,-0.039311,0.705817,-0.00797755,-0.203154,-0.116881
0,0,0.130776,0.0877996,0.673247,-0.0326335,-0.211557,-0.120738
0,0,0.119986,0.151188,0.652874,-0.022373,-0.199259,-0.115211
0,0,0.143865,0.0795189,0.677118,-0.0222858,-0.187451,-0.112432
0,0,0.116342,0.050328,0.617796,-0.0484098,-0.196868,-0.113842
0,0,0.106189,0.0568208,0.700252,-0.0404874,-0.217442,-0.105074
0,0,0.157731,0.0284781,0.695204,-0.02132,-0.212156,-0.100328
0,0,0.160947,0.0921645,0.69026,-0.0605007,-0.173338,-0.100062
0,0,0.111162,0.137651,0.654341,-0.0740388,-0.184744,-0.104864
0,0,0.0502475,0.11368,0.723398,-0.0566837,-0.208593,-0.0964851
0,0,0.093086,0.0694327,0.715961,-0.0352638,-0.21376,-0.0890297
0,0,0.127733,0.116324,0.661858,-0.0411133,-0.200796,-0.0968045
0,0,0.167076,0.0623339,0.718195,-0.020284,-0.199503,-0.105209
0,0,0.108528,0.0216367,0.693495,-0.0167706,-0.202776,-0.100342
0,0,0.0730727,0.0619597,0.73002,-0.0213974,-0.220357,-0.0994338
0,0,0.0461049,0.0773041,0.73114,-0.0301,-0.220456,-0.0993325
0,0,0.08031,0.0526369,0.711978,-0.0397944,-0.19859,-0.098792
0,0,0.118518,0.000168005,0.726041,-0.0291152,-0.183258,-0.0946855
0,0,0.115895,0.00479249,0.664886,-0.0403726,-0.17632,-0.0951693
0,0,0.116935,0.0110899,0.665411,-0.0547141,-0.19258,-0.0947227
0,0,0.0606931,0.0707843,0.639749,-0.0625553,-0.208578,-0.0981063
0,0,0.051034,0.0706941,0.615644,-0.0779345,-0.202959,-0.106156
0,0,0.119015,0.084642,0.654542,-0.0622433,-0.19039,-0.105118
0,0,0.128792,0.00514535,0.643195,-0.0515844,-0.179162,-0.0994721
0,0,0.103949,0.0208553,0.604436,-0.0546609,-0.173392,-0.0951599
0,0,0.141936,-0.00822569,0.711071,-0.0309323,-0.195851,-0.0964948
0,0,0.0896829,-0.00863784,0.711199,-0.0389569,-0.205744,-0.0956337
0,0,0.043272,0.0144541,0.641601,-0.0443157,-0.206899,-0.0968912
0,0,0.100708,0.0179903,0.656329,-0.0283332,-0.20245,-0.102204
0,0,0.115326,0.0948674,0.659736,-0.019077,-0.187008,-0.10421
0,0,0.115965,0.0163475,0.663602,-0.0206802,-0.184613,-0.105652
0,0,0.127548,0.018009,0.636853,-0.0247996,-0.181355,-0.10628
0,0,0.196326,0.00292594,0.558555,-0.0374561,-0.173676,-0.108546
0,0,0.230552,0.015277,0.603634,-0.0176072,-0.185971,-0.105818
0,0,0.229891,0.0568117,0.560295,-0.0363076,-0.175471,-0.10149
0,0,0.179882,-0.0304634,0.595887,-0.0258095,-0.178814,-0.103778
0,0,0.135155,-0.0783866,0.624977,-0.0121201,-0.19026,-0.10251
0,0,0.0870902,-0.0126644,0.628363,-0.0264148,-0.194332,-0.0982673
0,0,0.069035,0.0588237,0.640743,-0.0249824,-0.203837,-0.100287
0,0,0.0986082,0.03334,0.645032,-0.0199832,-0.194829,-0.101006
0,0,0.115717,0.00431037,0.642438,-0.014675,-0.189993,-0.0997391
0,0,0.107573,0.00160747,0.63345,-0.0281748,-0.19693,-0.0940437
0,0,0.0908337,0.0143149,0.629269,-0.032396,-0.198077,-0.0955344
0,0,0.0702877,0.00936723,0.631435,-0.03247,-0.198795,-0.0976689
0,0,0.0697936,0.0185379,0.607717,-0.034612,-0.199043,-0.0959465
0,0,0.157351,-0.0100861,0.602687,-0.0261327,-0.200299,-0.0989921
0,0,0.163767,-0.00963959,0.593808,-0.0182061,-0.196452,-0.100236
0,0,0.114826,0.0163101,0.622182,-0.0275534,-0.197943,-0.110365
0,0,0.0793511,0.01232,0.631384,-0.0250376,-0.196287,-0.111069
0,0,0.0551386,0.00906938,0.607445,-0.0307082,-0.199292,-0.109654
0,0,0.0668189,-0.00188681,0.609033,-0.0252679,-0.196091,-0.109529
0,0,0.0884356,0.00196976,0.629997,-0.020085,-0.190436,-0.10348
0,0,0.0770981,-0.00230009,0.634518,-0.0240246,-0.190476,-0.099293
0,0,0.0588639,-0.0115583,0.642333,-0.0303961,-0.198119,-0.101441
0,0,0.0652992,3.99607e-05,0.635151,-0.0294751,-0.199474,-0.101165
0,0,0.0900362,0.00764213,0.636916,-0.0190394,-0.192973,-0.0985812
0,0,0.112176,-0.00485774,0.63934,-0.0157108,-0.191501,-0.0966494
0,0,0.120356,-0.00114412,0.637053,-0.0201967,-0.18981,-0.102602
0,0,0.104942,0.00578821,0.626107,-0.0326402,-0.192669,-0.101448
0,0,0.0824707,-0.00480786,0.637782,-0.0337979,-0.195065,-0.109871
0,0,0.0805292,0.000260564,0.644097,-0.0257676,-0.198966,-0.113658
0,0,0.0848539,0.0210181,0.630346,-0.0266932,-0.199892,-0.104603
0,0,0.100688,0.0265319,0.626103,-0.02664,-0.206847,-0.104667
0,0,0.091319,0.00517344,0.637234,-0.0291702,-0.202579,-0.104101
0,0,0.0855849,-0.00165035,0.64362,-0.0345623,-0.196472,-0.106682
0,0,0.0720807,0.00657382,0.636599,-0.0431351,-0.199156,-0.106877
0,0,0.0857294,0.0282744,0.607444,-0.0424618,-0.200312,-0.106531
0,0,0.0926645,0.0206429,0.601893,-0.0361892,-0.193801,-0.105484
0,0,0.101907,-0.00151908,0.600516,-0.03254,-0.189007,-0.103697
0,0,0.0971499,0.00416734,0.616651,-0.0304907,-0.187502,-0.100787
0,0,0.0833825,0.0252953,0.622551,-0.0313075,-0.189913,-0.0960674
0,0,0.0806118,0.0488826,0.633556,-0.0379528,-0.189211,-0.099586
0,0,0.0810309,0.0336358,0.634509,-0.0358061,-0.190676,-0.0984735
0,0,0.0769021,0.023059,0.623755,-0.0335961,-0.192737,-0.0980774
0,0,0.0745684,0.0278904,0.640128,-0.032238,-0.190032,-0.0971563
0,0,0.0701508,0.0289828,0.638178,-0.0320463,-0.194685,-0.0973416
0,0,0.0659139,0.0202607,0.648449,-0.0298167,-0.195748,-0.0974901
0,0,0.0814413,0.0162497,0.618641,-0.0303218,-0.199821,-0.0937933
0,0,0.0849572,0.00554451,0.636335,-0.0283898,-0.199094,-0.0925373
0,0,0.0940401,-0.00499329,0.637287,-0.0347473,-0.193384,-0.0966119
0,0,0.0823886,-0.00388193,0.627487,-0.0375123,-0.19213,-0.0988461
0,0,0.0736333,0.0131766,0.62786,-0.0330953,-0.192623,-0.0964548
0,0,0.0632999,0.0111202,0.624495,-0.032658,-0.195521,-0.0951544
0,0,0.0844362,-0.00105987,0.624658,-0.0298191,-0.194569,-0.0990753
0,0,0.0794564,0.00620937,0.628301,-0.0288145,-0.197298,-0.104899
0,0,0.0633495,0.00802005,0.623912,-0.0305489,-0.195139,-0.104531
0,0,0.0578319,0.0102521,0.619871,-0.0213554,-0.194915,-0.109861
0,0,0.0793407,0.0235683,0.62677,-0.0364827,-0.194162,-0.105144
0,0,0.0810669,0.0270886,0.629904,-0.0371225,-0.195668,-0.103749
0,0,0.0939866,0.0151579,0.638772,-0.0322571,-0.200576,-0.104339
0,0,0.0852134,0.00271837,0.642294,-0.0376804,-0.197775,-0.109349
0,0,0.0870131,0.0071373,0.635215,-0.0441393,-0.202634,-0.104399
0,0,0.0734544,0.00827507,0.632446,-0.0396206,-0.202383,-0.100978
0,0,0.0832302,0.0225468,0.64823,-0.0356732,-0.198455,-0.0974795
0,0,0.0809753,0.023388,0.634895,-0.0356515,-0.190192,-0.101181
0,0,0.0843992,0.0235243,0.62875,-0.0297078,-0.192364,-0.106875
0,0,0.0784218,0.0244148,0.640548,-0.0354241,-0.195356,-0.109582
0,0,0.070343,0.0375158,0.634096,-0.0347767,-0.198691,-0.107513
0,0,0.107811,0.0368349,0.635469,-0.0460136,-0.196802,-0.102806
0,0,0.118135,0.0297435,0.642898,-0.0482053,-0.192301,-0.101756
0,0,0.11781,0.0262187,0.652848,-0.0453676,-0.191205,-0.102595
0,0,0.0919225,0.0166534,0.610285,-0.0393535,-0.193293,-0.100258
0,0,0.0841705,0.0174638,0.606473,-0.0349603,-0.19408,-0.106119
0,0,0.0743565,0.0139829,0.614361,-0.0365282,-0.194184,-0.100665
0,0,0.0719124,0.0109631,0.615647,-0.0322911,-0.188563,-0.0928154
0,0,0.0821845,0.0271979,0.623753,-0.0321022,-0.18297,-0.10042
0,0,0.083878,0.0189547,0.622603,-0.0302944,-0.189036,-0.100817
0,0,0.10057,0.019233,0.637162,-0.0311877,-0.189633,-0.102107
0,0,0.0893754,0.0196598,0.640408,-0.0362332,-0.193911,-0.106471
0,0,0.0928061,0.0188566,0.632065,-0.0295051,-0.193655,-0.107259
0,0,0.0956134,0.0190712,0.638296,-0.0322383,-0.203099,-0.106921
0,0,0.092842,0.0169689,0.634877,-0.0375203,-0.200947,-0.0981021
0,0,0.0887098,0.0237147,0.654146,-0.0346012,-0.204091,-0.102428
0,0,0.0868004,0.0259044,0.650695,-0.0310035,-0.196645,-0.0975478
0,0,0.0841153,0.0236908,0.65126,-0.0353601,-0.196137,-0.0982926
0,0,0.093559,0.024351,0.653185,-0.0259263,-0.197417,-0.106313
0,0,0.0973914,0.0352324,0.640433,-0.0185655,-0.191322,-0.101223
0,0,0.107501,0.0399665,0.624767,-0.0179529,-0.187783,-0.104548
0,0,0.107107,0.035182,0.627852,-0.024588,-0.183766,-0.101048
0,0,0.0870564,0.0201364,0.63253,-0.0232673,-0.188999,-0.096408
0,0,0.0791212,0.0263089,0.643601,-0.0216848,-0.193264,-0.0836985
0,0,0.085881,0.0116207,0.64393,-0.0262909,-0.194317,-0.0869305
0,0,0.0958429,0.0253333,0.637068,-0.0270233,-0.195345,-0.0966672
0,0,0.101098,0.023888,0.618412,-0.0275486,-0.190895,-0.105982
0,0,0.0904374,0.0303536,0.617628,-0.0293865,-0.190651,-0.107447
0,0,0.086064,0.01983,0.614781,-0.0219009,-0.190338,-0.106957
0,0,0.105597,0.0362957,0.608618,-0.0197937,-0.190418,-0.107226
0,0,0.0956807,0.026267,0.606781,-0.023659,-0.194198,-0.108861
0,0,0.0837404,0.029661,0.611337,-0.0264084,-0.199172,-0.105744
0,0,0.0871793,0.018674,0.611485,-0.0250709,-0.196703,-0.107007
0,0,0.0879457,0.0208569,0.608511,-0.0253929,-0.198092,-0.10709
0,0,0.0933152,0.014629,0.5987,-0.0194536,-0.192695,-0.105907
0,0,0.086025,0.0278751,0.611131,-0.0213816,-0.190054,-0.101839
0,0,0.0936731,0.034496,0.620916,-0.0286009,-0.196239,-0.104536
0,0,0.0948662,0.0288299,0.622068,-0.0327197,-0.19934,-0.103812
0,0,0.0873136,0.00619215,0.616578,-0.0315257,-0.193002,-0.102697
0,0,0.0906504,0.00378004,0.623638,-0.0344759,-0.194838,-0.104982
0,0,0.0824078,0.00935096,0.626512,-0.0326798,-0.196718,-0.112389
0,0,0.0838641,0.0254523,0.615609,-0.0321837,-0.198257,-0.109895
0,0,0.0871572,0.0255846,0.626584,-0.0325324,-0.198183,-0.116575
0,0,0.0929259,0.014603,0.629586,-0.0359785,-0.192475,-0.115083
0,0,0.0931891,0.00516674,0.611694,-0.0248391,-0.190649,-0.107109
0,0,0.0893846,0.00269491,0.618354,-0.0255385,-0.186252,-0.102304
0,0,0.0853245,0.0151032,0.617891,-0.0312367,-0.186507,-0.0973589
0,0,0.0829177,0.00052079,0.606865,-0.0329179,-0.191658,-0.0962728
0,0,0.0771131,0.00292682,0.6091,-0.0299766,-0.191135,-0.0977551
0,0,0.072552,0.0121406,0.636461,-0.0312003,-0.190733,-0.102075
0,0,0.0759464,0.0261046,0.639599,-0.0360126,-0.199729,-0.0973977
0,0,0.0842761,0.00844124,0.650764,-0.0340891,-0.204551,-0.0931091
0,0,0.103046,0.0198567,0.658751,-0.0339315,-0.201269,-0.0953828
0,0,0.106908,0.0115214,0.65445,-0.0321466,-0.194891,-0.100027
0,0,0.0959782,-0.0311975,0.695313,-0.0355306,-0.204512,-0.103445
0,0,0.0819846,-0.0912055,0.707743,-0.0498998,-0.177934,-0.102917
0,0,0.083251,-0.276716,0.735364,-0.00837134,-0.189334,-0.113233
0,0,0.0807089,-0.455908,0.749558,-0.0320901,-0.182621,-0.115839
0,0,0.0895675,-0.311215,0.679599,-0.0101043,-0.16584,-0.120163
0,0,0.0836166,-0.35968,0.673695,-0.019938,-0.184611,-0.131798
0,0,0.0808833,-0.335693,0.718778,-0.0309162,-0.186714,-0.145474
0,0,0.0848358,-0.343036,0.689988,-0.0300851,-0.167379,-0.130481
0,0,0.081808,-0.299221,0.638948,-0.0631051,-0.163096,-0.117878
0,0,0.0982825,-0.23725,0.612192,-0.0661882,-0.177949,-0.144489
0,0,0.0883027,-0.194721,0.667635,-0.0266166,-0.180471,-0.127733
0,0,0.0777069,-0.0968487,0.583229,-0.0603631,-0.173496,-0.11146
0,0,0.0910013,-0.114079,0.573144,-0.0610765,-0.172993,-0.130907
0,0,0.107214,-0.119966,0.581164,-0.0483716,-0.16627,-0.135117
0,0,0.116017,-0.101963,0.593842,-0.0430206,-0.181608,-0.130521
0,0,0.115728,-0.0236164,0.532954,-0.067342,-0.146829,-0.153097
0,0,0.0964251,0.0145825,0.436933,-0.0709242,-0.170691,-0.127546
0,0,0.100845,-0.153425,0.510873,-0.0461544,-0.179693,-0.13714
0,0,0.107466,-0.172991,0.534845,-0.0472786,-0.186243,-0.145096
0,0,0.112815,-0.130463,0.493473,-0.0783098,-0.143234,-0.121299
0,0,0.0779961,-0.163037,0.517438,-0.0649105,-0.166749,-0.144764
0,0,0.0652871,-0.217012,0.450422,-0.0672162,-0.151736,-0.121701
0,0,0.074613,-0.198076,0.416436,-0.0637287,-0.157366,-0.147035
0,0,0.0899399,-0.169399,0.448906,-0.0489019,-0.163609,-0.13794
0,0,0.107874,-0.109291,0.430455,-0.0578225,-0.186929,-0.142064
0,0,0.112306,-0.116281,0.381143,-0.0775969,-0.16879,-0.143187
0,0,0.122271,-0.159994,0.465878,-0.0534598,-0.218037,-0.142938
0,0,0.153657,-0.109512,0.417535,-0.0320657,-0.183609,-0.144172
0,0,0.15932,-0.112221,0.414202,-0.0320408,-0.202789,-0.144711
0,0,0.143576,-0.104611,0.435217,-0.0525649,-0.186579,-0.147404
0,0,0.103358,-0.114572,0.414953,-0.0564457,-0.177623,-0.12558
0,0,0.0895261,-0.100283,0.334294,-0.0762884,-0.183394,-0.146007
0,0,0.0971484,-0.189268,0.419848,-0.0450773,-0.179532,-0.143432
0,0,0.111544,-0.229991,0.370233,-0.0447031,-0.190962,-0.137377
0,0,0.110009,-0.216198,0.379432,-0.0453407,-0.16178,-0.14253
0,0,0.0588518,-0.270201,0.420001,-0.0620795,-0.198523,-0.137497
0,0,0.067402,-0.211394,0.318479,-0.0543355,-0.186627,-0.142836
0,0,0.0971865,-0.163365,0.275769,-0.0595678,-0.161225,-0.133747
0,0,0.15099,-0.225555,0.271037,-0.0495089,-0.197803,-0.149049
0,0,0.132154,-0.0601392,0.230413,-0.0580019,-0.171546,-0.130265
0,0,0.142089,0.020268,0.248985,-0.0460481,-0.200719,-0.151996
0,0,0.0988166,0.0812359,0.141058,-0.070625,-0.198411,-0.14393
0,0,0.0807827,0.189504,0.112084,-0.0803045,-0.177861,-0.127962
0,0,0.0847777,0.214052,0.129098,-0.0792245,-0.178553,-0.127655
0,0,0.0852182,0.21821,0.133697,-0.0912394,-0.207761,-0.132458
0,0,0.0462031,0.181378,0.217649,-0.0614466,-0.225681,-0.130236
0,0,0.058505,0.120106,0.206386,-0.0711166,-0.229092,-0.135148
0,0,0.102882,0.150256,0.119131,-0.0373069,-0.210204,-0.113261
0,0,0.123173,0.189419,0.101976,-0.0579739,-0.20172,-0.10143
0,0,0.143065,0.250924,0.0973539,-0.0762997,-0.231812,-0.131543
0,0,0.152796,0.18289,0.230612,-0.0151877,-0.266546,-0.10614
0,0,0.100486,0.0869604,0.190407,-0.0279996,-0.239133,-0.116016
0,0,0.0998713,0.115105,0.228413,-0.031921,-0.257039,-0.0996599
0,0,0.140449,-0.00633482,0.328754,-0.00836832,-0.253101,-0.117831
0,0,0.132693,0.0942961,0.291023,-0.0310154,-0.269143,-0.104867
0,0,0.114258,0.0597541,0.32015,-0.0145863,-0.245866,-0.117864
0,0,0.0417083,-0.00300049,0.431629,0.0227059,-0.299179,-0.100412
0,0,0.0281149,-0.0174228,0.362112,0.00258574,-0.253542,-0.107657
0,0,0.0791214,-0.041847,0.380967,0.00987392,-0.266623,-0.105963
0,0,0.0619945,-0.0228282,0.423153,0.00673617,-0.268913,-0.117377
0,0,0.105956,0.0188243,0.354171,-0.00600118,-0.223152,-0.0991122
0,0,0.134808,0.00768332,0.422218,0.0153217,-0.251885,-0.114187
0,0,0.101378,-0.0527257,0.416889,0.00395995,-0.229737,-0.0806047
0,0,0.0895711,-0.010242,0.336167,-0.0170737,-0.229264,-0.0974886
0,0,0.0819867,-0.1399,0.519202,0.0204732,-0.246221,-0.0838405
0,0,0.0671422,-0.0407364,0.492399,0.0191107,-0.257357,-0.0953564
0,0,0.0548835,0.0249212,0.467957,0.00297657,-0.22255,-0.0905575
0,0,0.0970984,0.026004,0.528847,0.00361183,-0.260845,-0.0933675
0,0,0.0672098,-0.0316971,0.545033,0.00552357,-0.221206,-0.104911
0,0,0.0592732,0.023549,0.471587,0.00296189,-0.236558,-0.0946886
0,0,0.0877769,0.00823383,0.575361,0.0253867,-0.24884,-0.110752
0,0,0.0789648,-0.0246556,0.564526,0.0181427,-0.266166,-0.0910715
0,0,0.0898625,0.0884479,0.512336,0.0160219,-0.22594,-0.0922314
0,0,0.17509,0.0414543,0.520946,0.028387,-0.25056,-0.115308
0,0,0.0986671,-0.104472,0.609753,0.0552918,-0.2618,-0.0944178

